This is pdfTeX, Version 3.141592653-2.6-1.40.29 (MiKTeX 26.5) (preloaded format=pdflatex 2026.8.21)  5 SEP 2026 13:05
entering extended mode
 restricted \write18 enabled.
 file:line:error style messages enabled.
 %&-line parsing enabled.
**./descent.tex
(descent.tex
LaTeX2e <2025-11-01>
L3 programming layer <2026-03-20>
(preamble.tex (stacks-project.cls
Document Class: stacks-project 
\linespacing=\dimen150
\normalparindent=\dimen151
\normaltopskip=\skip49
(<USER_ROOT>\AppData\Local\Programs\MiKTeX\tex/latex/amsmath\amsmath.sty
Package: amsmath 2025/07/09 v2.17z AMS math features
\@mathmargin=\skip50

For additional information on amsmath, use the `?' option.
(<USER_ROOT>\AppData\Local\Programs\MiKTeX\tex/latex/amsmath\amstext.sty
Package: amstext 2024/11/17 v2.01 AMS text

(<USER_ROOT>\AppData\Local\Programs\MiKTeX\tex/latex/amsmath\amsgen.sty
File: amsgen.sty 1999/11/30 v2.0 generic functions
\@emptytoks=\toks17
\ex@=\dimen152
))
(<USER_ROOT>\AppData\Local\Programs\MiKTeX\tex/latex/amsmath\amsbsy.sty
Package: amsbsy 1999/11/29 v1.2d Bold Symbols
\pmbraise@=\dimen153
)
(<USER_ROOT>\AppData\Local\Programs\MiKTeX\tex/latex/amsmath\amsopn.sty
Package: amsopn 2022/04/08 v2.04 operator names
)
\inf@bad=\count275
LaTeX Info: Redefining \frac on input line 233.
\uproot@=\count276
\leftroot@=\count277
LaTeX Info: Redefining \overline on input line 398.
LaTeX Info: Redefining \colon on input line 409.
\classnum@=\count278
\DOTSCASE@=\count279
LaTeX Info: Redefining \ldots on input line 495.
LaTeX Info: Redefining \dots on input line 498.
LaTeX Info: Redefining \cdots on input line 619.
\Mathstrutbox@=\box53
\strutbox@=\box54
LaTeX Info: Redefining \big on input line 721.
LaTeX Info: Redefining \Big on input line 722.
LaTeX Info: Redefining \bigg on input line 723.
LaTeX Info: Redefining \Bigg on input line 724.
\big@size=\dimen154
LaTeX Font Info:    Redeclaring font encoding OML on input line 742.
LaTeX Font Info:    Redeclaring font encoding OMS on input line 743.
\macc@depth=\count280
LaTeX Info: Redefining \bmod on input line 904.
LaTeX Info: Redefining \pmod on input line 909.
LaTeX Info: Redefining \smash on input line 939.
LaTeX Info: Redefining \relbar on input line 969.
LaTeX Info: Redefining \Relbar on input line 970.
\c@MaxMatrixCols=\count281
\dotsspace@=\muskip17
\c@parentequation=\count282
\dspbrk@lvl=\count283
\tag@help=\toks18
\row@=\count284
\column@=\count285
\maxfields@=\count286
\andhelp@=\toks19
\eqnshift@=\dimen155
\alignsep@=\dimen156
\tagshift@=\dimen157
\tagwidth@=\dimen158
\totwidth@=\dimen159
\lineht@=\dimen160
\@envbody=\toks20
\multlinegap=\skip51
\multlinetaggap=\skip52
\mathdisplay@stack=\toks21
LaTeX Info: Redefining \[ on input line 2950.
LaTeX Info: Redefining \] on input line 2951.
)
LaTeX Font Info:    Trying to load font information for U+msa on input line 361
.

(<USER_ROOT>\AppData\Local\Programs\MiKTeX\tex/latex/amsfonts\umsa.fd
File: umsa.fd 2013/01/14 v3.01 AMS symbols A
)
(<USER_ROOT>\AppData\Local\Programs\MiKTeX\tex/latex/amsfonts\amsfonts.sty
Package: amsfonts 2013/01/14 v3.01 Basic AMSFonts support
\symAMSa=\mathgroup4
\symAMSb=\mathgroup5
LaTeX Font Info:    Redeclaring math symbol \hbar on input line 98.
LaTeX Font Info:    Overwriting math alphabet `\mathfrak' in version `bold'
(Font)                  U/euf/m/n --> U/euf/b/n on input line 106.
)
\copyins=\insert252
\abstractbox=\box55
\listisep=\skip53
\c@part=\count287
\c@section=\count288
\c@subsection=\count289
\c@subsubsection=\count290
\c@paragraph=\count291
\c@subparagraph=\count292
\c@figure=\count293
\c@table=\count294
\abovecaptionskip=\skip54
\belowcaptionskip=\skip55
\captionindent=\dimen161
\thm@style=\toks22
\thm@bodyfont=\toks23
\thm@headfont=\toks24
\thm@notefont=\toks25
\thm@headpunct=\toks26
\thm@preskip=\skip56
\thm@postskip=\skip57
\thm@headsep=\skip58
\dth@everypar=\toks27
) (<USER_ROOT>\AppData\Local\Programs\MiKTeX\tex/latex/tools\verbatim.sty
Package: verbatim 2024-01-22 v1.5x LaTeX2e package for verbatim enhancements
\every@verbatim=\toks28
\verbatim@line=\toks29
\verbatim@in@stream=\read2
)
(<USER_ROOT>\AppData\Local\Programs\MiKTeX\tex/generic/xypic\xy.sty
(<USER_ROOT>\AppData\Local\Programs\MiKTeX\tex/generic/xypic\xy.tex
Bootstrap'ing: catcodes, docmode,
(<USER_ROOT>\AppData\Local\Programs\MiKTeX\tex/generic/xypic\xyrecat.tex)
(<USER_ROOT>\AppData\Local\Programs\MiKTeX\tex/generic/xypic\xyidioms.tex)

 Xy-pic version 3.8.9 <2013/10/06>
 Copyright (c) 1991-2013 by Kristoffer H. Rose <krisrose@tug.org> and others
 Xy-pic is free software: see the User's Guide for details.

Loading kernel: messages; fonts; allocations: state,
\X@c=\dimen162
\Y@c=\dimen163
\U@c=\dimen164
\D@c=\dimen165
\L@c=\dimen166
\R@c=\dimen167
\Edge@c=\toks30
\X@p=\dimen168
\Y@p=\dimen169
\U@p=\dimen170
\D@p=\dimen171
\L@p=\dimen172
\R@p=\dimen173
\Edge@p=\toks31
\X@origin=\dimen174
\Y@origin=\dimen175
\X@xbase=\dimen176
\Y@xbase=\dimen177
\X@ybase=\dimen178
\Y@ybase=\dimen179
\X@min=\dimen180
\Y@min=\dimen181
\X@max=\dimen182
\Y@max=\dimen183
\lastobjectbox@=\box56
\zerodotbox@=\box57
\almostz@=\dimen184
 direction,
\d@X=\dimen185
\d@Y=\dimen186
\K@=\count295
\KK@=\count296
\Direction=\count297
\K@dXdY=\dimen187
\K@dYdX=\dimen188
\xyread@=\read3
\xywrite@=\write3
\csp@=\count298
\quotPTK@=\dimen189

utility macros; pictures: \xy, positions,
\swaptoks@@=\toks32
\connectobjectbox@@=\box58
 objects,
\styletoks@=\toks33
 decorations;
kernel objects: directionals, circles, text; options; algorithms: directions,
edges, connections;  Xy-pic loaded)
(<USER_ROOT>\AppData\Local\Programs\MiKTeX\tex/generic/iftex\ifpdf.sty
Package: ifpdf 2019/10/25 v3.4 ifpdf legacy package. Use iftex instead.

(<USER_ROOT>\AppData\Local\Programs\MiKTeX\tex/generic/iftex\iftex.sty
Package: iftex 2024/12/12 v1.0g TeX engine tests
))
Package: xy 2013/10/06 Xy-pic version 3.8.9

(<USER_ROOT>\AppData\Local\Programs\MiKTeX\tex/generic/xypic\xyall.tex
 Xy-pic option: All features v.3.8
(<USER_ROOT>\AppData\Local\Programs\MiKTeX\tex/generic/xypic\xycurve.tex
 Xy-pic option: Curve and Spline extension v.3.12 curve,
\crv@cnt@=\count299
\crvpts@=\toks34
\splinebox@=\box59
\splineval@=\dimen190
\splinedepth@=\dimen191
\splinetol@=\dimen192
\splinelength@=\dimen193
 circles,
\L@=\dimen194
 loaded)
(<USER_ROOT>\AppData\Local\Programs\MiKTeX\tex/generic/xypic\xyframe.tex
 Xy-pic option: Frame and Bracket extension v.3.14 loaded)
(<USER_ROOT>\AppData\Local\Programs\MiKTeX\tex/generic/xypic\xycmtip.tex
 Xy-pic option: Computer Modern tip extension v.3.7
(<USER_ROOT>\AppData\Local\Programs\MiKTeX\tex/generic/xypic\xytips.tex
 Xy-pic option: More Tips extension v.3.11 loaded) loaded)
(<USER_ROOT>\AppData\Local\Programs\MiKTeX\tex/generic/xypic\xyline.tex
 Xy-pic option: Line styles extension v.3.10
\xylinethick@=\dimen195
 loaded)
(<USER_ROOT>\AppData\Local\Programs\MiKTeX\tex/generic/xypic\xyrotate.tex
 Xy-pic option: Rotate and Scale extension v.3.8 loaded)
(<USER_ROOT>\AppData\Local\Programs\MiKTeX\tex/generic/xypic\xycolor.tex
 Xy-pic option: Colour extension v.3.11 loaded)
(<USER_ROOT>\AppData\Local\Programs\MiKTeX\tex/generic/xypic\xymatrix.tex
 Xy-pic option: Matrix feature v.3.14
\Row=\count300
\Col=\count301
\queue@=\toks35
\queue@@=\toks36
\qcount@=\count302
\qcount@@=\count303
\matrixsize@=\count304
 loaded)
(<USER_ROOT>\AppData\Local\Programs\MiKTeX\tex/generic/xypic\xyarrow.tex
 Xy-pic option: Arrow and Path feature v.3.9 path, \ar, loaded)
(<USER_ROOT>\AppData\Local\Programs\MiKTeX\tex/generic/xypic\xygraph.tex
 Xy-pic option: Graph feature v.3.11 loaded) loaded)
(<USER_ROOT>\AppData\Local\Programs\MiKTeX\tex/generic/xypic\xypdf.tex
 Xy-pic option: PDF driver v.1.7 Xy-pic pdf driver: `color' extension support
(<USER_ROOT>\AppData\Local\Programs\MiKTeX\tex/generic/xypic\xypdf-co.tex
loaded) Xy-pic pdf driver: `curve' extension support
(<USER_ROOT>\AppData\Local\Programs\MiKTeX\tex/generic/xypic\xypdf-cu.tex
loaded) Xy-pic pdf driver: `frame' extension support
(<USER_ROOT>\AppData\Local\Programs\MiKTeX\tex/generic/xypic\xypdf-fr.tex
loaded) Xy-pic pdf driver: `line' extension support
(<USER_ROOT>\AppData\Local\Programs\MiKTeX\tex/generic/xypic\xypdf-li.tex
loaded) Xy-pic pdf driver: `rotate' extension support
(<USER_ROOT>\AppData\Local\Programs\MiKTeX\tex/generic/xypic\xypdf-ro.tex
loaded) loaded))
(<USER_ROOT>\AppData\Local\Programs\MiKTeX\tex/generic/xypic\xy2cell.tex
 Xy-pic option: Two-cell feature v.3.7 two-cells, loaded)
(<USER_ROOT>\AppData\Local\Programs\MiKTeX\tex/latex/tools\multicol.sty
Package: multicol 2025/10/21 v2.0b multicolumn formatting (FMi)
\c@tracingmulticols=\count305
\mult@box=\box60
\multicol@leftmargin=\dimen196
\c@unbalance=\count306
\c@collectmore=\count307
\doublecol@number=\count308
\multicoltolerance=\count309
\multicolpretolerance=\count310
\full@width=\dimen197
\page@free=\dimen198
\premulticols=\dimen199
\postmulticols=\dimen256
\multicolsep=\skip59
\multicolbaselineskip=\skip60
\partial@page=\box61
\last@line=\box62
\mc@boxedresult=\box63
\maxbalancingoverflow=\dimen257
\mult@rightbox=\box64
\mult@grightbox=\box65
\mult@firstbox=\box66
\mult@gfirstbox=\box67
\@tempa=\box68
\@tempa=\box69
\@tempa=\box70
\@tempa=\box71
\@tempa=\box72
\@tempa=\box73
\@tempa=\box74
\@tempa=\box75
\@tempa=\box76
\@tempa=\box77
\@tempa=\box78
\@tempa=\box79
\@tempa=\box80
\@tempa=\box81
\@tempa=\box82
\@tempa=\box83
\@tempa=\box84
\@tempa=\box85
\@tempa=\box86
\@tempa=\box87
\@tempa=\box88
\@tempa=\box89
\@tempa=\box90
\@tempa=\box91
\@tempa=\box92
\@tempa=\box93
\@tempa=\box94
\@tempa=\box95
\@tempa=\box96
\@tempa=\box97
\@tempa=\box98
\@tempa=\box99
\@tempa=\box100
\@tempa=\box101
\@tempa=\box102
\@tempa=\box103
\c@minrows=\count311
\c@columnbadness=\count312
\c@finalcolumnbadness=\count313
\last@try=\dimen258
\multicolovershoot=\dimen259
\multicolundershoot=\dimen260
\mult@nat@firstbox=\box104
\colbreak@box=\box105
\mc@col@check@num=\count314
\g__mc_curr_col_int=\count315
)
(<USER_ROOT>\AppData\Local\Programs\MiKTeX\tex/latex/lm\lmodern.sty
Package: lmodern 2015/05/01 v1.6.1 Latin Modern Fonts
LaTeX Font Info:    Overwriting symbol font `operators' in version `normal'
(Font)                  OT1/cmr/m/n --> OT1/lmr/m/n on input line 22.
LaTeX Font Info:    Overwriting symbol font `letters' in version `normal'
(Font)                  OML/cmm/m/it --> OML/lmm/m/it on input line 23.
LaTeX Font Info:    Overwriting symbol font `symbols' in version `normal'
(Font)                  OMS/cmsy/m/n --> OMS/lmsy/m/n on input line 24.
LaTeX Font Info:    Overwriting symbol font `largesymbols' in version `normal'
(Font)                  OMX/cmex/m/n --> OMX/lmex/m/n on input line 25.
LaTeX Font Info:    Overwriting symbol font `operators' in version `bold'
(Font)                  OT1/cmr/bx/n --> OT1/lmr/bx/n on input line 26.
LaTeX Font Info:    Overwriting symbol font `letters' in version `bold'
(Font)                  OML/cmm/b/it --> OML/lmm/b/it on input line 27.
LaTeX Font Info:    Overwriting symbol font `symbols' in version `bold'
(Font)                  OMS/cmsy/b/n --> OMS/lmsy/b/n on input line 28.
LaTeX Font Info:    Overwriting symbol font `largesymbols' in version `bold'
(Font)                  OMX/cmex/m/n --> OMX/lmex/m/n on input line 29.
LaTeX Font Info:    Overwriting math alphabet `\mathbf' in version `normal'
(Font)                  OT1/cmr/bx/n --> OT1/lmr/bx/n on input line 31.
LaTeX Font Info:    Overwriting math alphabet `\mathsf' in version `normal'
(Font)                  OT1/cmss/m/n --> OT1/lmss/m/n on input line 32.
LaTeX Font Info:    Overwriting math alphabet `\mathit' in version `normal'
(Font)                  OT1/cmr/m/it --> OT1/lmr/m/it on input line 33.
LaTeX Font Info:    Overwriting math alphabet `\mathtt' in version `normal'
(Font)                  OT1/cmtt/m/n --> OT1/lmtt/m/n on input line 34.
LaTeX Font Info:    Overwriting math alphabet `\mathbf' in version `bold'
(Font)                  OT1/cmr/bx/n --> OT1/lmr/bx/n on input line 35.
LaTeX Font Info:    Overwriting math alphabet `\mathsf' in version `bold'
(Font)                  OT1/cmss/bx/n --> OT1/lmss/bx/n on input line 36.
LaTeX Font Info:    Overwriting math alphabet `\mathit' in version `bold'
(Font)                  OT1/cmr/bx/it --> OT1/lmr/bx/it on input line 37.
LaTeX Font Info:    Overwriting math alphabet `\mathtt' in version `bold'
(Font)                  OT1/cmtt/m/n --> OT1/lmtt/m/n on input line 38.
)
(<USER_ROOT>\AppData\Local\Programs\MiKTeX\tex/latex/base\fontenc.sty
Package: fontenc 2025/07/18 v2.1d Standard LaTeX package
LaTeX Font Info:    Trying to load font information for T1+lmr on input line 11
6.

(<USER_ROOT>\AppData\Local\Programs\MiKTeX\tex/latex/lm\t1lmr.fd
File: t1lmr.fd 2015/05/01 v1.6.1 Font defs for Latin Modern
))
(<USER_ROOT>\AppData\Local\Programs\MiKTeX\tex/latex/hyperref\xr-hyper.sty
Package: xr-hyper 2026-04-24 v7.01q eXternal References (DPC)
) (<USER_ROOT>\AppData\Local\Programs\MiKTeX\tex/latex/hyperref\hyperref.st
y
Package: hyperref 2026-04-24 v7.01q Hypertext links for LaTeX
(<USER_ROOT>\AppData\Local\Programs\MiKTeX\tex/latex/graphics\keyval.sty
Package: keyval 2022/05/29 v1.15 key=value parser (DPC)
\KV@toks@=\toks37
)
(<USER_ROOT>\AppData\Local\Programs\MiKTeX\tex/latex/kvsetkeys\kvsetkeys.st
y
Package: kvsetkeys 2022-10-05 v1.19 Key value parser (HO)
)
(<USER_ROOT>\AppData\Local\Programs\MiKTeX\tex/generic/kvdefinekeys\kvdefin
ekeys.sty
Package: kvdefinekeys 2019-12-19 v1.6 Define keys (HO)
)
(<USER_ROOT>\AppData\Local\Programs\MiKTeX\tex/generic/pdfescape\pdfescape.
sty
Package: pdfescape 2019/12/09 v1.15 Implements pdfTeX's escape features (HO)

(<USER_ROOT>\AppData\Local\Programs\MiKTeX\tex/generic/ltxcmds\ltxcmds.sty
Package: ltxcmds 2023-12-04 v1.26 LaTeX kernel commands for general use (HO)
)
(<USER_ROOT>\AppData\Local\Programs\MiKTeX\tex/generic/pdftexcmds\pdftexcmd
s.sty
Package: pdftexcmds 2020-06-27 v0.33 Utility functions of pdfTeX for LuaTeX (HO
)

(<USER_ROOT>\AppData\Local\Programs\MiKTeX\tex/generic/infwarerr\infwarerr.
sty
Package: infwarerr 2019/12/03 v1.5 Providing info/warning/error messages (HO)
)
Package pdftexcmds Info: \pdf@primitive is available.
Package pdftexcmds Info: \pdf@ifprimitive is available.
Package pdftexcmds Info: \pdfdraftmode found.
))
(<USER_ROOT>\AppData\Local\Programs\MiKTeX\tex/latex/hycolor\hycolor.sty
Package: hycolor 2020-01-27 v1.10 Color options for hyperref/bookmark (HO)
)
(<USER_ROOT>\AppData\Local\Programs\MiKTeX\tex/latex/hyperref\nameref.sty
Package: nameref 2026-01-29 v2.58 Cross-referencing by name of section

(<USER_ROOT>\AppData\Local\Programs\MiKTeX\tex/latex/refcount\refcount.sty
Package: refcount 2019/12/15 v3.6 Data extraction from label references (HO)
)
(<USER_ROOT>\AppData\Local\Programs\MiKTeX\tex/generic/gettitlestring\getti
tlestring.sty
Package: gettitlestring 2019/12/15 v1.6 Cleanup title references (HO)

(<USER_ROOT>\AppData\Local\Programs\MiKTeX\tex/latex/kvoptions\kvoptions.st
y
Package: kvoptions 2022-06-15 v3.15 Key value format for package options (HO)
))
\c@section@level=\count316
)
(<USER_ROOT>\AppData\Local\Programs\MiKTeX\tex/latex/etoolbox\etoolbox.sty
Package: etoolbox 2025/10/02 v2.5m e-TeX tools for LaTeX (JAW)
\etb@tempcnta=\count317
)
(<USER_ROOT>\AppData\Local\Programs\MiKTeX\tex/generic/stringenc\stringenc.
sty
Package: stringenc 2019/11/29 v1.12 Convert strings between diff. encodings (HO
)
)
\@linkdim=\dimen261
\Hy@linkcounter=\count318
\Hy@pagecounter=\count319

(<USER_ROOT>\AppData\Local\Programs\MiKTeX\tex/latex/hyperref\pd1enc.def
File: pd1enc.def 2026-04-24 v7.01q Hyperref: PDFDocEncoding definition (HO)
Now handling font encoding PD1 ...
... no UTF-8 mapping file for font encoding PD1
)
(<USER_ROOT>\AppData\Local\Programs\MiKTeX\tex/generic/intcalc\intcalc.sty
Package: intcalc 2019/12/15 v1.3 Expandable calculations with integers (HO)
)
\Hy@SavedSpaceFactor=\count320
(<USER_ROOT>\AppData\Local\Programs\MiKTeX\tex/latex/hyperref\puenc.def
File: puenc.def 2026-04-24 v7.01q Hyperref: PDF Unicode definition (HO)
Now handling font encoding PU ...
... no UTF-8 mapping file for font encoding PU
)
(hyperref.cfg
File: hyperref.cfg 
)
Package hyperref Info: Hyper figures OFF on input line 4199.
Package hyperref Info: Link nesting OFF on input line 4204.
Package hyperref Info: Hyper index ON on input line 4207.
Package hyperref Info: Plain pages OFF on input line 4214.
Package hyperref Info: Backreferencing OFF on input line 4219.
Package hyperref Info: Implicit mode ON; LaTeX internals redefined.
Package hyperref Info: Bookmarks ON on input line 4466.
\c@Hy@tempcnt=\count321

(<USER_ROOT>\AppData\Local\Programs\MiKTeX\tex/latex/url\url.sty
\Urlmuskip=\muskip18
Package: url 2013/09/16  ver 3.4  Verb mode for urls, etc.
)
LaTeX Info: Redefining \url on input line 4805.
\XeTeXLinkMargin=\dimen262

(<USER_ROOT>\AppData\Local\Programs\MiKTeX\tex/generic/bitset\bitset.sty
Package: bitset 2019/12/09 v1.3 Handle bit-vector datatype (HO)

(<USER_ROOT>\AppData\Local\Programs\MiKTeX\tex/generic/bigintcalc\bigintcal
c.sty
Package: bigintcalc 2019/12/15 v1.5 Expandable calculations on big integers (HO
)
))
\Fld@menulength=\count322
\Field@Width=\dimen263
\Fld@charsize=\dimen264
Package hyperref Info: Hyper figures OFF on input line 6091.
Package hyperref Info: Link nesting OFF on input line 6096.
Package hyperref Info: Hyper index ON on input line 6099.
Package hyperref Info: backreferencing OFF on input line 6106.
Package hyperref Info: Link coloring OFF on input line 6111.
Package hyperref Info: Link coloring with OCG OFF on input line 6116.
Package hyperref Info: PDF/A mode OFF on input line 6121.
\Hy@abspage=\count323
\c@Item=\count324
\c@Hfootnote=\count325
)
Package hyperref Info: Driver (autodetected): hpdftex.

(<USER_ROOT>\AppData\Local\Programs\MiKTeX\tex/latex/hyperref\hpdftex.def
File: hpdftex.def 2026-04-24 v7.01q Hyperref driver for pdfTeX
\Fld@listcount=\count326
\c@bookmark@seq@number=\count327

(<USER_ROOT>\AppData\Local\Programs\MiKTeX\tex/latex/rerunfilecheck\rerunfi
lecheck.sty
Package: rerunfilecheck 2025-06-21 v1.11 Rerun checks for auxiliary files (HO)

(<USER_ROOT>\AppData\Local\Programs\MiKTeX\tex/generic/uniquecounter\unique
counter.sty
Package: uniquecounter 2019/12/15 v1.4 Provide unlimited unique counter (HO)
)
Package uniquecounter Info: New unique counter `rerunfilecheck' on input line 2
84.
)
\Hy@SectionHShift=\skip61
)

Package xr Warning: 
No file introduction.aux
LABELS NOT IMPORTED.
 on input line 37.


Package xr Warning: 
No file conventions.aux
LABELS NOT IMPORTED.
 on input line 38.


Package xr Warning: 
No file sets.aux
LABELS NOT IMPORTED.
 on input line 39.


Package xr Warning: 
No file categories.aux
LABELS NOT IMPORTED.
 on input line 40.


Package xr Warning: 
No file topology.aux
LABELS NOT IMPORTED.
 on input line 41.


Package xr Warning: 
No file sheaves.aux
LABELS NOT IMPORTED.
 on input line 42.


Package xr Warning: 
No file sites.aux
LABELS NOT IMPORTED.
 on input line 43.


Package xr Warning: 
No file stacks.aux
LABELS NOT IMPORTED.
 on input line 44.


Package xr Warning: 
No file fields.aux
LABELS NOT IMPORTED.
 on input line 45.


Package xr Warning: 
No file algebra.aux
LABELS NOT IMPORTED.
 on input line 46.


Package xr Warning: 
No file brauer.aux
LABELS NOT IMPORTED.
 on input line 47.


Package xr Warning: 
No file homology.aux
LABELS NOT IMPORTED.
 on input line 48.


Package xr Warning: 
No file derived.aux
LABELS NOT IMPORTED.
 on input line 49.


Package xr Warning: 
No file simplicial.aux
LABELS NOT IMPORTED.
 on input line 50.


Package xr Warning: 
No file more-algebra.aux
LABELS NOT IMPORTED.
 on input line 51.


Package xr Warning: 
No file smoothing.aux
LABELS NOT IMPORTED.
 on input line 52.


Package xr Warning: 
No file modules.aux
LABELS NOT IMPORTED.
 on input line 53.


Package xr Warning: 
No file sites-modules.aux
LABELS NOT IMPORTED.
 on input line 54.


Package xr Warning: 
No file injectives.aux
LABELS NOT IMPORTED.
 on input line 55.


Package xr Warning: 
No file cohomology.aux
LABELS NOT IMPORTED.
 on input line 56.


Package xr Warning: 
No file sites-cohomology.aux
LABELS NOT IMPORTED.
 on input line 57.


Package xr Warning: 
No file dga.aux
LABELS NOT IMPORTED.
 on input line 58.


Package xr Warning: 
No file dpa.aux
LABELS NOT IMPORTED.
 on input line 59.


Package xr Warning: 
No file sdga.aux
LABELS NOT IMPORTED.
 on input line 60.


Package xr Warning: 
No file hypercovering.aux
LABELS NOT IMPORTED.
 on input line 61.


Package xr Warning: 
No file schemes.aux
LABELS NOT IMPORTED.
 on input line 62.


Package xr Warning: 
No file constructions.aux
LABELS NOT IMPORTED.
 on input line 63.


Package xr Warning: 
No file properties.aux
LABELS NOT IMPORTED.
 on input line 64.


Package xr Warning: 
No file morphisms.aux
LABELS NOT IMPORTED.
 on input line 65.


Package xr Warning: 
No file coherent.aux
LABELS NOT IMPORTED.
 on input line 66.


Package xr Warning: 
No file divisors.aux
LABELS NOT IMPORTED.
 on input line 67.


Package xr Warning: 
No file limits.aux
LABELS NOT IMPORTED.
 on input line 68.


Package xr Warning: 
No file varieties.aux
LABELS NOT IMPORTED.
 on input line 69.


Package xr Warning: 
No file topologies.aux
LABELS NOT IMPORTED.
 on input line 70.

Package xr Info: IMPORTING LABELS FROM descent.aux on input line 71.

Package xr Warning: 
No file perfect.aux
LABELS NOT IMPORTED.
 on input line 72.


Package xr Warning: 
No file more-morphisms.aux
LABELS NOT IMPORTED.
 on input line 73.


Package xr Warning: 
No file flat.aux
LABELS NOT IMPORTED.
 on input line 74.


Package xr Warning: 
No file groupoids.aux
LABELS NOT IMPORTED.
 on input line 75.


Package xr Warning: 
No file more-groupoids.aux
LABELS NOT IMPORTED.
 on input line 76.


Package xr Warning: 
No file etale.aux
LABELS NOT IMPORTED.
 on input line 77.


Package xr Warning: 
No file chow.aux
LABELS NOT IMPORTED.
 on input line 78.


Package xr Warning: 
No file intersection.aux
LABELS NOT IMPORTED.
 on input line 79.


Package xr Warning: 
No file pic.aux
LABELS NOT IMPORTED.
 on input line 80.


Package xr Warning: 
No file weil.aux
LABELS NOT IMPORTED.
 on input line 81.


Package xr Warning: 
No file adequate.aux
LABELS NOT IMPORTED.
 on input line 82.


Package xr Warning: 
No file dualizing.aux
LABELS NOT IMPORTED.
 on input line 83.


Package xr Warning: 
No file duality.aux
LABELS NOT IMPORTED.
 on input line 84.


Package xr Warning: 
No file discriminant.aux
LABELS NOT IMPORTED.
 on input line 85.


Package xr Warning: 
No file derham.aux
LABELS NOT IMPORTED.
 on input line 86.


Package xr Warning: 
No file local-cohomology.aux
LABELS NOT IMPORTED.
 on input line 87.


Package xr Warning: 
No file algebraization.aux
LABELS NOT IMPORTED.
 on input line 88.


Package xr Warning: 
No file curves.aux
LABELS NOT IMPORTED.
 on input line 89.


Package xr Warning: 
No file resolve.aux
LABELS NOT IMPORTED.
 on input line 90.


Package xr Warning: 
No file models.aux
LABELS NOT IMPORTED.
 on input line 91.


Package xr Warning: 
No file functors.aux
LABELS NOT IMPORTED.
 on input line 92.


Package xr Warning: 
No file equiv.aux
LABELS NOT IMPORTED.
 on input line 93.


Package xr Warning: 
No file pione.aux
LABELS NOT IMPORTED.
 on input line 94.


Package xr Warning: 
No file etale-cohomology.aux
LABELS NOT IMPORTED.
 on input line 95.


Package xr Warning: 
No file proetale.aux
LABELS NOT IMPORTED.
 on input line 96.


Package xr Warning: 
No file relative-cycles.aux
LABELS NOT IMPORTED.
 on input line 97.


Package xr Warning: 
No file more-etale.aux
LABELS NOT IMPORTED.
 on input line 98.


Package xr Warning: 
No file trace.aux
LABELS NOT IMPORTED.
 on input line 99.


Package xr Warning: 
No file crystalline.aux
LABELS NOT IMPORTED.
 on input line 100.


Package xr Warning: 
No file spaces.aux
LABELS NOT IMPORTED.
 on input line 101.


Package xr Warning: 
No file spaces-properties.aux
LABELS NOT IMPORTED.
 on input line 102.


Package xr Warning: 
No file spaces-morphisms.aux
LABELS NOT IMPORTED.
 on input line 103.


Package xr Warning: 
No file decent-spaces.aux
LABELS NOT IMPORTED.
 on input line 104.


Package xr Warning: 
No file spaces-cohomology.aux
LABELS NOT IMPORTED.
 on input line 105.


Package xr Warning: 
No file spaces-limits.aux
LABELS NOT IMPORTED.
 on input line 106.


Package xr Warning: 
No file spaces-divisors.aux
LABELS NOT IMPORTED.
 on input line 107.


Package xr Warning: 
No file spaces-over-fields.aux
LABELS NOT IMPORTED.
 on input line 108.


Package xr Warning: 
No file spaces-topologies.aux
LABELS NOT IMPORTED.
 on input line 109.


Package xr Warning: 
No file spaces-descent.aux
LABELS NOT IMPORTED.
 on input line 110.


Package xr Warning: 
No file spaces-perfect.aux
LABELS NOT IMPORTED.
 on input line 111.


Package xr Warning: 
No file spaces-more-morphisms.aux
LABELS NOT IMPORTED.
 on input line 112.


Package xr Warning: 
No file spaces-flat.aux
LABELS NOT IMPORTED.
 on input line 113.


Package xr Warning: 
No file spaces-groupoids.aux
LABELS NOT IMPORTED.
 on input line 114.


Package xr Warning: 
No file spaces-more-groupoids.aux
LABELS NOT IMPORTED.
 on input line 115.


Package xr Warning: 
No file bootstrap.aux
LABELS NOT IMPORTED.
 on input line 116.


Package xr Warning: 
No file spaces-pushouts.aux
LABELS NOT IMPORTED.
 on input line 117.


Package xr Warning: 
No file spaces-chow.aux
LABELS NOT IMPORTED.
 on input line 118.


Package xr Warning: 
No file groupoids-quotients.aux
LABELS NOT IMPORTED.
 on input line 119.


Package xr Warning: 
No file spaces-more-cohomology.aux
LABELS NOT IMPORTED.
 on input line 120.


Package xr Warning: 
No file spaces-simplicial.aux
LABELS NOT IMPORTED.
 on input line 121.


Package xr Warning: 
No file spaces-duality.aux
LABELS NOT IMPORTED.
 on input line 122.


Package xr Warning: 
No file formal-spaces.aux
LABELS NOT IMPORTED.
 on input line 123.


Package xr Warning: 
No file restricted.aux
LABELS NOT IMPORTED.
 on input line 124.


Package xr Warning: 
No file spaces-resolve.aux
LABELS NOT IMPORTED.
 on input line 125.


Package xr Warning: 
No file formal-defos.aux
LABELS NOT IMPORTED.
 on input line 126.


Package xr Warning: 
No file defos.aux
LABELS NOT IMPORTED.
 on input line 127.


Package xr Warning: 
No file cotangent.aux
LABELS NOT IMPORTED.
 on input line 128.


Package xr Warning: 
No file examples-defos.aux
LABELS NOT IMPORTED.
 on input line 129.


Package xr Warning: 
No file algebraic.aux
LABELS NOT IMPORTED.
 on input line 130.


Package xr Warning: 
No file examples-stacks.aux
LABELS NOT IMPORTED.
 on input line 131.


Package xr Warning: 
No file stacks-sheaves.aux
LABELS NOT IMPORTED.
 on input line 132.


Package xr Warning: 
No file criteria.aux
LABELS NOT IMPORTED.
 on input line 133.


Package xr Warning: 
No file artin.aux
LABELS NOT IMPORTED.
 on input line 134.


Package xr Warning: 
No file quot.aux
LABELS NOT IMPORTED.
 on input line 135.


Package xr Warning: 
No file stacks-properties.aux
LABELS NOT IMPORTED.
 on input line 136.


Package xr Warning: 
No file stacks-morphisms.aux
LABELS NOT IMPORTED.
 on input line 137.


Package xr Warning: 
No file stacks-limits.aux
LABELS NOT IMPORTED.
 on input line 138.


Package xr Warning: 
No file stacks-cohomology.aux
LABELS NOT IMPORTED.
 on input line 139.


Package xr Warning: 
No file stacks-perfect.aux
LABELS NOT IMPORTED.
 on input line 140.


Package xr Warning: 
No file stacks-introduction.aux
LABELS NOT IMPORTED.
 on input line 141.


Package xr Warning: 
No file stacks-more-morphisms.aux
LABELS NOT IMPORTED.
 on input line 142.


Package xr Warning: 
No file stacks-geometry.aux
LABELS NOT IMPORTED.
 on input line 143.


Package xr Warning: 
No file moduli.aux
LABELS NOT IMPORTED.
 on input line 144.


Package xr Warning: 
No file moduli-curves.aux
LABELS NOT IMPORTED.
 on input line 145.


Package xr Warning: 
No file examples.aux
LABELS NOT IMPORTED.
 on input line 146.


Package xr Warning: 
No file exercises.aux
LABELS NOT IMPORTED.
 on input line 147.


Package xr Warning: 
No file guide.aux
LABELS NOT IMPORTED.
 on input line 148.


Package xr Warning: 
No file desirables.aux
LABELS NOT IMPORTED.
 on input line 149.


Package xr Warning: 
No file coding.aux
LABELS NOT IMPORTED.
 on input line 150.


Package xr Warning: 
No file obsolete.aux
LABELS NOT IMPORTED.
 on input line 151.


Package xr Warning: 
No file fdl.aux
LABELS NOT IMPORTED.
 on input line 152.


Package xr Warning: 
No file index.aux
LABELS NOT IMPORTED.
 on input line 153.

)
(<USER_ROOT>\AppData\Local\Programs\MiKTeX\tex/latex/l3backend\l3backend-pd
ftex.def
File: l3backend-pdftex.def 2026-02-18 L3 backend support: PDF output (pdfTeX)
\l__color_backend_stack_int=\count328
) (descent.aux)
\openout1 = `descent.aux'.

LaTeX Font Info:    Checking defaults for OML/cmm/m/it on input line 5.
LaTeX Font Info:    ... okay on input line 5.
LaTeX Font Info:    Checking defaults for OMS/cmsy/m/n on input line 5.
LaTeX Font Info:    ... okay on input line 5.
LaTeX Font Info:    Checking defaults for OT1/cmr/m/n on input line 5.
LaTeX Font Info:    ... okay on input line 5.
LaTeX Font Info:    Checking defaults for T1/cmr/m/n on input line 5.
LaTeX Font Info:    ... okay on input line 5.
LaTeX Font Info:    Checking defaults for TS1/cmr/m/n on input line 5.
LaTeX Font Info:    ... okay on input line 5.
LaTeX Font Info:    Checking defaults for OMX/cmex/m/n on input line 5.
LaTeX Font Info:    ... okay on input line 5.
LaTeX Font Info:    Checking defaults for U/cmr/m/n on input line 5.
LaTeX Font Info:    ... okay on input line 5.
LaTeX Font Info:    Checking defaults for PD1/pdf/m/n on input line 5.
LaTeX Font Info:    ... okay on input line 5.
LaTeX Font Info:    Checking defaults for PU/pdf/m/n on input line 5.
LaTeX Font Info:    ... okay on input line 5.
LaTeX Font Info:    Trying to load font information for OT1+lmr on input line 5
.

(<USER_ROOT>\AppData\Local\Programs\MiKTeX\tex/latex/lm\ot1lmr.fd
File: ot1lmr.fd 2015/05/01 v1.6.1 Font defs for Latin Modern
)
LaTeX Font Info:    Trying to load font information for OML+lmm on input line 5
.

(<USER_ROOT>\AppData\Local\Programs\MiKTeX\tex/latex/lm\omllmm.fd
File: omllmm.fd 2015/05/01 v1.6.1 Font defs for Latin Modern
)
LaTeX Font Info:    Trying to load font information for OMS+lmsy on input line 
5.

(<USER_ROOT>\AppData\Local\Programs\MiKTeX\tex/latex/lm\omslmsy.fd
File: omslmsy.fd 2015/05/01 v1.6.1 Font defs for Latin Modern
)
LaTeX Font Info:    Trying to load font information for OMX+lmex on input line 
5.

(<USER_ROOT>\AppData\Local\Programs\MiKTeX\tex/latex/lm\omxlmex.fd
File: omxlmex.fd 2015/05/01 v1.6.1 Font defs for Latin Modern
)
LaTeX Font Info:    External font `lmex10' loaded for size
(Font)              <8> on input line 5.
LaTeX Font Info:    External font `lmex10' loaded for size
(Font)              <6> on input line 5.
LaTeX Font Info:    External font `lmex10' loaded for size
(Font)              <5> on input line 5.
LaTeX Font Info:    Trying to load font information for U+msa on input line 5.

(<USER_ROOT>\AppData\Local\Programs\MiKTeX\tex/latex/amsfonts\umsa.fd
File: umsa.fd 2013/01/14 v3.01 AMS symbols A
)
LaTeX Font Info:    Trying to load font information for U+msb on input line 5.

(<USER_ROOT>\AppData\Local\Programs\MiKTeX\tex/latex/amsfonts\umsb.fd
File: umsb.fd 2013/01/14 v3.01 AMS symbols B
)
LaTeX Font Info:    External font `lmex10' loaded for size
(Font)              <10> on input line 5.
LaTeX Font Info:    External font `lmex10' loaded for size
(Font)              <7> on input line 5.
Package xypdf Info: Line width: 0.39998pt on input line 5.
Package hyperref Info: Link coloring OFF on input line 5.

(descent.out) (descent.out)
\@outlinefile=\write4
\openout4 = `descent.out'.

 (descent.toc [1{<USER_ROOT>/AppData/Local/MiKTeX/fonts/map/pdftex/pdftex.m
ap}{<USER_ROOT>/AppData/Local/Programs/MiKTeX/fonts/enc/dvips/lm/lm-ec.enc}
])
\tf@toc=\write5
\openout5 = `descent.toc'.



LaTeX Warning: Reference `topologies-section-introduction' on page 2 undefined 
on input line 21.


LaTeX Warning: Reference `stacks-section-introduction' on page 2 undefined on i
nput line 31.

<xymatrix 3x2 149> <xymatrix 2x2 182>

LaTeX Warning: Reference `sheaves-section-glueing-sheaves' on page 2 undefined 
on input line 90.

[2{<USER_ROOT>/AppData/Local/Programs/MiKTeX/fonts/enc/dvips/lm/lm-mathit.e
nc}{<USER_ROOT>/AppData/Local/Programs/MiKTeX/fonts/enc/dvips/lm/lm-rm.enc}
{<USER_ROOT>/AppData/Local/Programs/MiKTeX/fonts/enc/dvips/lm/lm-mathsy.enc
}{<USER_ROOT>/AppData/Local/Programs/MiKTeX/fonts/enc/dvips/lm/lm-mathex.en
c}]

LaTeX Warning: Reference `sites-definition-morphism-coverings' on page 3 undefi
ned on input line 114.


LaTeX Warning: Reference `sheaves-section-glueing-sheaves' on page 3 undefined 
on input line 188.


LaTeX Warning: Reference `modules-definition-quasi-coherent' on page 3 undefine
d on input line 190.


LaTeX Warning: Reference `simplicial-example-push-outs-simplicial-object' on pa
ge 3 undefined on input line 210.

<xymatrix 3x1 294> [3]

LaTeX Warning: Reference `simplicial-section-cosimplicial-object' on page 4 und
efined on input line 244.

<xymatrix 3x2 149> <xymatrix 2x2 182> [4]

LaTeX Warning: Reference `simplicial-definition-face-degeneracy' on page 5 unde
fined on input line 326.


LaTeX Warning: Reference `simplicial-section-cosimplicial-object' on page 5 und
efined on input line 410.

[5]

LaTeX Warning: Reference `simplicial-remark-relations-cosimplicial' on page 6 u
ndefined on input line 445.


LaTeX Warning: Reference `simplicial-section-dold-kan-cosimplicial' on page 6 u
ndefined on input line 488.

[6]

LaTeX Warning: Reference `simplicial-lemma-push-outs-simplicial-object-w-sectio
n' on page 7 undefined on input line 532.


LaTeX Warning: Reference `simplicial-lemma-functorial-homotopy' on page 7 undef
ined on input line 541.


LaTeX Warning: Reference `simplicial-lemma-homotopy-s-Q' on page 7 undefined on
 input line 544.

<xymatrix 5x1 186>

LaTeX Warning: Reference `algebra-definition-flat' on page 7 undefined on input
 line 559.

[7]
Overfull \hbox (10.07156pt too wide) in paragraph at lines 694--703
\OML/lmm/m/it/10 M$ \T1/lmr/m/n/10 for all $\OML/lmm/m/it/10 i$\T1/lmr/m/n/10 .
 Mul-ti-ply-ing out the equa-tion in (2) we con-clude that $[][] \OML/lmm/m/it/
10 a[]\OT1/lmr/m/n/10 ([][] \OML/lmm/m/it/10 ^^[\OT1/lmr/m/n/10 (\OML/lmm/m/it/
10 a[]\OT1/lmr/m/n/10 )\OML/lmm/m/it/10 y[]\OT1/lmr/m/n/10 ) =
 []


LaTeX Warning: Reference `algebra-lemma-standard-covering' on page 8 undefined 
on input line 715.


LaTeX Warning: Reference `algebra-lemma-cover-module' on page 8 undefined on in
put line 716.


LaTeX Warning: Reference `algebra-lemma-glue-modules' on page 8 undefined on in
put line 716.


LaTeX Warning: Reference `coherent-lemma-cech-cohomology-quasi-coherent-trivial
' on page 8 undefined on input line 721.

[8]

LaTeX Warning: Reference `simplicial-lemma-push-outs-simplicial-object-w-sectio
n' on page 9 undefined on input line 756.

[9] <xymatrix 3x2 267> <xymatrix 3x1 139>

LaTeX Warning: Reference `categories-section-equalizers' on page 10 undefined o
n input line 856.


LaTeX Warning: Reference `categories-section-coequalizers' on page 10 undefined
 on input line 857.

[10]

LaTeX Warning: Reference `homology-section-functors' on page 11 undefined on in
put line 897.


LaTeX Warning: Reference `algebra-definition-universally-injective' on page 11 
undefined on input line 907.


LaTeX Warning: Reference `algebra-lemma-faithfully-flat-universally-injective' 
on page 11 undefined on input line 939.


LaTeX Warning: Reference `more-algebra-section-injectives-modules' on page 11 u
ndefined on input line 959.


LaTeX Warning: Reference `more-algebra-lemma-vee-exact' on page 11 undefined on
 input line 968.


LaTeX Warning: Reference `algebra-lemma-hom-from-tensor-product-variant' on pag
e 11 undefined on input line 984.

<xymatrix 3x1 118> <xymatrix 3x1 118>
Overfull \hbox (28.7105pt too wide) detected at line 997
[]
 []

[11] <xymatrix 2x2 182> [12] <xymatrix 3x1 139> <xymatrix 3x1 139>
Overfull \hbox (11.96172pt too wide) detected at line 1157
[][][][]
 []

<xymatrix 3x1 139> [13] <xymatrix 3x1 132> <xymatrix 3x1 139>
Overfull \hbox (13.88515pt too wide) detected at line 1225
[][][][]
 []

<xymatrix 3x3 644>
Overfull \hbox (35.31612pt too wide) detected at line 1255
[]
 []

<xymatrix 3x1 139>
Overfull \hbox (72.32404pt too wide) detected at line 1274
[]
 []

[14]

LaTeX Warning: Reference `algebra-lemma-base-change-along-universally-injective
-ring-map' on page 15 undefined on input line 1317.

[15]

LaTeX Warning: Reference `algebra-lemma-extension' on page 16 undefined on inpu
t line 1387.


LaTeX Warning: Reference `algebra-lemma-characterize-flat' on page 16 undefined
 on input line 1426.


LaTeX Warning: Reference `algebra-lemma-finite-projective' on page 16 undefined
 on input line 1439.

[16]

LaTeX Warning: Reference `algebra-lemma-finite-presentation-independent' on pag
e 17 undefined on input line 1477.


LaTeX Warning: Reference `algebra-lemma-characterize-formally-unramified' on pa
ge 17 undefined on input line 1491.


LaTeX Warning: Reference `algebra-lemma-formally-unramified-unramified' on page
 17 undefined on input line 1500.


LaTeX Warning: Reference `algebra-lemma-etale-flat-unramified-finite-presentati
on' on page 17 undefined on input line 1504.


LaTeX Warning: Reference `topologies-definition-standard-fpqc' on page 17 undef
ined on input line 1554.

[17]

LaTeX Warning: Reference `topologies-definition-fpqc-covering' on page 18 undef
ined on input line 1587.


LaTeX Warning: Reference `topologies-lemma-fpqc' on page 18 undefined on input 
line 1600.

<xymatrix 3x2 264>

LaTeX Warning: Reference `sites-definition-morphism-coverings' on page 18 undef
ined on input line 1618.


LaTeX Warning: Reference `algebra-lemma-local-flat-ff' on page 18 undefined on 
input line 1633.

[18]

LaTeX Warning: Reference `topologies-lemma-fpqc' on page 19 undefined on input 
line 1714.

[19] [20]

LaTeX Warning: Reference `algebra-lemma-descend-properties-modules' on page 21 
undefined on input line 1906.


LaTeX Warning: Reference `algebra-lemma-local-flat-ff' on page 21 undefined on 
input line 1947.


LaTeX Warning: Reference `algebra-lemma-descend-properties-modules' on page 21 
undefined on input line 1964.


LaTeX Warning: Reference `algebra-lemma-NAK' on page 21 undefined on input line
 1980.

[21]

LaTeX Warning: Reference `algebra-lemma-descend-properties-modules' on page 22 
undefined on input line 2001.


LaTeX Warning: Reference `algebra-lemma-finite-projective' on page 22 undefined
 on input line 2016.


LaTeX Warning: Reference `properties-section-locally-projective' on page 22 und
efined on input line 2025.


LaTeX Warning: Reference `properties-lemma-locally-projective' on page 22 undef
ined on input line 2038.


LaTeX Warning: Reference `algebra-theorem-ffdescent-projectivity' on page 22 un
defined on input line 2040.


LaTeX Warning: Reference `examples-lemma-projective-not-locally-free' on page 2
2 undefined on input line 2050.


LaTeX Warning: Reference `algebra-lemma-finite-module-over-finite-extension' on
 page 22 undefined on input line 2092.


LaTeX Warning: Reference `properties-lemma-finite-type-module' on page 22 undef
ined on input line 2094.

[22]

LaTeX Warning: Reference `algebra-lemma-finite-finitely-presented-extension' on
 page 23 undefined on input line 2116.


LaTeX Warning: Reference `properties-lemma-finite-presentation-module' on page 
23 undefined on input line 2118.


LaTeX Warning: Reference `topologies-lemma-zariski-etale' on page 23 undefined 
on input line 2173.


LaTeX Warning: Reference `topologies-lemma-zariski-etale-smooth' on page 23 und
efined on input line 2174.


LaTeX Warning: Reference `topologies-lemma-zariski-etale-smooth-syntomic' on pa
ge 23 undefined on input line 2175.


LaTeX Warning: Reference `topologies-lemma-zariski-etale-smooth-syntomic-fppf' 
on page 23 undefined on input line 2176.


LaTeX Warning: Reference `topologies-lemma-zariski-etale-smooth-syntomic-fppf-f
pqc' on page 23 undefined on input line 2177.

[23]

LaTeX Warning: Reference `topologies-lemma-Zariski-usual' on page 24 undefined 
on input line 2233.


LaTeX Warning: Reference `topologies-section-change-topologies' on page 24 unde
fined on input line 2246.


LaTeX Warning: Reference `topologies-lemma-put-in-T' on page 24 undefined on in
put line 2263.


LaTeX Warning: Reference `topologies-lemma-put-in-T-etale' on page 24 undefined
 on input line 2264.


LaTeX Warning: Reference `sites-modules-definition-ringed-site' on page 24 unde
fined on input line 2277.


LaTeX Warning: Reference `sites-modules-definition-ringed-site' on page 24 unde
fined on input line 2288.

[24]

LaTeX Warning: Reference `topologies-lemma-put-in-T' on page 25 undefined on in
put line 2350.


LaTeX Warning: Reference `topologies-lemma-morphism-big-small' on page 25 undef
ined on input line 2351.


LaTeX Warning: Reference `sites-modules-lemma-push-pull-composition-modules' on
 page 25 undefined on input line 2354.


LaTeX Warning: Reference `topologies-lemma-put-in-T-etale' on page 25 undefined
 on input line 2364.


LaTeX Warning: Reference `topologies-lemma-morphism-big-small-etale' on page 25
 undefined on input line 2365.


LaTeX Warning: Reference `sites-modules-lemma-push-pull-composition-modules' on
 page 25 undefined on input line 2394.


LaTeX Warning: Reference `sites-modules-definition-site-local' on page 25 undef
ined on input line 2407.


LaTeX Warning: Reference `sites-modules-definition-site-local' on page 25 undef
ined on input line 2411.


LaTeX Warning: Reference `modules-definition-quasi-coherent' on page 25 undefin
ed on input line 2424.


LaTeX Warning: Reference `sites-modules-lemma-local-final-object' on page 25 un
defined on input line 2439.

[25]

LaTeX Warning: Reference `sites-modules-lemma-local-final-object' on page 26 un
defined on input line 2453.


LaTeX Warning: Reference `topologies-section-change-topologies' on page 26 unde
fined on input line 2485.


LaTeX Warning: Reference `sites-modules-definition-site-local' on page 26 undef
ined on input line 2539.

[26]

LaTeX Warning: Reference `sites-modules-lemma-internal-hom' on page 27 undefine
d on input line 2601.


LaTeX Warning: Reference `sites-modules-definition-global' on page 27 undefined
 on input line 2624.


LaTeX Warning: Reference `sites-modules-definition-site-local' on page 27 undef
ined on input line 2625.


LaTeX Warning: Reference `sites-modules-definition-flat' on page 27 undefined o
n input line 2626.


LaTeX Warning: Reference `sites-modules-definition-global' on page 27 undefined
 on input line 2653.


LaTeX Warning: Reference `sites-modules-lemma-local-final-object' on page 27 un
defined on input line 2655.


LaTeX Warning: Reference `coherent-lemma-coherent-Noetherian' on page 27 undefi
ned on input line 2665.

[27]

LaTeX Warning: Reference `sites-cohomology-equation-map-cech-complexes' on page
 28 undefined on input line 2706.


LaTeX Warning: Reference `sites-cohomology-lemma-cech-vanish-collection' on pag
e 28 undefined on input line 2803.

[28]

LaTeX Warning: Reference `sites-cohomology-lemma-cech-spectral-sequence-applica
tion' on page 29 undefined on input line 2824.


LaTeX Warning: Reference `coherent-lemma-cech-cohomology-quasi-coherent' on pag
e 29 undefined on input line 2832.


LaTeX Warning: Reference `derived-lemma-morphisms-lift' on page 29 undefined on
 input line 2850.

<xymatrix 3x2 190> [29]

LaTeX Warning: Reference `schemes-lemma-push-forward-quasi-coherent' on page 30
 undefined on input line 2939.


LaTeX Warning: Reference `coherent-lemma-flat-base-change-cohomology' on page 3
0 undefined on input line 2944.


LaTeX Warning: Reference `coherent-lemma-quasi-coherence-higher-direct-images' 
on page 30 undefined on input line 2958.


LaTeX Warning: Reference `sites-cohomology-lemma-higher-direct-images' on page 
30 undefined on input line 2966.


LaTeX Warning: Reference `coherent-lemma-quasi-coherence-higher-direct-images-a
pplication' on page 30 undefined on input line 2980.


LaTeX Warning: Reference `coherent-lemma-flat-base-change-cohomology' on page 3
0 undefined on input line 2982.

[30]
Overfull \hbox (3.29347pt too wide) in paragraph at lines 3005--3007
[]\T1/lmr/bx/n/10 Lemma 10.1. \T1/lmr/m/it/10 In Lemma []8.5[] the mor-phism of
 ringed sites $[][] \OT1/lmr/m/n/10 : \OML/lmm/m/it/10 S[] \OMS/lmsy/m/n/10 !
 []


LaTeX Warning: Reference `morphisms-lemma-etale-open' on page 31 undefined on i
nput line 3015.


LaTeX Warning: Reference `sites-modules-lemma-flatness-sheafification-refined' 
on page 31 undefined on input line 3035.


Overfull \hbox (13.31706pt too wide) in paragraph at lines 3071--3078
\T1/lmr/m/it/10 such that $\OMS/lmsy/m/n/10 F$ \T1/lmr/m/it/10 is of fi-nite pr
e-sen-ta-tion we have $\OT1/lmr/m/n/10 ([][](\OMS/lmsy/m/n/10 F\OML/lmm/m/it/10
 ; \OMS/lmsy/m/n/10 G\OT1/lmr/m/n/10 ))[] = [][](\OMS/lmsy/m/n/10 F[]\OML/lmm/m
/it/10 ; \OMS/lmsy/m/n/10 G[]\OT1/lmr/m/n/10 )$
 []


Overfull \hbox (9.87036pt too wide) in paragraph at lines 3078--3084
[]\T1/lmr/m/it/10 given two quasi-coherent $\OMS/lmsy/m/n/10 O[]$\T1/lmr/m/it/1
0 -modules $\OMS/lmsy/m/n/10 F$\T1/lmr/m/it/10 , $\OMS/lmsy/m/n/10 G$ \T1/lmr/m
/it/10 we do \T1/lmr/bx/n/10 not \T1/lmr/m/it/10 have $\OT1/lmr/m/n/10 ([][](\O
MS/lmsy/m/n/10 F\OML/lmm/m/it/10 ; \OMS/lmsy/m/n/10 G\OT1/lmr/m/n/10 ))[] =
 []


LaTeX Warning: Reference `schemes-section-quasi-coherent' on page 31 undefined 
on input line 3098.


LaTeX Warning: Reference `sites-modules-lemma-exactness-pushforward-pullback' o
n page 31 undefined on input line 3105.

[31]

LaTeX Warning: Reference `morphisms-lemma-etale-flat' on page 32 undefined on i
nput line 3117.


LaTeX Warning: Reference `sites-modules-lemma-tensor-product-pullback' on page 
32 undefined on input line 3132.


LaTeX Warning: Reference `sites-modules-lemma-pullback-internal-hom' on page 32
 undefined on input line 3145.


LaTeX Warning: Reference `schemes-section-quasi-coherent' on page 32 undefined 
on input line 3173.

<xymatrix 5x2 382>

LaTeX Warning: Reference `algebra-definition-universally-injective' on page 32 
undefined on input line 3203.

[32]

LaTeX Warning: Reference `schemes-section-quasi-coherent' on page 33 undefined 
on input line 3235.


LaTeX Warning: Reference `schemes-section-quasi-coherent' on page 33 undefined 
on input line 3326.

[33]
Overfull \hbox (66.87807pt too wide) in paragraph at lines 3401--3406
\T1/lmr/m/it/10 its in the cat-e-gories $[]\OT1/lmr/m/n/10 (([]\OML/lmm/m/it/10
 =S\OT1/lmr/m/n/10 )[]\OML/lmm/m/it/10 ; \OMS/lmsy/m/n/10 O\OT1/lmr/m/n/10 )$\T
1/lmr/m/it/10 , $[]\OT1/lmr/m/n/10 (([]\OML/lmm/m/it/10 =S\OT1/lmr/m/n/10 )[]\O
ML/lmm/m/it/10 ; \OMS/lmsy/m/n/10 O\OT1/lmr/m/n/10 )$\T1/lmr/m/it/10 , and $[]\
OT1/lmr/m/n/10 (([]\OML/lmm/m/it/10 =S\OT1/lmr/m/n/10 )[]\OML/lmm/m/it/10 ; \OM
S/lmsy/m/n/10 O\OT1/lmr/m/n/10 )$\T1/lmr/m/it/10 . 
 []


Overfull \hbox (8.48401pt too wide) in paragraph at lines 3406--3412
\T1/lmr/m/it/10 in $[]\OT1/lmr/m/n/10 (([]\OML/lmm/m/it/10 =S\OT1/lmr/m/n/10 )[
]\OML/lmm/m/it/10 ; \OMS/lmsy/m/n/10 O\OT1/lmr/m/n/10 )$\T1/lmr/m/it/10 , $[]\O
T1/lmr/m/n/10 (([]\OML/lmm/m/it/10 =S\OT1/lmr/m/n/10 )[]\OML/lmm/m/it/10 ; \OMS
/lmsy/m/n/10 O\OT1/lmr/m/n/10 )$\T1/lmr/m/it/10 , or $[]\OT1/lmr/m/n/10 (([]\OM
L/lmm/m/it/10 =S\OT1/lmr/m/n/10 )[]\OML/lmm/m/it/10 ; \OMS/lmsy/m/n/10 O\OT1/lm
r/m/n/10 )$ \T1/lmr/m/it/10 agree
 []


Overfull \hbox (55.82419pt too wide) in paragraph at lines 3412--3420
[]\OT1/lmr/m/n/10 (([]\OML/lmm/m/it/10 =S\OT1/lmr/m/n/10 )[]\OML/lmm/m/it/10 ; 
\OMS/lmsy/m/n/10 O\OT1/lmr/m/n/10 )$ \T1/lmr/m/it/10 agree and the com-mon valu
e is an ob-ject of $[]\OT1/lmr/m/n/10 (([]\OML/lmm/m/it/10 =S\OT1/lmr/m/n/10 )[
]\OML/lmm/m/it/10 ; \OMS/lmsy/m/n/10 O\OT1/lmr/m/n/10 )$\T1/lmr/m/it/10 . 
 []

[34]

LaTeX Warning: Reference `sites-modules-section-internal-hom' on page 35 undefi
ned on input line 3479.


LaTeX Warning: Reference `topologies-section-change-topologies' on page 35 unde
fined on input line 3503.


LaTeX Warning: Reference `topologies-lemma-affine-big-site-Zariski' on page 35 
undefined on input line 3509.


LaTeX Warning: Reference `topologies-lemma-affine-big-site-etale' on page 35 un
defined on input line 3510.


LaTeX Warning: Reference `topologies-lemma-affine-big-site-smooth' on page 35 u
ndefined on input line 3511.


LaTeX Warning: Reference `topologies-lemma-affine-big-site-syntomic' on page 35
 undefined on input line 3512.


LaTeX Warning: Reference `topologies-lemma-affine-big-site-fppf' on page 35 und
efined on input line 3513.


LaTeX Warning: Reference `sites-modules-definition-site-local' on page 35 undef
ined on input line 3543.


Overfull \hbox (5.55394pt too wide) in paragraph at lines 3548--3555
\OT1/lmr/m/n/10 ([]\OML/lmm/m/it/10 =S\OT1/lmr/m/n/10 )[]$\T1/lmr/m/it/10 , $\O
T1/lmr/m/n/10 ([]\OML/lmm/m/it/10 =S\OT1/lmr/m/n/10 )[]$\T1/lmr/m/it/10 , or $\
OT1/lmr/m/n/10 ([]\OML/lmm/m/it/10 =S\OT1/lmr/m/n/10 )[]$ \T1/lmr/m/it/10 via t
he equiv-a-lence ([]11.0.1[]), 
 []


LaTeX Warning: Reference `sites-modules-lemma-special-locally-free' on page 35 
undefined on input line 3563.


LaTeX Warning: Reference `schemes-lemma-widetilde-pullback' on page 35 undefine
d on input line 3578.

[35]

LaTeX Warning: Reference `algebra-lemma-cover-module' on page 36 undefined on i
nput line 3597.


Overfull \hbox (6.60703pt too wide) in paragraph at lines 3618--3621
\T1/lmr/m/n/10 In other words, we see that the re-stric-tion of $\OMS/lmsy/m/n/
10 F$ \T1/lmr/m/n/10 to the lo-cal-ized cat-e-gory $\OT1/lmr/m/n/10 ([]\OML/lmm
/m/it/10 =S\OT1/lmr/m/n/10 )[]\OML/lmm/m/it/10 =U$
 []


LaTeX Warning: Reference `topologies-definition-big-small-Zariski' on page 36 u
ndefined on input line 3638.


LaTeX Warning: Reference `topologies-definition-big-small-etale' on page 36 und
efined on input line 3639.


LaTeX Warning: Reference `topologies-lemma-alternative-zariski' on page 36 unde
fined on input line 3640.


LaTeX Warning: Reference `topologies-lemma-alternative' on page 36 undefined on
 input line 3641.


LaTeX Warning: Reference `sites-modules-definition-site-local' on page 36 undef
ined on input line 3669.


Overfull \hbox (1.13457pt too wide) in paragraph at lines 3670--3672
[]$\OMS/lmsy/m/n/10 F$ \T1/lmr/m/it/10 cor-re-sponds to a quasi-coherent mod-ul
e on $\OML/lmm/m/it/10 S[]$ \T1/lmr/m/it/10 via the equiv-a-lence ([]11.1.1[]),
 
 []

[36]
Overfull \hbox (10.64508pt too wide) in paragraph at lines 3717--3720
\T1/lmr/m/n/10 In other words, we see that the re-stric-tion of $\OMS/lmsy/m/n/
10 F$ \T1/lmr/m/n/10 to the lo-cal-ized cat-e-gory $\OML/lmm/m/it/10 S[]=U$
 []


Overfull \hbox (29.1294pt too wide) detected at line 3727
[][] \OMS/lmsy/m/n/10 O[]j[] [][]! [][] O[]j[] [][]! Fj[] [][]! \OT1/lmr/m/n/10
 0
 []


LaTeX Warning: Reference `sites-modules-lemma-special-locally-free' on page 37 
undefined on input line 3734.


LaTeX Warning: Reference `schemes-lemma-widetilde-pullback' on page 37 undefine
d on input line 3750.


Overfull \hbox (2.34303pt too wide) in paragraph at lines 3769--3772
[]\T1/lmr/bx/n/10 Definition 12.1. \T1/lmr/m/n/10 Let $\OML/lmm/m/it/10 S$ \T1/
lmr/m/n/10 be a scheme. Let $\OML/lmm/m/it/10 ^^\ \OMS/lmsy/m/n/10 2 f\OML/lmm/
m/it/10 Zar; []; smooth; syntomic; fppf\OMS/lmsy/m/n/10 g$\T1/lmr/m/n/10 .
 []

[37]

LaTeX Warning: Reference `sites-cohomology-lemma-cech-vanish-collection' on pag
e 38 undefined on input line 3808.


LaTeX Warning: Reference `sites-cohomology-lemma-higher-direct-images' on page 
38 undefined on input line 3829.


LaTeX Warning: Reference `sites-section-representable-sheaves' on page 38 undef
ined on input line 3899.

[38]

LaTeX Warning: Reference `schemes-lemma-points-fibre-product' on page 39 undefi
ned on input line 3918.

<xymatrix 2x1 80>

LaTeX Warning: Reference `sites-definition-universal-effective-epimorphisms' on
 page 39 undefined on input line 3940.


LaTeX Warning: Reference `constructions-section-spec' on page 39 undefined on i
nput line 3948.


LaTeX Warning: Reference `coherent-lemma-affine-base-change' on page 39 undefin
ed on input line 4010.

[39]

LaTeX Warning: Reference `schemes-section-glueing-schemes' on page 40 undefined
 on input line 4055.


LaTeX Warning: Reference `topology-definition-submersive' on page 40 undefined 
on input line 4068.


LaTeX Warning: Reference `schemes-section-glueing-schemes' on page 40 undefined
 on input line 4096.


LaTeX Warning: Reference `topologies-definition-fpqc-covering' on page 40 undef
ined on input line 4118.


LaTeX Warning: Reference `sites-definition-morphism-coverings' on page 40 undef
ined on input line 4122.


LaTeX Warning: Reference `morphisms-lemma-fpqc-quotient-topology' on page 40 un
defined on input line 4126.

[40]

LaTeX Warning: Reference `topologies-definition-fpqc-covering' on page 41 undef
ined on input line 4133.


LaTeX Warning: Reference `sites-definition-universal-effective-epimorphisms' on
 page 41 undefined on input line 4136.


LaTeX Warning: Reference `topologies-definition-sheaf-property-fpqc' on page 41
 undefined on input line 4139.


LaTeX Warning: Reference `schemes-lemma-glue' on page 41 undefined on input lin
e 4154.


LaTeX Warning: Reference `topologies-lemma-sheaf-property-fpqc' on page 41 unde
fined on input line 4155.


LaTeX Warning: Reference `morphisms-lemma-fpqc-quotient-topology' on page 41 un
defined on input line 4177.


LaTeX Warning: Reference `schemes-lemma-morphism-into-affine' on page 41 undefi
ned on input line 4196.

LaTeX Font Info:    Trying to load font information for U+euf on input line 420
0.
(<USER_ROOT>\AppData\Local\Programs\MiKTeX\tex/latex/amsfonts\ueuf.fd
File: ueuf.fd 2013/01/14 v3.01 Euler Fraktur
)
[41]

LaTeX Warning: Reference `algebra-lemma-characterize-finite-presentation' on pa
ge 42 undefined on input line 4279.


LaTeX Warning: Reference `algebra-lemma-flat-finite-presentation-limit-flat' on
 page 42 undefined on input line 4290.


LaTeX Warning: Reference `morphisms-lemma-fppf-open' on page 42 undefined on in
put line 4305.


LaTeX Warning: Reference `algebra-lemma-characterize-finite-presentation' on pa
ge 42 undefined on input line 4322.


Overfull \hbox (1.5525pt too wide) in paragraph at lines 4316--4327
\OML/lmm/m/it/10 B[] \OMS/lmsy/m/n/10 ! \OML/lmm/m/it/10 C[]$ \T1/lmr/m/n/10 th
e two canon-i-cal maps. Then $\OML/lmm/m/it/10 B[] \OT1/lmr/m/n/10 = [][] \OML/
lmm/m/it/10 B[]$ \T1/lmr/m/n/10 and $\OML/lmm/m/it/10 C[] \OT1/lmr/m/n/10 = [][
] \OML/lmm/m/it/10 C[]$\T1/lmr/m/n/10 .
 []

<xymatrix 3x2 274> [42]

LaTeX Warning: Reference `algebra-lemma-descend-faithfully-flat-finite-presenta
tion' on page 43 undefined on input line 4361.

<xymatrix 3x2 264> <xymatrix 3x2 145>

LaTeX Warning: Reference `morphisms-lemma-fppf-open' on page 43 undefined on in
put line 4407.

<xymatrix 3x2 145>

LaTeX Warning: Reference `morphisms-lemma-syntomic-permanence' on page 43 undef
ined on input line 4442.


LaTeX Warning: Reference `morphisms-lemma-smooth-permanence' on page 43 undefin
ed on input line 4443.


LaTeX Warning: Reference `morphisms-lemma-etale-permanence-two' on page 43 unde
fined on input line 4444.

[43] <xymatrix 3x2 145>

LaTeX Warning: Reference `morphisms-lemma-flat-permanence' on page 44 undefined
 on input line 4474.


LaTeX Warning: Reference `morphisms-lemma-smooth-flat-smooth-fibres' on page 44
 undefined on input line 4477.


LaTeX Warning: Reference `varieties-lemma-flat-under-smooth' on page 44 undefin
ed on input line 4479.

<xymatrix 3x2 145>

LaTeX Warning: Reference `morphisms-lemma-flat-permanence' on page 44 undefined
 on input line 4516.


LaTeX Warning: Reference `morphisms-lemma-syntomic-locally-standard-syntomic' o
n page 44 undefined on input line 4518.


LaTeX Warning: Reference `dpa-lemma-avramov' on page 44 undefined on input line
 4531.

[44]

LaTeX Warning: Reference `algebra-lemma-compose-finite-type' on page 45 undefin
ed on input line 4592.


LaTeX Warning: Reference `algebra-lemma-compose-finite-type' on page 45 undefin
ed on input line 4602.


LaTeX Warning: Reference `algebra-lemma-descent-reduced' on page 45 undefined o
n input line 4625.


LaTeX Warning: Reference `algebra-section-descending-properties' on page 45 und
efined on input line 4629.


LaTeX Warning: Reference `algebra-section-ascending-properties' on page 45 unde
fined on input line 4642.

[45]

LaTeX Warning: Reference `topologies-section-procedure' on page 46 undefined on
 input line 4659.


LaTeX Warning: Reference `topologies-lemma-zariski-etale' on page 46 undefined 
on input line 4694.


LaTeX Warning: Reference `topologies-lemma-zariski-etale-smooth' on page 46 und
efined on input line 4695.


LaTeX Warning: Reference `topologies-lemma-zariski-etale-smooth-syntomic' on pa
ge 46 undefined on input line 4696.


LaTeX Warning: Reference `topologies-lemma-zariski-etale-smooth-syntomic-fppf' 
on page 46 undefined on input line 4697.


LaTeX Warning: Reference `topologies-lemma-zariski-etale-smooth-syntomic-fppf-f
pqc' on page 46 undefined on input line 4698.


LaTeX Warning: Reference `topologies-definition-fpqc-covering' on page 46 undef
ined on input line 4728.


LaTeX Warning: Reference `topologies-definition-fppf-covering' on page 46 undef
ined on input line 4729.


LaTeX Warning: Reference `topologies-definition-etale-covering' on page 46 unde
fined on input line 4730.


LaTeX Warning: Reference `topologies-definition-smooth-covering' on page 46 und
efined on input line 4731.


LaTeX Warning: Reference `topologies-definition-syntomic-covering' on page 46 u
ndefined on input line 4732.


LaTeX Warning: Reference `topologies-lemma-fpqc-affine' on page 46 undefined on
 input line 4734.


LaTeX Warning: Reference `topologies-lemma-fppf-affine' on page 46 undefined on
 input line 4735.


LaTeX Warning: Reference `topologies-lemma-etale-affine' on page 46 undefined o
n input line 4736.


LaTeX Warning: Reference `topologies-lemma-smooth-affine' on page 46 undefined 
on input line 4737.


LaTeX Warning: Reference `topologies-lemma-syntomic-affine' on page 46 undefine
d on input line 4738.

[46]

LaTeX Warning: Reference `properties-definition-noetherian' on page 47 undefine
d on input line 4771.


LaTeX Warning: Reference `morphisms-lemma-finite-type-noetherian' on page 47 un
defined on input line 4775.


LaTeX Warning: Reference `algebra-lemma-descent-Noetherian' on page 47 undefine
d on input line 4779.


LaTeX Warning: Reference `properties-lemma-locally-jacobson' on page 47 undefin
ed on input line 4794.


LaTeX Warning: Reference `morphisms-lemma-Jacobson-universally-Jacobson' on pag
e 47 undefined on input line 4798.


LaTeX Warning: Reference `properties-lemma-locally-jacobson' on page 47 undefin
ed on input line 4805.


LaTeX Warning: Reference `algebra-lemma-fppf-fpqf' on page 47 undefined on inpu
t line 4808.

<xymatrix 3x2 128>

LaTeX Warning: Reference `algebra-proposition-Jacobson-permanence' on page 47 u
ndefined on input line 4817.


LaTeX Warning: Reference `algebra-lemma-characterize-jacobson' on page 47 undef
ined on input line 4823.


LaTeX Warning: Reference `algebra-lemma-ff-rings' on page 47 undefined on input
 line 4833.


LaTeX Warning: Reference `algebra-lemma-flat-going-down' on page 47 undefined o
n input line 4835.


LaTeX Warning: Reference `algebra-lemma-characterize-jacobson' on page 47 undef
ined on input line 4839.


LaTeX Warning: Reference `algebra-lemma-quasi-finite' on page 47 undefined on i
nput line 4846.


LaTeX Warning: Reference `morphisms-lemma-quasi-finite' on page 47 undefined on
 input line 4848.


LaTeX Warning: Reference `morphisms-lemma-generalizations-lift-flat' on page 47
 undefined on input line 4866.


LaTeX Warning: Reference `morphisms-lemma-base-change-finite-type' on page 47 u
ndefined on input line 4870.


LaTeX Warning: Reference `morphisms-lemma-finite-type-noetherian' on page 47 un
defined on input line 4872.


LaTeX Warning: Reference `properties-lemma-Noetherian-irreducible-components' o
n page 47 undefined on input line 4873.


LaTeX Warning: Reference `topology-lemma-surjective-continuous-irreducible-comp
onents' on page 47 undefined on input line 4877.

[47]

LaTeX Warning: Reference `morphisms-lemma-syntomic-flat' on page 48 undefined o
n input line 4901.


LaTeX Warning: Reference `morphisms-lemma-syntomic-locally-finite-presentation'
 on page 48 undefined on input line 4902.


LaTeX Warning: Reference `coherent-definition-depth' on page 48 undefined on in
put line 4908.


LaTeX Warning: Reference `algebra-lemma-Sk-goes-up' on page 48 undefined on inp
ut line 4911.


LaTeX Warning: Reference `morphisms-lemma-syntomic-characterize' on page 48 und
efined on input line 4913.


LaTeX Warning: Reference `algebra-definition-lci' on page 48 undefined on input
 line 4915.


LaTeX Warning: Reference `algebra-lemma-lci-CM' on page 48 undefined on input l
ine 4916.


LaTeX Warning: Reference `algebra-lemma-descent-Sk' on page 48 undefined on inp
ut line 4920.


LaTeX Warning: Reference `properties-lemma-scheme-CM-iff-all-Sk' on page 48 und
efined on input line 4935.


LaTeX Warning: Reference `schemes-definition-reduced' on page 48 undefined on i
nput line 4961.


LaTeX Warning: Reference `algebra-lemma-reduced-goes-up' on page 48 undefined o
n input line 4964.


LaTeX Warning: Reference `algebra-lemma-descent-reduced' on page 48 undefined o
n input line 4968.


LaTeX Warning: Reference `properties-definition-normal' on page 48 undefined on
 input line 4986.


LaTeX Warning: Reference `algebra-lemma-normal-goes-up' on page 48 undefined on
 input line 4989.


LaTeX Warning: Reference `algebra-lemma-descent-normal' on page 48 undefined on
 input line 4993.

[48]

LaTeX Warning: Reference `morphisms-lemma-smooth-flat' on page 49 undefined on 
input line 5007.


LaTeX Warning: Reference `morphisms-lemma-smooth-locally-finite-presentation' o
n page 49 undefined on input line 5008.


LaTeX Warning: Reference `properties-definition-Rk' on page 49 undefined on inp
ut line 5014.


LaTeX Warning: Reference `algebra-lemma-Rk-goes-up' on page 49 undefined on inp
ut line 5017.


LaTeX Warning: Reference `morphisms-lemma-smooth-characterize' on page 49 undef
ined on input line 5018.


LaTeX Warning: Reference `algebra-lemma-base-change-smooth' on page 49 undefine
d on input line 5019.


LaTeX Warning: Reference `algebra-lemma-characterize-smooth-over-field' on page
 49 undefined on input line 5020.


LaTeX Warning: Reference `algebra-lemma-descent-Rk' on page 49 undefined on inp
ut line 5024.


LaTeX Warning: Reference `properties-lemma-locally-nagata' on page 49 undefined
 on input line 5050.


LaTeX Warning: Reference `morphisms-lemma-finite-type-nagata' on page 49 undefi
ned on input line 5053.


LaTeX Warning: Reference `algebra-lemma-descent-nagata' on page 49 undefined on
 input line 5057.


LaTeX Warning: Reference `schemes-definition-reduced' on page 49 undefined on i
nput line 5084.


LaTeX Warning: Reference `algebra-lemma-descent-reduced' on page 49 undefined o
n input line 5086.


LaTeX Warning: Reference `algebra-lemma-descent-Noetherian' on page 49 undefine
d on input line 5101.


LaTeX Warning: Reference `algebra-lemma-flat-under-regular' on page 49 undefine
d on input line 5103.

[49]

LaTeX Warning: Reference `topology-definition-Krull' on page 50 undefined on in
put line 5180.


LaTeX Warning: Reference `morphisms-lemma-etale-over-field' on page 50 undefine
d on input line 5197.


LaTeX Warning: Reference `morphisms-lemma-fppf-open' on page 50 undefined on in
put line 5205.


LaTeX Warning: Reference `morphisms-lemma-etale-flat' on page 50 undefined on i
nput line 5217.


LaTeX Warning: Reference `schemes-lemma-specialize-points' on page 50 undefined
 on input line 5219.


LaTeX Warning: Reference `algebra-section-going-up' on page 50 undefined on inp
ut line 5221.

[50]

LaTeX Warning: Reference `more-algebra-lemma-dimension-etale-extension' on page
 51 undefined on input line 5249.


LaTeX Warning: Reference `more-algebra-lemma-regular-etale-extension' on page 5
1 undefined on input line 5273.

<xymatrix 2x2 182>

LaTeX Warning: Reference `topologies-section-procedure' on page 51 undefined on
 input line 5317.

[51]

LaTeX Warning: Reference `morphisms-lemma-fppf-open' on page 52 undefined on in
put line 5388.


LaTeX Warning: Reference `schemes-definition-preserved-by-base-change' on page 
52 undefined on input line 5416.

[52]

LaTeX Warning: Reference `topologies-definition-fpqc-covering' on page 53 undef
ined on input line 5433.


LaTeX Warning: Reference `topologies-definition-fppf-covering' on page 53 undef
ined on input line 5434.


LaTeX Warning: Reference `topologies-definition-etale-covering' on page 53 unde
fined on input line 5435.


LaTeX Warning: Reference `topologies-definition-smooth-covering' on page 53 und
efined on input line 5436.


LaTeX Warning: Reference `topologies-definition-syntomic-covering' on page 53 u
ndefined on input line 5437.


LaTeX Warning: Reference `topologies-lemma-fpqc-affine' on page 53 undefined on
 input line 5439.


LaTeX Warning: Reference `topologies-lemma-fppf-affine' on page 53 undefined on
 input line 5440.


LaTeX Warning: Reference `topologies-lemma-etale-affine' on page 53 undefined o
n input line 5441.


LaTeX Warning: Reference `topologies-lemma-smooth-affine' on page 53 undefined 
on input line 5442.


LaTeX Warning: Reference `topologies-lemma-syntomic-affine' on page 53 undefine
d on input line 5443.


LaTeX Warning: Reference `examples-section-non-descending-property-projective' 
on page 53 undefined on input line 5466.


LaTeX Warning: Reference `schemes-lemma-quasi-compact-preserved-base-change' on
 page 53 undefined on input line 5478.


LaTeX Warning: Reference `schemes-lemma-quasi-compact-affine' on page 53 undefi
ned on input line 5480.


LaTeX Warning: Reference `schemes-lemma-separated-permanence' on page 53 undefi
ned on input line 5498.


LaTeX Warning: Reference `schemes-lemma-characterize-quasi-separated' on page 5
3 undefined on input line 5501.


LaTeX Warning: Reference `morphisms-lemma-universally-closed-local-on-the-base'
 on page 53 undefined on input line 5526.

<xymatrix 3x2 264> [53]

LaTeX Warning: Reference `morphisms-lemma-fpqc-quotient-topology' on page 54 un
defined on input line 5548.


LaTeX Warning: Reference `morphisms-lemma-fpqc-quotient-topology' on page 54 un
defined on input line 5577.


LaTeX Warning: Reference `schemes-lemma-separated-permanence' on page 54 undefi
ned on input line 5588.


LaTeX Warning: Reference `schemes-lemma-characterize-separated' on page 54 unde
fined on input line 5591.


LaTeX Warning: Reference `schemes-lemma-diagonal-immersion' on page 54 undefine
d on input line 5602.


LaTeX Warning: Reference `morphisms-lemma-base-change-dominant' on page 54 unde
fined on input line 5625.

[54]

LaTeX Warning: Reference `morphisms-lemma-scheme-over-field-universally-open' o
n page 55 undefined on input line 5653.


LaTeX Warning: Reference `morphisms-lemma-open-base-change-dominant' on page 55
 undefined on input line 5657.


LaTeX Warning: Reference `morphisms-lemma-base-change-surjective' on page 55 un
defined on input line 5661.


LaTeX Warning: Reference `schemes-section-points' on page 55 undefined on input
 line 5683.

<xymatrix 3x3 316>

LaTeX Warning: Reference `morphisms-lemma-universally-injective' on page 55 und
efined on input line 5700.


LaTeX Warning: Reference `schemes-section-points' on page 55 undefined on input
 line 5702.


LaTeX Warning: Reference `morphisms-lemma-universally-injective' on page 55 und
efined on input line 5708.

[55]

LaTeX Warning: Reference `morphisms-lemma-base-change-finite-type' on page 56 u
ndefined on input line 5744.


LaTeX Warning: Reference `morphisms-lemma-locally-finite-type-characterize' on 
page 56 undefined on input line 5746.


LaTeX Warning: Reference `algebra-lemma-finite-type-descends' on page 56 undefi
ned on input line 5761.


LaTeX Warning: Reference `morphisms-lemma-base-change-finite-presentation' on p
age 56 undefined on input line 5774.


LaTeX Warning: Reference `morphisms-lemma-locally-finite-presentation-character
ize' on page 56 undefined on input line 5776.


LaTeX Warning: Reference `algebra-lemma-finite-presentation-descends' on page 5
6 undefined on input line 5791.


LaTeX Warning: Reference `morphisms-lemma-base-change-flat' on page 56 undefine
d on input line 5840.


LaTeX Warning: Reference `algebra-lemma-flatness-descends' on page 56 undefined
 on input line 5856.


LaTeX Warning: Reference `schemes-lemma-base-change-immersion' on page 56 undef
ined on input line 5869.

[56]

LaTeX Warning: Reference `morphisms-lemma-homeomorphism-affine' on page 57 unde
fined on input line 5900.


LaTeX Warning: Reference `morphisms-lemma-base-change-affine' on page 57 undefi
ned on input line 5933.


LaTeX Warning: Reference `morphisms-lemma-characterize-affine' on page 57 undef
ined on input line 5935.


LaTeX Warning: Reference `schemes-lemma-push-forward-quasi-coherent' on page 57
 undefined on input line 5948.


LaTeX Warning: Reference `coherent-lemma-flat-base-change-cohomology' on page 5
7 undefined on input line 5953.


LaTeX Warning: Reference `schemes-lemma-morphism-into-affine' on page 57 undefi
ned on input line 5960.


LaTeX Warning: Reference `morphisms-lemma-closed-immersion-affine' on page 57 u
ndefined on input line 5979.


LaTeX Warning: Reference `coherent-lemma-flat-base-change-cohomology' on page 5
7 undefined on input line 5985.

[57]

LaTeX Warning: Reference `schemes-lemma-push-forward-quasi-coherent' on page 58
 undefined on input line 6019.


LaTeX Warning: Reference `constructions-lemma-canonical-morphism' on page 58 un
defined on input line 6025.


LaTeX Warning: Reference `coherent-lemma-flat-base-change-cohomology' on page 5
8 undefined on input line 6028.


LaTeX Warning: Reference `constructions-lemma-canonical-morphism' on page 58 un
defined on input line 6032.


LaTeX Warning: Reference `morphisms-lemma-characterize-quasi-affine' on page 58
 undefined on input line 6034.


LaTeX Warning: Reference `morphisms-lemma-characterize-quasi-affine' on page 58
 undefined on input line 6041.


LaTeX Warning: Reference `schemes-lemma-immersions-monomorphisms' on page 58 un
defined on input line 6058.


LaTeX Warning: Reference `morphisms-lemma-quasi-compact-scheme-theoretic-image'
 on page 58 undefined on input line 6065.


LaTeX Warning: Reference `coherent-lemma-flat-base-change-cohomology' on page 5
8 undefined on input line 6071.


LaTeX Warning: Reference `morphisms-lemma-quasi-compact-immersion' on page 58 u
ndefined on input line 6077.


LaTeX Warning: Reference `morphisms-lemma-integral-universally-closed' on page 
58 undefined on input line 6095.

[58]

LaTeX Warning: Reference `morphisms-lemma-finite-integral' on page 59 undefined
 on input line 6110.


LaTeX Warning: Reference `morphisms-lemma-base-change-quasi-finite' on page 59 
undefined on input line 6134.


LaTeX Warning: Reference `morphisms-lemma-dimension-fibre-after-base-change' on
 page 59 undefined on input line 6149.


LaTeX Warning: Reference `morphisms-lemma-set-points-where-fibres-lci' on page 
59 undefined on input line 6166.


LaTeX Warning: Reference `morphisms-lemma-set-points-where-fibres-smooth' on pa
ge 59 undefined on input line 6183.


LaTeX Warning: Reference `morphisms-lemma-diagonal-unramified-morphism' on page
 59 undefined on input line 6198.


LaTeX Warning: Reference `morphisms-lemma-flat-unramified-etale' on page 59 und
efined on input line 6216.

[59]

LaTeX Warning: Reference `morphisms-lemma-finite-flat' on page 60 undefined on 
input line 6236.


LaTeX Warning: Reference `divisors-definition-regular-immersion' on page 60 und
efined on input line 6285.


LaTeX Warning: Reference `divisors-lemma-flat-base-change-regular-immersion' on
 page 60 undefined on input line 6288.


LaTeX Warning: Reference `more-algebra-lemma-flat-descent-regular-ideal' on pag
e 60 undefined on input line 6299.


LaTeX Warning: Reference `schemes-lemma-base-change-immersion' on page 60 undef
ined on input line 6323.


LaTeX Warning: Reference `morphisms-lemma-fppf-open' on page 60 undefined on in
put line 6329.


LaTeX Warning: Reference `topology-lemma-open-morphism-quotient-topology' on pa
ge 60 undefined on input line 6333.


LaTeX Warning: Reference `topology-lemma-open-morphism-quotient-topology' on pa
ge 60 undefined on input line 6337.

[60]

LaTeX Warning: Reference `morphisms-lemma-open-base-change-dominant' on page 61
 undefined on input line 6353.


LaTeX Warning: Reference `morphisms-lemma-fppf-open' on page 61 undefined on in
put line 6357.


LaTeX Warning: Reference `schemes-lemma-monomorphism' on page 61 undefined on i
nput line 6391.


LaTeX Warning: Reference `etale-section-topological-etale' on page 61 undefined
 on input line 6401.


LaTeX Warning: Reference `morphisms-lemma-etale-open' on page 61 undefined on i
nput line 6411.


LaTeX Warning: Reference `morphisms-lemma-diagonal-unramified-morphism' on page
 61 undefined on input line 6418.


LaTeX Warning: Reference `morphisms-lemma-flat-unramified-etale' on page 61 und
efined on input line 6420.


LaTeX Warning: Reference `morphisms-lemma-universally-injective' on page 61 und
efined on input line 6422.


LaTeX Warning: Reference `morphisms-lemma-etale-open' on page 61 undefined on i
nput line 6428.


LaTeX Warning: Reference `morphisms-lemma-universal-homeomorphism' on page 61 u
ndefined on input line 6432.


LaTeX Warning: Reference `morphisms-lemma-finite-integral' on page 61 undefined
 on input line 6434.


LaTeX Warning: Reference `morphisms-lemma-finite-flat' on page 61 undefined on 
input line 6436.


LaTeX Warning: Reference `morphisms-lemma-finite-locally-free' on page 61 undef
ined on input line 6442.


LaTeX Warning: Reference `morphisms-lemma-etale-over-field' on page 61 undefine
d on input line 6448.

[61]

LaTeX Warning: Reference `morphisms-lemma-universally-injective' on page 62 und
efined on input line 6472.


LaTeX Warning: Reference `morphisms-lemma-base-change-flat' on page 62 undefine
d on input line 6479.


LaTeX Warning: Reference `morphisms-lemma-generalizations-lift-flat' on page 62
 undefined on input line 6481.


LaTeX Warning: Reference `coherent-definition-proper-over-base' on page 62 unde
fined on input line 6515.


LaTeX Warning: Reference `schemes-definition-reduced-induced-scheme' on page 62
 undefined on input line 6521.


LaTeX Warning: Reference `coherent-lemma-closed-proper-over-base' on page 62 un
defined on input line 6525.


Overfull \hbox (3.6103pt too wide) in paragraph at lines 6520--6530
[]\T1/lmr/m/n/10 Endow $\OML/lmm/m/it/10 Z$ \T1/lmr/m/n/10 with the re-duced in
-duced closed sub-scheme struc-ture, see Schemes,
 []

[62]

LaTeX Warning: Reference `morphisms-lemma-ample-base-change' on page 63 undefin
ed on input line 6549.


LaTeX Warning: Reference `morphisms-definition-relatively-ample' on page 63 und
efined on input line 6551.


LaTeX Warning: Reference `morphisms-lemma-relatively-ample-separated' on page 6
3 undefined on input line 6553.


LaTeX Warning: Reference `schemes-lemma-push-forward-quasi-coherent' on page 63
 undefined on input line 6563.


LaTeX Warning: Reference `coherent-lemma-flat-base-change-cohomology' on page 6
3 undefined on input line 6566.


LaTeX Warning: Reference `morphisms-lemma-characterize-relatively-ample' on pag
e 63 undefined on input line 6580.


LaTeX Warning: Reference `constructions-lemma-invertible-map-into-relative-proj
' on page 63 undefined on input line 6589.


LaTeX Warning: Reference `morphisms-lemma-characterize-relatively-ample' on pag
e 63 undefined on input line 6600.


LaTeX Warning: Reference `morphisms-lemma-characterize-relatively-ample' on pag
e 63 undefined on input line 6604.

[63]

LaTeX Warning: Reference `morphisms-lemma-fppf-open' on page 64 undefined on in
put line 6693.


LaTeX Warning: Reference `topologies-definition-fpqc-covering' on page 64 undef
ined on input line 6729.


LaTeX Warning: Reference `topologies-definition-fppf-covering' on page 64 undef
ined on input line 6730.


LaTeX Warning: Reference `topologies-definition-etale-covering' on page 64 unde
fined on input line 6731.


LaTeX Warning: Reference `topologies-definition-smooth-covering' on page 64 und
efined on input line 6732.


LaTeX Warning: Reference `topologies-definition-syntomic-covering' on page 64 u
ndefined on input line 6733.


LaTeX Warning: Reference `topologies-lemma-fpqc-affine' on page 64 undefined on
 input line 6735.


LaTeX Warning: Reference `topologies-lemma-fppf-affine' on page 64 undefined on
 input line 6736.


LaTeX Warning: Reference `topologies-lemma-etale-affine' on page 64 undefined o
n input line 6737.


LaTeX Warning: Reference `topologies-lemma-smooth-affine' on page 64 undefined 
on input line 6738.


LaTeX Warning: Reference `topologies-lemma-syntomic-affine' on page 64 undefine
d on input line 6739.


LaTeX Warning: Reference `morphisms-definition-flat' on page 64 undefined on in
put line 6771.


LaTeX Warning: Reference `algebra-lemma-composition-flat' on page 64 undefined 
on input line 6777.


LaTeX Warning: Reference `algebra-lemma-local-flat-ff' on page 64 undefined on 
input line 6781.


LaTeX Warning: Reference `algebra-lemma-flat-permanence' on page 64 undefined o
n input line 6783.


LaTeX Warning: Reference `morphisms-lemma-flat-permanence' on page 64 undefined
 on input line 6784.

[64]

LaTeX Warning: Reference `morphisms-lemma-locally-finite-presentation-character
ize' on page 65 undefined on input line 6819.


LaTeX Warning: Reference `morphisms-lemma-composition-finite-presentation' on p
age 65 undefined on input line 6821.


LaTeX Warning: Reference `morphisms-lemma-locally-finite-type-characterize' on 
page 65 undefined on input line 6837.


LaTeX Warning: Reference `morphisms-lemma-composition-finite-type' on page 65 u
ndefined on input line 6839.


LaTeX Warning: Reference `morphisms-lemma-finite-presentation-finite-type' on p
age 65 undefined on input line 6841.


LaTeX Warning: Reference `morphisms-lemma-composition-open' on page 65 undefine
d on input line 6857.


LaTeX Warning: Reference `morphisms-lemma-fppf-open' on page 65 undefined on in
put line 6859.


LaTeX Warning: Reference `morphisms-lemma-fpqc-quotient-topology' on page 65 un
defined on input line 6863.


LaTeX Warning: Reference `morphisms-lemma-fppf-open' on page 65 undefined on in
put line 6882.


LaTeX Warning: Reference `morphisms-lemma-composition-open' on page 65 undefine
d on input line 6883.

[65]

LaTeX Warning: Reference `morphisms-lemma-syntomic-characterize' on page 66 und
efined on input line 6909.


LaTeX Warning: Reference `morphisms-lemma-composition-syntomic' on page 66 unde
fined on input line 6911.


LaTeX Warning: Reference `morphisms-lemma-smooth-characterize' on page 66 undef
ined on input line 6935.


LaTeX Warning: Reference `morphisms-lemma-composition-smooth' on page 66 undefi
ned on input line 6937.


LaTeX Warning: Reference `morphisms-lemma-etale-characterize' on page 66 undefi
ned on input line 6957.


LaTeX Warning: Reference `morphisms-lemma-composition-etale' on page 66 undefin
ed on input line 6959.


LaTeX Warning: Reference `morphisms-lemma-locally-quasi-finite-characterize' on
 page 66 undefined on input line 6974.


LaTeX Warning: Reference `morphisms-lemma-composition-quasi-finite' on page 66 
undefined on input line 6978.


LaTeX Warning: Reference `morphisms-lemma-etale-locally-quasi-finite' on page 6
6 undefined on input line 6979.


LaTeX Warning: Reference `morphisms-lemma-quasi-finite' on page 66 undefined on
 input line 6990.


LaTeX Warning: Reference `morphisms-lemma-unramified-characterize' on page 66 u
ndefined on input line 7008.


LaTeX Warning: Reference `morphisms-lemma-composition-unramified' on page 66 un
defined on input line 7011.


LaTeX Warning: Reference `morphisms-lemma-etale-smooth-unramified' on page 66 u
ndefined on input line 7012.


LaTeX Warning: Reference `morphisms-lemma-triangle-differentials-smooth' on pag
e 66 undefined on input line 7023.

[66]

LaTeX Warning: Reference `morphisms-lemma-unramified-omega-zero' on page 67 und
efined on input line 7031.


LaTeX Warning: Reference `schemes-lemma-specialize-points' on page 67 undefined
 on input line 7075.


LaTeX Warning: Reference `algebra-lemma-Noetherian-permanence' on page 67 undef
ined on input line 7087.


LaTeX Warning: Reference `algebra-lemma-descent-Noetherian' on page 67 undefine
d on input line 7099.

<xymatrix 2x2 182> [67]

LaTeX Warning: Reference `morphisms-definition-property-local' on page 68 undef
ined on input line 7140.

<xymatrix 2x2 182> [68]

LaTeX Warning: Reference `morphisms-lemma-etale-permanence' on page 69 undefine
d on input line 7242.


LaTeX Warning: Reference `morphisms-lemma-locally-P-characterize' on page 69 un
defined on input line 7249.

<xymatrix 2x2 182> [69] <xymatrix 2x2 182> [70]

LaTeX Warning: Reference `morphisms-lemma-etale-locally-quasi-finite' on page 7
1 undefined on input line 7428.


LaTeX Warning: Reference `morphisms-lemma-locally-quasi-finite-qc-source-univer
sally-bounded' on page 71 undefined on input line 7429.


LaTeX Warning: Reference `morphisms-lemma-etale-universally-bounded' on page 71
 undefined on input line 7432.

<xymatrix 3x2 295>

LaTeX Warning: Reference `morphisms-lemma-diagonal-unramified-morphism' on page
 71 undefined on input line 7452.


LaTeX Warning: Reference `morphisms-lemma-base-change-universally-bounded' on p
age 71 undefined on input line 7455.


LaTeX Warning: Reference `morphisms-lemma-etale-universally-bounded' on page 71
 undefined on input line 7459.

<xymatrix 3x2 291> [71] <xymatrix 2x2 182> <xymatrix 2x2 182> <xymatrix 2x2
154> [72] <xymatrix 2x2 182> <xymatrix 2x2 154> [73]

LaTeX Warning: Reference `morphisms-lemma-smooth-etale-over-affine-space' on pa
ge 74 undefined on input line 7735.

<xymatrix 2x3 278> <xymatrix 2x2 175> <xymatrix 2x2 182> [74] <xymatrix 2x2
182> <xymatrix 2x2 182> [75] <xymatrix 2x2 182> <xymatrix 2x2 154>

LaTeX Warning: Reference `algebra-section-etale' on page 76 undefined on input 
line 7941.


LaTeX Warning: Reference `algebra-lemma-local-flat-ff' on page 76 undefined on 
input line 7943.


LaTeX Warning: Reference `algebra-lemma-flat-permanence' on page 76 undefined o
n input line 7946.


LaTeX Warning: Reference `algebra-lemma-flat-base-change' on page 76 undefined 
on input line 7956.


LaTeX Warning: Reference `algebra-lemma-map-between-etale' on page 76 undefined
 on input line 7965.

[76] <xymatrix 2x2 154>

LaTeX Warning: Reference `morphisms-lemma-etale-over-field' on page 77 undefine
d on input line 7984.


LaTeX Warning: Reference `morphisms-section-etale' on page 77 undefined on inpu
t line 7991.

<xymatrix 2x2 154>

LaTeX Warning: Reference `algebra-section-etale' on page 77 undefined on input 
line 8047.

[77]

LaTeX Warning: Reference `spaces-simplicial-section-simplicial-descent' on page
 78 undefined on input line 8096.

<xymatrix 3x2 145> <xymatrix 2x2 182> [78] <xymatrix 3x2 145> <xymatrix 2x2
182> [79] <xymatrix 2x2 182> <xymatrix 3x2 203>

LaTeX Warning: Reference `sites-definition-morphism-coverings' on page 80 undef
ined on input line 8359.

[80]

LaTeX Warning: Reference `sites-definition-morphism-coverings' on page 81 undef
ined on input line 8404.

[81]

LaTeX Warning: Reference `algebra-lemma-local-flat-ff' on page 82 undefined on 
input line 8501.

<xymatrix 3x2 278>

LaTeX Warning: Reference `morphisms-lemma-base-change-surjective' on page 82 un
defined on input line 8535.


LaTeX Warning: Reference `morphisms-lemma-base-change-flat' on page 82 undefine
d on input line 8536.

<xymatrix 2x2 182> [82] <xymatrix 4x1 137> <xymatrix 2x2 182> [83]

LaTeX Warning: Reference `sites-definition-morphism-coverings' on page 84 undef
ined on input line 8743.


LaTeX Warning: Reference `topologies-lemma-disjoint-union-is-fpqc-covering' on 
page 84 undefined on input line 8768.


LaTeX Warning: Reference `topologies-lemma-recognize-fpqc-covering' on page 84 
undefined on input line 8778.

<xymatrix 2x2 168> [84]

LaTeX Warning: Reference `sites-definition-morphism-coverings' on page 85 undef
ined on input line 8811.


LaTeX Warning: Reference `topologies-definition-zariski-covering' on page 85 un
defined on input line 8814.


LaTeX Warning: Reference `schemes-section-glueing-schemes' on page 85 undefined
 on input line 8847.

<xymatrix 3x2 128> [85]

LaTeX Warning: Reference `schemes-section-glueing-schemes' on page 86 undefined
 on input line 8956.


LaTeX Warning: Reference `schemes-lemma-glue' on page 86 undefined on input lin
e 8960.


LaTeX Warning: Reference `spaces-example-non-representable-descent' on page 86 
undefined on input line 8979.


LaTeX Warning: Reference `examples-lemma-non-effective-descent-projective' on p
age 86 undefined on input line 8982.

[86]

LaTeX Warning: Reference `topologies-section-procedure' on page 87 undefined on
 input line 9000.


LaTeX Warning: Reference `schemes-definition-preserved-by-base-change' on page 
87 undefined on input line 9034.


LaTeX Warning: Reference `topologies-lemma-fpqc-affine' on page 87 undefined on
 input line 9072.


LaTeX Warning: Reference `topologies-lemma-fppf-affine' on page 87 undefined on
 input line 9073.


LaTeX Warning: Reference `topologies-lemma-etale-affine' on page 87 undefined o
n input line 9074.


LaTeX Warning: Reference `topologies-lemma-smooth-affine' on page 87 undefined 
on input line 9075.


LaTeX Warning: Reference `topologies-lemma-syntomic-affine' on page 87 undefine
d on input line 9076.

[87]

LaTeX Warning: Reference `constructions-lemma-relative-glueing' on page 88 unde
fined on input line 9114.


LaTeX Warning: Reference `topologies-definition-fpqc-covering' on page 88 undef
ined on input line 9151.


LaTeX Warning: Reference `morphisms-lemma-characterize-affine' on page 88 undef
ined on input line 9161.


LaTeX Warning: Reference `morphisms-lemma-base-change-affine' on page 88 undefi
ned on input line 9162.


LaTeX Warning: Reference `morphisms-definition-affine' on page 88 undefined on 
input line 9173.

<xymatrix 3x2 128>

LaTeX Warning: Reference `topologies-definition-fpqc-covering' on page 88 undef
ined on input line 9210.

[88]

LaTeX Warning: Reference `morphisms-lemma-closed-immersion-affine' on page 89 u
ndefined on input line 9219.


LaTeX Warning: Reference `topologies-definition-fpqc-covering' on page 89 undef
ined on input line 9236.


LaTeX Warning: Reference `morphisms-lemma-characterize-quasi-affine' on page 89
 undefined on input line 9246.


LaTeX Warning: Reference `morphisms-lemma-base-change-quasi-affine' on page 89 
undefined on input line 9247.


LaTeX Warning: Reference `morphisms-lemma-characterize-quasi-affine' on page 89
 undefined on input line 9258.


LaTeX Warning: Reference `coherent-lemma-flat-base-change-cohomology' on page 8
9 undefined on input line 9273.


LaTeX Warning: Reference `morphisms-lemma-fpqc-quotient-topology' on page 89 un
defined on input line 9311.

[89]

LaTeX Warning: Reference `topologies-section-fpqc' on page 90 undefined on inpu
t line 9338.


LaTeX Warning: Reference `categories-lemma-yoneda' on page 90 undefined on inpu
t line 9371.

<xymatrix 4x1 142> (chapters.tex [90]

LaTeX Warning: Hyper reference `introduction-section-phantom' on page 91 undefi
ned on input line 5.


LaTeX Warning: Hyper reference `conventions-section-phantom' on page 91 undefin
ed on input line 6.


LaTeX Warning: Hyper reference `sets-section-phantom' on page 91 undefined on i
nput line 7.


LaTeX Warning: Hyper reference `categories-section-phantom' on page 91 undefine
d on input line 8.


LaTeX Warning: Hyper reference `topology-section-phantom' on page 91 undefined 
on input line 9.


LaTeX Warning: Hyper reference `sheaves-section-phantom' on page 91 undefined o
n input line 10.


LaTeX Warning: Hyper reference `sites-section-phantom' on page 91 undefined on 
input line 11.


LaTeX Warning: Hyper reference `stacks-section-phantom' on page 91 undefined on
 input line 12.


LaTeX Warning: Hyper reference `fields-section-phantom' on page 91 undefined on
 input line 13.


LaTeX Warning: Hyper reference `algebra-section-phantom' on page 91 undefined o
n input line 14.


LaTeX Warning: Hyper reference `brauer-section-phantom' on page 91 undefined on
 input line 15.


LaTeX Warning: Hyper reference `homology-section-phantom' on page 91 undefined 
on input line 16.


LaTeX Warning: Hyper reference `derived-section-phantom' on page 91 undefined o
n input line 17.


LaTeX Warning: Hyper reference `simplicial-section-phantom' on page 91 undefine
d on input line 18.


LaTeX Warning: Hyper reference `more-algebra-section-phantom' on page 91 undefi
ned on input line 19.


LaTeX Warning: Hyper reference `smoothing-section-phantom' on page 91 undefined
 on input line 20.


LaTeX Warning: Hyper reference `modules-section-phantom' on page 91 undefined o
n input line 21.


LaTeX Warning: Hyper reference `sites-modules-section-phantom' on page 91 undef
ined on input line 22.


LaTeX Warning: Hyper reference `injectives-section-phantom' on page 91 undefine
d on input line 23.


LaTeX Warning: Hyper reference `cohomology-section-phantom' on page 91 undefine
d on input line 24.


LaTeX Warning: Hyper reference `sites-cohomology-section-phantom' on page 91 un
defined on input line 25.


LaTeX Warning: Hyper reference `dga-section-phantom' on page 91 undefined on in
put line 26.


LaTeX Warning: Hyper reference `dpa-section-phantom' on page 91 undefined on in
put line 27.


LaTeX Warning: Hyper reference `sdga-section-phantom' on page 91 undefined on i
nput line 28.


LaTeX Warning: Hyper reference `hypercovering-section-phantom' on page 91 undef
ined on input line 29.


LaTeX Warning: Hyper reference `schemes-section-phantom' on page 91 undefined o
n input line 34.


LaTeX Warning: Hyper reference `constructions-section-phantom' on page 91 undef
ined on input line 35.


LaTeX Warning: Hyper reference `properties-section-phantom' on page 91 undefine
d on input line 36.


LaTeX Warning: Hyper reference `morphisms-section-phantom' on page 91 undefined
 on input line 37.


LaTeX Warning: Hyper reference `coherent-section-phantom' on page 91 undefined 
on input line 38.


LaTeX Warning: Hyper reference `divisors-section-phantom' on page 91 undefined 
on input line 39.


LaTeX Warning: Hyper reference `limits-section-phantom' on page 91 undefined on
 input line 40.


LaTeX Warning: Hyper reference `varieties-section-phantom' on page 91 undefined
 on input line 41.


LaTeX Warning: Hyper reference `topologies-section-phantom' on page 91 undefine
d on input line 42.


LaTeX Warning: Hyper reference `perfect-section-phantom' on page 91 undefined o
n input line 44.


LaTeX Warning: Hyper reference `more-morphisms-section-phantom' on page 91 unde
fined on input line 45.


LaTeX Warning: Hyper reference `flat-section-phantom' on page 91 undefined on i
nput line 46.


LaTeX Warning: Hyper reference `groupoids-section-phantom' on page 91 undefined
 on input line 47.


LaTeX Warning: Hyper reference `more-groupoids-section-phantom' on page 91 unde
fined on input line 48.


LaTeX Warning: Hyper reference `etale-section-phantom' on page 91 undefined on 
input line 49.


LaTeX Warning: Hyper reference `chow-section-phantom' on page 91 undefined on i
nput line 54.


LaTeX Warning: Hyper reference `intersection-section-phantom' on page 91 undefi
ned on input line 55.


LaTeX Warning: Hyper reference `pic-section-phantom' on page 91 undefined on in
put line 56.


LaTeX Warning: Hyper reference `weil-section-phantom' on page 91 undefined on i
nput line 57.


LaTeX Warning: Hyper reference `adequate-section-phantom' on page 91 undefined 
on input line 58.


LaTeX Warning: Hyper reference `dualizing-section-phantom' on page 91 undefined
 on input line 59.


LaTeX Warning: Hyper reference `duality-section-phantom' on page 91 undefined o
n input line 60.


LaTeX Warning: Hyper reference `discriminant-section-phantom' on page 91 undefi
ned on input line 61.


LaTeX Warning: Hyper reference `derham-section-phantom' on page 91 undefined on
 input line 62.


LaTeX Warning: Hyper reference `local-cohomology-section-phantom' on page 91 un
defined on input line 63.


LaTeX Warning: Hyper reference `algebraization-section-phantom' on page 91 unde
fined on input line 64.


LaTeX Warning: Hyper reference `curves-section-phantom' on page 91 undefined on
 input line 65.


LaTeX Warning: Hyper reference `resolve-section-phantom' on page 91 undefined o
n input line 66.


LaTeX Warning: Hyper reference `models-section-phantom' on page 91 undefined on
 input line 67.


LaTeX Warning: Hyper reference `functors-section-phantom' on page 91 undefined 
on input line 68.


LaTeX Warning: Hyper reference `equiv-section-phantom' on page 91 undefined on 
input line 69.


LaTeX Warning: Hyper reference `pione-section-phantom' on page 91 undefined on 
input line 70.


LaTeX Warning: Hyper reference `etale-cohomology-section-phantom' on page 91 un
defined on input line 71.


LaTeX Warning: Hyper reference `crystalline-section-phantom' on page 91 undefin
ed on input line 72.


LaTeX Warning: Hyper reference `proetale-section-phantom' on page 91 undefined 
on input line 73.


LaTeX Warning: Hyper reference `relative-cycles-section-phantom' on page 91 und
efined on input line 74.


LaTeX Warning: Hyper reference `more-etale-section-phantom' on page 91 undefine
d on input line 75.


LaTeX Warning: Hyper reference `trace-section-phantom' on page 91 undefined on 
input line 76.


LaTeX Warning: Hyper reference `spaces-section-phantom' on page 91 undefined on
 input line 81.


LaTeX Warning: Hyper reference `spaces-properties-section-phantom' on page 91 u
ndefined on input line 82.


LaTeX Warning: Hyper reference `spaces-morphisms-section-phantom' on page 91 un
defined on input line 83.


LaTeX Warning: Hyper reference `decent-spaces-section-phantom' on page 91 undef
ined on input line 84.


LaTeX Warning: Hyper reference `spaces-cohomology-section-phantom' on page 91 u
ndefined on input line 85.


LaTeX Warning: Hyper reference `spaces-limits-section-phantom' on page 91 undef
ined on input line 86.


LaTeX Warning: Hyper reference `spaces-divisors-section-phantom' on page 91 und
efined on input line 87.


LaTeX Warning: Hyper reference `spaces-over-fields-section-phantom' on page 91 
undefined on input line 88.


LaTeX Warning: Hyper reference `spaces-topologies-section-phantom' on page 91 u
ndefined on input line 89.


LaTeX Warning: Hyper reference `spaces-descent-section-phantom' on page 91 unde
fined on input line 90.


LaTeX Warning: Hyper reference `spaces-perfect-section-phantom' on page 91 unde
fined on input line 91.


LaTeX Warning: Hyper reference `spaces-more-morphisms-section-phantom' on page 
91 undefined on input line 92.


LaTeX Warning: Hyper reference `spaces-flat-section-phantom' on page 91 undefin
ed on input line 93.


LaTeX Warning: Hyper reference `spaces-groupoids-section-phantom' on page 91 un
defined on input line 94.


LaTeX Warning: Hyper reference `spaces-more-groupoids-section-phantom' on page 
91 undefined on input line 95.


LaTeX Warning: Hyper reference `bootstrap-section-phantom' on page 91 undefined
 on input line 96.


LaTeX Warning: Hyper reference `spaces-pushouts-section-phantom' on page 91 und
efined on input line 97.


LaTeX Warning: Hyper reference `spaces-chow-section-phantom' on page 91 undefin
ed on input line 102.


LaTeX Warning: Hyper reference `groupoids-quotients-section-phantom' on page 91
 undefined on input line 103.


LaTeX Warning: Hyper reference `spaces-more-cohomology-section-phantom' on page
 91 undefined on input line 104.


LaTeX Warning: Hyper reference `spaces-simplicial-section-phantom' on page 91 u
ndefined on input line 105.


LaTeX Warning: Hyper reference `spaces-duality-section-phantom' on page 91 unde
fined on input line 106.


LaTeX Warning: Hyper reference `formal-spaces-section-phantom' on page 91 undef
ined on input line 107.


LaTeX Warning: Hyper reference `restricted-section-phantom' on page 91 undefine
d on input line 108.


LaTeX Warning: Hyper reference `spaces-resolve-section-phantom' on page 91 unde
fined on input line 109.

[91]

LaTeX Warning: Hyper reference `formal-defos-section-phantom' on page 92 undefi
ned on input line 114.


LaTeX Warning: Hyper reference `defos-section-phantom' on page 92 undefined on 
input line 115.


LaTeX Warning: Hyper reference `cotangent-section-phantom' on page 92 undefined
 on input line 116.


LaTeX Warning: Hyper reference `examples-defos-section-phantom' on page 92 unde
fined on input line 117.


LaTeX Warning: Hyper reference `algebraic-section-phantom' on page 92 undefined
 on input line 122.


LaTeX Warning: Hyper reference `examples-stacks-section-phantom' on page 92 und
efined on input line 123.


LaTeX Warning: Hyper reference `stacks-sheaves-section-phantom' on page 92 unde
fined on input line 124.


LaTeX Warning: Hyper reference `criteria-section-phantom' on page 92 undefined 
on input line 125.


LaTeX Warning: Hyper reference `artin-section-phantom' on page 92 undefined on 
input line 126.


LaTeX Warning: Hyper reference `quot-section-phantom' on page 92 undefined on i
nput line 127.


LaTeX Warning: Hyper reference `stacks-properties-section-phantom' on page 92 u
ndefined on input line 128.


LaTeX Warning: Hyper reference `stacks-morphisms-section-phantom' on page 92 un
defined on input line 129.


LaTeX Warning: Hyper reference `stacks-limits-section-phantom' on page 92 undef
ined on input line 130.


LaTeX Warning: Hyper reference `stacks-cohomology-section-phantom' on page 92 u
ndefined on input line 131.


LaTeX Warning: Hyper reference `stacks-perfect-section-phantom' on page 92 unde
fined on input line 132.


LaTeX Warning: Hyper reference `stacks-introduction-section-phantom' on page 92
 undefined on input line 133.


LaTeX Warning: Hyper reference `stacks-more-morphisms-section-phantom' on page 
92 undefined on input line 134.


LaTeX Warning: Hyper reference `stacks-geometry-section-phantom' on page 92 und
efined on input line 135.


LaTeX Warning: Hyper reference `moduli-section-phantom' on page 92 undefined on
 input line 140.


LaTeX Warning: Hyper reference `moduli-curves-section-phantom' on page 92 undef
ined on input line 141.


LaTeX Warning: Hyper reference `examples-section-phantom' on page 92 undefined 
on input line 146.


LaTeX Warning: Hyper reference `exercises-section-phantom' on page 92 undefined
 on input line 147.


LaTeX Warning: Hyper reference `guide-section-phantom' on page 92 undefined on 
input line 148.


LaTeX Warning: Hyper reference `desirables-section-phantom' on page 92 undefine
d on input line 149.


LaTeX Warning: Hyper reference `coding-section-phantom' on page 92 undefined on
 input line 150.


LaTeX Warning: Hyper reference `obsolete-section-phantom' on page 92 undefined 
on input line 151.


LaTeX Warning: Hyper reference `fdl-section-phantom' on page 92 undefined on in
put line 152.


LaTeX Warning: Hyper reference `index-section-phantom' on page 92 undefined on 
input line 153.

) (descent.bbl
Underfull \vbox (badness 1997) has occurred while \output is active []

 [92])
[93] (descent.aux)
 ***********
LaTeX2e <2025-11-01>
L3 programming layer <2026-03-20>
 ***********


LaTeX Warning: There were undefined references.

Package rerunfilecheck Info: File `descent.out' has not changed.
(rerunfilecheck)             Checksum: A75248AF925B1D859E7A2863096FF749;12977.
 ) 
Here is how much of TeX's memory you used:
 15090 strings out of 467691
 245911 string characters out of 5414503
 697627 words of memory out of 5000000
 42835 multiletter control sequences out of 15000+600000
 728223 words of font info for 100 fonts, out of 8000000 for 9000
 1302 hyphenation exceptions out of 8191
 80i,16n,82p,3237b,740s stack positions out of 10000i,1000n,20000p,200000b,200000s
<<USER_ROOT>/AppData/Local/Programs/MiKTeX/fonts/type1/public/amsfonts/eu
ler/eufm10.pfb><<USER_ROOT>/AppData/Local/Programs/MiKTeX/fonts/type1/publi
c/amsfonts/euler/eufm7.pfb><<USER_ROOT>/AppData/Local/Programs/MiKTeX/fonts
/type1/public/lm/lmbx10.pfb><<USER_ROOT>/AppData/Local/Programs/MiKTeX/font
s/type1/public/lm/lmbx7.pfb><<USER_ROOT>/AppData/Local/Programs/MiKTeX/font
s/type1/public/lm/lmbx8.pfb><<USER_ROOT>/AppData/Local/Programs/MiKTeX/font
s/type1/public/lm/lmex10.pfb><<USER_ROOT>/AppData/Local/Programs/MiKTeX/fon
ts/type1/public/lm/lmmi10.pfb><<USER_ROOT>/AppData/Local/Programs/MiKTeX/fo
nts/type1/public/lm/lmmi5.pfb><<USER_ROOT>/AppData/Local/Programs/MiKTeX/fo
nts/type1/public/lm/lmmi6.pfb><<USER_ROOT>/AppData/Local/Programs/MiKTeX/fo
nts/type1/public/lm/lmmi7.pfb><<USER_ROOT>/AppData/Local/Programs/MiKTeX/fo
nts/type1/public/lm/lmmi8.pfb><<USER_ROOT>/AppData/Local/Programs/MiKTeX/fo
nts/type1/public/lm/lmr10.pfb><<USER_ROOT>/AppData/Local/Programs/MiKTeX/fo
nts/type1/public/lm/lmr5.pfb><<USER_ROOT>/AppData/Local/Programs/MiKTeX/fon
ts/type1/public/lm/lmr6.pfb><<USER_ROOT>/AppData/Local/Programs/MiKTeX/font
s/type1/public/lm/lmr7.pfb><<USER_ROOT>/AppData/Local/Programs/MiKTeX/fonts
/type1/public/lm/lmr8.pfb><<USER_ROOT>/AppData/Local/Programs/MiKTeX/fonts/
type1/public/lm/lmri10.pfb><<USER_ROOT>/AppData/Local/Programs/MiKTeX/fonts
/type1/public/lm/lmri7.pfb><<USER_ROOT>/AppData/Local/Programs/MiKTeX/fonts
/type1/public/lm/lmri8.pfb><<USER_ROOT>/AppData/Local/Programs/MiKTeX/fonts
/type1/public/lm/lmsy10.pfb><<USER_ROOT>/AppData/Local/Programs/MiKTeX/font
s/type1/public/lm/lmsy5.pfb><<USER_ROOT>/AppData/Local/Programs/MiKTeX/font
s/type1/public/lm/lmsy6.pfb><<USER_ROOT>/AppData/Local/Programs/MiKTeX/font
s/type1/public/lm/lmsy7.pfb><<USER_ROOT>/AppData/Local/Programs/MiKTeX/font
s/type1/public/lm/lmsy8.pfb><<USER_ROOT>/AppData/Local/Programs/MiKTeX/font
s/type1/public/amsfonts/symbols/msam10.pfb><<USER_ROOT>/AppData/Local/Progr
ams/MiKTeX/fonts/type1/public/xypic/xyatip10.pfb><<USER_ROOT>/AppData/Local
/Programs/MiKTeX/fonts/type1/public/xypic/xybtip10.pfb>
Output written on descent.pdf (93 pages, 1037159 bytes).
PDF statistics:
 1949 PDF objects out of 2073 (max. 8388607)
 708 named destinations out of 1000 (max. 500000)
 361 words of extra memory for PDF output out of 10000 (max. 10000000)

