decision_id,subject_id,action,state,evidence,supersedes,rationale
D000001,ega.all,admit_discovery_surface,active,R172,,Complete English text is useful for discovery but is not canonical authority
D000002,ega.all,gate_claims_by_french_authority,active,French page receipts,,Canonical claims require admitted diplomatic French evidence
D000003,ega.all,prohibit_invented_official_tags,active,a04446e57ec1fbc252a871afcec7752fb2807b14,,New labels remain local until upstream assigns tags
D000004,ega.all,record_feedback_append_only,active,GitHub review history,,Maintainer feedback must be integrable without changing stable source IDs
D000005,ega.all,exclude_commented_tex_from_intake,active,I000001,,TeX comments are historical source bytes but do not create live semantic units
D000006,ega.all,classify_manifest_file_roles,active,I000002,,Content and errata generate semantic units; masters registries bibliography and backmatter remain exact file evidence only
D000007,ega-topic-proper-mapping,broaden_discovery_pattern,active,I000003,,Known Stacks vocabulary must be searched before a lexical zero can become a residual
D000008,ega-topic-semicontinuity,broaden_discovery_pattern,active,I000003,,Hyphenated and closed forms are distinct search evidence but the same stable topic
D000009,ega.all,bind_edition_interface,active,interface.json,,Edition roots remain read-only and suspected corrections return through one append-only channel
D000010,ega.all,separate_logical_volume_from_witness_page,active,I000004,,A later-volume erratum page may witness an earlier-volume unit but cannot change its stable corpus identity
D000011,ega:section:I.1,admit_first_section_topic_review_slice,active,tmap.csv,,Section-level bridges remain topical split correspondences and assert no theorem equivalence or complete source coverage
D000012,ega.all,adopt_efficient_agent_and_aggressive_spark_rule,active,log.md,,Use agents only when they improve the critical path; use available Spark capacity nonconservatively for useful bounded work and log exact net results
D000013,ega.all,refresh_discovery_surface,active,R184,D000001,R184 preserves the complete English discovery corpus while incorporating the two admitted source-grounded EGA II repairs through printed p.19
D000014,ega.all,separate_mapping_receipt_from_live_cursor,active,I000005,,A later live French cursor cannot invalidate the exact historical direct-authority receipt under which an earlier mapping was reviewed
D000015,ega:I.1.1.15,add_named_jacobson_neighbourhood_lemma,active,algebra-lemma-open-containing-vanishing-jacobson-radical,,Direct French EGA I Proposition 1.1.15 supplies a reusable fact already invoked without a named target in more-algebra.tex; the local label has no invented official tag
D000016,ega:subsection:I.1.1,admit_first_statement_level_map,active,smap.csv,D000011,Direct French review decomposes fifteen numbered units into exact existing edges explicit residuals and one locally integrated gap without promoting English discovery units
D000017,ega.all,harden_statement_and_agent_validation,active,check.py,,Adversarial review exposed unchecked coverage vocabulary residual linkage and agent-record fields; validators now fail closed on each
D000018,ega:subsection:I.1.2,admit_second_statement_level_map,active,smap.csv,,Direct French review decomposes all seven numbered units into exact existing edges explicit residuals and one locally integrated gap
D000019,ega:I.1.2.4,add_unit_times_spectrum_embedding_lemma,active,algebra-lemma-spec-homeomorphism-onto-image-units,,The general EGA criterion unifies the quotient and localization embedding arguments and had no named Stacks target
D000020,ega:subsection:I.1.2,refer_printed_corrections,active,reports/findings.jsonl,,Direct comparison exposed one incorrect cross-reference and one three-symbol ambient-ring error while preserving diplomatic French
D000021,ega:subsection:I.1.3,admit_third_statement_level_map,active,smap.csv,,Direct French review gives every numbered unit a disposition across affine sheaf construction exactness equivalence and tensor structures
D000022,ega.all,classify_relations_by_source_coverage,active,schema.md,,A target with extra clauses is not partial when it contains the whole source statement; reserve partial for an actual uncovered source remainder
D000023,ega:subsection:I.1.4,admit_fourth_statement_level_map,active,smap.csv,,Direct French review gives every numbered unit through 1.4.3 a disposition with exact existing targets one local consolidation and an explicit proof-device residual
D000024,ega:I.1.4.1,add_quasi_affine_section_characterization,active,properties-lemma-characterize-quasi-coherent-quasi-affine,,The ambient-module finite-standard-cover quasi-coherence and localization criteria form a reusable theorem absent as one named target; the local label has no official tag
D000025,ega:I.1.4.1.1,retain_local_gluing_as_proof_device,active,resid.csv,,The arbitrary-sheaf denominator gluing lemma is real but ad hoc; 01P7 subsumes its conclusion in the quasi-coherent application and modern proof bypasses the standalone statement
D000026,ega.all,refresh_live_french_interface_through_EGA_II_p20,active,E2P20.json,,F19 and the p20 gate now seal EGA II through printed p.20 while all earlier statement reviews retain their immutable F8 receipt
D000027,ega:subsection:I.1.5,admit_fifth_statement_level_map,active,smap.csv,,Direct French review gives every numbered unit through 1.5.4 an exact existing or split-derived disposition
D000028,ega:subsection:I.1.5,retain_existing_split_packaging,active,01XZ 0EHM 01PE 01PF 01IA 01PB 0GN6,,Existing Stacks lemmas cover every mathematical assertion while the two bundled extension formulations remain explicit derived residuals
D000029,properties-lemma-extend-finite-presentation,repair_finite_type_citation,active,properties.tex line 3030,,The proof has established only finite type and needs finite generation of the affine module so 01PB is the exact criterion while 01PC is inapplicable
D000030,ega:I.1.5.2,reject_false_duplicate_numbering_claim,active,EGA I NUMDAM printed p.93 at 1100 dpi and EGA1_CHAPTER1_P93_VALIDATION_R16.json,,The authority visibly numbers the three corollaries 1.5.2 1.5.3 and 1.5.4 in sequence so no source correction exists
D000031,ega:subsection:I.1.6,admit_sixth_statement_level_map,active,smap.csv,,Direct French review gives every numbered unit and formula 1.6.5.1 through 1.6.10 an exact existing stronger or split-derived disposition
D000032,ega:subsection:I.1.6,retain_existing_affine_functoriality_packaging,active,00E2 00E3 008H 0096 0098 01AJ 01HV 01I1 01I2 01I8 01I9 01SB 02C6 05DQ 0H7H,,Existing Stacks results cover every mathematical assertion while proof-level affine formulas remain explicit residuals rather than new omnibus lemmas
D000033,ega:I.1.6.8,reject_flat_internal_hom_overclaim,active,0C6I and direct French lines 1452-1473,,The source identifies the canonical base-change map but does not assert an isomorphism and assumes no flatness so 0C6I is not a valid target
D000034,ega:I.1.6.2,reject_arbitrary_localization_open_immersion,active,00E3 and direct French lines 1295-1308,,For an infinite multiplicative set the image can fail to be open so the induced-sheaf statement must not be collapsed into the principal-localization open-immersion lemma 01I3
D000035,ega:subsection:I.1.7,admit_seventh_statement_level_map,active,smap.csv,,Direct French review gives all five numbered units an exact existing stronger or split-derived disposition
D000036,ega:subsection:I.1.7,retain_existing_affine_category_packaging,active,01HB 01HW 01HV 01HY 01I1 01I2 01IG 01L6 00E5,,Existing definitions and lemmas cover affine recognition the Hom bijection opposite-category equivalence and quotient monomorphism without a new Stacks lemma
D000037,ega.all,register_native_xymatrix_diagrams,active,intake.py units.csv and intake.json,,The exact R184 corpus contains 430 active Xy-pic commands in addition to 15 tikz-cd diagrams and every native diagram requires a stable semantic ID
D000038,ega:I.1.7.1,refer_coordinate_ring_canonicity_clarification,active,reports/findings.jsonl,,Literal presentation-independent canonicity is false but context supports harmless transport along a chosen affine presentation so the canon task must decide any corrected-layer clarification
D000039,ega.all,bound_pending_section_classification,active,intake.py units.csv and intake.json,,A section command may bind a following label at most four lines later in exact R184 and must not leak 107 lines across unlabelled errata prose
D000040,ega:subsection:I.2.1,admit_eighth_statement_level_map,active,smap.csv,,Direct French review gives all eight numbered units exact existing stronger or split-derived dispositions and requires no new Stacks lemma
D000041,ega:I.2.1.2,normalize_historical_prescheme_terminology,active,01IJ and direct French F8,,EGA prescheme is the modern unrestricted scheme while the old word scheme added separatedness and the local-affineness definition itself is unchanged
D000042,ega:I.2.1.6,distinguish_rational_function_ring_from_function_field,active,01RU 01RV 01RW and direct French F8,,The source assumes only irreducibility and therefore identifies a generic-stalk ring while fieldhood requires the additional reducedness in the modern function-field definition
D000043,ega:I.2.1.8,retain_composite_locally_integral_definition,active,004S 004V 01OK 01ON 01OQ,,Locally integral means an integral open neighbourhood at every point and is not equivalent merely to every local ring being a domain
D000044,ega:I.2.1.5,retain_existing_source_typo_record,active,FRENCH_DIPLOMATIC_TRANSCRIPTION_APPEND_P98_20260802.jsonl,,The proof prints uniqueness for X where the referent is Y but the canonical producer already catalogued and preserved this typo so no duplicate finding is created
D000045,ega:subsection:I.2.2,admit_ninth_statement_level_map,active,smap.csv,,Direct French review gives all ten numbered units plus formula 2.2.4.1 exact existing stronger split or derived dispositions and requires no new Stacks lemma
D000046,ega:subsection:I.2.2,preserve_morphism_category_and_notation_layers,active,01HB 01IJ 07BI 0093 008M 01HF 01L7 01HI 01HG 01IK,,Prescheme morphisms are modern scheme morphisms while residue fields ringed-space monicity and suppressed notation remain separately typed proof or migration clauses
D000047,ega:I.2.2.4,retain_affine_target_and_module_mapping_packages,active,01I1 01HZ 01IB 01I7 01BH 0096,,The affine-target Hom bijection is stronger in source generality and the module formula is reconstructed without adding affine quasi-compact or quasi-separated hypotheses on f
D000048,ega:I.2.2.6,distinguish_plain_closedness_from_geometric_strengthenings,active,005O 0513 01U0 01RJ 01RZ,,Closed means only a closed underlying topological map; it is neither a closed immersion nor universally closed nor proper
D000049,ega:I.2.2.7,retain_exact_permanence_and_cancellation_clauses,active,02V2 0515 0H8J 01S0 005O 01RZ,,Composition and cancellation are recorded clause by clause so no forward theorem is misused as its converse
D000050,ega:I.2.2.8,retain_arbitrary_zariski_target_locality,active,02KO 02KV 0H8J 01U0 005O,,The cover is arbitrary and the stronger fpqc and fppf targets are specialized without importing finiteness quasi-compactness or universal closedness
D000051,ega:I.2.2.9,modernize_birational_component_indexing,active,01RO 0BAB 01RP 01RZ,,Use the invariant bijection on generic points together with the stronger generic-fibre lemma while preserving finite component count and the absence of reducedness or integrality
D000052,ega:subsection:I.2.2,resolve_agent_and_spark_disagreements,active,agent.csv issues.csv,,Accept exact source and target evidence only after pinned replay and retain false labels false paraphrases and missed ordinary-closed clauses append-only
D000053,ega:subsection:I.2.3,admit_tenth_statement_level_map,active,smap.csv,,Direct French review gives both numbered units exact existing stronger split or derived dispositions and requires no new Stacks lemma
D000054,ega:I.2.3.1,retain_unrestricted_scheme_gluing_and_affine_reconstruction,active,01JB 01JC 01IT,,Gluing works for arbitrary index sets and the converse affine-cover reconstruction is kept distinct from the theorem that glued schemes form a scheme
D000055,ega:I.2.3.2,identify_inversion_gluing_as_projective_line,active,01JE 01I3 00E4 01NF 01NG,,The source is projective one-space obtained by inversion rather than affine line with doubled origin and its future Proj comparison is explicit derived metadata
D000056,ega:subsection:I.2.4,admit_eleventh_statement_level_map,active,smap.csv reports/findings.jsonl,,Direct French review gives all nine semantic units exact split stronger derived or explicitly defective dispositions without changing Stacks TeX
D000057,ega:I.2.4.1,retain_local_scheme_and_canonical_local_spectrum_package,active,01HW 07BI 00E9 00ES 01HV 01J6 02NA,,Keep the compound local-scheme definition separate from the stronger universal characterization of its canonical stalk-spectrum morphism
D000058,ega:I.2.4.2,retain_topological_stalk_and_ringed_space_monicity_layers,active,01J7 00E3 0061 0062 01HV 02C6 01L6 01IS 004X 00ET,,Keep image topology stalk isomorphisms ambient-category monicity and irreducible-closure correspondence as separately typed clauses
D000059,ega:I.2.4.3,retain_component_and_dimension_zero_composite,active,00ET 00ES 00E3 00KE 04MG 07BI,,The component criterion is a localization composite and dimension zero does not add Noetherianity reducedness or fieldhood
D000060,ega:I.2.4.4,retain_local_source_universal_mapping_property,active,01J6 02NA,,The pinned theorem gives the exact image-point and local-stalk-map bijection plus the unique canonical factorization
D000061,ega:I.2.4.5,refer_field_point_closed_image_error,active,reports/findings.jsonl 01J5 07BI,,Preserve diplomatic French and map only the valid local-map clause because the unrestricted morphism sentence omits the closed-image condition
D000062,ega:I.2.4.6,retain_residue_field_point_classification,active,01J5 01J6 02NA,,Use the exact fixed-field point bijection and never replace distinct embeddings by the equivalence classes classified in 01J9
D000063,ega:I.2.4.7,retain_quotient_composite_and_ambient_monomorphism,active,01IG 01L9 01L6,,The quotient component is a closed immersion but the full composite is only asserted monic and its literal ambient category is all ringed spaces
D000064,ega:I.2.4.8,retain_local_triviality_and_factorial_comparison,active,01CS 0B8M 01J6 02AH 0BDA 0BCH,,A local trivialization globalizes through the unique closed point while UFD alone supplies the later factorial conclusion
D000065,ega:subsection:I.2.5,admit_twelfth_statement_level_map,active,smap.csv,,Direct French review gives all six semantic units exact split stronger or derived dispositions without changing Stacks TeX
D000066,ega:I.2.5.1,retain_scheme_over_base_and_affine_reformulations,active,01JX 01I1 01JM 01RJ,,Keep structure morphisms affine-base algebra structures the final integer scheme point-over terminology and dominance as separately typed clauses
D000067,ega:I.2.5.2,retain_slice_morphisms_category_and_native_triangle,active,01JX 001G,,The commuting-triangle definition and slice-category consequences are exact while the labelled French diagram remains a native source unit
D000068,ega:I.2.5.3,retain_restriction_gluing_and_open_factorization,active,001G 01HF 01IK 01JB 01HI,,Separate source restriction by composition from target factorization through an open and retain the derived over-S gluing check
D000069,ega:I.2.5.4,distinguish_base_forgetting_from_cartesian_base_change,active,001G 01HI 01L7,,Postcomposition and restriction through an open base are not the fibre-product construction called base change in later Stacks items
D000070,ega:I.2.5.5,preserve_section_source_typo_and_notation_migration,active,01KT 01JX EG-EGA-I-P104-FR-255-SOURCE-TYPO-001,,Map the separately corrected S-prescheme reading while preserving the diplomatic S-morphisme typo and distinguish Gamma of sections from global functions
D000071,ega:subsection:I.3.1,admit_thirteenth_statement_level_map,active,smap.csv,,Direct French review gives the single sum-of-schemes unit exact stronger and derived dispositions without changing Stacks TeX
D000072,ega:I.3.1.1,retain_arbitrary_scheme_coproduct_as_disjoint_gluing,active,0B1X 01JB 00AL 00AM 01JC 002J,,Use empty pairwise overlaps in the general gluing theorem and keep topology sheaf structure schemehood and universal property as distinct components
D000073,ega:I.3.1.1,retain_relative_coproduct_and_notation_migration,active,01JB 01JX 04AO,,The unique map to S is the coproduct mapping property while EGA sum and Stacks coproduct notation denote the same construction
D000074,ega:I.3.1.1,retain_binary_affine_product_and_infinite_guard,active,00ED 01I5,,The canonical Spec of A times B formula is binary and must never be generalized to an infinite ring product in the category of all schemes
D000075,ega:subsection:I.3.2,admit_fourteenth_statement_level_map_part_one,active,smap.csv,,Direct French review admits 3.2.1 through 3.2.5 while the existence theorem and later construction remain the next bounded block
D000076,ega:I.3.2.1,retain_slice_product_fibre_product_and_functorial_notation,active,001G 001S 01JP 001V 002L 01JX,,A product in Sch over S is the ordinary scheme fibre product while pairing product maps and affine-base shorthand remain explicit migrations
D000077,ega:I.3.2.2,retain_affine_tensor_product_construction,active,01I4 00CX,,The affine fibre product is Spec of the tensor product with projection variance and the A-algebra Hom proof recorded separately
D000078,ega:I.3.2.3,retain_affine_pairing_formula_and_compatibility,active,01I4 01I1 00CX,,The pure-tensor formula is the concrete inverse of the affine fibre-product Hom bijection and requires agreement of both maps on A
D000079,ega:I.3.2.4,retain_monomorphic_base_product_equivalence,active,003B 01L2 01L3 01KR,,Categorical cancellation and the diagonal-isomorphism criterion make the two fibre products canonically identical without any separation or finiteness hypothesis
D000080,ega:I.3.2.5,retain_open_base_corollary,active,01HI 01L7 01KR,,Image containment factors both structure maps through the open base whose immersion is monic so the preceding comparison applies
D000081,ega:subsection:I.3.2,admit_fourteenth_statement_level_map_part_two,active,smap.csv,,Direct French review admits 3.2.6 through 3.2.8 while the discovery unit 3.2.9 remains unpromoted pending its cited EGA II erratum authority
D000082,ega:I.3.2.6,retain_global_fibre_product_existence,active,01JM 01JP,,The binary product in Sch over S exists because schemes have fibre products while the broader finite-limit packaging remains explicit
D000083,ega:I.3.2.6.1,retain_open_restriction_of_product,active,01JR,,The inverse-image intersection with its restricted projections is the product of the chosen opens and Stacks proves the stronger open-base version
D000084,ega:I.3.2.6.2,retain_local_candidate_product_criterion,active,01JP 01JB 01JR 01JM,,A preassigned cone is a product when its exact inverse-image cover has the local product property even though no single Stacks tag states this criterion
D000085,ega:I.3.2.6.3,retain_gluing_of_local_products,active,01JM 01JJ 001V 01JB 01JC,,Canonical overlap isomorphisms and their forced cocycle glue local product representatives into the global product
D000086,ega:I.3.2.6.4,retain_base_local_existence_argument,active,01JM 01HI 01JJ,,The conditional base-cover argument is entailed by unconditional existence while its synchronized-open proof remains separately recoverable
D000087,ega:I.3.2.6.5,retain_affine_cover_proof_closure,active,01I4 01JM,,The source proof closes the theorem from affine tensor products and gluing while Stacks packages the same strategy in one representability proof
D000088,ega:I.3.2.7,retain_open_factor_product_and_pairing_compatibility,active,01JR 01HI 01JP,,The canonical open identification is exact and the induced pairing is the unique open factorization of the ambient pairing
D000089,ega:I.3.2.8,retain_product_of_disjoint_sums_decomposition,active,01JR 01JB 01JC 002J 023X,,Pairwise products form disjoint open pieces of the global product and glue to the asserted set-indexed coproduct without a standalone exact Stacks tag
D000090,ega:intake,repair_statement_scoped_foreign_page_provenance,active,intake.py units.csv check.py,,A foreign-volume erratum marker inside one statement belongs to that statement and must restore the surrounding body page without changing stable IDs
D000091,ega:subsection:I.3.3,admit_fifteenth_statement_level_map_part_one,active,smap.csv,,Direct French review admits 3.3.1 through 3.3.5 with the false arbitrary-category sum claim explicitly residualized and referred
D000092,ega:I.3.3.1,split_valid_slice_core_from_false_omnibus_claim,active,001G findings.jsonl,,The definition of S objects is categorical but base change of sums in 3.3.10 fails in general categories so the omnibus statement is only partial
D000093,ega:I.3.3.2,retain_chosen_product_bifunctoriality,active,001G 001V 002L 01JP,,Universal-property uniqueness gives the covariant bifunctor and the displayed projection square after product representatives are chosen
D000094,ega:I.3.3.3,retain_terminal_unit_isomorphisms,active,001G 002C 001S 01JP,,The identity S object is terminal in the slice and product with it yields the two functorial unit isomorphisms and stated inverses
D000095,ega:I.3.3.4,retain_projection_unit_formulas,active,01JP,,Both formulas follow by comparing the two fibre-product projections under the canonical unit identifications
D000096,ega:I.3.3.5,retain_finite_products_and_coherent_comparisons,active,002I 01JM 002O 002E 002L 01JP,,Finite products exist in the slice by binary fibre products and the terminal object while uniqueness supplies permutation associativity and the triple projection formula
D000097,ega:subsection:I.3.3,admit_fifteenth_statement_level_map_part_two,active,smap.csv,,Direct French review admits 3.3.6 through 3.3.10 with every diagram proof and numbered formula separately disposed
D000098,ega:I.3.3.6,retain_base_change_object_and_cartesian_square,active,01JX 01JP,,Stacks reverses factor order but gives the exact base-change object and the stronger cartesian square
D000099,ega:I.3.3.7,retain_base_changed_morphism_functor,active,01JX 002L,,The induced morphism is explicit and identity plus composition follow from fibre-product uniqueness after representatives are chosen
D000100,ega:I.3.3.8,retain_slice_adjunction_with_catalogued_typo,active,001G 01JX 01JP P109,,The Hom bijection is exactly the fibre-product universal property and the printed f for g defect remains controlled by its existing French ledger record
D000101,ega:I.3.3.9,retain_pseudofunctorial_base_change_transitivity,active,02XO 001Y,,The canonical functorial comparison is the pullback pseudofunctor coherence and its displayed formulas are universal-property consequences
D000102,ega:I.3.3.10,separate_product_and_scheme_coproduct_preservation,active,0038 001Y 002L 01JR 01JB 01JC,,Right-adjoint exactness gives product preservation while the valid scheme coproduct claim uses disjoint open pieces and gluing rather than the false arbitrary-category extrapolation
D000103,ega:I.3.3.10,repair_post_proof_prose_unit_attribution,active,units.csv smap.csv,,Rows S000331 through S000334 and R000165 through R000167 belong to the parent statement because the product and sum prose follows the closed proof environment
D000104,ega:scaffold,restore_append_only_graph_correction,active,smap.csv resid.csv check.py,D000103,Restore the seven first-published rows then append exact corrected successors with validated same-table supersession and active-view counts
D000105,ega:subsection:I.3.3,admit_fifteenth_statement_level_map_part_three,active,smap.csv,,Direct French review admits 3.3.11 through 3.3.15 with the two French-labelled plain displays retained as parent components
D000106,ega:I.3.3.11,retain_base_change_reexpression_over_intermediate_base,active,01JY 001Y,,The proof of 01JY gives the exact canonical pullback comparison diagram and base-changed projection without importing its immersion hypothesis
D000107,ega:I.3.3.12,retain_product_and_base_change_of_monomorphisms,active,003B 001V 01KU 02YC 01L5 P111,,Cancellation and fibre-product uniqueness prove the product claim while 02YC gives the corrected base-change display directly
D000108,ega:I.3.3.13,retain_affine_tensor_base_change_with_notation_migration,active,01I2 01JX 01I4,,Affine duality and the affine fibre-product formula give the exact tensor coordinate ring while Stacks omits the scheme tensor notation
D000109,ega:I.3.3.14,retain_graph_as_pullback_universal_map,active,01JP 01JX,,The graph and its section correspondence are the fibre-product universal map specialized to the base scheme itself
D000110,ega:I.3.3.15,retain_affine_line_representation_with_corrected_arrow,active,01JM 01M0 01JH 01I1 006T P111,,Affine one-space represents global functions and the corrected scheme arrow is forced by the ensuing polynomial-ring maps
D000111,ega:subsection:I.3.4,admit_sixteenth_statement_level_map,active,smap.csv P111 P112 P113 P114,,Direct French review admits 3.4.1 through 3.4.9 with eighteen generated units and French-only plain-display labels retained as parent components
D000112,ega:I.3.4.1,retain_functor_of_points_and_natural_postcomposition,active,001O,,The representable Hom functor gives both contravariance in the test scheme and natural covariance in the represented scheme
D000113,ega:I.3.4.2,retain_pointwise_fibre_product_formula,active,0020 001V,,The set-theoretic pullback definition and the categorical fibre-product Hom formula give the exact pointwise identity
D000114,ega:I.3.4.3,retain_relative_points_as_slice_category_Hom,active,001G 001S 001V 01JX,,Relative valued points are Hom sets in the slice category and products are computed by the same universal properties there
D000115,ega:I.3.4.4,retain_affine_test_ring_covariance,active,001O 01I2,,Covariance in the value ring is the composite of the contravariant Spec equivalence and contravariance of the point functor
D000116,ega:I.3.4.5,retain_local_and_field_valued_points_with_terminology_migration,active,01J5 01J6 01JP 03PO,,The fixed-field and local-ring classifications are exact while geometric point has a narrower modern Stacks meaning
D000117,ega:I.3.4.6,retain_common_field_lifts_to_finite_products,active,0H7K 01J5 01JP,,A common residue-field extension and the iterated product universal property give the simultaneous lift
D000118,ega:I.3.4.7,retain_underlying_points_of_finite_products,active,0495 0496 01JT,,Binary existence is exact and finite products follow by iteration while tensor-product primes explain failure of injectivity
D000119,ega:I.3.4.8,retain_set_theoretic_base_change_image_identity,active,01S1 0495,,The proof of base-change surjectivity contains the exact arbitrary-subset identity and the same Cartesian square
D000120,ega:I.3.4.9,retain_tensor_prime_fibre_classification_with_corrected_map_type,active,01JT 01KR 01L3 01I4 P114,,Product points over fixed projections are tensor-product primes and the printed tensor map is only a homomorphism rather than a monomorphism
D000121,ega:units,overlay_missing_r184_printed_page_markers,active,pages.csv P115 P116,,Direct French page gates supply eighteen first-page locators absent from frozen R184 while its stable IDs and bytes remain untouched
D000122,ega:subsection:I.3.5,admit_seventeenth_statement_level_map,active,smap.csv P114 P115 P116 P117,,Direct French review admits 3.5.1 through 3.5.11 with twenty-one generated units and two French-only plain displays retained as parent components
D000123,ega:I.3.5.1,retain_formal_product_and_base_change_reduction,active,01JX 01JP 01KU,,Base change is product with an identity and a product morphism factors into two one-factor base changes in the exact formal pattern
D000124,ega:I.3.5.2,retain_surjective_product_and_base_change_permanence,active,01S0 01S1 01KU,,Arbitrary base change is exact and product stability follows by the two-step factorization and composition of surjections
D000125,ega:I.3.5.3,retain_field_extension_lifting_criterion_for_surjectivity,active,01RZ 01J9 0H7K 03H5,,Point classification and a common overfield prove the criterion while the broader algebraic-space proof contains the source lifting square
D000126,ega:I.3.5.4,bridge_field_point_definition_to_modern_radiciality,active,01S3 01S4 003B,,Stacks proves the field-valued definition equivalent to universal injectivity and the residue-field criterion and categorical monicity gives the stated corollary
D000127,ega:I.3.5.5,retain_algebraically_closed_field_test,active,01S4 01J9 001O 0CPN,,Extension of value fields is injective on scheme points and the algebraic-stack criterion gives a strictly stronger direct test by algebraically closed fields
D000128,ega:I.3.5.6,retain_composition_and_left_cancellation_for_radicial_maps,active,02V1 01S4,,Composition is named directly and left cancellation follows from injectivity of every field-valued point map
D000129,ega:I.3.5.7,retain_product_and_base_change_of_radicial_maps,active,0472 02V1 01JP,,Base change is exact and the product claim factors into two base changes followed by composition with the pointwise pullback identity
D000130,ega:I.3.5.8,retain_exact_point_and_residue_field_characterization,active,01S3 01S4 0H7K 01J9,,The modern equivalence repeats both source directions and its common-overfield and two-embedding proof
D000131,ega:I.3.5.9,derive_radiciality_of_arbitrary_localization,active,04VS 04VW 01S3 01I2 01S4,,A localization is a ring epimorphism with injective spectrum and identical residue fields and hence its affine spectrum map is radicial
D000132,ega:I.3.5.10,retain_radicial_base_change_image_and_point_preimage,active,0472 01S1 01S4 01JP 01JX,,Base change remains radicial while the arbitrary-subset image identity and fibre-product Hom formula give both asserted bijections
D000133,ega:I.3.5.11,identify_radicial_with_universal_topological_injectivity,active,01S3 01S4,,The modern definition and equivalence give exactly injectivity on underlying spaces after every base change
D000134,ega:I.3.6.1,retain_thickened_fibre_topology_via_nilpotent_base_change,active,01K1 0BR6 01I4 00DK algebra-lemma-spec-homeomorphism-onto-image-units,,The residue fibre has the induced topology and nilpotent base change preserves it while the affine source proof ends with the already integrated unit-times-image criterion
D000135,ega:I.3.6.2,adopt_scheme_fibre_and_relative_point_convention,active,01K0 01K1 01JX 01JP,,The canonical scheme fibre and general base-change construction absorb the convention provided K-valued points are read relative to the fixed point of the base
D000136,ega:I.3.6.3,retain_composite_fibre_and_open_restriction,active,01K0 001Y 01JP 01JR 01K1,,Pullback associativity gives the composite fibre and the open fibre-product identification gives the induced open restriction
D000137,ega:I.3.6.4,retain_transitivity_of_fibres,active,001Z 01K0 001Y 02XO 01HH,,Unrestricted categorical base change and composition identities plus coherence and the open-immersion identification give both canonical fibre comparisons
D000138,ega:I.3.6.5,retain_local_spectrum_base_change_topology_and_stalks,active,01K1 01J7 01I4 00DK 00E3 01HV 02C6,,The local-spectrum square gives the correct generalization-locus preimage and affine tensor localization preserves every corresponding local ring
D000139,ega:I.3.7.1,identify_reduction_mod_ideal_as_base_change,active,01JX,,The quotient-base scheme is the ordinary base change along A to A modulo J and historical reduction terminology does not assert nilreduction
D000140,ega:I.3.7.2,retain_special_generic_fibres_and_schematic_model_closure,active,07BI 01K0 01JX 01NF 00KE 01I3 01JR 01IO 01T6 01OX 01R6 01R7 01R8 01QV,,The local one-dimensional setup makes the generic fibre open and quasi-compact schematic image gives the canonical model only relative to the chosen embedding
D000141,ega:I.3.7.3,retain_proper_valuative_point_bijection_and_limit_its_scope,active,0BX5 01JP 01KD 01KF 01KZ 01W1 01WC,,Properness gives unique extension from the fraction field over a valuation ring while the dimension-free closing prose concerns statements about the model X and not this point bijection
D000142,ega:subsection:I.4.1,admit_blank_guard_page_overlay_for_section_start,active,F8 P119 P120 L000019-L000023,,Permit an empty parsed-page guard only for genuinely blank frozen locators and bind five units to exact direct-French first pages without changing R184
D000143,ega:I.4.1.1,retain_affine_local_quasi_coherence_and_closure_properties,active,01BE 01IA 01I7 01IC 01ID 01LA,,The unlabelled global enumeration under 01LA states the affine criterion kernels cokernels sums and colimits while 01IC and 01ID remain exact affine proof dependencies and images are derived
D000144,ega:I.4.1.2,identify_ideal_quotient_support_as_closed_subscheme,active,01AV 01HM 01IN 01IB 01IG 01I9 01IC 01IM,,The quotient support is closed without needing quasi-coherence and the affine quotient construction glues to the scheme defined by the ideal sheaf
D000145,ega:I.4.1.3,identify_locally_closed_and_closed_subscheme_data,active,01IO 01IQ 0F2L 01QP 01QQ,,Modern immersion language plus the boundary-open formula and the paired existence and over-X uniqueness ideal lemmas cover the source definition with only maximality derived
D000146,ega:I.4.1.4,identify_open_restriction_as_inverse_image_subscheme,active,01BG 01JU 01JV,,Pullback along the open inclusion preserves quasi-coherence and gives the inverse-image closed subscheme defined by the restricted ideal
D000147,ega:I.4.1.5,retain_local_closed_subscheme_gluing_criterion,active,0FCZ 00AL 00AM 00AN 01LA 01QP 01QQ 01IO,,The local immersion criterion combines with sheaf structure map and quasi-coherence gluing plus closed-subscheme uniqueness while open induced schemes are open subschemes
D000148,ega:I.4.1.6,retain_transitivity_and_canonical_subscheme_convention,active,02V0 01IM 01IN,,Composition preserves immersions and closed immersions while the source strictifies the canonical quotient-ring isomorphism as a standing identification
D000149,ega:I.4.1.7,retain_canonical_injection_and_ringed_space_monicity,active,01IO 01IM 01HM 01IN 0H7H 01L6 01L7,,The locally closed quotient construction gives the canonical injection and stalk-surjective cancellation proves the stronger ringed-space monomorphism claim
D000150,ega:I.4.1.8,retain_majorization_as_factorization_through_a_monomorphism,active,003B 01IM,,The source term means factorization through the canonical injection and uniqueness follows from its monomorphism property
D000151,ega:I.4.1.9,retain_locally_closed_factorization_criterion_after_authority_correction,active,01HI 01HP F33 P121S,,Restriction to the containing open reduces to the exact closed-subspace ideal-annihilation criterion and F33 corrects the spurious prime on g before proof admission
D000152,ega:I.4.1.10,identify_subscheme_containment_and_order,active,01IM 02V0 003B,,The unlabelled immersion-section prose gives the exact factorization criterion while composition and canonical representatives supply transitivity and antisymmetry
D000153,ega:diagrams,require_direct_authority_graph_and_render_reaudit,active,direct user diagram QA warning and threshold addendum,,Every individual mapped diagram or intricate standalone mathematical block must receive its own tightly bounded authority and final-output crops at no less than 5000 dpi equivalent with explicit object edge nonedge direction arrow-style equality label glyph geometry and label-side verification before later production advances
D000154,ega:visual-qa,admit_first_individual_authority_french_english_visual_batch,active,vqa.csv and 42 individual 5000-dpi-equivalent crop receipts,,Twelve mapped diagrams and two exact-sequence blocks were each compared directly across authority cumulative French and cumulative English outputs with complete graph or mathematical-block masks and no EGA defect
D000155,ega:I.4.2.1,identify_immersion_definition_canonical_factorization_and_radiciality,active,01IO 01IM 01HH 01HO 01L7 01S4,,Modern locally closed immersion language gives the same canonical subscheme factorization while monicity is exact and radiciality is a derived consequence
D000156,ega:I.4.2.2,identify_stalkwise_open_closed_and_locally_closed_immersion_criteria,active,01HE 01HH 0H7H 00AE 01HI 0FCZ 01QO 01LD 01I9 01LC 01IH 008H 008M R45 R46,,The source criteria split into topological image sheaf-stalk detection and closed-subscheme classification with the printed theta-sharp direction corrected only in the semantic reading
D000157,ega:I.4.2.3,identify_affine_closed_immersion_by_surjective_coordinate_map,active,01QO 01I2 01IH 01IG,,Affine duality quotient spectra and the global closed-immersion criterion jointly give the source equivalence with no single target carrying every clause alone
D000158,ega:I.4.2.4,identify_immersion_properties_as_local_on_the_target,active,01JY 0FCZ 02YM 02L3 02V0 02L6 01HL 01QO,,Restriction supplies necessity while the Zariski source statements are absorbed by exact immersion locality and stronger fpqc descent targets
D000159,ega:I.4.2.5,identify_composition_stability_for_immersions,active,02V0 01QS,,The modern composition lemma exactly contains the immersion open-immersion and closed-immersion clauses
D000160,ega:visual-qa,admit_I_4_2_2_individual_authority_french_english_visual_evidence,active,V000015 and three individual 5000-dpi-equivalent crop receipts,,The four-object theta stalk square was compared directly across authority cumulative French and cumulative English with every edge nonedge direction label glyph and label side verified
D000161,ega:I.4.2.3,refer_printed_gamma_psi_type_error,active,reports/findings.jsonl and direct 5000-dpi-equivalent authority crop,,The printed Gamma(psi) is ill-typed for f=(psi theta); semantic mapping uses the intended Gamma(theta) while diplomatic French remains untouched
D000162,ega:I.4.3.1:proof,refer_printed_kernel_image_ideal_formula,active,Q000002 in reports/qsrc.csv and reports/findings.jsonl,,The literal u(b)+v(c) image sum is false in general; semantic mapping uses the correct sum of extension ideals while diplomatic French remains untouched
D000163,ega:I.4.3.1,identify_product_stability_and_underlying_image_intersection,active,01JY 02V0 01JR 01JU 01IO 01JS 0FCZ 01HL 01I4 01I2 01IH 01IG 00DF 00E5 00E0,,Two-factor products split into base changes and composition while open and closed cases supply the underlying intersection and the historical affine proof is retained separately
D000164,ega:I.4.3.2,identify_base_change_stability_of_immersions,active,01JX 01JY 01JU,,The corollary is exactly the modern base-change lemma with the closed case strengthened by the pulled-back ideal formula
D000165,ega:source-error-qa,admit_exact_authority_crop_receipts_for_4_2_3_and_4_3_1,active,Q000001 Q000002 in reports/qsrc.csv,,The two immutable 5000-dpi authority-only receipts close D000161 and D000162 source-error evidence provenance without admitting a correction or replacing the separate three-surface visual-certification gate
D000166,ega:I.4.4.1,identify_inverse_image_subscheme_underlying_set_factorization_and_fibre,active,01JX 01JU 01S1 001V 01JV 01K0 01J3 01J4,,The inverse-image construction is a pullback immersion whose image factorization terminology and closed-point fibre split across exact universal and derived modern targets
D000167,ega:I.4.4.2,identify_composition_rule_for_inverse_images,active,001Y,,The canonical iterated pullback identity appears exactly in the proof of the representable-composition lemma while literal equality uses the standing canonical-representative convention
D000168,ega:I.4.4.3,identify_binary_infimum_of_subschemes_as_fibre_product,active,001V 01JU 02V0 01L7 01IM 0C4H 0C4I,,The arbitrary locally closed meet is derived from the pullback universal property and immersion order while the labelled scheme-theoretic intersection covers only the closed specialization
D000169,ega:I.4.4.4,identify_inverse_image_preservation_of_binary_infima,active,001Y 001V 0C4I,,Associativity of pullbacks and the binary meet construction give the equality with the closed-only intersection target retained as a strict specialization
D000170,ega:I.4.4.5,identify_pulled_back_ideal_of_closed_inverse_image,active,01JU 01JV 01HQ 00DF,,The modern fibre-product immersion lemma gives exactly the image ideal formula and the historical affine proof follows by restriction and tensor right exactness
D000171,ega:I.4.4.5:proof,carry_official_algebra_variance_correction,active,R49 and EG-EGA-I-P126-FR-445-PRINTED-ALGEBRA-DIRECTION-ERROR-001,,The diplomatic print is preserved while semantic evidence reads A as a B-algebra so that A tensor_B B/K is well typed
D000172,ega:I.4.4.6,identify_factorization_by_closed_inverse_image_ideal_containment,active,01JU 01QP 01HP 001V,,The factorization criterion is the pullback universal property combined with the closed-subscheme ideal-order criterion in the source inclusion direction
D000173,ega:I.4.5.1,identify_local_immersion_chart_definition,active,01HK 01IO,,The source-point closed-chart definition and its immersion reformulation split across the modern closed-immersion and immersion definitions
D000174,ega:I.4.5.2,identify_local_isomorphism_chart_definition,active,01HE 096E,,The scheme-level source-open chart is the modern open-immersion definition while the labelled local-isomorphism notion is only an affine ring-map specialization
D000175,ega:I.4.5.3,identify_local_to_global_immersion_characterizations,active,01IO 0FCZ 01IQ 01HE,,The homeomorphism and injectivity hypotheses supply the missing global topology needed to pass from local charts to immersed closed or open images
D000176,ega:I.4.5.4,identify_irreducible_dominant_injective_local_immersion_theorem,active,004V 01RJ 01HK 0FCZ,,The source proof combines density dominance a closed local chart and injectivity to obtain the full inverse-image chart required by the immersion criterion and an open image
D000177,ega:I.4.5.5,identify_permanence_of_local_immersions_and_local_isomorphisms,active,02V0 01JR 01JY 01JX 01KU 096F 096G,,Composition products and base change follow by choosing local closed or open charts and applying modern immersion and fibre-product permanence with affine local-isomorphism lemmas retained only as specializations
D000178,ega:I.4.5.5:proof,carry_official_transitivity_reference_correction,active,R50 Q000003 EG-EGA-I-P127-FR-455-CITATION-ERROR-001,,The diplomatic source preserves 4.2.4 while semantic evidence reads 4.2.5 because that proposition and 02V0 supply transitivity
D000179,ega:I.4.5.5:proof,carry_official_missing_product_points_correction,active,R50 Q000004 EG-EGA-I-P127-FR-455-UNINTRODUCED-POINTS-001,,The proof becomes well formed by choosing z in the source product and setting z-prime equal to its image before defining the four projected points
D000180,ega:source-error-qa,admit_exact_authority_crop_receipts_for_4_5_5,active,Q000003 Q000004 in reports/qsrc.csv,,The two immutable 5000-dpi authority-only receipts close the already-catalogued R50 defects without changing diplomatic text or substituting for edition visual certification
D000181,ega:section:I.5,admit_exact_section5_opening_page_locators,active,R50 R51 and their exact French admission rows,,Four frozen discovery units have blank locators and direct French places the section subsection and 5.1.1 statement on I:127 with its proof on I:128
D000182,ega:I.5.1.1,identify_quasi_coherent_algebra_nilradical_and_labelled_gaps,active,01I7 01LA 0544 and direct French fraction proof,,The affine construction and locality ingredients are present but arbitrary quasi-coherent algebra packaging and reverse localization remain genuine labelled gaps
D000183,ega:I.5.1.2,identify_reduced_full_support_subscheme_and_minimality,active,01IQ 01J3 01J4 0BR6 0356 01QQ 01J2 00E0 01J0,,The reduction is the unique reduced closed structure on the full support and is minimal by universal factorization through every full-support subprescheme
D000184,ega:I.5.1.2:proof,carry_catalogued_french_word_order_correction,active,R51 and EG-EGA-I-P128-FR-512-DEFINI-Y-PAR-001,,Diplomatic French preserves the misplaced Y while the corrected reading introduces Y before stating that it is defined by the nilradical ideal
D000185,ega:I.5.1.3,identify_reduction_definition_and_reduced_fixed_point,active,01J3 01J4,,The source definition is the full-support specialization of reduced induced structure and X equals X red exactly when X is reduced
D000186,ega:I.5.1.4,identify_affine_reduced_and_integral_criteria,active,01J2 01ON 00ES 00E0 01OK,,The reduced half is exact and the integral half is the affine composite of reducedness irreducibility and the domain criterion
D000187,ega:I.5.1.4,identify_local_integrality_stalk_and_topological_noetherian_converse,active,01OQ 01OK 01HV 0052 01J0 00ET 0BX3 01ON,,The forward implication localizes a domain and the converse uses only locally Noetherian topology plus reduced finite-component affine neighbourhoods
D000188,ega:I.5.1.4,carry_official_cross_reference_2_1_7_to_2_1_8_correction,active,Q000005 and direct comparison of EGA I 2.1.7 with 2.1.8,,Diplomatic French preserves 2.1.7 while the corrected reading cites 2.1.8 because that paragraph defines integral and locally integral schemes
D000189,ega:source-error-qa,admit_exact_authority_crop_receipt_for_5_1_4,active,Q000005 in reports/qsrc.csv,,The immutable 5000-dpi authority-only receipt closes the newly detected cross-reference defect without changing diplomatic text or substituting for edition visual certification
D000190,ega:I.5.1.9,admit_exact_printed_page_130_locator,active,R53 and EG-EGA-I-P130-FR-ADMISSION-001,,The frozen English discovery unit inherited I:129 but direct French begins Proposition 5.1.9 on I:130
D000191,ega:I.5.1.5,integrate_reduction_functoriality_and_existing_dependencies,active,0356 01J4 01L7 and local schemes reduction functorial lemma,,The canonical factorization through reduction is functorial and the new local lemma packages the exact square without claiming an upstream tag
D000192,ega:I.5.1.6,integrate_reduction_morphism_properties_and_existing_dependencies,active,01RZ 01S3 01S4 0BR6 054M 01IO 01HE 01LD and local morphisms lemma,,The source permanence list is split across existing targets and one local exact packaging lemma
D000193,ega:I.5.1.7,integrate_reduction_fibre_product_and_existing_dependencies,active,0356 01L7 003B 08LR 01JM 01JU 054M 0CEU 0CEV and local morphisms lemma,,The canonical comparison is an isomorphism by universal properties and reduction closed immersions while the local lemma records the exact package
D000194,ega:I.5.1.8,identify_reduced_products_and_perfect_field_boundary,active,0CB9 01J3 01J4 020F 035Z,,The product reduction theorem is covered by a stronger formal-spaces result and the field warning and perfect-field clause remain explicit
D000195,ega:I.5.1.9,identify_thickenings_affineness_filtration_and_diagrams,active,06AD 01IH 04EX 05YV 01IA 01I1 05QB 01XB,,The proposition proof corollary and two diagrams are mapped componentwise with exact hypothesis and proof dependencies
D000196,ega:I.5.1.9.2,identify_extension_of_quasi_coherent_modules_across_thickenings,active,01XB 0B3A 01IA,,The extension statement follows from affine cohomology vanishing and the extension classification while preserving the corrected restriction locus V
D000197,ega:I.5.1.10,identify_affine_neighbourhoods_for_full_support_closed_subschemes,active,06AD 01J3 01J4 01IH 0EGG,,The source criterion is split across reduction and thickening results and the nonnilpotent nil ideal boundary remains visible
D000198,ega:I.5.1.9.2:proof,carry_official_restriction_Y_to_V_correction,active,Q000006 and the local splitting sentence introducing the neighbourhood V,,Diplomatic French preserves restriction to Y while the uniquely typed local reading restricts the module to the neighbourhood V
D000199,ega:source-error-qa,admit_exact_authority_crop_receipt_for_5_1_9_2,active,Q000006 in reports/qsrc.csv,,The immutable 5000-dpi authority-only receipt closes the newly detected restriction-letter defect without changing diplomatic text or substituting for edition visual certification
D000200,more-morphisms:04EX,correct_closed_subscheme_target_X_to_X_prime,active,direct review of more-morphisms-definition-thickening item four,,The filtration concerns a closed subscheme of X prime and the repeated X is a local Stacks wording defect
D000201,more-morphisms:04EX,correct_thinking_to_thickening,active,direct review of the unnumbered paragraph following more-morphisms-definition-thickening,,The phrase nth order thinking is a typographical defect and the mathematically defined term is nth order thickening
D000202,ega:visual-qa,retain_rejected_and_nonfinal_5_1_visual_candidates,active,J000001-J000005 in ega/rej.csv,,The failed authority and obsolete edition crops remain append-only evidence and are explicitly superseded by the accepted per-item receipt
D000203,ega:visual-qa,admit_5_1_5_and_5_1_9_visual_receipts,active,V000016 V000017 V000018 V000019 V000020 in ega/vqa.csv,,Each selected diagram or intricate block has its own tight authority French and English 5000-dpi receipt and personal graph or symbol comparison
D000204,ega:visual-qa,retain_rejected_5_1_9_locator_candidates,active,J000006 J000007 J000008 J000009 in ega/rej.csv,,The four below-floor locator crops remain append-only adverse evidence bound individually to their accepted V000017 through V000020 successors
D000205,ega:I.5.2.3:proof,admit_exact_printed_page_132_locator,active,R55 and EG-EGA-I-P132-FR-523-PROOF-001,,The frozen proof unit inherited the preceding page marker while all proof prose begins on printed p.132
D000206,ega:I.5.2.1,map_unique_reduced_structure_on_locally_closed_subspace,active,0F2L 01J3 00E0 01J2,,The locally closed construction and unique reduced closed structure jointly cover the proposition and its affine proof
D000207,ega:I.5.2.2,map_reduced_source_factorization_through_closed_subscheme,active,0356 01JU 01S1 00E0 01J1 001V,,The direct stronger factorization theorem and its pullback proof dependencies cover the proposition without weakening reducedness
D000208,ega:I.5.2.3,map_reduced_immersion_to_open_reduced_closure,active,03DQ 0356 01IO 01J3,,The exact official factorization theorem identifies the reduced immersed source with the open part of its reduced closure
D000209,ega:I.5.2.4,map_reduced_closed_source_ideal_containment,active,0356 01JU 01QP 01HP and the D000172 bundle,,The reduced-source factorization and closed-subscheme ideal criterion give the exact containment without a new local lemma
D000210,ega:I.5.3.1,map_diagonal_definition_projection_and_pairing_identities,active,01KH 001S 001V and schemes-lemma-diagonal-identities,,The exact unlabelled definition and universal-property dependencies combine with one local reusable identity package
D000211,ega:I.5.3.2,map_product_compatibility_of_diagonals,active,schemes-lemma-diagonal-identities 02X0 001S and 002L,,The local scheme lemma makes the exact identity citable while official targets retain its categorical derivation and stronger algebraic-space occurrence
D000212,ega:I.5.3.3,record_navigation_only_numbering_gap,active,R55 and EG-EGA-I-P132-FR-532-NUMBERING-001,,Printed French jumps directly from 5.3.2 to 5.3.4 and the frozen English row is only a non-rendering compatibility anchor
D000213,ega:I.5.3.4,map_base_change_compatibility_of_the_diagonal,active,schemes-lemma-diagonal-identities 01KU 04YR 0038 001Y and D000102,,The exact local scheme statement is backed by official proof-level and categorical base-change identities
D000214,ega:I.5.3.5,map_change_of_base_fibre_square,active,01KR 001V and D000114,,The proof of 01KR contains the exact cartesian square and the source pointwise proof is the same fibre product universal property in the slice over T
D000215,ega:I.5.3.6,map_comparison_as_base_change_of_diagonal,active,01KR 01JX 01JP D000095 and D000214,,The canonical comparison is the pullback of Delta S over T and its identity times diagonal formula is the standard base change projection
D000216,ega:I.5.3.5,carry_official_missing_second_morphism_name_g_correction,active,Q000007 EG-EGA-I-P132-FR-535-MISSING-G-001 and EGA II Errata p.221,,The later equality pi=f composed with p=g composed with q uniquely identifies the missing name and the official errata confirms it
D000217,ega:I.5.3.7,map_graph_diagonal_cartesian_square_with_visual_gate,active,01KR 01KS 001V DIA:ega1/ega1-5-fr.tex:467 and D000153,,The proof of 01KR gives the general cartesian square and 01KS records the exact semi diagonal specialization while the label side discrepancy remains fail closed
D000218,ega:I.5.3.8,map_monomorphism_via_isomorphic_diagonal_with_catalogued_proof_correction,active,01L3 08LR 003B 001V and EG-EGA-I-P133-FR-538-ONE-ELEMENT-001,,The exact scheme theorem and general categorical criterion cover the proposition while the corrected proof reads at most one element and needs no local lemma
D000219,ega:I.5.3.8:proof,carry_official_one_element_to_at_most_one_correction,active,Q000008 EG-EGA-I-P133-FR-538-ONE-ELEMENT-001 and the empty-to-Spec(k) test,,A monomorphism gives uniqueness of a lift but does not guarantee its existence
D000220,ega:visual-qa,admit_5_3_5_individual_authority_french_english_visual_evidence,active,V000021 in ega/vqa.csv,,The exact authority B37AC French and B233 English crops agree on every object edge direction style label subscript geometry and label side
D000221,ega:source-error-qa,admit_exact_authority_crop_receipts_for_5_3_5_and_5_3_8,active,Q000007 Q000008 in reports/qsrc.csv,,Each correction is bound to one exact tightly bounded 5000-dpi authority crop and one same-object finding
D000222,ega:I.5.3.7:diagram:xymatrix:1,refer_5_3_7_delta_Y_label_side_correction,active,Direct authority p.133 places Delta_Y below while sealed B37AC French and B233 English place it above and REF11P records the bounded referral,,Keep V000022 absent until both source markers are corrected and fresh standalone readers and individual crops pass
D000223,ega:visual-qa,admit_corrected_5_3_7_individual_authority_french_english_visual_evidence_with_rejected_lineage,active,V000022 J000010 J000011 J000012 J000013 J000014 D41R DIA41R REF11 and Q37CD,D000222,The exact corrected B37AD French and B234 English crops agree with a fresh authority crop on every object edge direction style label subscript geometry and label side
D000224,ega:visual-qa,retain_rejected_V000022_subpixel_floor_rasters,active,J000015 J000016 in ega/rej.csv,,The initial producer crops were visually correct but integer raster dimensions fell fractionally below the strict effective 5000 dpi floor and are retained before exact pixel-envelope rerendering
D000225,ega:I.5.3.9,map_diagonal_immersion_with_published_proof_erratum,active,01KJ 01KI Err_III 10 and Q000009,,The theorem is exact while the printed proof omits the locally closed image step and the published erratum supplies the affine local repair
D000226,ega:I.5.3.9:proof,carry_published_local_closedness_proof_correction,active,Q000009 and EGA III.2 Errata list 2 Err_III 10,,Preserve the diplomatic proof and use the published affine local closedness argument in corrected semantic coverage
D000227,ega:I.5.3.10,map_canonical_comparison_immersion,active,01KR and the diagonal base change bundle,,The canonical comparison is an immersion and the official target adds only separated and quasi separated strengthenings
D000228,ega:I.5.3.11,map_graph_immersion_characterization_and_section_terminology,active,01KS 01KT 001V and 001S,,The official semi diagonal and section results cover the graph immersion while the graph characterization follows from the product universal property
D000229,ega:I.5.3.12,map_graph_compatibility_with_base_change,active,schemes-lemma-diagonal-identities 01JX 002L 001V 0038 01JP and D000102,,The exact local identity makes graph base change citable while official categorical and fibre product dependencies retain its derivation
D000230,ega:I.5.3.13,map_immersion_cancellation_with_published_citation_correction,active,07RK 01KS 01JY 02V0 and Q000010,,The ordinary immersion clause is exact and the local immersion clause is derived while the printed final citation is read as 4.2.5 under the published erratum
D000231,ega:I.5.3.13:proof,carry_published_4_2_4_to_4_2_5_citation_correction,active,Q000010 and EGA III.2 Errata list 2 citation correction,,Preserve diplomatic French and read the final ordinary immersion composition reference as 4.2.5
D000232,ega:I.5.3.14,map_pairing_with_an_immersion_by_cancellation,active,07RK 001S and the 5.3.13 bundle,,Projection after the pairing is j so the official cancellation theorem gives the ordinary immersion clause and local charts give the local clause
D000233,ega:source-error-qa,admit_exact_authority_crop_receipts_for_5_3_9_and_5_3_13_published_corrections,active,Q000009 Q000010 in reports/qsrc.csv and primary EGA III.2 Errata list 2,,Each printed locus is bound to one tight exact 5000 dpi authority crop and an independent published correction
D000234,ega:local-mirror,adopt_independent_mathematical_commons_mirror_as_local_integration_lane,active,Direct user policy update 2026-08-11,,Upstream submission work stops while verified local integrations and naturally found corrections remain in the independent mirror
D000235,ega:I.5.3.15,map_diagonal_naturality_with_local_exact_identity,active,schemes-lemma-diagonal-identities and 001V,,Item five of the local lemma is the exact morphism identity and the official fibre-product universal property independently derives it
D000236,ega:I.5.3.16,map_subscheme_diagonal_and_underlying_intersection,active,D000163 D000225 D000235 01KJ 01JY 02V0 01JR 01JU 01IO and 001V,,The source combines diagonal immersion product-immersion image-intersection and naturality facts; no one target is the whole corollary
D000237,ega:I.5.3.17,map_equal_residue_field_maps_to_diagonal_membership,active,01J5 01KM 001V and D000235,,The point classification identifies the two field-valued maps and the equalizer plus diagonal naturality gives the stated membership
D000238,ega:edition-interface,admit_F37ZRS_R257S_B37AGR_B237R_D44_DIA44_and_Q37CN_as_current_reader_closure,active,F37ZRS R257S B37AGR B237R D44 DIA44 Q37CM Q37CN and exact R257S-to-R184 replay,,The corrected tuple is coherent and publication remains quarantined
D000239,ega:visual-qa,refer_5_3_15_and_5_3_17_bottom_arrow_label_side_corrections,active,Direct exact-5000-dpi comparison in log.md and source loci ega1-5-fr.tex:603 653 661 ega1-5.tex:459 498 508,,NUMDAM prints each bottom horizontal arrow label below while both current language outputs place it above so all dependent semantic promotion remains fail closed
D000240,ega:visual-qa,admit_5_3_15_and_5_3_17_exact_current_reader_diagram_evidence,active,V000023 V000024 V000025 J000017-J000030 D44 DIA44 and Q37CN in ega/vqa.csv and ega/rej.csv,D000239,The corrected current readers and independent exact-5000-dpi crops now match every authority object edge direction label and label side while rejected and predecessor evidence remains append only
D000241,ega:I.3.3.2:diagram:xymatrix:1,admit_current_reader_successor_for_p108_lower_arrow_label_sides,active,V000026 supersedes V000006 under D44 DIA44 and Q37CN,,The current readers now place f and f prime below the two lower arrows exactly as authority while the superseded predecessor witness remains append only
D000242,ega:I.5.3.5:diagram:xymatrix:1,refer_5_3_5_Delta_S_over_T_bottom_arrow_label_side_correction,active,Direct exact-5000-dpi comparison of NUMDAM p131 box 86;574;260;70 against B37AIR p90 box 240;410;299;65 and B238R p322 box 86;575;275;65 plus source loci ega1-5-fr.tex:437 and ega1-5.tex:316,D000220,NUMDAM places Delta_{S|T} below while both current outputs place it above so V000021 and every downstream current-reader promotion remain fail closed
D000243,ega:I.5.1.5:diagram:xymatrix:1,refer_5_1_5_bottom_f_label_side_correction,active,Direct exact-5000-dpi comparison of NUMDAM p128 box 258;214;76;64 against B37AIR p88 box 254;126;84;68 and B238R p319 box 258;682;96;67 plus first-occurrence source loci ega1-5-fr.tex:127 zero-based byte 6169 and ega1-5.tex:83 zero-based byte 5590,,NUMDAM places the bottom f below while both current outputs place it above so visual and current-reader promotion of V000016 S000718 S000719 S000720 R000471 R000496 R000582 and every downstream accepted witness remain fail closed pending corrected readers and fresh certification
D000244,ega:visual-qa,refer_5_1_9_diagram_2_bottom_f_0_label_side_correction_and_split_D000203,active,Direct exact-5000-dpi comparison of NUMDAM p129 box 258;421;70;69 against B37AIR p89 box 263;83;69;64 and B238R p321 box 273;68;66;67 plus unique source loci ega1-5-fr.tex:246 zero-based byte 11369 and ega1-5.tex:169 zero-based byte 10214; V000017 V000018 V000019 are content-unaffected predecessor evidence,D000203,NUMDAM places bottom f_0 below the leftward arrow while both current outputs place it above; D000243 carries the independent V000016 referral so V000020 S000758 S000759 R000491 and every downstream current-reader witness remain fail closed while V000017 V000018 V000019 remain accepted only as historical evidence
D000245,ega:edition-interface,admit_F37ZW_R261_B37AJ_B239_D48_DIA48T_Q37CY_Q37DB_as_current_reader_closure,active,F37ZW R261 B37AJ B239 D48 DIA48T Q37CY Q37DB and exact R261-to-R184 replay,D000238,The final corrected tuple is coherent all adverse control history remains append only and publication remains quarantined
D000246,ega:visual-qa,admit_exact_final_current_reader_successors_V000027_through_V000044,active,V000027-V000044 under F37ZW R261 B37AJ B239 D48 DIA48T Q37CY and Q37DB,,All downstream authority French and English crops were regenerated at exact 5000 dpi and personally inspected after the three label-side repairs while V000008-V000025 remain immutable predecessor evidence
D000247,ega:I.5.1.5:diagram:xymatrix:1,admit_corrected_bottom_f_current_reader_successor_with_rejected_lineage,active,V000035 J000033 J000034 F37ZW R261 B37AJ B239 D48 DIA48T Q37CY Q37DB,D000243,The final readers place bottom f below exactly as authority and preserve both above-label predecessor crops as rejected evidence
D000248,ega:I.5.1.9:diagram:xymatrix:2,admit_corrected_bottom_f_0_current_reader_successor_with_rejected_lineage,active,V000039 J000035 J000036 F37ZW R261 B37AJ B239 D48 DIA48T Q37CY Q37DB,D000244,The final readers place bottom f_0 below the leftward arrow exactly as authority while V000017-V000019 remain content-correct predecessor evidence
D000249,ega:I.5.3.5:diagram:xymatrix:1,admit_corrected_Delta_S_over_T_current_reader_successor_with_rejected_lineage,active,V000040 J000031 J000032 F37ZW R261 B37AJ B239 D48 DIA48T Q37CY Q37DB,D000242,The final readers place Delta_{S|T} below exactly as authority while French alone retains the equation number on the right and the above-label predecessors remain rejected evidence
D000250,ega:I.5.4.1,map_separated_morphisms_and_closed_diagonal_criterion,active,01KK 01KJ 01IQ and direct French lines 673-685,,The modern separated definition is exact while the early Y-scheme and scheme nomenclature remains an explicit historical difference
D000251,ega:I.5.4.2,map_closed_comparison_over_a_separated_intermediate_base,active,01KR 01JU and direct French lines 687-698,,The canonical comparison is the pullback of the closed diagonal and Stacks records the same argument
D000252,ega:I.5.4.3,map_closed_graphs_into_a_separated_target,active,01KS 01KR and direct French lines 700-708,,The semi-diagonal lemma gives the exact closed graph clause and repeats the same specialization proof
D000253,ega:I.5.4.4,map_closed_immersion_cancellation_through_a_separated_morphism,active,07RK 01KS 01QR 01QS and direct French lines 710-718,,The third cancellation clause is exact and its graph base-change composition proof matches the source comparison
D000254,ega:I.5.4.5,map_closed_pairings_with_a_separated_factor,active,01KU 07RK 001V and direct French lines 721-730,,The first projection is separated by base change and closed-immersion cancellation gives the paired morphism
D000255,ega:I.5.4.6,map_sections_of_separated_morphisms_as_closed_immersions,active,01KT 001V and direct French lines 732-740,,The Stacks section lemma gives the exact closed clause and the source pairing specialization is fibre-product formalism
D000256,ega:I.5.4.7,map_generic_point_uniqueness_of_sections,active,01J5 01KM 004X 0356 001V and direct French lines 742-756,,The residue maps agree and the closed equalizer containing the generic point is all of the reduced integral source
D000257,ega:I.5.4.8,map_three_converse_separatedness_tests,active,001V 01KK and direct French lines 758-772,,Each converse identifies the tested graph pairing or section with the diagonal and then applies the separated definition
D000258,ega:I.5.5.1,map_six_separated_permanence_clauses_reduction_equivalence_and_proof_diagrams,active,01L3 01L4 01L7 01KU 01KV 01KR 01KS 01KJ 01IQ 054M 0CEU 0CEV 001V and direct French lines 777-843,,Clauses one through five have exact official targets while clause six and both proof diagrams are composite-derived without inventing a single target tag
D000259,ega:I.5.5.2,map_restriction_of_separated_morphism_to_every_subscheme,active,01L8 01L7 01KU and direct French lines 845-851,,Tag 01L8 is exact and the source proof is immersion separatedness followed by composition
D000260,ega:I.5.5.3,map_projection_from_fibre_product_with_separated_factor,active,01KU and direct French lines 853-859,,The projection is the exact base-change specialization of the stronger separatedness permanence lemma
D000261,ega:I.5.5.4,map_finite_closed_source_decomposition_separatedness_and_integral_reduction,active,01J3 0356 01L8 01KV 01KU 01JU 01QR 01QS 01KJ 01IQ 001V 0379 004W 01ON and direct French lines 861-889,,The proposition is composite-covered and the irreducible-component reduction retains the finite-family hypothesis needed for the closed-union step
D000262,ega:I.5.5.5,map_zariski_target_locality_of_separatedness,active,02KO 02KU 01HL 01JR 01JS 001V and direct French lines 893-918,,Tag 02KU is stronger fpqc locality while 02KO gives the exact target-open-cover quantifiers and the printed final 5.5.4 citation is corrected separately
D000263,ega:I.5.5.6,map_affine_cover_separatedness_criterion,active,01KP 01JQ 01JS 01HL 01QO 01IH 01IG 001V and direct French lines 920-959,,Tag 01KP gives the stronger modern criterion and its proof specializes to the source affine intersection and ring-generation test
D000264,ega:I.5.5.7,map_affine_schemes_as_separated_with_historical_scheme_terminology,active,01KN and direct French lines 961-965,,The modern theorem is exact while the parenthetical use of scheme for separated prescheme remains a terminology residual
D000265,ega:I.5.5.8,map_relative_separatedness_over_an_affine_base_iff_absolute_separatedness,active,01KV 01KN 01KU 01KP and direct French lines 967-974,,The two directions use different permanence routes and the affine base is needed only for the converse from relative to absolute separatedness
D000266,ega:I.5.5.9,map_base_local_absolute_separatedness_test_and_affine_corollary,active,01KU 01KV 02KU 01KN and direct French lines 976-992,,Necessity uses base change and composition while sufficiency uses 5.5.8 then target-open locality after correcting both printed 5.5.4 citations to 5.5.5
D000267,ega:I.5.5.10,map_affine_intersections_over_a_historically_separated_target,active,01SG 01KS 01JQ 01IN 001V and direct French lines 994-1017,,The historical noun scheme means separated scheme and the direct affine-morphism target is stronger than the source graph proof
D000268,ega:I.5.5.11,map_separated_and_doubled_origin_examples_with_two_printed_mathematical_corrections,active,01KQ 01JD 0FXT 01KP 01OL 01OM 01ON 01IL and direct French lines 1019-1064,,Only valid clauses are mapped while the doubled-line fibre ideal and doubled-plane criterion verdict are corrected through explicit findings
D000269,ega:I.5.5.12,map_arbitrary_property_base_change_cancellation_and_reduction_formalism_componentwise,active,01JZ 001V 01KS 01J4 0356 01L7 and direct French lines 1066-1131,,No one official tag states the arbitrary-property package but every formal implication is covered by the pinned component chain
D000270,ega:I.5.5.12:diagram:xymatrix:1,map_semantic_reduction_square_and_refer_visual_admission_beyond_D48,active,0356 01J4 plus DIA48T pending evidence and nonadmitted D59 D65 discovery controls,,The square is semantically covered while label-side and current-reader promotion remain fail closed until a coherent Commons interface successor
D000271,ega:I.5.5.13,map_weakened_closed_immersion_and_immersion_composition_hypotheses,active,01KS 001V 0356 01J4 01L7 and direct French lines 1133-1149,,The same formal arguments use exactly the weakened precomposition clauses stated in the source
D000272,ega:I.5.5.5:proof,carry_printed_5_5_4_to_5_5_5_citation_correction,active,Q000011 and direct comparison of EGA I 5.5.4 with 5.5.5,,Only Proposition 5.5.5 permits reduction through an affine open cover of the target Y
D000273,ega:I.5.5.9:proof,carry_two_printed_5_5_4_to_5_5_5_citation_corrections,active,Q000012 and direct comparison of EGA I 5.5.4 5.5.5 and 5.5.8,,Both target-open restriction arguments uniquely require Proposition 5.5.5
D000274,ega:I.5.5.11,carry_official_doubled_origin_fibre_ideal_zero_to_s_correction,active,Q000013 EG-EGA-I-P139-FR-DOUBLED-ORIGIN-IDEAL-ERROR-001 and direct doubled-line fibre computation,,The doubled fibre occurs over the closed prime (s) while the generic prime (0) lies in the gluing overlap
D000275,ega:I.5.5.11,refer_false_doubled_plane_neither_condition_claim,active,Q000014 01IL 01KP and direct restriction-ring computation,,The punctured-plane intersection is nonaffine but both restriction images equal its full global section ring so only the first condition fails
D000276,ega:source-error-qa,admit_exact_authority_crop_receipts_for_5_5_5_5_5_9_and_5_5_11,active,Q000011 Q000012 Q000013 Q000014 in reports/qsrc.csv,,Four tight exact-5000-dpi authority receipts bind the three citation occurrences and two mathematical defects without altering diplomatic text
D000277,ega:visual-qa,refer_5_5_1_diagrams_and_5_5_6_intricate_block_until_admitted_interface_successor,active,D56 D57 D58 D65 versus admitted F37ZW R261 B37AJ B239 D48 DIA48T Q37CY Q37DB,,Producer crops are verified but the current Commons interface stops at D48 so semantic rows remain physically reviewed while visual promotion is quarantined
D000278,ega:I.6.1.1,map_noetherian_definitions_coherence_consequences_and_open_locality,active,"01OV 01OW 01XZ 01Y1 00IK and direct French lines 7-34 under admitted F33.json",,"The finite and arbitrary affine-cover definitions match the modern quasi-compact and local formulations; the unnumbered coherence subquotient ideal and open-union prose is bound explicitly under this source unit"
D000279,ega:I.6.1.2,map_quasi_compact_locally_noetherian_equivalence_and_noetherian_topology,active,"01OV 01OZ 00E8 00FQ 0053 and direct French lines 36-49 under admitted F33.json",,"The equivalence has the same quantifiers and the topological conclusion follows from finite Noetherian affine spectra"
D000280,ega:I.6.1.3,map_affine_noetherian_equivalence_source_proof_and_unnumbered_ideal_chain_consequence,active,"01OV 01OW 00E8 00EO 01HV 01IA 01BG 00IK 01Y8 and direct French lines 51-83 under admitted F33.json",,"The affine triple equivalence is split across the modern definition and affine-open characterization; the source sheaf proof and its unnumbered stationary coherent-ideal consequence are retained explicitly"
D000281,ega:I.6.1.4,map_locally_closed_subscheme_noetherian_permanence_and_source_proof,active,"02IK 01IO 01IH 00FN 01I3 0052 04ZA and direct French lines 85-111 under admitted F33.json",,"Subprescheme is translated as a modern locally closed subscheme or immersion and every quotient localization and topological quasi-compactness dependency is retained"
D000282,ega:I.6.1.5,map_noetherian_product_warning_by_explicit_tensor_counterexample,active,"01OW 01JQ 00RW 00RX 00RT 031G and direct French lines 113-119 under admitted F33.json",,"No single pinned label states the warning; for K=k(x_1,x_2,...) the diagonal conormal calculation proves K tensor_k K non-Noetherian and gives complete derived coverage"
D000283,ega:I.6.1.6,map_global_nilradical_nilpotence_and_finite_affine_proof,active,"01Y9 01OV 01XZ 01J4 00IM and direct French lines 121-134 under admitted F33.json",,"The direct coherent-sheaf target is stronger while the pinned ring lemma and finite affine cover reproduce the source uniform-exponent proof"
D000284,ega:I.6.1.7,map_affineness_equivalence_with_reduction_via_stronger_thickening_theorem,active,"01J4 04EX 06AD 01IH and direct French lines 136-143 under admitted F33.json",,"The two directions split between arbitrary-thickening affineness and affine closed subschemes; the modern sufficiency theorem drops the source Noetherian hypothesis"
D000285,ega:I.6.1.8,map_finite_irreducible_component_neighbourhood_connectedness,active,04MF 004W 004V 004T and direct French lines 145-161,,The source has a strictly broader local hypothesis and stronger universal-small-neighbourhood conclusion than 04MF so only the proof components are complete
D000286,ega:I.6.1.9,map_locally_noetherian_local_connectedness_and_open_components,active,04MF 04ME and direct French lines 163-167,,The corollary splits exactly into local connectedness and openness of connected components
D000287,ega:I.6.1.10,map_component_disjointness_and_local_spectrum_equivalences,active,004T 004W 0052 00E0 00ES 00ET and direct French lines 169-214,,The four topological clauses are composite and the scheme clause is the unique-minimal-prime criterion valid without local Noetherianity
D000288,ega:I.6.1.11,map_irreducibility_from_connectedness_and_disjoint_components,active,004S 004T 004W 0052 00ES 00ET and direct French lines 216-229,,The nonempty connected criterion is composite and the local-spectrum reformulation is unconditional
D000289,ega:I.6.1.12,map_integrality_criterion_subject_to_nonempty_correction,active,004S 0052 00ET 01HV 01J0 01ON Q000016 and direct French lines 231-236,,After D000292 restores nonemptiness the criterion follows from reducedness on stalks and the irreducibility criterion
D000290,ega:I.6.1.13,map_neighbourhoods_irreducible_reduced_and_integral,active,00E0 00ES 00ET 004W 01J0 01J2 01J3 01OK 01ON 01Y1 01Y3 0BE1 0BX3 and direct French lines 238-257,,The source component and coherent-nilradical proofs are complete and 0BX3 supplies a shorter modern affine route
D000291,ega:I.6.1.8:proof,refer_false_global_complement_aside_and_carry_intersection_with_U_repair,active,Q000015 and direct French lines 153-157,,The constructed V equals U intersected with the global complement and need not equal that complement in X
D000292,ega:I.6.1.12,refer_missing_nonempty_hypothesis_and_carry_corrected_criterion,active,Q000016 004S 004V and direct French 0.2.1.1 plus I.2.1.8 and I.6.1.11,,Under the EGA convention the empty scheme is connected and satisfies the stalk condition vacuously but is not integral
D000293,ega:source-error-qa,admit_exact_authority_crop_receipts_for_6_1_8_and_6_1_12,active,Q000015 Q000016 in reports/qsrc.csv,,Two tight exact-5000-dpi authority receipts bind the false global-complement aside and omitted nonempty hypothesis without altering diplomatic French
D000294,ega:I.6.2.1,map_artinian_scheme_as_affine_scheme_with_artinian_coordinate_ring,active,01HW 00J5 and direct French lines 262-266,,The historical adjective is exactly the conjunction of the two modern definitions and needs no duplicate root lemma
D000295,ega:I.6.2.2,map_artinian_scheme_noetherian_discrete_T1_and_local_product_equivalence,active,00KJ 00JB 01OV 01IS 04MT 0AAX 02O0 01I5 and direct French lines 269-294,,The affine ring theorem gives one direction while the locally Noetherian dimension-zero decomposition and finite-discrete affineness give the converse and product statement
D000296,ega:I.6.3.1,map_finite_type_definition_to_local_finite_type_plus_quasi_compactness,active,F37ZW.json FR299-310 FEB075B856B0D295E3CBDE5CA2648FDE855A94BEFA7869BACD8B8F0D4D18173E and 01T1 01T2 01K4,,The historical finite affine cover condition is exactly local finite type plus quasi-compactness
D000297,ega:I.6.3.2,map_target_locality_and_admit_published_6_3_2_1_erratum,active,F37ZW.json FR312-352 1AC73200F45587065531B1359031EC6094ADB65E23869199BA52AC0E3CE8CB8E and direct errata slice 8B76F577F0B4A5720377739BE82CB482FCD3DD9249F91EE66B9EECDC53318FBE,,The target-locality proof is covered and the published correction requires D(g_i) to be contained in W
D000298,ega:I.6.3.3,map_affine_finite_type_criterion,active,F37ZW.json FR354-392 98959AA6D770BC19F337DC66D5575D7D38A3A684EF611C23509CBDCBEBB1FE33 and 01T2 01S7 01T1 00EP,,For affine source and target finite type is equivalent to finite generation of the coordinate algebra
D000299,ega:I.6.3.4,map_six_finite_type_permanence_clauses,active,F37ZW.json FR394-445 EC4107AFA515BA54491D6BC346724AA8317CF048DCB3F7A8F1A5962B27E47F16 and 01T3 01T4 01T5 01T8 03GI 0356,,All six clauses are exact or short composites of existing permanence lemmas
D000300,ega:I.6.3.5,map_noetherian_topology_immersion_criterion,active,F37ZW.json FR447-465 9CAF7CF4537D40D981EA259B3D30EEDDFF4ABFF72F5AD901E82FEA79E1F87879 and 01T5 04ZB 0052 04ZA,,The source hypotheses are topological and are covered without strengthening them to scheme-theoretic local Noetherianity
D000301,ega:I.6.3.6,map_graph_factorization_finite_type_criterion,active,F37ZW.json FR467-476 AC9EBEDB4C0675D0140C9737E71C2DD00F15AD6699260F7AF04F57E52C844652 and 01KT 01T4 01P0 01OX 01T3,,The graph is a finite-type immersion under either Noetherian branch and the projection is a finite-type base change
D000302,ega:I.6.3.7,map_noetherianity_under_finite_type,active,F37ZW.json FR478-489 D77DA856978E7315BFAF0D9F7D07DA3EA3FD08406A7DD3573970F79840C7AACC and 01T6 00FN,,Stacks contains the exact scheme statement and its affine Hilbert-basis proof ingredient
D000303,ega:I.6.3.8,map_noetherianity_after_base_change_and_product,active,F37ZW.json FR491-506 3F8469AB6B67626A65D36821C76AF200C7EDD9AB2E0D590CA2A4CA165AB7F700 and 01T4 01T6,,Both the base-change corollary and product consequence follow by applying finite-type base change then Noetherian permanence
D000304,ega:I.6.3.9,map_finite_type_of_all_S_morphisms_from_X,active,F37ZW.json FR508-517 C3F615A293C612E9C04FA2F9EC5C58379C4C9592C87DD00BDB05523AE9568F0D and 01T6 01T8 01P0 01T1,,After localizing on S the source is Noetherian and the S-morphism is locally finite type and quasi-compact
D000305,ega:I.6.3.10,map_surjectivity_on_algebraically_closed_points,active,F37ZW.json FR519-558 E92E52390C58DFC660BD65BC1965FF15C1C550B8C2D998D6CD75A34D4991B1DB and 01J9 01JP 01T4 01S1 06EB 01TA 00FV,,The criterion is covered derivationally and its necessary direction remains true for locally finite type morphisms
D000306,ega:I.6.3.10,refer_two_6_3_10_diagrams_for_fresh_visual_qa,active,F37ZW diagram hashes 68014AA1FA4BABF7F4C3CD4F97E47DFBC9B0E5FF4C02B46AA023FFC874E74BF5 and 173F559B4D35C53E8647472C9DCFD38E4F1202C911C329AD779BE507C338C7CF with V000044 current head,,Both diagrams lack active authority French English crop triples and cannot yet receive certified V rows
D000307,ega:I.6.4.1,map_algebraic_prescheme_definition_and_noetherianity,active,F37ZW.json FR563-573 08637C0200DAE1FFB2F7FD106AF1FD55045D6BB5E1934747B168A5E689DDEF1B and 06LG 01KK 01T6,,Tag 06LG gives modern finite type while 01KK preserves the historical separated qualifier and 01T6 proves Noetherianity
D000308,ega:I.6.4.2,map_closed_points_via_finite_residue_field_extensions,active,F37ZW.json FR575-595 C125AE3C12A9CAF3FEE19A97BA601703D142C99165B0B9A0854915C17435D45F and 01TF 00FV 0BID,,Both directions and the affine Nullstellensatz proof are exact existing results
D000309,ega:I.6.4.3,map_closed_points_over_algebraically_closed_field_to_rational_points,active,F37ZW.json FR597-603 41DFBECD82B72567C02ED61BCD0E2DE529EA15D094B7C7247E097CC5D63F84CB and 01TF 09GQ 01J9,,Finite residue extensions over algebraically closed K are trivial and field-valued representatives give the canonical identification
D000310,ega:I.6.4.4,map_equivalent_artinian_and_finite_scheme_conditions,active,F37ZW.json FR605-631 05DAB13BC5C252AFE1AFAFD8880BEE8800282305869A4A173DB187FEE8B0F538 and 06LH 0ALW 0478 07JU 02O0,,The six conditions follow from the global dimension-zero lemma and the exact affine Jacobson-Artinian equivalences
D000311,ega:I.6.4.5,map_finite_scheme_rank_and_sum_product_formulas,active,F37ZW.json FR633-651 77C2C84FB546CF35B0E9B825FAA015DDE5C45374A651106F307237E64A5628B2 and 03J3 01WH 01I5 0H9W 01JQ 0H9X,,Modern finite morphism and degree language contains the source terminology and both rank formulas
D000312,ega:I.6.4.6,map_finite_scheme_rank_under_field_extension,active,F37ZW.json FR653-660 699F9E614B59350E6D3D0F9B9EB6DE7381B6916372FA9D35143EBACE769F7F18 and 02KD 0H9Y 0CC2,,Finite locally free base change preserves the scheme and scalar extension preserves its vector-space rank
D000313,ega:I.6.4.7,map_geometric_points_via_separable_residue_degrees,active,F37ZW.json FR662-684 1E3287CD6F3C7C1081D63E27026CF18D582C24CA2C5600798ECE54C090FD94D9 and 0F38 09HJ 01J9,,The constant-one weighting formula is the separable-degree sum and its geometric valued-point interpretation
D000314,ega:I.6.4.8,map_geometric_point_count_base_change_sum_product,active,F37ZW.json FR686-708 42809BBE036B56C949B94896D4421D26384EBD7E5AA3997F18EEAF0E78ACF2B3 and 0F38 0F39 01I5 01JM,,Weightings give the invariant and arbitrary base change while finite coproduct and product universal properties give the two formulas
D000315,ega:I.6.4.9,map_surjectivity_on_algebraically_closed_points_of_infinite_transcendence_degree,active,F37ZW.json FR710-724 0981E9DE7265E9040366E5B1E560AA28895AB67FEC480EFFF1F81E0CB13728A6 and 0487 01T1 01T2 030F 09GU 01J9,,The original necessity and infinite-transcendence residue-field embedding proof are covered derivationally
D000316,ega:I.6.4.10,map_surjectivity_without_transcendence_degree_hypothesis,active,F37ZW.json FR726-731 F264BB99D4CA218B95E0288D0A4C2D692C19E4E6EF1B3EF6C89F6838C1C0A767 and 0487 054J 0478 005Y 01TF 09GU 01J9,,Constructibility and the Jacobson closed-point test prove the fixed-Omega criterion with no transcendence-degree assumption
D000317,ega:I.6.4.11,map_finite_type_morphism_fibres_and_residue_extensions,active,F37ZW.json FR733-743 8618172DF0C9C0F8FAB97BABBFFB0914BFB29A872C00F876DF87D22D4DC31C3F and 01K0 01T4 01T2,,A fibre is a base change and affine finite-type coordinates give the finitely generated residue extension
D000318,ega:I.6.4.12,map_finite_fibres_under_base_change_with_rank_and_geometric_point_count,active,F37ZW.json FR745-757 2C3738EC2764368B4321FD46924B51E179221CCB2644AE40A3F18B82551F18AB and 01JM 02KD 0H9Y 0F39,,Fibre-product transitivity reduces the statement to scalar extension and the three invariants are preserved
D000319,ega:I.6.4.13,record_algebraic_family_interpretation_and_base_change_examples,active,F37ZW.json FR759-769 7A6007ED76B344535DE8C5013992D54AB7C629FDBC44E5B92F57F2BE9B377DBE and 01T1 01JP,,The paragraph is explanatory prose whose precise cores are finite type and fibre-product base change
D000320,ega:I.6.5.1,map_local_morphism_determination_and_realization,active,F37ZW.json FR774-864 EEC814858C37A15FDDB1098D9DFC6AB5D42E0CDDCDFA6E2F2C55D048764B0CB2 and 01T1 01TX 0BX6 00FP 00QO 00CR,,Clause i is stronger-covered by 0BX6 under locally finite type and clause ii is exactly 01TX followed by 0BX6; the explicit proof and square already occur in the pinned target
D000321,ega:I.6.5.1:diagram:xymatrix:1,admit_I_6_5_1_1_historical_authority_french_english_visual_evidence,active,NUMDAM:EGA_I_PMIHES_1960_4.pdf p150 plus Zenodo 21861666 00_FR.pdf p102 and 00_EN.pdf p337 with three dedicated 5000-dpi crops,,The complete localization-lifting square is present in the direct authority and both public historical reader surfaces; the three crops are individually bounded and visually inspected
D000322,ega:I.6.5.2,map_finite_type_local_realization_after_affine_shrink,active,F37ZW.json FR866-872 57F2283518535657A691085C5F0233BD529D4BB6436F66C1F1C759021909A0D2 and 0BX6 01T6 01T8 01P0 01T1 with D000301 D000304,,After the existential 0BX6 realization shrink inside the realization neighbourhood to an affine neighbourhood of x; 01T6 makes the domain Noetherian and 01T8 plus 01P0 give the two defining conditions of 01T1 while D000301 preserves the literal 6.3.6 route
D000323,ega:I.6.5.3,map_integral_target_injective_local_map_to_injective_affine_realization,active,F37ZW.json FR874-884 11BEF6A68574056FD11F89F236ACDD830E4D74393B756E6A8DD56E6DDE21BCAF and 01OK 00CO 0BX6 with D000186 D000320,,D000320 realizes phi in the existing square; D000186 and 01OK make C a domain; the unlabelled paragraph after 00CO makes i_y injective; injective phi and commutativity force gamma injective
D000324,ega:I.6.5.4,map_finite_type_stalk_criteria_for_local_immersion_and_local_isomorphism,active,F37ZW.json FR886-973 70547DBB98E8AB2BEF981448903ADB70C9C4245C32609CA44694D135203FEED9 and 01HK 0H7H 01IO 01T1 00CR 00CP 01IG 01HE 01TX 0BX6 with D000156 D000173 D000174 D000320,,The finite-type immersion criterion is the affine denominator argument followed by a quotient-spectrum chart; the locally Noetherian isomorphism criterion first upgrades finite type to finite presentation and then reuses local realization and uniqueness to construct inverse open charts
D000325,ega:I.6.5.5,map_irreducible_generic_point_corollary_for_local_immersion_and_local_isomorphism,active,F37ZW.json FR975-996 40FB4643FCC08E47A15589072A85C2CC578714F24B2C3029ED8B35E991921090 and 004X 01RM 01RO 01TX 0BAC 01IO 0BX6 with D000051 D000324,,Irreducibility puts the generic point in every nonempty local chart; D000324 supplies both stalk criteria while 01RM and 01RO identify dominance and birationality and 01TX plus 0BAC gives the stronger dense-open isomorphism route
D000326,ega:I.6.6.1,map_quasi_compact_morphism_definition_affine_basis_criterion_and_target_locality,active,F37ZW.json FR998-1024 5C8CDC02B98888C42016E37E28B124326F15B581D16EF1AFA8C5A6962CB46A00 and 01K3 01K4 01SG with D000267,,The source definition is exactly 01K3; 01K4 packages affine detection finite affine coverings restriction and target locality while D000267 and 01SG supply the affine-target example
D000327,ega:I.6.6.2,map_locally_finite_type_definition_restriction_and_noetherian_permanence_with_routed_source_correction,active,F37ZW.json FR1026-1044 FA028DDA3B0D5E54600F39FB694179A512411FC36BF7838467BA7BBDA7304007 and 01T1 01T2 01T6 with proposed_issue_id=I000103 successor=01a047ab-fc94-7120-af1d-5701ba37aacd state=ROUTED_PENDING_SUCCESSOR_ADJUDICATION,,Read the unbound y at LF1030 as f(x) without mutating authority; 01T1 and 01T2 identify the pointwise finite-type-neighbourhood definition and restriction locality while the local branch of 01T6 gives the Noetherian consequence
D000328,ega:I.6.6.3,map_finite_type_iff_quasi_compact_and_locally_finite_type_with_routed_source_correction,active,F37ZW.json FR1046-1065 341C2E3766648A399DC7506A5B45E6FBE7BABC71BF2D01913389A04F4D2382B9 and 01T1 01T2 01T3 01K3 01K4 with proposed_issue_id=I000104 successor=01a047ab-fc94-7120-af1d-5701ba37aacd state=ROUTED_PENDING_SUCCESSOR_ADJUDICATION,,Read the W_1(x) neighbourhood at LF1060 as a neighbourhood of y=f(x) without mutating authority; 01T1 is the exact proposition while 01T2 01T3 01K3 and 01K4 recover the historical proof
D000329,ega:I.6.6.4,map_quasi_compact_permanence_componentwise_and_complete_01K5_proof,active,F37ZW.json FR1067-1121 95A70DD85C4C0D7EE4C64052082F2DF176C163014762D721144CECEB458316BB and 01K7 04ZA 01K6 01K5 03GI 04ZB 01K3 01JS with D000300 D000269; unique 01K5 preimage A37612375252BF61767A8175DF9E6C27DD76E17B7717D38A4522C790AF596634,,All six clauses and the following binary-coproduct paragraph are covered componentwise; add only the independently written omitted proof of 01K5 while preserving the official statement tag and exact underlying-space hypotheses
D000330,ega:I.6.6.5,map_quasi_compact_dominance_generic_component_fibres_by_existing_theorem_and_topological_upgrade,active,F37ZW.json FR1123-1146 0BCE3737307C8081A439C7BBB9A5666600C8DE0EC99E4481E3AABC2167714067 and 01RL 01RK 004W 01IS 01K4 00FL 0CAN,,01RL hits every target component generic point; 004W and 01IS upgrade a preimage to a source component generic point by maximality and sobriety; 01RK proves sufficiency without quasi-compactness and 01K4 with 00FL and 0CAN covers the affine proof route
D000331,ega:I.6.6.6,map_existing_local_finite_type_permanence,active,F37ZW.json FR1148-1186 348E6D5ADADC5B402D07F5F1CD66CDDD3D504DD82CEACF337A44F0D8EF381908 and pinned a044 target joins,,All six clauses are covered componentwise with explicit locality product and reduction derivations; pinned 0356 replaces the audit's nonbaseline 0HCT citation
D000332,ega:I.6.6.7,map_existing_locally_noetherian_product,active,F37ZW.json FR1188-1196 06E90627D46F602322726626EA081652805A75231DC4DDE3D22F8439175CA254 and pinned a044 target joins,,The locally Noetherian fibre-product conclusion follows from 01T4 and two applications of the local clause of 01T6 without quasi-compactness
D000333,ega:I.6.6.8,map_three_distinct_locally_finite_type_extensions,active,F37ZW.json FR1198-1206 9A4CDA31A9FE669C6F5B75B93C7456083E15F0FDB19A528FCF94F907205AA5E0 and pinned a044 target joins,,Keep three separate extensions: every-algebraically-closed-field surjectivity; closed point iff finite residue extension; and one fixed large algebraically closed field over K
D000334,ega:I.7.1.1,map_topologically_dense_rational_map_equivalence,active,F37ZW.json FR6-15 D2AB4ABE6D0EFC8E2244615133A31600D5B27F544085D9F52850D7145744023B and pinned 01RS with separate 01RX,,Density in the dense open intersection is equivalent to density in X; transitivity intersects equality witnesses; pseudo-morphisms are a distinct schematic-density variant
D000335,ega:I.7.1.2,map_rational_maps_sections_restriction_and_graph_correspondence,active,F37ZW.json FR16-52 92D3DD8A6E7C5E24957AABC57819CD4C6C1DEC2CA3F016A15A888D09010F8DCC and pinned 01RS 01RT 01JP 01M0,,Use a dense equality witness for restriction and the natural graph bijection before quotienting; original printed p155 confirms the overlap overstatement; correction remains PROPOSED and authority is unchanged
D000336,ega:I.7.1.3,map_rational_functions_as_dense_open_sections_with_ring_structure,active,F37ZW.json FR53-64 863BDFD81315F4F5D37CCEF4CD5CFB7B3FD8D809E384C58A0847A73E2565FA7E and pinned 01JH 01RT 01RU,,The natural affine-line representation descends through restriction to dense-open section classes; addition and multiplication use common dense opens with no finite-component or reducedness assumption
D000337,ega:I.7.1.1,correct_raw_source_environment_binding_without_changing_mathematics,active,F37ZW.json raw FR7-16 89ECBC05B6BED28F91BE9605591C30790C6A3C586B406CD6D65D53DA584ED703; adverse predecessor D000334 retained,D000334,Density in the dense open intersection is equivalent to density in X; transitivity intersects equality witnesses; pseudo-morphisms are a distinct schematic-density variant; correction is solely to complete raw-byte source locators and evidence coverage
D000338,ega:I.7.1.2,correct_raw_source_environment_binding_without_changing_mathematics,active,F37ZW.json raw FR18-57 D27D7F2E6937EEDB272CF057862613581EC4D86D6116B5B110274251CAF20148; adverse predecessor D000335 retained,D000335,Use a dense equality witness for restriction and the natural graph bijection before quotienting; original printed p155 confirms the overlap overstatement; correction remains PROPOSED and authority is unchanged; correction is solely to complete raw-byte source locators and evidence coverage
D000339,ega:I.7.1.3,correct_raw_source_environment_binding_without_changing_mathematics,active,F37ZW.json raw FR59-70 D08EE21B691DF31A4C186ABE1F1E35C5D185441CA8A9D0B963D81CFC8A8D2F1B; adverse predecessor D000336 retained,D000336,The natural affine-line representation descends through restriction to dense-open section classes; addition and multiplication use common dense opens with no finite-component or reducedness assumption; correction is solely to complete raw-byte source locators and evidence coverage
D000340,ega:I.7.1.4,identify_rational_maps_with_morphism_germs,active,F37ZW.json raw FR72-84 CFD794C145A7CCC969E0608B8D1DA57F68A05F9894257A905D4E35DF4DC57CEE; complete proof ownership in semantic checkpoint,,Irreducible source; nonempty opens are exactly generic-point neighbourhoods; rational-map equality is precisely germ equality including the relative version
D000341,ega:I.7.1.5,compute_generic_rational_ring_with_all_proof_and_local_stalk_components,active,F37ZW.json raw FR85-114 851265AB581470CF27D459A0418E7031E3054AF6F2D265D2757E8A411E55A821; complete proof ownership in semantic checkpoint,,Generic stalk and dimension zero; Noetherian implies Artinian; integrality implies field; affine qualification and the entire local-stalk fraction-field tail are retained
D000342,ega:I.7.1.6,derive_disjoint_dense_component_reduction,active,F37ZW.json raw FR115-131 3975482FA290C3CD2D263D50F7AF74D0F83D8CDC9A58AD1AD0CEB2A129480C70; complete proof ownership in semantic checkpoint,,Finite closed-component complement opens are pairwise disjoint with dense union; arbitrary target morphisms glue and topological Noetherianity supplies finite components
D000343,ega:I.7.1.7,identify_rational_maps_with_finite_tuples_of_morphism_germs,active,F37ZW.json raw FR132-141 E3210F934472A61037F7EF7D13DFF8BE6861C045AD23D90479BF4727E0477B19; complete proof ownership in semantic checkpoint,,Represent and glue arbitrary generic germs on disjoint dense component opens; equality neighbourhoods supply a dense equality witness; no finite-type target assumption
D000344,ega:I.7.1.8,derive_artinian_rational_ring_and_its_local_factors,active,F37ZW.json raw FR142-149 6234C02598F6607D171BC743691B492B3463759B6D056F7978CE7DB4ED4C5C37; complete proof ownership in semantic checkpoint,,Noetherian source has finitely many generic points; generic stalks are Noetherian of dimension zero; their finite product is Artinian and its local factors are exactly these stalks
D000345,ega:I.7.1.9,derive_localization_away_from_minimal_primes,active,F37ZW.json raw FR150-159 62533A9EFDC0863B1460503353A189785E2B815CCA1BB8130340A508A4D38E61; complete proof ownership in semantic checkpoint,,Use the parent-owned deduction after the nested lemma statement: cofinal dense principal opens and their section rings give localization at the complement of the minimal primes
D000346,ega:I.7.1.9.1,derive_cofinal_dense_principal_opens,active,F37ZW.json raw FR160-191 6828F055CF950D6D374CCF35E1E6473887C671AA5AE0542A03A021E4DA198409; complete proof ownership in semantic checkpoint,,Finitely many minimal primes and finite prime avoidance give a dense principal open inside every dense open; retain source Noetherianity and record the weaker sufficient finiteness condition
D000347,ega:I.7.1.10,construct_well_defined_generic_local_restriction,active,F37ZW.json raw FR192-205 1828BE4CA19D5EE2695DA07B3BCD0411DECEC1CFB063BEFFD7577427C194575E; complete proof and prefix ownership in semantic checkpoint,,Canonical local morphism factors through every representative and equality witness; no target finiteness assumption
D000348,ega:I.7.1.11,separate_finite_type_injection_from_finite_presentation_realization,active,F37ZW.json raw FR206-220 EAC3F9707C71CA270576AC875ABBB88354D8FA33F17BEAA221F296629563EDA7; complete proof and prefix ownership in semantic checkpoint,,0BX8 gives stronger local finite-type injection and local finite-presentation bijection; 01TX supplies EGA locally Noetherian-base conversion
D000349,ega:I.7.1.12,identify_rational_maps_with_generic_local_valued_points,active,F37ZW.json raw FR221-231 B995718DD0E604C758ACE405A915809946C45034BBFA34AF555F5012FE67D2CD; complete proof and prefix ownership in semantic checkpoint,,Apply representable functor in the category of S-schemes; retain bijection hypotheses and possibly nonreduced valued scheme
D000350,ega:I.7.1.13,classify_rational_maps_by_base_compatible_local_homomorphisms,active,F37ZW.json raw FR232-243 BE1BEC1F753074E220FBFD16ABE568BB881AA6391D194F7183DD050AB2B2DE58; complete proof and prefix ownership in semantic checkpoint,,Retain the point over s the local O_S-algebra condition and R(X)=generic local ring without replacing it by a residue field
D000351,ega:I.7.1.14,derive_invariance_under_canonical_localization_at_any_point,active,F37ZW.json raw FR244-258 287AE406EFB664C81109B3F71497FFAB05995C32C3EE672CEFEA14A8387FD6A8; complete proof and prefix ownership in semantic checkpoint,,Generic local S-scheme determines the Hom set; iterated localization gives base-compatible generic stalk identity for Spec(O_Xz)
D000352,ega:I.7.1.15,identify_rational_maps_with_K_valued_points_and_compatible_embeddings,active,F37ZW.json FR259-278 6845A64682195CDE9F4680569A34FA51C97D92C2969BCADF8E27BFA01133DE0E; complete source and proof ownership in receipt,,Integral generic local ring is a field; 0BX8 part3 gives stronger realization; fibre point residue field and embedding compatibility are all retained
D000353,ega:I.7.1.16,specialize_to_algebraic_k_preschemes_without_geometric_point_overclaim,active,F37ZW.json FR279-289 E5DF62CC7B43BBBDFAD5555BA9C756007C78FA1C015113C8DE4A703FD4E9B82D; complete source and proof ownership in receipt,,Set S=Spec(k); algebraic means finite type without separatedness; retain K-valued terminology arbitrary targetpoint and all rational maps
D000354,ega:I.7.2.1,define_absolute_and_relative_domains_separately,active,F37ZW.json FR290-377 F9E952A69C1BEECFEADE0EA11C19400F5702D6CB473E976C596CF1BDF9C8BEE4; separate exact ownership in semantic checkpoint,,Union of ordinary representative domains is dense open without reducedness or separatedness; relative domain is separate comparison notation
D000355,ega:I.7.2.2,derive_relative_maximal_representative_and_preserve_domain_ambiguity,active,F37ZW.json FR290-377 F9E952A69C1BEECFEADE0EA11C19400F5702D6CB473E976C596CF1BDF9C8BEE4; separate exact ownership in semantic checkpoint,,For reduced X and Y separated over S glue S-representatives on D_S; literal absolute-domain strengthening is disproved by opposite charts of doubled-origin base
D000356,ega:I.7.2.2.1,derive_dense_relative_equalizer_equality,active,F37ZW.json FR290-377 F9E952A69C1BEECFEADE0EA11C19400F5702D6CB473E976C596CF1BDF9C8BEE4; separate exact ownership in semantic checkpoint,,Both maps must be over S; reducedness kills the defining ideal after dense support; retain every diagonal and factorization step
D000357,ega:I.7.2.3,derive_relative_restriction_bijection_with_absolute_domain_caveat,active,F37ZW.json FR290-377 F9E952A69C1BEECFEADE0EA11C19400F5702D6CB473E976C596CF1BDF9C8BEE4; separate exact ownership in semantic checkpoint,,Prove injectivity by dense equality and surjectivity by maximal relative restriction; ordinary-domain reading fails over doubled-origin base
D000358,ega:I.7.2.4,derive_separated_base_compatibility_and_domain_equality,active,F37ZW.json FR290-377 F9E952A69C1BEECFEADE0EA11C19400F5702D6CB473E976C596CF1BDF9C8BEE4; separate exact ownership in semantic checkpoint,,Normalize historical separated terminology; composition makes Y separated absolutely and dense equality of structure maps gives D equals D_S
D000359,ega:I.7.2.5,derive_section_preservation_on_relative_domain,active,F37ZW.json FR378-430 8C477D4098B74E71A7931A7582E3CBF2643BAE26F7407C1A89E133B249CF2D11; complete source and proof ownership in semantic checkpoint,,Preserve both separated structure morphisms and reduced X; S-representatives are X-sections; D_S=D_X but D can be larger
D000360,ega:I.7.2.6,derive_regular_function_correspondence_and_exact_graph_domains,active,F37ZW.json FR378-430 8C477D4098B74E71A7931A7582E3CBF2643BAE26F7407C1A89E133B249CF2D11; complete source and proof ownership in semantic checkpoint,,Prove the canonical bijection on dense U and graph/scalar domain equality without assuming X separated; domain equality itself does not require reducedness
D000361,ega:I.7.2.7,derive_reduced_closure_extension_criterion,active,F37ZW.json FR378-430 8C477D4098B74E71A7931A7582E3CBF2643BAE26F7407C1A89E133B249CF2D11; complete source and proof ownership in semantic checkpoint,,Prove both directions and uniqueness using reduced closed structures and density; no retrocompactness; retain relative interpretation of the parenthetical
D000362,ega:I.7.2.8,derive_local_scheme_induced_relative_rational_class,active,F37ZW.json FR431-527 CA14942A4F15FAF900AE22459C6F623A076F9DED1958C7944DD9A82DB1BDFC34; complete bilingual owners and targets in semantic checkpoint,,Use canonical generalizations and dense pullbacks; separately own parent induced-map prose and prove representative independence over S
D000363,ega:I.7.2.8.1,derive_component_traces_and_dense_local_pullbacks,active,F37ZW.json FR431-527 CA14942A4F15FAF900AE22459C6F623A076F9DED1958C7944DD9A82DB1BDFC34; complete bilingual owners and targets in semantic checkpoint,,Preserve topologically locally Noetherian rather than Noetherian coordinate rings; prove minimal-prime correspondence generic local-ring identity and the full density equivalence
D000364,ega:I.7.2.9,derive_relative_local_extension_and_record_ordinary_counterexample,active,F37ZW.json FR431-527 CA14942A4F15FAF900AE22459C6F623A076F9DED1958C7944DD9A82DB1BDFC34; complete bilingual owners and targets in semantic checkpoint,,Keep source finite type and locally Noetherian base; spread the local S-map and prove both branches plus full globalization; a DVR counterexample refutes ordinary local-map substitution
D000365,ega:I.7.3.1,derive_dense_open_presheaf_and_scalar_restriction,active,F37ZW.json FR528-605 1EDC404D41146486D7095EEBE70DC298A2B63C1351292A4B625848AB80A4D20B; complete bilingual owners and exact paired targets in semantic checkpoint,,Verify dense intersections and equivalence-class independence; restrictions respect scalar restriction and compose without reducedness or finiteness
D000366,ega:I.7.3.2,derive_sheafification_algebra_and_open_restriction,active,F37ZW.json FR528-605 1EDC404D41146486D7095EEBE70DC298A2B63C1351292A4B625848AB80A4D20B; complete bilingual owners and exact paired targets in semantic checkpoint,,Sheafify algebraic structures and prove open restriction by cofinal germs; include the full unnumbered tail and do not claim injectivity
D000367,ega:I.7.3.3,derive_local_finite_generic_product_and_quasi_coherence,active,F37ZW.json FR528-605 1EDC404D41146486D7095EEBE70DC298A2B63C1351292A4B625848AB80A4D20B; complete bilingual owners and exact paired targets in semantic checkpoint,,Prove natural generic-local product and arbitrary-cover gluing; finite localization uses elementwise nilpotence not Noetherian rings; dense-open R is not generally meromorphic K
D000368,ega:I.7.3.4,derive_reduced_component_algebra_decomposition,active,F37ZW.json FR528-605 1EDC404D41146486D7095EEBE70DC298A2B63C1351292A4B625848AB80A4D20B; complete bilingual owners and exact paired targets in semantic checkpoint,,Identify generic factors with component function fields only after reducedness; compare sections and scalar actions on all opens; retain dual-number adverse example
