residual_id,source_unit,kind,status,evidence,disposition,decision_id,supersedes
R000001,ega:I.1.1.1,notation,known_semantic_difference,Stacks covers the mathematical objects but does not adopt the literal j_x and f(x) notation,Retain as an explicit terminology migration edge,D000016
R000002,ega:I.1.1.3,missing_tagged_statement,open_gap,No tagged Stacks unit defines j(Y) for an arbitrary subset and states all three identities,Assess whether the notation is reusable enough for a proposed lemma or should remain migration prose,D000016
R000003,ega:I.1.1.4,partial_statement,open_gap,Clause ii for arbitrary Y is derivable but not tagged because Stacks does not define j(Y),Do not promote the partial 00E0 edge to equivalence,D000016
R000004,ega:I.1.1.7,unlabelled_coverage,covered_unlabelled,Closed points equal maximal ideals appears as prose in the Jacobson-ring section,Retain the section edge and do not invent a theorem tag,D000016
R000005,ega:I.1.1.8,stronger_coverage,covered_by_stronger,Stacks has no standalone T0 lemma for spectra but proves the stronger spectral assertion,Retain the stronger-target relation,D000016
R000006,ega:I.1.1.12,stronger_coverage,covered_by_stronger,No standalone affine nilreduction-homeomorphism tag exists at identical granularity,Retain 0BR6 and the exact 00E5 plus 00E0 derivation,D000016
R000007,ega:I.1.1.13,derived_coverage,covered_derived,The exact criterion is split across 00ES and 00E0,Do not claim verbatim single-tag equivalence,D000016
R000008,ega:I.1.1.15,new_local_label,integrated_local_pending_upstream,The exact EGA proposition is now a cited local lemma and repairs an implicit inference in more-algebra.tex,Run chapter checks then seek review without assigning an official tag,D000015
R000009,ega:I.1.2.1,unlabelled_coverage,covered_unlabelled,The residue-field map is section prose while the quotient embedding and evaluation identity are implicit,Retain an explicit naturality migration edge and do not invent a tag,D000018
R000010,ega:I.1.2.2,derived_coverage,covered_derived,The arbitrary V-preimage formula follows directly from contraction and the definition of V,Retain the split derivation and do not promote it to a single-tag equivalence,D000018
R000011,ega:I.1.2.2,unlabelled_coverage,covered_unlabelled,The exact closure-of-image identity occurs in the proof of 00FL and requires the quotient realization,Retain both component edges and the proof-level evidence,D000018
R000012,ega:I.1.2.4,new_local_label,integrated_local_pending_upstream,The general unit-times-image criterion now unifies the quotient and localization topology arguments,Run Algebra checks then seek review without assigning an official tag,D000019
R000013,ega:I.1.2.7,stronger_coverage,covered_by_stronger,00FL contains the exact EGA equivalence as items 1 and 3 plus a minimal-prime characterization,Retain the stronger-target relation,D000018
R000014,ega:I.1.3.1,notation,known_semantic_difference,Stacks localizes at f directly and does not introduce EGA's saturated multiplicative set S'_f,Retain as a notation migration unit rather than inventing a lemma,D000021
R000015,ega:I.1.3.2,derived_coverage,covered_derived,The six-way equivalence is split across radical identities 00E0 and the standard-open divisibility lemma 01HS,Retain both component edges and the saturation-notation distinction,D000021
R000016,ega:I.1.3.3,unlabelled_coverage,covered_unlabelled,Canonical localization maps are labeled but mutual inverse and composition coherence occur in construction prose,Do not invent a tag for the numbered coherence formula,D000021
R000017,ega:I.1.3.4,derived_coverage,covered_derived,The theta-rho germ formula follows from standard-open sections stalks and functoriality without the EGA notation,Retain the two component edges,D000021
R000018,ega:I.1.3.6,unlabelled_coverage,covered_unlabelled,The restriction tilde(M)|D(f)=tilde(M_f) is an explicit consequence in prose after 01I9,Retain the labeled pullback edge and prose evidence,D000021
R000019,ega:I.1.3.8,stronger_coverage,covered_by_stronger,01I7 gives the universal mapping property against every sheaf and specializes to the source Hom bijection,Retain the stronger-target relation,D000021
R000020,ega:I.1.3.9,derived_coverage,covered_derived,Images and mono-epi criteria follow from the exact affine correspondence while 01IC displays kernels and cokernels,Retain the split component edges,D000021
R000021,ega:I.1.3.10,derived_coverage,covered_derived,The submodule lattice identities follow from exactness full faithfulness images and kernels but have no standalone tag,Do not promote 01IC to full equivalence,D000021
R000022,ega:I.1.3.11,stronger_coverage,covered_by_stronger,01IB is a quasi-inverse equivalence for all quasi-coherent modules and therefore implies exact global sections,Retain the stronger-target relation,D000021
R000023,ega:I.1.3.13,derived_coverage,covered_derived,The bundled algebra module exactness finite-type tensor Hom ideal and grading claims are distributed across six categorical targets,Retain component-level evidence and avoid a redundant omnibus lemma,D000021
R000024,ega:I.1.3.14,derived_coverage,covered_derived,The generated-subalgebra identity follows from tensor powers exact images direct sums and the affine equivalence,Record the derivation without claiming a single-tag match,D000021
R000025,ega:I.1.4.1,new_local_label,integrated_local_pending_upstream,The exact four-way characterization now has one cited local Stacks-style statement with a canonical global-sections strengthening,Build the affected chapter and seek review without assigning an official tag,D000024
R000026,ega:I.1.4.1.1,proof_device,covered_derived,No named target has the arbitrary-sheaf local d1-d2 hypotheses; 01P7 subsumes the conclusion in the quasi-coherent application and 01IE uses the same finite gluing maneuver,Retain the source lemma as proof-level provenance and do not add a second ad hoc local statement,D000025
R000027,ega:I.1.4.2,stronger_coverage,covered_by_stronger,01PE proves the source extension claim for every quasi-compact open immersion and 0EHM gives a canonical affine-specific extension,Retain 01PE as the primary stronger edge and 0EHM as constructive evidence,D000023
R000028,ega:I.1.4.3,derived_coverage,covered_derived,The algebra and module clauses are distributed across the categorical equivalences 01SA and 01SB with 01IB 01I8 and 0H88 as proof dependencies,Retain two component edges rather than claim a single-tag equivalence,D000023
R000029,ega:I.1.5.1,derived_coverage,covered_derived,No single tag packages the ambient finite A-module clause with coherent versus finite type quasi-coherent,Retain the exact chain 01XZ plus 0EHM 01PF 01IA and 01PB without adding a redundant omnibus lemma,D000028
R000030,ega:I.1.5.2,stronger_coverage,covered_by_stronger,01XZ explicitly proves coherence of the structure sheaf on every locally Noetherian scheme,Retain the stronger target relation for the affine Noetherian source case,D000027
R000031,ega:I.1.5.3,derived_coverage,covered_derived,No single tag says that every coherent sheaf on an open of a Noetherian affine extends coherently,Retain the exact 01PE plus 01PF plus 01XZ derivation and do not misidentify morphism-extension tag 0FD0,D000028
R000032,ega:I.1.6.1,stronger_and_formula_coverage,covered_by_stronger,01I1 constructs the morphism for every locally ringed space mapping to an affine while the explicit standard-open and stalk formulas are distributed across 00E2 01HY and 01HV,Retain the stronger primary edge and exact formula dependencies without a redundant special-case lemma,D000031
R000033,ega:I.1.6.2,derived_coverage,covered_derived,00E3 gives the exact topology while the local-ring and induced-sheaf clauses require localization twice and a stalkwise sheaf criterion,Retain the four exact component edges and do not call an arbitrary localization an open immersion,D000034
R000034,ega:I.1.6.3,proof_level_structure,covered_derived,01I9 item 2 states the functorial module isomorphism but its algebra and module-action refinements are compatibility consequences in the proof,Retain the exact main edge and record the structural refinements without adding a new label,D000032
R000035,ega:I.1.6.4,stronger_coverage,covered_by_stronger,01SB makes direct image part of an equivalence for every affine morphism and therefore proves exactness in the affine-spectrum case,Retain the stronger target relation,D000031
R000036,ega:I.1.6.5.1,derived_coverage,covered_derived,The exact displayed local tensor formula is assembled from the general pullback-stalk formula the affine pullback isomorphism and affine stalk identifications,Retain the three component edges rather than invent a standalone tag,D000032
R000037,ega:I.1.6.6,stronger_coverage,covered_by_stronger,01I9 identifies the entire pulled-back sheaf with the tensor-base-changed module and hence implies generation by the canonical tensors,Retain the stronger target relation with 01HV as the global-sections dependency,D000032
R000038,ega:I.1.6.7,proof_level_identity,covered_derived,The exact affine formulas for the sheaf adjunction unit counit and transpose are distributed across 0096 05DQ and 01I9,Retain the split derivation because the formulas are useful provenance but not a missing reusable theorem,D000032
R000039,ega:I.1.6.8,canonical_map_identification,covered_derived,01I8 and 01I9 identify the source target and induced module map but the French source neither assumes flatness nor asserts that the canonical map is an isomorphism,Retain the exact identification and exclude 0C6I as an overstrong target,D000033
R000040,ega:I.1.6.9,derived_coverage,covered_derived,Ideal multiplication images extended ideals and quotient base change are assembled from affine pullback tensor compatibility exact associated sheaves and right exact pullback,Retain the four component edges without adding a bundled lemma,D000032
R000041,ega:I.1.6.10,stronger_coverage,covered_by_stronger,01I2 packages affine schemes as the opposite category of rings and therefore includes the source identity and composition laws,Retain the stronger target relation with 00E2 for the underlying topological formula,D000032
R000042,ega:I.1.7.2,stronger_coverage,covered_by_stronger,01I1 gives the full Hom-set bijection for every locally ringed source while the source paragraph records only the affine construction and recovery direction,Retain the stronger target relation,D000035
R000043,ega:I.1.7.3,derived_recognition_coverage,covered_derived,The ringed-space recognition iff is exactly the combination of the local-stalk definition 01HB and the universal affine-target bijection 01I1,Retain the split formulation because 01I2 alone does not state recognition among arbitrary ringed-space morphisms,D000036
R000044,ega:I.1.7.3:diagram:xymatrix:1,proof_level_diagram,covered_unlabelled,The exact global-to-local square appears inside the proof of 01HY but has no independent target label,Retain its stable diagram ID and proof-level edge rather than hide or invent a tag,D000037
R000045,ega:I.1.7.4,stronger_component,covered_by_stronger,01I1 proves the explicit Hom bijection in greater source generality while 01I2 exactly packages the aggregate opposite-category equivalence,Retain both typed edges and one categorical orientation,D000036
R000046,ega:I.1.7.5,stronger_and_category_coverage,covered_by_stronger,01IG proves the induced quotient map is a closed immersion while 01L6 states monicity only among schemes although its proof works verbatim for ringed-space test objects,Retain the stronger geometric target and explicit ambient-category caveat,D000036
R000047,ega:I.2.1.4,stronger_merged_coverage,covered_by_stronger,01IS proves sobriety and therefore the source Kolmogorov assertion while also absorbing the next generic-point proposition,Retain the stronger edge and explicit topological-definition dependency without duplicating the sober theorem,D000040
R000048,ega:I.2.1.6,historical_ambient_stalk_notation,known_semantic_difference,No general pinned Stacks tag uses O sub X slash Y for the stalk at the generic point of an arbitrary irreducible closed subset,Retain the historical notation as a migration note and do not mis-map the narrower codimension-one notation 02AR,D000042
R000049,ega:I.2.1.6,stronger_rational_function_coverage,covered_by_stronger,01RV computes the rational-function ring for every scheme with finitely many irreducible components and specializes to the source irreducible case,Retain 01RU and 01RV together and exclude the integral function-field definition 01RW,D000042
R000050,ega:I.2.1.7,stronger_open_immersion_coverage,covered_by_stronger,01IK treats every open immersion and explicitly contains the source open-subspace restriction as a special case,Retain the stronger theorem plus the separate construction and terminology edges,D000040
R000051,ega:I.2.1.8,composite_locally_integral_coverage,covered_derived,No single pinned label names locally integral in the source sense but 01OQ instantiated with integral domains and 01OK give the exact neighbourhood condition,Retain the composite derivation and the warning that domain is not a Zariski-local ring property,D000043
R000052,ega:I.2.2.1,residue_field_consequence,covered_unlabelled,The induced residue-field map is stated in prose after 07BI and injectivity is the elementary field-map consequence,Retain the proof-level edge without inventing a separate theorem tag,D000046
R000053,ega:I.2.2.2,category_packaging,covered_unlabelled,The paragraph after 01HB checks closure under composition and the Hom notation is conventional rather than separately tagged,Retain the formula and stalk edges plus this explicit packaging residual,D000046
R000054,ega:I.2.2.3,stronger_open_immersion_coverage,covered_by_stronger,01HF constructs an open immersion and 01L7 proves every immersion is a scheme monomorphism,Retain both stronger edges and distinguish the ambient category,D000046
R000055,ega:I.2.2.3,ringed_space_monomorphism,covered_derived,The literal claim is monicity among all ringed spaces while 01L7 only names the scheme category; uniqueness of restriction in 01HI proves the larger claim,Retain the category caveat without requesting a redundant lemma,D000046
R000056,ega:I.2.2.4,stronger_affine_target_mapping_property,covered_by_stronger,01I1 permits every locally ringed source whereas EGA assumes a prescheme,Retain the stronger relation and the exact variance of the Hom bijection,D000047
R000057,ega:I.2.2.4.1,proof_level_standard_open_formula,covered_unlabelled,The equality is printed explicitly inside the proof of 01I1 but has no independent target label,Retain the stable formula unit and proof-level edge,D000047
R000058,ega:I.2.2.5,composite_module_mapping_coverage,covered_derived,The exact result is assembled from affine quasi-coherent equivalence the universal module construction and pullback-pushforward adjunction,Retain the three typed edges and note that Stacks does not require G to be quasi-coherent,D000047
R000059,ega:I.2.2.7,stronger_composition_coverage,covered_by_stronger,02V2 also proves universal openness and 0515 proves ordinary and universal closed composition for algebraic stacks,Use only the ordinary clauses for the source and keep the stronger ambient scope explicit,D000049
R000060,ega:I.2.2.7,dominant_composition_proof,covered_unlabelled,Composition of dominant morphisms is used explicitly in the proof of 0H8J but is not a standalone pinned lemma,Retain the proof-level edge without duplicating the stronger locality theorem,D000049
R000061,ega:I.2.2.7,elementary_cancellation_clauses,covered_derived,Closedness after a surjective first factor and surjectivity of the second factor follow by exact image and inverse-image identities,Retain the two derived edges and exclude proper or universally closed substitutes,D000049
R000062,ega:I.2.2.8,stronger_descent_locality,covered_by_stronger,02KV proves fpqc locality for surjectivity and 0H8J proves fppf locality for dominance,Retain their Zariski specializations and exclude 0H8H with its extra quasi-compactness,D000050
R000063,ega:I.2.2.8,open_and_closed_locality,covered_derived,The open and ordinary closed clauses follow directly by intersecting images with each member of the target cover,Retain definition-level edges without manufacturing a separate locality lemma,D000050
R000064,ega:I.2.2.9,stronger_generic_fibre_coverage,covered_by_stronger,0BAB proves a generic-local base change isomorphism and therefore the source singleton-fibre clause,Retain it with 01RO rather than mapping to the unrelated irreducible rational-map definition 0A20,D000051
R000065,ega:I.2.2.9,closed_dense_image_consequence,covered_derived,01RP gives dominance and an ordinary closed dense image is the whole target,Retain the derived surjectivity edge without adding finite-type or separated hypotheses,D000051
R000066,ega:I.2.2.9,historical_component_indexing,known_semantic_difference,The French writes paired enumerations Xi and Yi while 01RO states the invariant induced bijection on generic points,Interpret the historical indexing as compatible numbering and preserve the modern invariant graph representation,D000051
R000067,ega:I.2.2.10,notation_conventions,covered_unlabelled,The suppression convention is explicit prose after 01HB while 01HG and 01IK cover the induced open scheme,Retain notation as a semantic migration edge rather than a theorem claim,D000046
R000068,ega:I.2.3.1,stronger_affine_basis_coverage,covered_by_stronger,01IT proves affine opens form a basis rather than merely that an affine cover exists,Retain the stronger relation and introduce no finiteness condition on the cover,D000054
R000069,ega:I.2.3.1,affine_cover_reconstruction,covered_derived,01JB reconstructs the original scheme from its affine-open overlap data through its mapping properties,Retain the derived converse direction separately from 01JC which only proves that a glued object is a scheme,D000054
R000070,ega:I.2.3.2,stronger_projective_line_example,covered_by_stronger,01JE contains the complete inversion gluing global-section calculation and nonaffineness proof plus additional affine-open facts,Retain the single primary example target and record component dependencies without confusing it with doubled origin,D000055
R000071,ega:I.2.3.2,future_projective_space_comparison,covered_derived,01NF and 01NG define Proj projective one-space and its two standard affine charts but do not separately tag the comparison with 01JE,Retain the documentary cross-construction relation as derived rather than a mathematical gap,D000055
R000072,ega:I.2.4.1,compound_local_scheme_terminology,known_semantic_difference,Stacks splits affine scheme and local ring across 01HW and 07BI without a separate tagged local-scheme definition,Retain the historical compound term as migration metadata,D000057
R000073,ega:I.2.4.1,stronger_canonical_map_coverage,covered_by_stronger,01J6 classifies every morphism from a local spectrum while the source constructs only the identity-stalk canonical case,Retain the stronger target and its exact 02NA specialization,D000057
R000074,ega:I.2.4.1:diagram:xymatrix:1,chart_independence_diagram,covered_derived,The exact triangle is absent as a labelled target but commutes by the localization maps and uniqueness in 01J6,Preserve the native diagram unit and do not substitute the unrelated functoriality square,D000057
R000075,ega:I.2.4.2,split_local_spectrum_geometry,covered_derived,No single tag packages the induced-subspace homeomorphism stalk isomorphisms ringed-space monicity and irreducible-closure correspondence,Retain the typed 01J7 00E3 02C6 01L6 and 01IS synthesis,D000058
R000076,ega:I.2.4.3,global_component_dimension_zero_composite,covered_derived,The global scheme wording is reconstructed from an affine neighbourhood localization prime chains and the local-ring condition,Retain the composite and do not strengthen a zero-dimensional local ring to a field,D000059
R000077,ega:I.2.4.5,missing_closed_image_hypothesis,open_gap,The source says all Spec K to Spec A morphisms come from A modulo its maximal ideal although such a point may land at any prime,Preserve diplomatic French refer the correction and map only the valid local-map component,D000061
R000078,ega:I.2.4.6,fixed_field_point_bijection,covered_unlabelled,The exact pairs of a point and residue-field embedding formulation is prose under section tag 01J5 rather than a separately labelled lemma,Retain the prose locus and exclude 01J9 equivalence classes,D000062
R000079,ega:I.2.4.7,ringed_space_monomorphism_category,covered_derived,Tags 01IG 01L9 and 01L6 formally prove the scheme-category components while the 01L6 stalk proof works for all ringed-space test objects,Retain the ambient-category caveat and do not call the full composite a closed immersion,D000063
R000080,ega:I.2.4.8,local_triviality_synthesis,covered_derived,Local freeness from 0B8M and the unique-closed-point open-neighbourhood fact together make the rank-one sheaf globally trivial,Retain both ingredients because no single target packages the source remark,D000064
R000081,ega:I.2.4.8,closed_point_open_neighbourhood_fact,covered_unlabelled,The proof of 01J6 explicitly says an open in a local spectrum containing its closed point is the whole spectrum,Retain this proof-level fact without inventing a separate official tag,D000064
R000082,ega:I.2.4.8,stronger_UFD_Picard_coverage,covered_by_stronger,Tag 0BDA proves trivial Picard group for every open subscheme of a UFD spectrum while the source only previews the affine case,Retain the stronger target and note that factoriality already entails normality,D000064
R000083,ega:I.2.5.1,sheaf_of_A_algebras_reformulation,covered_derived,Tag 01I1 states the equivalent global-ring-map form rather than separately tagging the compatible sheaf-of-algebras wording,Retain the exact affine-target derivation and do not invent a second definition,D000066
R000084,ega:I.2.5.1,final_integer_scheme_coverage,covered_by_stronger,Tag 01JM gives a final scheme and its proof identifies Spec Z while 01I1 reduces uniqueness to the initial property of Z,Retain the stronger categorical target with the direction of arrows explicit,D000066
R000085,ega:I.2.5.1,point_over_base_terminology,covered_unlabelled,The phrase lying over a point is the underlying-point equality for the 01JX structure morphism but has no separate tagged definition,Retain it as terminology and do not replace it by a rational point or scheme-theoretic fibre,D000066
R000086,ega:I.2.5.2:diagram:xymatrix:1,native_commuting_triangle,covered_derived,The exact three-arrow French diagram is absent as a labelled Stacks artifact although its equality is exactly 01JX item three,Preserve the native diagram unit and its two structural arrows,D000067
R000087,ega:I.2.5.2,slice_category_consequences,covered_derived,Fibre preservation follows from the commuting triangle while composition identities and Hom sets follow from the slice category 001G,Retain the derived consequences without weakening an S-morphism to a pointwise fibre-preserving map,D000067
R000088,ega:I.2.5.3,over_S_gluing_and_open_factorization,covered_derived,Tag 01JB glues ordinary morphisms and 01HI factors through the target open while equality over S follows by uniqueness,Retain the short derived checks and impose no finiteness or separation hypothesis,D000068
R000089,ega:I.2.5.4,ambient_base_restriction_not_fibre_product,known_semantic_difference,EGA change of base in this unit is postcomposition or restriction through an open whereas Stacks 01JX items five through seven form a Cartesian pullback,Keep the operations as distinct graph relations and exclude 01JY,D000069
R000090,ega:I.2.5.4,stronger_open_factorization,covered_by_stronger,Tag 01HI gives unique factorization through the open base while the source states that the restricted base structure can be considered,Retain the stronger uniqueness without importing claims for arbitrary subspaces,D000069
R000091,ega:I.2.5.4,automatic_S_prime_linearity,covered_derived,Cancellation of the open immersion by 01L7 turns equality over S into equality over S prime,Retain the monomorphism argument and do not generalize it to a nonmonomorphic base map,D000069
R000092,ega:I.2.5.5,section_set_reconstruction,covered_derived,Combining the section identity in 01KT with 01JX identifies the source set as Mor_S of S into X,Retain the exact slice-category reconstruction after applying the corrected source type,D000070
R000093,ega:I.2.5.5,Gamma_section_notation,known_semantic_difference,EGA writes Gamma of X over S for structural sections while Stacks writes Mor_S of S into X and Gamma elsewhere usually denotes global sections,Preserve an explicit notation-migration edge to prevent confusion with global functions or cohomology,D000070
R000094,ega:I.3.1.1,stronger_colimit_and_gluing_coverage,covered_by_stronger,Tags 0B1X 01JB 01JC and 01I5 each state a construction broader than the exact disjoint or binary special case in the source,Retain the stronger targets with strict component and specialization edges,D000072
R000095,ega:I.3.1.1,disjoint_gluing_specialization,covered_derived,The arbitrary coproduct is obtained from 01JB by setting every off-diagonal overlap empty and then applying its mapping property,Record the specialization explicitly because no single pinned tag is titled arbitrary coproducts of schemes,D000072
R000096,ega:I.3.1.1,relative_S_structure,covered_derived,The unique structure map and slice coproduct follow by applying the 01JB Hom bijection to the target S together with 01JX,Retain the derived relative clause without adding hypotheses,D000073
R000097,ega:I.3.1.1,sum_and_coproduct_notation,known_semantic_difference,EGA uses somme with bigsqcup and sqcup while Stacks uses coproduct or disjoint union with coprod and amalg,Retain a notation migration and one shared semantic object,D000073
R000098,ega:I.3.1.1,binary_affine_scheme_identification,covered_unlabelled,The proof of 01I5 constructs the canonical locally ringed-space isomorphism to Spec of the product ring while 00ED alone states only the underlying homeomorphism,Retain both layers and do not overstate the 00ED lemma,D000074
R000099,ega:I.3.1.1,finite_versus_infinite_ring_products,known_semantic_difference,Spec of a binary product is the scheme coproduct but Spec of an infinite product generally contains additional primes and remains affine,Restrict the affine formula to the binary source statement,D000074
R000100,ega:I.3.1.1,no_single_scheme_coproduct_tag,covered_derived,No single pinned lemma packages arbitrary scheme coproduct existence construction and universal property although 01JB plus 01JC prove all of it,Retain the split reusable scaffold rather than inventing an official tag,D000072
R000101,ega:I.3.2.1,slice_product_fibre_product_terminology,known_semantic_difference,EGA calls the product in the slice category a product while Stacks primarily calls the same ordinary-scheme construction a fibre product over S,Retain both exact presentations under one semantic object,D000076
R000102,ega:I.3.2.1,unique_isomorphism_consequence,covered_unlabelled,Uniqueness up to unique projection-compatible isomorphism is the prose consequence following 001S and 001V rather than a separate tag,Retain the exact categorical consequence without treating chosen products as literally equal,D000076
R000103,ega:I.3.2.1,pairing_and_product_map_notation,known_semantic_difference,EGA writes ordered pair sub S and u times_S v while Stacks uses the universal dotted arrow without dedicated tags for those symbols,Retain notation migration edges and the defining projection equations,D000076
R000104,ega:I.3.2.1,stronger_limit_functoriality,covered_by_stronger,Tag 002L gives functoriality for arbitrary limits while the source defines only the induced map between binary products in Sch over S,Retain the stronger categorical target at strict specialization,D000076
R000105,ega:I.3.2.1,derived_product_morphism,covered_derived,The arrow u times_S v is obtained by pairing u after p1 prime with v after p2 prime and its laws follow from uniqueness,Retain the construction without inventing a dedicated Stacks tag,D000076
R000106,ega:I.3.2.1,definition_before_existence,known_semantic_difference,The source defines a product conditionally and explicitly assumes later product objects exist while 01JM already proves all scheme fibre products exist,Do not import the later existence theorem into this source unit,D000076
R000107,ega:I.3.2.2,canonical_projection_and_Hom_proof,covered_unlabelled,The projection ring maps and A-algebra Hom bijection occur as canonical data and proof calculations inside 01I4 rather than separate labelled statements,Retain their directions and the footnote meaning of Hom_A,D000077
R000108,ega:I.3.2.2,stronger_locally_ringed_space_coverage,covered_by_stronger,Tag 01I4 proves the affine tensor formula is a fibre product even among locally ringed spaces while the source needs schemes,Retain the stronger ambient-category fact without changing the source claim,D000077
R000109,ega:I.3.2.2,A_algebra_Hom_notation,known_semantic_difference,EGA writes an ordinary product of Hom_A sets because A compatibility is built into each factor while Stacks writes a fibre product over Hom from A,Record the equivalence and preserve the A-algebra meaning,D000077
R000110,ega:I.3.2.3,pure_tensor_pairing_formula,covered_derived,The formula tau of b tensor c equals rho of b times sigma of c is the concrete inverse to the 01I4 Hom bijection using the bilinear universal property 00CX,Retain the proof-level formula with multiplicativity checked,D000078
R000111,ega:I.3.2.3,base_compatibility_required,known_semantic_difference,The existence of tau requires rho and sigma to agree on A as encoded by the S-morphism hypotheses,Retain the compatibility guard and reject arbitrary pairs of ring maps,D000078
R000112,ega:I.3.2.4,monomorphic_base_comparison,covered_derived,Tag 01L3 makes the diagonal of S prime over S an isomorphism and 01KR identifies the comparison as its base change,Retain the two-step proof because 01KR alone states only immersion consequences,D000079
R000113,ega:I.3.2.4,weaker_base_hypotheses,known_semantic_difference,An arbitrary base map yields only the 01KR comparison and a separated map makes it closed rather than invertible,Keep categorical monicity as the exact threshold,D000079
R000114,ega:I.3.2.5,open_base_product_comparison,covered_derived,Tags 01HI and 01L7 reduce the image-containment corollary to the monomorphic-base argument of 3.2.4,Retain the composite and do not duplicate a standalone product theorem,D000080
R000115,ega:I.3.2.5,stronger_open_immersion_monicity,covered_by_stronger,Tag 01L7 proves every immersion is monic while the source only needs the canonical open immersion of S prime into S,Retain the stronger target without weakening openness in the factorization step,D000080
R000116,ega:I.3.2.6,stronger_finite_limit_packaging,covered_by_stronger,Tag 01JM proves a final object products and fibre products while the source asserts only one binary product in each slice,Retain the exact specialization without inflating the source claim,D000082
R000117,ega:I.3.2.6,alternative_representability_proof,known_semantic_difference,Stacks packages the source multistep gluing proof into one representable-functor argument through 01JJ and 01I4,Record the proof lineage without pretending line-for-line identity,D000082
R000118,ega:I.3.2.6.1,stronger_open_base_form,covered_by_stronger,Tag 01JR also replaces S by a smaller open containing both factor images and identifies the canonical open immersion,Specialize the base open to all of S for the exact source lemma,D000083
R000119,ega:I.3.2.6.1,proof_order_circularity,known_semantic_difference,The source uses its conditional open lemma before proving existence while Stacks states 01JR only after 01JM,Do not cite 01JR as a dependency of the pinned 01JM proof,D000083
R000120,ega:I.3.2.6.2,no_single_candidate_product_criterion_tag,covered_unlabelled,No named pinned lemma states that this preassigned cone is globally a product from its exact inverse-image product cover,Retain the complete proof-level derivation rather than mislabel 01JM as exact,D000084
R000121,ega:I.3.2.6.2,exact_inverse_image_cover_is_essential,known_semantic_difference,Arbitrary local charts that happen to be product copies do not establish the universal property of Z,Preserve W_alpha_lambda as the simultaneous inverse image under p and q,D000084
R000122,ega:I.3.2.6.2,local_morphism_descent,covered_derived,Tags 01JP 01JB and 01JR jointly give local uniqueness overlap agreement and gluing of the required global arrow,Retain the split proof graph and no standalone-tag claim,D000084
R000123,ega:I.3.2.6.3,unconditional_existence_is_stronger,covered_by_stronger,Tag 01JM removes every local-existence hypothesis from the source gluing lemma,Keep the source construction visible while accepting theorem-level absorption,D000085
R000124,ega:I.3.2.6.3,local_representability_gluing,covered_derived,Tag 01JJ applied to the fibre-product functor reconstructs existence from locally represented open subfunctors,Retain the instantiation and its open-subfunctor checks,D000085
R000125,ega:I.3.2.6.3,canonical_overlap_cocycle,covered_derived,Unique projection-compatible product isomorphisms force every pairwise and triple-overlap identity used by the source,Record the derived cocycle rather than invent a dedicated tag,D000085
R000126,ega:I.3.2.6.4,unconditional_existence_is_stronger,covered_by_stronger,Tag 01JM implies the conditional base-cover criterion without using its hypotheses,Keep the source local-on-base method as separate proof metadata,D000086
R000127,ega:I.3.2.6.4,synchronized_base_cover_argument,covered_derived,Open factorization through S_i intersect S_j and functor gluing recover the source cross-index construction,Retain 01HI and 01JJ as proof components,D000086
R000128,ega:I.3.2.6.4,affine_covering_lemma_false_near_match,known_semantic_difference,Tag 01JS assumes the global product already exists and only describes an affine cover,Exclude 01JS from existence coverage and prevent circular reasoning,D000086
R000129,ega:I.3.2.6.5,proof_unit_merged_into_01JM,covered_unlabelled,The source unit closes a preceding theorem while the target proof contains the affine-cover strategy without a matching numbered sublemma,Attach the proof evidence without creating a second theorem edge,D000087
R000130,ega:I.3.2.6.5,proof_chain_not_line_for_line,covered_derived,Stacks uses 01JJ in one stage and does not reproduce the source route through 3.2.5 and 3.2.6.4,Keep 01I4 exact as an ingredient and classify the rest as partial proof absorption,D000087
R000131,ega:I.3.2.7,pairing_compatibility_unlabelled,covered_derived,The 01JR proof plus 01HI and the 01JP dotted-arrow uniqueness identify the open-base and ambient pairings,Retain the naturality clause separately from the exact main open-product statement,D000088
R000132,ega:I.3.2.7,image_containment_is_essential,known_semantic_difference,Without f of T inside U and g of T inside V the ambient pairing need not factor through the asserted open product,Preserve both source image guards and the unique open factorizations,D000088
R000133,ega:I.3.2.8,no_single_distribution_tag,covered_derived,No pinned scheme lemma states the full two-family coproduct and fibre-product formula although 01JR 01JB and 01JC prove it,Retain the split reusable scaffold rather than add a redundant theorem,D000089
R000134,ega:I.3.2.8,not_generic_product_coproduct_distributivity,known_semantic_difference,The result uses disjoint open components of scheme coproducts and is not a formal law in every category with products and coproducts,Keep the scheme-specific gluing proof and reject an abstract overgeneralization,D000089
R000135,ega:I.3.2.8,self_family_only_in_023X,covered_unlabelled,The proof of 023X writes the decomposition only when both factors are the same coproduct family,Use it as corroboration and never as an equivalent two-family target,D000089
R000136,ega:I.3.2.8,arbitrary_set_indexed_families,covered_derived,The source permits arbitrary families including empty ones and the disjoint gluing plus 002J construction preserves that scope,Do not introduce a finite-family or nonempty-family hypothesis,D000089
R000137,ega:I.3.3.1,arbitrary_category_sum_preservation_false,open_gap,Base change in an arbitrary category need not preserve coproducts although the final sentence of 3.3.10 asserts sum preservation,Keep the omnibus edge partial and defer corrected-source disposition to the edition owner under the append-only referral,D000092
R000138,ega:I.3.3.1,valid_categorical_core_separable,known_semantic_difference,Slice categories pullbacks unitors associativity and base-change limit preservation are categorical even though the sum clause is not,Map each valid component independently rather than reject the entire section,D000092
R000139,ega:I.3.3.2,bifunctor_laws_from_uniqueness,covered_derived,The pinned category definitions do not print the ordinary fixed-base bifunctor as a standalone lemma,Retain identity and composition as universal-property consequences of 001V and 002L,D000093
R000140,ega:I.3.3.2:diagram:xymatrix:1,projection_square_unlabelled,covered_derived,The diagram is the first-projection naturality square built into the induced product map,Keep the native diagram unit and its second-projection companion explicit in evidence,D000093
R000141,ega:I.3.3.2,chosen_product_coherence,known_semantic_difference,A literal bifunctor requires a chosen product representative for each pair while existence alone gives canonical isomorphism classes,Retain strict laws after choices and unique natural comparison between choices,D000093
R000142,ega:I.3.3.3,terminal_unit_isomorphisms_unlabelled,covered_derived,No standalone pinned lemma states both slice unitors their inverses and naturality,Retain the complete derivation from 001G 002C 001S and 01JP,D000094
R000143,ega:I.3.3.3:proof,terminal_product_proof_unlabelled,covered_derived,The proof is the direct universal-property verification that X represents X times_S S,Attach it to 001S without inventing a new target label,D000094
R000144,ega:I.3.3.4,projection_unit_formulas_unlabelled,covered_derived,The two formulas are immediate uniqueness consequences rather than a named Stacks result,Preserve the pre-identification equations and the canonical-unit convention,D000095
R000145,ega:I.3.3.5,finite_product_existence_from_binary_products,covered_derived,Tags 01JM and 002O jointly recover the source induction inside the slice category,Do not claim that either tag alone literally states the full source sentence,D000096
R000146,ega:I.3.3.5,ordinary_product_associativity_unlabelled,covered_unlabelled,The prose after 002E gives uniqueness while associativity follows because both parenthesizations represent the same finite-product functor,Retain the projection-compatible comparison and do not use 2-fibre-product associativity as a false near match,D000096
R000147,ega:I.3.3.5,commutativity_by_reindexing,covered_derived,Tag 002L yields the comparison after permuting the finite indexing category but does not name ordinary-product commutativity separately,Record the inverse permutation and uniqueness coherence,D000096
R000148,ega:I.3.3.5,triple_projection_formula,covered_derived,The formula for the first outer projection follows from the dotted-arrow uniqueness in 01JP,Retain the chosen projection-compatible parenthesization in the edge,D000096
R000149,ega:I.3.3.5,nullary_and_singleton_scope_implicit,known_semantic_difference,The source says an arbitrary finite number n but its displayed induction does not spell out n equals zero or one,Record the empty product as S in the slice and the singleton product as X only as implicit conventions,D000096
R000150,ega:I.3.3.5,canonical_isomorphism_not_literal_equality,known_semantic_difference,Commutativity and associativity compare chosen representatives and are not set-theoretic equalities,Require projection-compatible canonical isomorphisms and reject arbitrary factor-swapping identifications,D000096
R000151,ega:I.3.3.6,factor_order_and_inverse_image_terminology,known_semantic_difference,Stacks writes S prime times_S X while EGA writes X times_S S prime and calls it an inverse image,Use canonical fibre-product symmetry and retain that inverse image means categorical pullback,D000098
R000152,ega:I.3.3.6:diagram:xymatrix:1,cartesian_target_stronger_than_commutativity,covered_by_stronger,The source diagram asserts commutativity while 01JP also supplies the universal cartesian property,Map the whole diagram to 01JP without weakening the target or inflating the source,D000098
R000153,ega:I.3.3.7,functor_laws_from_universal_uniqueness,covered_derived,The source names a covariant functor but the target definition does not separately state identity and composition laws,Derive both laws from equality of the fibre-product projections after choices are fixed,D000099
R000154,ega:I.3.3.7,chosen_pullback_representatives,known_semantic_difference,A literal functor requires a chosen fibre product for each object while different choices are only uniquely naturally isomorphic,Record the choice and reserve iterated-base coherence for 3.3.9,D000099
R000155,ega:I.3.3.8,adjunction_packaging_not_separately_tagged,known_semantic_difference,The Hom bijection is exactly 01JP but Stacks does not give this slice adjunction a dedicated scheme tag,Record postcomposition left adjoint to pullback and do not reverse the orientation,D000100
R000156,ega:I.3.3.8,catalogued_f_for_g_source_typo,known_semantic_difference,The printed proof names f before constructing it where the product inputs must be g and psi,Reuse the existing P109 ledger record and preserve diplomatic French without duplicating the correction referral,D000100
R000157,ega:I.3.3.9,fibred_category_target_adds_coherence,covered_by_stronger,Tag 02XO gives the source natural comparison and additionally its unit and associativity coherence,Specialize to schemes with chosen pullbacks and invert the comparison to match EGA direction,D000101
R000158,ega:I.3.3.9:proof,successive_pullback_proof_unlabelled,covered_unlabelled,The proof of 001Y carries out the same iterated fibre-product identification but its labelled statement is representability under composition,Attach the proof unit without pretending that 001Y states EGA transitivity verbatim,D000101
R000159,ega:I.3.3.9:diagram:xymatrix:1,source_diagram_recovered_from_fibred_coherence,covered_derived,The diagram in 02XO encodes the same two cartesian lifts but is not the six-object EGA diagram,Preserve the native source diagram as its own unit and record the derived correspondence,D000101
R000160,ega:I.3.3.9.1,iterated_product_identity_occurs_in_proof,covered_unlabelled,The exact equality appears inside the proof of 001Y rather than as its tagged lemma statement,Retain the proof-level edge and the canonical factor-order symmetry,D000101
R000161,ega:I.3.3.9.2,morphism_transitivity_from_naturality,covered_derived,The formula is the naturality component of the pullback comparison rather than a separately stated tag,Use the same comparison orientation throughout objects and morphisms,D000101
R000162,ega:I.3.3.9.2,pseudofunctor_target_stronger_than_formula,covered_by_stronger,Tag 02XO supplies full naturality and coherence beyond the single displayed morphism identity,Map only the formula and preserve the canonical-identification convention,D000101
R000163,ega:I.3.3.10,right_adjoint_preserves_all_existing_limits,covered_by_stronger,Tag 0038 proves preservation of every existing limit while the corollary states the binary product comparison,Apply it only after establishing the slice adjunction from 3.3.8,D000102
R000164,ega:I.3.3.10:proof,associativity_calculation_unlabelled,covered_unlabelled,The exact iterated-fibre-product identity is in the proof of 001Y rather than its statement,Keep the source proof unit and cite the proof-level identity honestly,D000102
R000165,ega:I.3.3.10:proof,product_preservation_derived_from_adjunction,covered_derived,The source comparison follows from 0038 only after identifying base change as the right adjoint in the slice Hom bijection,Retain both dependencies and do not claim a verbatim scheme lemma,D000102
R000166,ega:I.3.3.10:proof,no_single_base_change_coproduct_tag,covered_derived,The valid scheme coproduct assertion is split across open pullbacks and disjoint gluing,Use 01JR with 01JB and 01JC without inventing an official tag,D000102
R000167,ega:I.3.3.10:proof,scheme_specific_sum_vs_false_categorical_extension,known_semantic_difference,The scheme coproduct sentence is correct but the 3.3.1 claim that it is categorical is false by existing issue I000038,Keep the scheme derivation and link the already-filed counterexample without creating another gap or finding,D000102
R000168,ega:I.3.3.10.1,pairing_compatibility_not_separately_tagged,covered_derived,The formula follows from naturality of the preserved-product comparison and projection uniqueness,Retain 002L plus 01JP as dependencies rather than inventing a direct tag,D000102
R000169,ega:I.3.3.10.1,equality_under_canonical_identifications,known_semantic_difference,The displayed equality compares chosen pullback and product representatives only after canonical identifications,Require the same projection-compatible choices on both sides,D000102
R000170,ega:I.3.3.9,codomain_fibration_instantiation,covered_derived,Tag 02XO is stated for a fibred category and reaches schemes after instantiating the codomain fibration with chosen fibre products,Retain the specialization dependency together with the stronger-coherence residual,D000101
R000171,ega:I.3.3.10,product_comparison_uses_slice_adjunction,covered_derived,Tag 0038 reaches the corollary only after the 3.3.8 Hom bijection identifies scheme base change as a right adjoint,Retain the adjunction dependency and do not call 0038 a verbatim scheme statement,D000102
R000172,ega:I.3.3.10,product_preservation_derived_from_adjunction,covered_derived,The source comparison follows from 0038 only after identifying base change as the right adjoint in the slice Hom bijection,Retain both dependencies and do not claim a verbatim scheme lemma,D000104,R000165
R000173,ega:I.3.3.10,no_single_base_change_coproduct_tag,covered_derived,The valid scheme coproduct assertion is split across open pullbacks and disjoint gluing,Use 01JR with 01JB and 01JC without inventing an official tag,D000104,R000166
R000174,ega:I.3.3.10,scheme_specific_sum_vs_false_categorical_extension,known_semantic_difference,The scheme coproduct sentence is correct but the 3.3.1 claim that it is categorical is false by existing issue I000038,Keep the scheme derivation and link the already-filed counterexample without creating another gap or finding,D000104,R000167
R000175,ega:I.3.3.11,exact_formula_occurs_in_target_proof,covered_unlabelled,The hypothesis-free proof of 01JY gives the exact pullback comparison but its labelled statement concerns preservation of immersions,Use only the proof identity and do not import any immersion hypothesis,D000106,
R000176,ega:I.3.3.11,canonical_identification_not_literal_equality,known_semantic_difference,The two pullback representatives are uniquely isomorphic through their projections rather than set-theoretically equal,Retain the projection-compatible canonical comparison,D000106,
R000177,ega:I.3.3.11:proof,transitivity_calculation_unlabelled,covered_unlabelled,The proof of 01JY performs the same stacked base-change calculation without separately naming it,Attach the proof unit to the proof-level target and retain 001Y as a dependency,D000106,
R000178,ega:I.3.3.11:diagram:xymatrix:1,target_diagram_occurs_in_proof,covered_unlabelled,The target proof draws a compressed diagram encoding the same two cartesian squares,Preserve the native source diagram and its exact arrow directions,D000106,
R000179,ega:I.3.3.12,product_of_monomorphisms_split_derivation,covered_derived,No single pinned tag states the two-factor product theorem but 02YC and 01L5 prove it after factorization,Retain 003B and 001V for the direct cancellation proof and the split modern derivation,D000107,
R000180,ega:I.3.3.12,product_morphism_factorization_occurs_in_other_proof,covered_unlabelled,The exact two-step base-change factorization is written in the proof of 01KU rather than a monomorphism lemma,Use only that proof formula and do not import separatedness hypotheses,D000107,
R000181,ega:I.3.3.12,catalogued_Y_for_X_prime_source_typo,known_semantic_difference,The printed display has codomain Y base-changed although the source hypothesis names f from X to X prime,Reuse the exact P111 ledger correction and preserve the diplomatic printed symbol,D000107,
R000182,ega:I.3.3.12,french_labelled_display_is_parent_component,known_semantic_difference,Direct French labels the base-change formula but frozen R184 leaves the bracket display unlabelled,Keep the claim in the parent source_part instead of inventing an English-discovery child ID,D000107,
R000183,ega:I.3.3.13,scheme_tensor_notation_migration,known_semantic_difference,Stacks writes X_R prime or a fibre product and does not use X tensor_A A prime for an arbitrary scheme,Retain the EGA notation as an alias without suggesting a scheme tensor operation,D000108,
R000184,ega:I.3.3.14,graph_terminology_without_dedicated_tag,covered_derived,The graph map is the unique fibre-product arrow but 01JP does not name it Gamma_f,Preserve the terminology as a source alias and do not import unrelated immersion hypotheses,D000109,
R000185,ega:I.3.3.14,universal_property_stronger_than_section_case,covered_by_stronger,Tag 01JP gives the Hom bijection for every S prime scheme T while the source specializes T to S prime,Map the full source statement as entailed by the stronger universal property,D000109,
R000186,ega:I.3.3.14,french_labelled_correspondence_is_parent_component,known_semantic_difference,Direct French labels the Hom display but frozen R184 leaves the bracket display unlabelled,Keep the correspondence in the parent source_part instead of inventing a child ID,D000109,
R000187,ega:I.3.3.15,Spec_Z_identification_occurs_in_proof,covered_unlabelled,Tag 01JM states existence of a final scheme and its proof identifies it as Spec Z,Retain the proof-level identification without claiming it is the literal lemma statement,D000110,
R000188,ega:I.3.3.15,affine_n_space_target_stronger,covered_by_stronger,Tag 01M0 treats every n and every base while the source uses affine one-space over X,Specialize to n equal one and record no extra hypothesis,D000110,
R000189,ega:I.3.3.15,affine_space_base_change_and_sections_unlabelled,covered_unlabelled,The exact base-change and global-function formulas occur in prose after the 01M0 definition,Use the proof-level coverage honestly and do not invent a separate tag,D000110,
R000190,ega:I.3.3.15,global_sections_representation_target_stronger,covered_by_stronger,Tag 01JH gives a natural representation for every scheme T while the source proves the instance for X,Map the corrected source direction and retain full naturality only as stronger target content,D000110,
R000191,ega:I.3.3.15,catalogued_scheme_arrow_reversal,known_semantic_difference,The printed French arrow Z[T] to X contradicts 3.3.14 and the following polynomial-ring homomorphisms,Reuse the exact P111 correction X to Spec Z[T] without altering diplomatic French,D000110,
R000192,ega:I.3.3.15,local_affine_proof_split_across_morphisms_and_sheaf_gluing,covered_derived,The source local proof combines the affine-target Hom bijection with the sheaf condition rather than one named theorem,Retain both components and the overlap-refinement compatibility,D000110,
R000193,ega:I.3.3.15,scheme_tensor_notation_reused,known_semantic_difference,The expression X tensor_Z Z[T] denotes base change and not a literal tensor object in Stacks notation,Identify it with affine one-space over X through 01M0,D000110,
R000194,ega:I.3.4.1,representable_functor_target_category_general,covered_by_stronger,Tag 001O defines the same Hom functor for every category rather than schemes alone,Specialize without importing any additional structure,D000112,
R000195,ega:I.3.4.1,induced_natural_transformation_occurs_in_prose,covered_unlabelled,Postcomposition by a map of represented objects is written after the tagged example rather than in its displayed functor definition,Retain the exact naturality and set-valued meaning,D000112,
R000196,ega:I.3.4.2,set_fibre_product_description_unlabelled,covered_unlabelled,The exact compatible-pair subset construction appears in the prose of tagged section 0020,Use the section tag without inventing a lemma tag,D000113,
R000197,ega:I.3.4.2.1,categorical_target_more_general_than_scheme_formula,covered_by_stronger,The target universal property applies in every category with a fibre product,Specialize to schemes and the test object T,D000113,
R000198,ega:I.3.4.2.1,pointwise_Hom_formula_unlabelled,covered_unlabelled,The Hom-set pullback equality follows immediately after the categorical fibre-product definition but is not a separate label,Keep the formula as the source stable unit,D000113,
R000199,ega:I.3.4.3,relative_points_split_between_slice_and_base_definitions,covered_derived,No single tag combines the slice-category Hom notation with the scheme-over-S notation,Retain 001G and 01JX as distinct dependencies,D000114,
R000200,ega:I.3.4.3,S_point_and_section_terminology,known_semantic_difference,EGA names elements of relative Hom sets as valued points and calls the value-S case an S point,Preserve the source terminology while identifying the underlying Hom set,D000114,
R000201,ega:I.3.4.3.1,product_Hom_formula_target_stronger,covered_by_stronger,The arbitrary-category product formula applies after passing to the slice over S,Specialize it to schemes over S,D000114,
R000202,ega:I.3.4.3.1,slice_product_formula_unlabelled,covered_unlabelled,The exact point-set equality is the evaluated universal property and has no separate tag,Keep the labelled source formula as its own semantic unit,D000114,
R000203,ega:I.3.4.3.2,fibre_product_Hom_formula_target_stronger,covered_by_stronger,The arbitrary-category fibre-product formula applies inside the slice over S,Specialize without imposing the chosen T to Z map on all pairs,D000114,
R000204,ega:I.3.4.3.2,relative_fibre_product_formula_unlabelled,covered_unlabelled,The exact S-relative Hom-set pullback equality is not separately labelled in Stacks,Retain the source formula and its S subscripts,D000114,
R000205,ega:I.3.4.3:diagram:xymatrix:1,universal_property_target_stronger,covered_by_stronger,The target describes every categorical fibre product rather than this pointwise square alone,Specialize in the slice category over S,D000114,
R000206,ega:I.3.4.3:diagram:xymatrix:1,pointwise_square_criterion_derived,covered_derived,The displayed pullback square is the Hom-set form of the universal property for every test scheme,Preserve the native diagram and exact arrow-label geometry,D000114,
R000207,ega:I.3.4.4,ring_covariance_is_double_variance_derivation,covered_derived,No single tag states covariance in B because it combines the affine anti-equivalence with a contravariant point functor,Retain both reversals explicitly,D000115,
R000208,ega:I.3.4.4,ring_value_notation_suppresses_Spec,known_semantic_difference,EGA writes X(B) where the test scheme is Spec B,Keep the shorthand only with the affine-value convention visible,D000115,
R000209,ega:I.3.4.5,fixed_field_point_classification_unlabelled,covered_unlabelled,The exact pair x and kappa(x) to K occurs in prose under section tag 01J5,Do not substitute the varying-field equivalence-class lemma 01J9,D000116,
R000210,ega:I.3.4.5,historical_geometric_point_terminology,known_semantic_difference,EGA calls every field-valued point geometric while 03PO requires an algebraically closed value field,Map arbitrary field-valued points through 01J5 and reserve the modern term for the 03PO subcase,D000116,
R000211,ega:I.3.4.5,relative_field_point_description_split,covered_derived,The kappa(s) compatibility combines the fixed-field classification with equality of the two structure maps over S,Retain both the residue embedding and the base point,D000116,
R000212,ega:I.3.4.5,base_change_section_correspondence_target_stronger,covered_by_stronger,The fibre-product universal property gives the source K-prime correspondence for arbitrary base changes and test schemes,Specialize to Spec K prime as both value scheme and section source,D000116,
R000213,ega:I.3.4.5,suppressed_relative_subscript_on_final_X_of_K,known_semantic_difference,The final X(K) must mean maps over Spec K as permitted by the preceding convention,Record the relative reading because the absolute Hom set may be larger when K has endomorphisms,D000116,
R000214,ega:I.3.4.6,finite_common_extension_and_product_iteration,covered_derived,Tag 0H7K is binary and 01JP is binary while the source has a finite family,Iterate both constructions and do not claim an infinite-product result,D000117,
R000215,ega:I.3.4.6,geometric_lift_field_not_algebraically_closed,known_semantic_difference,The common field K need not be algebraically closed under the source terminology,Call the resulting map field-valued or enlarge K to an algebraic closure for modern geometric-point language,D000117,
R000216,ega:I.3.4.6:proof,residue_embedding_point_construction_unlabelled,covered_unlabelled,The fixed-field construction is prose under 01J5 rather than a separate lemma,Use the exact contravariant Spec direction,D000117,
R000217,ega:I.3.4.6:proof,finite_product_universal_map_derived,covered_derived,The unique map to the n-fold product is obtained by successive binary fibre products,Retain the finite induction and every prescribed projection,D000117,
R000218,ega:I.3.4.7,finite_n_criterion_from_binary_case,covered_derived,Tag 0495 states the binary iff and the source proposition treats a finite family,Iterate the binary result using the already-reviewed common-field lift,D000118,
R000219,ega:I.3.4.7,tensor_prime_target_stronger_than_surjectivity,covered_by_stronger,Tag 01JT classifies every point over a compatible pair while this locus first asserts only existence and possible multiplicity,Retain the stronger edge as explanation rather than source wording,D000118,
R000220,ega:I.3.4.7,underlying_point_map_not_a_fibre_product_bijection,known_semantic_difference,The canonical map of underlying sets is surjective but can have several points over one compatible pair,Never identify scheme fibre products with topological or set fibre products,D000118,
R000221,ega:I.3.4.7,specific_noninjectivity_witness,known_semantic_difference,Tag 0496 supplies one concrete C over R example while the source gives the general tensor-prime mechanism,Use the example as a witness and 01JT as the classification,D000118,
R000222,ega:I.3.4.7:proof,sufficiency_delegated_to_prior_lift,covered_derived,The proof is one sentence invoking 3.4.6 whereas 0495 cites the fibre-product point classification,Preserve the source dependency and the exact binary target,D000118,
R000223,ega:I.3.4.8,arbitrary_subset_identity_occurs_in_target_proof,covered_unlabelled,The exact equality appears in the proof of 01S1 rather than its surjectivity statement,Use the proof locus without reducing M to all of X,D000119,
R000224,ega:I.3.4.8,set_image_not_scheme_theoretic_image,known_semantic_difference,The equality concerns subsets of underlying spaces and says nothing about scheme-theoretic images,Exclude flat-image and schematic-image near matches,D000119,
R000225,ega:I.3.4.8:proof,point_lifting_iff_chain_unlabelled,covered_unlabelled,The proof of 01S1 reproduces the same compatible-pair argument but does not label it separately,Retain the exact arbitrary-subset proof,D000119,
R000226,ega:I.3.4.8:diagram:xymatrix:1,Cartesian_square_occurs_in_target_proof,covered_unlabelled,The target proof draws the same four-map square with horizontal arrows oriented oppositely on the page,Preserve the source native diagram and semantic directions,D000119,
R000227,ega:I.3.4.9,composite_extension_types_migrated_to_tensor_primes,known_semantic_difference,The Bourbaki type terminology corresponds to primes of kappa(x) tensor over kappa(s) kappa(y),Use the modern prime and residue-field description from 01JT,D000120,
R000228,ega:I.3.4.9:proof,base_replacement_uses_monic_diagonal,covered_derived,The equality over S and over Spec kappa(s) combines 01KR with the diagonal-isomorphism criterion 01L3,Retain both dependencies rather than treating 01KR as an isomorphism theorem,D000120,
R000229,ega:I.3.4.9:proof,three_way_tensor_fibre_identity_split,covered_derived,Tag 01I4 gives the affine tensor equality while the first equality uses the monic-base comparison,Keep the full source display as a parent proof component,D000120,
R000230,ega:I.3.4.9:proof,inverse_alpha_beta_constructions_unlabelled,covered_unlabelled,The proof of 01JT constructs the same kernel prime and reconstructed product point without separate labels,Map the proof-level equivalence honestly,D000120,
R000231,ega:I.3.4.9:proof,printed_tensor_map_false_monomorphism,known_semantic_difference,The induced tensor-product map to kappa(z) may have a nonzero prime kernel although the diplomatic French says monomorphisme,Reuse the P114 correction and map the corrected homomorphism reading,D000120,
R000232,ega:I.3.4.9:proof,french_tensor_display_is_parent_component,known_semantic_difference,Direct French labels the three-way equality but frozen English discovery has no corresponding child unit,Keep the formula in proof source_part rather than inventing a new discovery ID,D000120,
R000233,ega:I.3.4.7,french_underlying_map_display_is_parent_component,known_semantic_difference,Direct French labels the underlying-set map prose but frozen English discovery has no corresponding child unit,Keep the claim in the parent source_part rather than inventing a new discovery ID,D000118,
R000234,ega:I.3.4.8,french_base_change_image_display_is_parent_component,known_semantic_difference,Direct French labels the arbitrary-subset equality but frozen English discovery has no corresponding child unit,Keep the formula in the parent source_part rather than inventing a new discovery ID,D000119,
R000235,ega:I.3.4.5,arbitrary_field_part_covered_outside_modern_geometric_term,covered_derived,Tag 03PO covers only algebraically closed value fields while the exact fixed-field classification under 01J5 covers every field K,Use 01J5 for the source mathematics and 03PO only to document the terminology migration,D000116,
R000236,ega:I.3.5.1,base_change_product_description_is_derived,covered_derived,The definition 01JX identifies base change with a fibre-product map but does not isolate the source sentence as a lemma,Retain the formal construction as a source component and cite the defining Cartesian square,D000123,
R000237,ega:I.3.5.1,product_factorization_occurs_in_a_proof,covered_unlabelled,The exact two-arrow factorization appears inside the proof of 01KU and has no independent label,Use the proof locus without presenting separatedness as a hypothesis of the factorization,D000123,
R000238,ega:I.3.5.1,french_product_display_is_parent_component,known_semantic_difference,Direct French labels the two-arrow factorization while frozen English discovery has no generated child unit,Keep the display in the statement source_part rather than inventing a stable child ID,D000123,
R000239,ega:I.3.5.2,product_surjectivity_is_split,covered_derived,No single tag states the product claim because it is two applications of 01S1 followed by 01S0,Retain all three dependencies and the two-stage factorization,D000124,
R000240,ega:I.3.5.2:proof,base_change_image_identity_is_proof_level,covered_unlabelled,The arbitrary-subset identity used by the source occurs in the proof of 01S1 rather than its labelled statement,Preserve the proof-level correspondence and its set-theoretic scope,D000124,
R000241,ega:I.3.5.3,field_lifting_criterion_is_composite,covered_derived,The scheme criterion combines the point classification 01J9 with the common-extension construction 0H7K,Retain the two implications and do not claim one same-category theorem tag,D000125,
R000242,ega:I.3.5.3:diagram:xymatrix:1,algebraic_space_target_is_stronger,covered_by_stronger,Tag 03H5 treats algebraic spaces and contains the scheme square only as a specialization,Record the stronger category and specialize explicitly to schemes,D000125,
R000243,ega:I.3.5.3:diagram:xymatrix:1,lifting_square_is_proof_level,covered_unlabelled,The exact field-extension square is drawn inside the proof of 03H5 and has no standalone tag,Preserve the native source diagram and cite the proof locus,D000125,
R000244,ega:I.3.5.3:proof,residue_point_argument_is_derived,covered_derived,The proof must combine field-spectrum point classification with a common overfield rather than invoke a single tagged scheme lemma,Keep both ingredients and their variance explicit,D000125,
R000245,ega:I.3.5.3,historical_geometric_point_is_broader,known_semantic_difference,EGA calls arbitrary field-valued points geometric whereas modern 03PO requires an algebraically closed value field,Use field-valued point for the general claim and reserve geometric point for the modern subcase,D000125,
R000246,ega:I.3.5.4,radicial_and_universally_injective_are_separate_modern_terms,known_semantic_difference,Stacks defines the residue-field condition and universal topological injectivity separately before proving them equivalent,Preserve the historical source definition and expose both modern names through 01S3 and 01S4,D000126,
R000247,ega:I.3.5.4,monomorphism_corollary_is_derived,covered_derived,Categorical left cancellation must be specialized to every test object Spec K and then passed through 01S4,Do not identify categorical monomorphism with pointwise injectivity without this Hom-set step,D000126,
R000248,ega:I.3.5.5,algebraic_stack_test_is_stronger,covered_by_stronger,Tag 0CPN proves an algebraic-stack criterion with two-isomorphism data while the source treats schemes,Specialize to schemes and suppress only the vacuous two-arrow layer,D000127,
R000249,ega:I.3.5.5,algebraically_closed_test_requires_field_extension,covered_derived,The all-fields condition follows by extending each value field to an algebraic closure and using naturality,Retain the extension argument rather than claiming 01S4 itself states the restricted test,D000127,
R000250,ega:I.3.5.5:diagram:xymatrix:1,point_extension_square_is_derived,covered_derived,The square is naturality of the representable Hom functor under Spec of a field extension,Preserve the native diagram and cite 001O as the categorical mechanism,D000127,
R000251,ega:I.3.5.6,left_cancellation_is_derived,covered_derived,Tag 02V1 gives composition but the converse clause follows by left cancellation of the field-valued point maps in 01S4,Keep the asymmetric conclusion and do not infer radiciality of the second factor,D000128,
R000252,ega:I.3.5.6:proof,elementary_point_map_reduction_is_derived,covered_derived,The source proof is omitted as immediate while 01S4 supplies the point-map formulation needed for both clauses,Retain the proof dependency even though no calculation is printed,D000128,
R000253,ega:I.3.5.7,product_radiciality_is_split,covered_derived,No product-specific tag exists because the result is two base changes by 0472 followed by composition through 02V1,Retain the factorization and both permanence lemmas,D000129,
R000254,ega:I.3.5.7:proof,field_valued_product_formula_is_derived,covered_derived,The paired equalities are obtained by evaluating the fibre-product universal property at Spec K,Preserve both pullback identities and the componentwise point map,D000129,
R000255,ega:I.3.5.7:proof,french_field_product_display_is_parent_component,known_semantic_difference,Direct French labels the paired equality display while frozen English discovery has no generated child unit,Keep it in the proof source_part rather than creating an unsupported child ID,D000129,
R000256,ega:I.3.5.8,historical_radicial_extension_terminology,known_semantic_difference,The source phrase extension radicielle is the historical term for a purely inseparable field extension and does not imply finiteness,Use the modern field-theoretic term without strengthening hypotheses,D000130,
R000257,ega:I.3.5.8:proof,common_overfield_point_detection_is_derived,covered_derived,The forward implication combines 0H7K with 01J9 to turn two residue embeddings into field-valued maps,Retain both inputs and the shared-image condition,D000130,
R000258,ega:I.3.5.8:proof,two_embedding_argument_is_proof_level,covered_unlabelled,The proof of 01S4 repeats the non-purely-inseparable two-lift contradiction and converse without a separate label,Cite the exact proof locus and keep the bidirectional logic,D000130,
R000259,ega:I.3.5.9,localization_epimorphism_is_adjacent_prose,covered_unlabelled,The prose surrounding 04VS records that every localization is a ring epimorphism but the fact has no dedicated label,Use the exact prose and do not fabricate a localization tag,D000131,
R000260,ega:I.3.5.9,localization_radiciality_is_derived,covered_derived,The conclusion combines localization epimorphism with 04VW and the residue-field definition 01S3,Retain the full chain for arbitrary multiplicative subsets,D000131,
R000261,ega:I.3.5.9:proof,affine_monomorphism_route_is_derived,covered_derived,The source proof reverses a ring epimorphism through the affine anti-equivalence and then applies the field-valued criterion,Keep 01I2 and 01S4 as distinct logical steps,D000131,
R000262,ega:I.3.5.10,image_identity_occurs_in_target_proof,covered_unlabelled,The exact equality of underlying point sets appears in the proof of 01S1 and is not its labelled surjectivity statement,Retain the arbitrary-subset formula with subset equal to all of X,D000132,
R000263,ega:I.3.5.10,base_change_bijection_is_derived,covered_derived,The image identity from 01S1 must be combined with point injectivity from 01S4,State only a bijection onto the set-theoretic inverse image,D000132,
R000264,ega:I.3.5.10,point_set_bijection_is_not_a_homeomorphism,known_semantic_difference,The source conclusion concerns underlying sets and supplies no topology or schematic-image assertion,Exclude universal-homeomorphism and scheme-theoretic-image interpretations,D000132,
R000265,ega:I.3.5.10:proof,point_lifting_identity_is_proof_level,covered_unlabelled,The first proof clause reuses the unlabelled arbitrary-subset argument from 01S1,Preserve the pointwise iff chain and do not upgrade it to a new lemma,D000132,
R000266,ega:I.3.5.10:proof,field_point_preimage_formula_is_derived,covered_derived,The second proof clause evaluates the fibre-product universal property and then uses injectivity on K points,Retain 01JP and 01S4 as separate dependencies,D000132,
R000267,ega:I.3.5.10:diagram:xymatrix:1,field_point_cartesian_square_is_derived,covered_derived,The source diagram results from applying the representable point functor to the defining base-change square,Preserve its exact arrows without claiming a separately tagged diagram,D000132,
R000268,ega:I.3.5.11,modern_target_adds_diagonal_criterion,known_semantic_difference,Tag 01S4 also gives a diagonal-surjectivity condition not stated in this source unit,Map only the equivalence with universal topological injectivity,D000133,
R000269,ega:I.3.5.11,radicial_universal_injectivity_bundles_two_definitions,known_semantic_difference,Stacks separates the definition 01S3 from its equivalence theorem 01S4 while EGA uses the field-valued condition as definition,Keep the source and modern terminology layers distinct,D000133,
R000270,ega:I.3.5.11,universal_topological_characterization_uses_modern_definition,covered_derived,The equivalence combines the source field-valued definition with the separately stated modern universal-injectivity condition,Retain both 01S3 and 01S4 rather than collapsing their roles,D000133,
R000271,ega:I.3.5.11,section_argument_is_proof_level,covered_unlabelled,The proof of 01S4 supplies the same two sections after base change but the argument has no independent tag,Cite the theorem proof and preserve the section-to-fibre-point step,D000133,
R000272,ega:I.3.6.1,nilpotent_base_change_target_is_stronger,covered_by_stronger,Tag 0BR6 also gives residue-field isomorphisms and every affine ring base change,Use only its homeomorphism clause for the defining-ideal thickening,D000134,
R000273,ega:I.3.6.1,thickened_fibre_topology_is_split,covered_derived,The full conclusion combines nilpotent base-change invariance from 0BR6 with residue-fibre topology from 01K1,Retain the two-step comparison and do not claim either tag alone covers the proposition,D000134,
R000274,ega:I.3.6.1:proof,nilpotent_point_identification_uses_stronger_target,covered_by_stronger,The arbitrary-base-change clause of 0BR6 replaces the source's radicial and one-point set argument,Retain it as a stronger modern proof route rather than rewriting the historical dependency chain,D000134,
R000275,ega:I.3.6.1:proof,common_denominator_formula_is_derived,covered_derived,Tag 00DK supplies a common denominator and tensor balancing supplies the displayed numerator,Preserve the exact French formula as a proof source_part,D000134,
R000276,ega:I.3.6.1:proof,existing_local_unit_times_criterion,integrated_local_pending_upstream,The source invokes EGA I 1.2.4 whose exact criterion is the already integrated untagged Algebra lemma,Reuse the local label without opening a duplicate gap or assigning an official tag,D000134,
R000277,ega:I.3.6.1:proof,french_labelled_fraction_has_no_generated_child,known_semantic_difference,The direct French display has a stable diplomatic label but frozen R184 generated no formula child,Keep it attached to the proof source_part without inventing a unit ID,D000134,
R000278,ega:I.3.6.2,tensor_notation_differs_from_modern_base_change_notation,known_semantic_difference,EGA writes X tensor over Y with kappa y and X tensor over O_Y with B while Stacks writes scheme fibre or base change,Retain the historical aliases as terminology rather than mathematical products of modules,D000135,
R000279,ega:I.3.6.2,transported_subset_model_differs_from_canonical_fibre_product,known_semantic_difference,EGA transports the scheme structure onto the set-theoretic fibre while Stacks retains the canonical fibre-product representative,Relate them through 01K1 without treating the chosen models as literal equality,D000135,
R000280,ega:I.3.6.2,K_points_are_relative_over_fixed_y,known_semantic_difference,The point sentence is valid only for maps Spec K to X whose composite to Y is the fixed map through y,Exclude the false absolute reading of all X-valued K points,D000135,
R000281,ega:I.3.6.2,fibre_product_universal_property_is_stronger,covered_by_stronger,Tag 01JP handles every test scheme and compatible pair of maps rather than only the stated field-valued points,Specialize it to Spec K over the fixed residue-field extension,D000135,
R000282,ega:I.3.6.3,composite_fibre_identity_is_proof_level,covered_unlabelled,The exact pullback-associativity formula occurs in the proof of 001Y rather than its labelled statement,Cite the proof locus and retain the source formula explicitly,D000136,
R000283,ega:I.3.6.3,middle_product_identity_is_derived,covered_derived,The identification X times over Y with Y equals X follows from the fibre-product universal property,Interpret the printed equality as the canonical unique isomorphism,D000136,
R000284,ega:I.3.6.3,french_labelled_composite_fibre_formula_has_no_generated_child,known_semantic_difference,The diplomatic French display is labelled but frozen R184 generated no formula unit,Keep it as a parent source_part without inventing an ID,D000136,
R000285,ega:I.3.6.3,open_restriction_target_is_stronger,covered_by_stronger,Tag 01JR identifies arbitrary compatible open fibre products inside a general scheme fibre product,Specialize it to U and the residue point,D000136,
R000286,ega:I.3.6.3,open_intersection_identification_is_derived,covered_derived,The exact open from 01JR becomes U intersect f inverse y only after the topological fibre identification 01K1,Retain both steps and the induced-scheme structure,D000136,
R000287,ega:I.3.6.4,base_changed_fibre_formula_is_proof_level,covered_unlabelled,The unrestricted common-pullback formula occurs in the proof of generic categorical tag 001Z,Combine it with 001Y and 01K0 and do not substitute a geometry lemma carrying extra hypotheses,D000137,
R000288,ega:I.3.6.4,open_neighbourhood_specialization_is_derived,covered_derived,The proof-level identity from 001Z must be combined with the locally ringed-space identification for an open immersion,Use the identity on the residue field at y and no finiteness hypothesis,D000137,
R000289,ega:I.3.6.4,fibre_product_factor_order_is_canonical,known_semantic_difference,The target writes Spec kappa y prime before the old fibre while EGA writes the scalar extension in the opposite order,Use canonical symmetry and do not record literal equality,D000137,
R000290,ega:I.3.6.4:proof,iterated_pullback_identity_is_proof_level,covered_unlabelled,The exact common representative appears inside the proof of 001Y,Retain the canonical isomorphism rather than promoting an unlabelled formula to a theorem,D000137,
R000291,ega:I.3.6.4:proof,coherence_target_is_stronger,covered_by_stronger,Tag 02XO supplies coherence for an arbitrary fibred category not only scheme base change,Specialize to the codomain fibration and invert the comparison when necessary,D000137,
R000292,ega:I.3.6.4:proof,canonical_comparison_is_derived,covered_derived,The source's canonicity follows from pullback uniqueness and the fibred-category comparison,Preserve the chosen representatives and direction of the isomorphism,D000137,
R000293,ega:I.3.6.5,stalk_isomorphism_is_split_derived,covered_derived,Affine stalk identification from 01HV must be combined with double localization 02C6,Retain both targets and the actual map on corresponding primes,D000138,
R000294,ega:I.3.6.5,local_spectrum_is_not_the_scheme_theoretic_fibre,known_semantic_difference,Tag 0HA1 gives O_Xx modulo m_y O_Xx for the residue-field fibre and is a false near-match here,The local-spectrum base change instead preserves the stalk O_Xx,D000138,
R000295,ega:I.3.6.5,claim_is_not_a_global_scheme_isomorphism,known_semantic_difference,EGA asserts a homeomorphism onto f inverse of the generalization locus together with stalk isomorphisms,Do not upgrade the projection to an isomorphism onto a globally defined subscheme,D000138,
R000296,ega:I.3.6.5,image_identification_is_split,covered_derived,Tag 01K1 gives the topological image and 01J7 identifies that image as the preimage of the generalization locus of y,Retain the two targets and the induced-subspace topology,D000138,
R000297,ega:I.3.6.5:proof,tensor_localization_uses_factor_symmetry,known_semantic_difference,Tag 00DK writes the localized ring tensor factor first while the source writes A tensor over B with B_y,Use only the canonical symmetry isomorphism,D000138,
R000298,ega:I.3.6.5:proof,stalk_recovery_uses_double_localization,covered_derived,The topology follows from 00E3 but the unchanged local rings require 01HV and 02C6,Keep the stalk clause separate from the topological homeomorphism,D000138,
R000299,ega:I.3.7.1,reduction_modulo_ideal_is_not_nilreduction,known_semantic_difference,Base change to A modulo J can remain nonreduced even when the total scheme is integral,Exclude tag 01J4 and retain reduction modulo J as historical quotient-base terminology,D000139,
R000300,ega:I.3.7.1,general_base_change_target_is_stronger,covered_by_stronger,Tag 01JX treats every scheme and ring base change rather than only quotient by one ideal,Specialize it without importing any reducedness claim,D000139,
R000301,ega:I.3.7.2,reduction_directly_from_generic_fibre_is_disclaimed,known_semantic_difference,The source reports and rejects the older language that X zero is obtained directly from bare X prime,Preserve the model X and its chosen embedding as indispensable data,D000140,
R000302,ega:I.3.7.2,two_point_spectrum_is_derived,covered_derived,No single target states the exact local domain dimension-one two-point package,Retain 00KE and 07BI together and keep every carried hypothesis,D000140,
R000303,ega:I.3.7.2,generic_singleton_open_is_derived,covered_derived,Tag 01I3 applies after the dimension-one chain argument identifies a nonzero standard open with the generic point,Do not generalize this open-restriction description to arbitrary domains,D000140,
R000304,ega:I.3.7.2,open_fibre_product_target_is_stronger,covered_by_stronger,Tag 01JR treats arbitrary compatible opens in all fibre products,Specialize it to the unique generic open U,D000140,
R000305,ega:I.3.7.2,scheme_theoretic_image_existence_is_stronger,covered_by_stronger,Tag 01R6 constructs a smallest closed factor without the source Noetherian assumption,Retain Noetherianity only for the quasi-compact restriction step,D000140,
R000306,ega:I.3.7.2,closure_restriction_requires_quasi_compactness,covered_derived,Restriction of scheme-theoretic image to P prime uses 01R8 and would fail for a general non-quasi-compact immersion,Use 01OX to discharge the exact operative hypothesis,D000140,
R000307,ega:I.3.7.2,closure_intersection_formula_is_proof_level,covered_unlabelled,The exact equality X prime equals its closure intersected with the chosen open appears in the proof of 01QV,Keep 01R6 and 01R7 for minimality,D000140,
R000308,ega:I.3.7.2,canonical_model_is_relative_to_embedding,known_semantic_difference,Different A-models can have the same generic fibre and the closure is canonical only from the chosen X prime to P_K inside P,Exclude any intrinsic uniqueness claim for the bare K-scheme,D000140,
R000309,ega:I.3.7.2,reduction_modulo_maximal_ideal_can_be_nonreduced,known_semantic_difference,For A equal the DVR k[t] localized at the ideal generated by t and X equal Spec of A[x] modulo x squared minus t the integral total scheme has nonreduced special fibre,Do not confuse the closed fibre with the reduced induced scheme,D000140,
R000310,ega:I.3.7.2,noetherianity_is_sufficient_not_necessary,known_semantic_difference,Modern closure existence is unconditional and exact open restriction needs quasi-compactness rather than Noetherianity itself,Keep the source hypothesis as a transparent sufficient route,D000140,
R000311,ega:I.3.7.2,closing_historical_paragraph_is_not_a_theorem,known_semantic_difference,The source explicitly presents a methodological interpretation of older arguments and hedges its final hypothesis claim,Index it as historical exposition without inventing a mathematical target,D000140,
R000312,ega:I.3.7.2,modern_model_section_is_narrower,known_semantic_difference,Tags 0C2R and 0C2S package flat finite-type models over a DVR rather than the general closure statement here,Retain them only as later special-case candidates,D000140,
R000313,ega:I.3.7.3,valuation_target_is_stronger,covered_by_stronger,Tag 0BX5 proves unique lifting for every valuation ring and tag 01WC covers every locally projective morphism,Specialize separately to the DVR and closed-projective assertions,D000141,
R000314,ega:I.3.7.3,valued_point_bijection_packaging_is_derived,covered_derived,The Hom-set bijection combines the unique valuative lift 0BX5 with the fibre-product point identification 01JP,Retain the restriction map and both directions explicitly,D000141,
R000315,ega:I.3.7.3,proper_criterion_splits_existence_and_uniqueness,covered_derived,Existence comes from universal closedness and uniqueness from separatedness,Keep 01KF and 01KZ as distinct logical dependencies,D000141,
R000316,ega:I.3.7.3,dimension_free_closing_clause_has_model_scope,known_semantic_difference,The final French relative clause modifies statements concerning the A-model X and not the immediately preceding A-point K-point bijection,Preserve that grammar and exclude a dimension-free point-bijection reading,D000141,
R000317,ega:I.3.7.3,p119_control_overstates_dimension_removal,known_semantic_difference,The diplomatic ledger combines the proper DVR point bijection with removal of the dimension-one hypothesis without the source's model-level scope,Refer an append-only control clarification without changing diplomatic French,D000141,
R000318,ega:I.3.7.3,higher_dimensional_local_point_extension_fails,known_semantic_difference,For A equal the localization of the two-variable polynomial ring over k at its homogeneous maximal ideal and X equal P1_A the K-point [x:y] has no A-valued extension,Use the counterexample to keep the valuation hypothesis visible,D000141,
R000319,ega:I.3.7.3,closed_projective_target_is_stronger,covered_by_stronger,Tag 01WC proves every locally projective morphism proper and not only the displayed closed projective case,Use only the parenthetical specialization,D000141,
R000320,ega:I.3.7.3,fibre_product_universal_property_is_stronger,covered_by_stronger,Tag 01JP identifies maps from every test scheme into an arbitrary fibre product rather than only K-valued points of this generic fibre,Specialize it to Spec K with the identity map to the generic base,D000141,
R000321,ega:I.4.1.1,global_quasi_coherent_closure_is_explicit_unlabelled,covered_unlabelled,Section 01LA explicitly states the affine criterion plus global direct sums arbitrary colimits kernels and cokernels while 01IC and 01ID are only affine proof dependencies,Use the exact global section prose and retain the labelled affine lemmas as dependencies,D000143,
R000322,ega:I.4.1.1,image_is_kernel_of_cokernel,covered_derived,Section 01LA does not separately name images but its global kernel and cokernel closure gives image as the kernel of the cokernel,Retain the categorical derivation rather than inventing a duplicate lemma,D000143,
R000323,ega:I.4.1.2,quotient_support_target_drops_quasi_coherence,covered_by_stronger,O_X modulo I is a sheaf of rings and tag 01AV proves closedness of the support of every sheaf of rings,Specialize the general sheaf-of-rings result to the source quotient,D000144,
R000324,ega:I.4.1.2,subprescheme_terminology_is_historical,covered_derived,EGA says subprescheme defined by an ideal while modern Stacks uses closed subscheme and closed subspace,Translate the term while preserving the same quotient construction,D000144,
R000325,ega:I.4.1.2:proof,affine_quotient_sheaf_identification_is_composite,covered_derived,The direct-image and cokernel identifications combine 01I9 with exactness from 01IC,Keep both dependencies instead of claiming a single theorem,D000144,
R000326,ega:I.4.1.2,closed_subscheme_construction_splits_space_and_scheme_steps,covered_derived,Tag 01HM constructs the quotient locally ringed space and 01IN proves it is a scheme,Retain both logical stages of the source proposition,D000144,
R000327,ega:I.4.1.3,largest_open_maximality_is_derived,covered_derived,Tag 0F2L explicitly gives the complement-of-boundary open and closedness but does not state its maximality,If T is closed in another open containing it then that open avoids the boundary and is contained in the 0F2L open,D000145,
R000328,ega:I.4.1.3,isomorphism_over_X_is_stronger_than_identity,covered_by_stronger,Tag 01QP weakens the source identical quotient restrictions to isomorphism over X and proves this equivalent to equality of ideals,Preserve the over-X condition because a bare abstract isomorphism still does not determine the defining ideal,D000145,
R000329,ega:I.4.1.4,pullback_targets_are_more_general,covered_by_stronger,Tags 01BG and 01JU treat arbitrary morphisms while the source restricts along one open inclusion,Specialize both targets to V mapping into U,D000146,
R000330,ega:I.4.1.4,containing_open_hypothesis_is_essential,known_semantic_difference,The restricted ideal is defined only on U and the assertion requires V to lie in U,Keep the source containment hypothesis explicit in every inverse-image reading,D000146,
R000331,ega:I.4.1.5,local_subscheme_criterion_is_composite,covered_derived,Tag 0FCZ begins with a global morphism whereas the source constructs the global quotient from compatible local ringed subspaces,Combine immersion locality with ideal-kernel uniqueness and sheaf gluing,D000147,
R000332,ega:I.4.1.5:proof,ideal_sheaf_gluing_uses_maps_structure_and_locality,covered_derived,Tags 00AL and 00AM glue the sheaf and module structure while 00AN glues its map into O_X and 01LA makes quasi-coherence local,Retain all four dependencies plus local ideality and closed-subscheme kernel compatibility,D000147,
R000333,ega:I.4.1.5:proof,overlap_compatibility_cannot_be_dropped,known_semantic_difference,Arbitrary local ideal sheaves need not agree on overlaps and therefore need not define one global quotient,Use the identical local closed-subscheme restrictions to force equality via 01QP,D000147,
R000334,ega:I.4.1.6,canonical_composite_subscheme_is_unlabelled,covered_unlabelled,Composition is labelled by 02V0 but the canonical representative convention appears only in the 01IM section prose,Keep the convention as a separate semantic edge,D000148,
R000335,ega:I.4.1.6:proof,iterated_quotient_ring_identity_is_elementary,covered_derived,Tag 01IN supplies each affine quotient scheme while the isomorphism from A modulo J prime to the iterated quotient has no dedicated tag,Retain the elementary quotient calculation as proof-level evidence,D000148,
R000336,ega:I.4.1.6,canonical_isomorphism_is_strictified_as_identity,known_semantic_difference,EGA announces that it will always make the preceding canonical identification while Stacks normally retains canonical isomorphism language,Record the standing source convention without converting arbitrary isomorphism into equality,D000148,
R000337,ega:I.4.1.7,canonical_subscheme_representative_is_unlabelled,covered_unlabelled,The distinguished inclusion attached to a locally closed subspace is fixed in prose under section tag 01IM,Retain the prose locator together with the immersion definition,D000149,
R000338,ega:I.4.1.7,stalk_epimorphism_target_is_stronger,covered_by_stronger,Tag 0H7H characterizes epis and monos for arbitrary sheaves of sets while the source uses a quotient sheaf of rings,Specialize to the local quotient map defining Y,D000149,
R000339,ega:I.4.1.7,ringed_space_monicity_is_proof_level,covered_derived,Tags 01L6 and 01L7 state monicity in schemes but the source claims monicity in the larger category of ringed spaces,Reuse the injective-point and surjective-stalk cancellation proof at the ringed-space level,D000149,
R000340,ega:I.4.1.7,restriction_of_a_morphism_to_a_subscheme_is_terminology,known_semantic_difference,Stacks has no dedicated tag for calling the composite Y to X to Z the restriction of f to Y,Preserve the term as a migration note and do not use the unrelated open-restriction lemma,D000149,
R000341,ega:I.4.1.8,majorization_word_is_absent,covered_derived,Stacks expresses the same relation as factorization or containment of a subobject and does not use the EGA term majorized,Translate the word to factorization through the canonical monomorphism,D000150,
R000342,ega:I.4.1.8,monicity_is_essential_for_unique_factor,known_semantic_difference,Without a monic second arrow one map can factor through it in more than one way,Keep the canonical injection monomorphism hypothesis attached to the uniqueness sentence,D000150,
R000343,ega:I.4.1.9,locally_closed_factorization_has_no_single_tag,covered_derived,The full source criterion combines restriction to a containing open via 01HI with the closed-subspace annihilation test 01HP,Retain both edges and their logical order,D000151,
R000344,ega:I.4.1.9,set_theoretic_image_containment_is_insufficient,known_semantic_difference,For X equal Spec(k[epsilon]/(epsilon^2)) and its reduced closed subscheme Y equal Spec(k) the identity of X has the same one-point set-theoretic image as Y but does not annihilate (epsilon) and hence does not factor through Y,Keep the stalk-kernel condition as an independent necessary hypothesis,D000151,
R000345,ega:I.4.1.9:proof,locality_of_the_descended_map_is_more_explicit_in_EGA,covered_derived,The proof of 01HP constructs the quotient morphism but explicitly omits the locally-ringed verification that EGA supplies,Retain the EGA proof clause without claiming a separate Stacks gap,D000151,
R000346,ega:I.4.1.9:proof,g_prime_was_a_diplomatic_transcription_error,known_semantic_difference,F8 and R44 recorded g-prime but direct p.121 has g and F33 removes only the spurious prime with an exact inverse,Use F33 and P121S for all proof edges while preserving the historical receipts,D000151,
R000347,ega:I.4.1.10,subscheme_order_statement_is_exact_but_unlabelled,covered_unlabelled,The exact containment and order prose occurs under section tag 01IM without a dedicated theorem label,Retain the section tag and exact line evidence rather than minting a new tag,D000152,
R000348,ega:I.4.1.10,canonical_representatives_strictify_a_preorder,known_semantic_difference,For arbitrary immersion presentations mutual factorization gives unique isomorphism rather than literal equality while canonical subscheme representatives make an order,Preserve the source canonical-representative convention in the antisymmetry claim,D000152,
R000349,ega:I.4.1.1,affine_sections_module_target_is_stronger,covered_by_stronger,Tag 01IA canonically chooses Gamma(V F) whereas the source only requires some module over the affine coordinate ring,Use the canonical choice as a target-side strengthening and preserve the weaker source wording,D000143,
R000350,ega:I.4.1.1,associated_sheaf_target_is_stronger,covered_by_stronger,Tag 01I7 proves quasi-coherence for every associated module sheaf while the structure-sheaf clause is the specialization M equal R,Use only the coordinate-ring specialization for O_X,D000143,
R000351,ega:I.4.1.1,colimit_targets_are_stronger,covered_by_stronger,Tags 01ID and 01LA prove closure under arbitrary colimits while the source names inductive limits and direct sums,Retain the stronger target scope without attributing arbitrary-colimit wording to the source,D000143,
R000352,ega:I.4.1.2:proof,ideal_subobject_requires_affine_equivalence_transport,covered_derived,Tag 01IB gives the affine quasi-coherent equivalence but the ideal conclusion also transports the monomorphism into O_X to a submodule of the coordinate ring,Retain the subobject-to-ideal step instead of calling 01IB alone literally equivalent,D000144,
R000353,ega:I.4.1.5:proof,quasi_coherence_locality_is_explicit_unlabelled,covered_unlabelled,The exact locality statement used for the glued ideal occurs as the second unlabelled item under section tag 01LA,Retain the section tag and affine-cover evidence rather than inventing a standalone theorem label,D000147,
R000354,ega:I.4.2.1,canonical_factorization_and_associated_terminology_not_adopted,known_semantic_difference,Stacks states the unique locally closed factorization but does not name it the canonical factorization or call its factors associated,Preserve the source terminology as a migration alias rather than attributing it to Stacks,D000155,
R000355,ega:I.4.2.1,unique_general_immersion_factorization_is_exact_but_unlabelled,covered_unlabelled,The exact uniqueness statement occurs in prose under section tag 01IM without a dedicated theorem label,Retain the section target and exact line evidence rather than minting a tag,D000155,
R000356,ega:I.4.2.1,radiciality_is_derived_from_monicity,covered_derived,Tag 01L7 gives monicity and categorical cancellation gives field-valued Hom injectivity which tag 01S4 identifies with radiciality,Keep the two-step dependency instead of calling 01S4 alone a direct immersion theorem,D000155,
R000357,ega:I.4.2.2,open_criterion_is_split_between_definition_and_stalk_detection,covered_derived,Tag 01HE uses a sheaf isomorphism while the source uses pointwise stalk bijectivity detected by 0H7H,Retain both targets and the derived sheaf-isomorphism step,D000156,
R000358,ega:I.4.2.2,closed_and_locally_closed_criteria_require_split_targets,covered_derived,The source combines locally closed image topology stalk surjectivity restriction to a containing open and closed-subscheme classification,Retain 0H7H 00AE 01HI 01QO and 0FCZ rather than naming one tag as the whole criterion,D000156,
R000359,ega:I.4.2.2:proof,theta_sharp_source_target_reversed_in_print,known_semantic_difference,R45 catalogues that printed proof prose reverses the typed map whose source is psi-star O_X and target is O_Y,Preserve diplomatic French but use the type-correct direction in mapping evidence and the English translator note,D000156,
R000360,ega:I.4.2.2:diagram:xymatrix:1,theta_stalk_square_has_composite_proof_level_coverage,covered_derived,Tags 008H 00AE and 008M supply the two stalk identifications and natural commutativity but no single label states this four-edge square,Retain the diagram unit V000015 and all three proof dependencies,D000156,
R000361,ega:I.4.2.2:proof,historical_affine_pushforward_argument_is_absorbed_by_modern_qcqs,covered_derived,The source proves quasi-coherence chartwise while 01LC applies after closed image gives quasi-compactness and monicity gives quasi-separatedness,Preserve 01I9 as the historical local step and 01LC as the modern global absorption,D000156,
R000362,ega:I.4.2.2,stalk_surjectivity_without_locally_closed_image_is_insufficient,known_semantic_difference,Spec Q to Spec Z is injective with an isomorphism at its sole source stalk but its generic-point image is not locally closed,Do not map the stalk criterion without the explicit locally closed image hypothesis,D000156,
R000363,ega:I.4.2.2,topological_homeomorphism_without_stalk_surjectivity_is_insufficient,known_semantic_difference,Spec of the dual numbers to Spec k is a one-point homeomorphism but k to the dual numbers is not surjective,Retain the local-ring condition and reject purely topological near matches,D000156,
R000364,ega:I.4.2.3,affine_closed_immersion_criterion_requires_a_target_bundle,covered_derived,Tag 01QO supplies quotient charts while 01I2 identifies affine morphisms with coordinate maps and 01IG plus 01IH supply the two directions,Retain the split bundle rather than claiming a single exact tag,D000157,
R000365,ega:I.4.2.3,affine_closed_immersion_target_strengthens_the_forward_clause,covered_by_stronger,Tag 01IH gives the unique quotient ideal and quotient-spectrum identification whereas the source forward clause only asserts affineness and surjectivity,Use the stronger target without adding its extra conclusion to the source wording,D000157,
R000366,ega:I.4.2.3,affineness_of_the_source_is_essential_in_the_converse,known_semantic_difference,The map from projective one-space over k to Spec k has a surjective global-sections map but is not a closed immersion,Retain the explicit affine-source hypothesis in every converse formulation,D000157,
R000367,ega:I.4.2.4,fpqc_local_targets_are_stronger_than_the_zariski_source,covered_by_stronger,Tags 02YM 02L3 and 02L6 descend the relevant immersion properties in topologies stronger than the given open covers,Record the stronger scope without attributing fpqc descent language to EGA,D000158,
R000368,ega:I.4.2.4,zariski_cover_reduction_to_the_stronger_targets_is_derived,covered_derived,The image-cover immersion and open cases first pass to the union of charts and then compose with its open inclusion while the closed case refines to affine charts,Retain the restriction base-change and composition dependencies,D000158,
R000369,ega:I.4.2.4,image_cover_does_not_detect_closed_immersion,known_semantic_difference,The open immersion D(x) into affine one-space is an identity and hence closed over the sole image chart D(x) but is not closed in the whole target,Require a cover of all X in clause b rather than only a cover of the image,D000158,
R000370,ega:I.4.2.4:proof,elementary_stalk_and_image_locality_proof_has_no_single_tag,covered_derived,Stacks packages the same conclusions through base change local immersion and descent lemmas rather than the exact source neighbourhood argument,Retain the proof unit and scoped target bundle without inventing a proof tag,D000158,
R000371,ega:I.4.2.5:proof,one_line_reference_to_4_1_6_has_no_separate_target,covered_unlabelled,Tag 02V0 gives the full result and proof but does not label the source one-line reduction through canonical subpreschemes,Retain the proof child as covered unlabelled rather than a new gap,D000159,
R000372,ega:I.4.2.4,immersion_locality_target_does_not_cover_open_immersion,known_semantic_difference,Tag 0FCZ proves only immersion and a closed point in affine one-space is an immersion but not an open immersion,Use 02L3 for the open clause and do not broaden 0FCZ,D000158,
R000373,ega:I.4.2.3,printed_global_sections_map_uses_underlying_topological_symbol,known_semantic_difference,Printed p.123 writes Gamma(psi) although EGA I 1.7.3 assigns the global ring map to the sheaf component theta and identical point maps can induce different global homomorphisms,Preserve diplomatic French map the theorem through the type-correct Gamma(theta) reading and retain the canon referral until a corrected receipt returns,D000161,
R000374,ega:I.4.3.1,two_factor_product_requires_base_change_and_composition_bundle,covered_derived,No single target states the simultaneous two-factor product theorem while 01JY handles each base change and 02V0 their composition,Retain the split bundle and do not promote either target alone to full coverage,D000163,
R000375,ega:I.4.3.1,underlying_image_intersection_requires_open_closed_and_general_case_split,covered_derived,The source gives one intersection formula for associated locally closed subspaces while 01JR handles opens and 01JU plus 01IO derive the closed and general cases,Retain the case split and exact inverse-image evidence,D000163,
R000376,ega:I.4.3.1:proof,historical_affine_localization_and_tensor_proof_has_no_single_target,covered_derived,The source localizes over affine covers then computes a tensor quotient and closed-set intersection while modern Stacks proves stability by base change and composition,Preserve the proof unit and its explicit affine and algebra dependencies,D000163,
R000377,ega:I.4.3.1:proof,printed_kernel_formula_uses_plain_images_instead_of_extension_ideals,known_semantic_difference,Printed p.125 says u(b)+v(c) although ordinary images need not be ideals and the correct kernel is Im(b tensor_A C)+Im(B tensor_A c),Preserve diplomatic French use only the corrected formula in semantic evidence and retain the canon referral until corrected receipts return,D000162,
R000378,ega:I.4.3.1,open_product_target_has_stronger_compatible_open_scope,covered_by_stronger,Tag 01JR allows compatible opens over an intermediate open U whereas the source component is its U=S product-image specialization,Use the stronger target without adding its extra generality to EGA wording,D000163,
R000379,ega:I.4.3.1:proof,affine_cover_and_closed_quotient_targets_strengthen_proof_components,covered_by_stronger,Tag 01JS supplies arbitrary compatible affine covers and 01IH supplies unique quotient ideals beyond the source proof wording,Use the stronger targets only for their scoped proof components,D000163,
R000380,ega:I.4.3.1,common_base_change_near_match_is_not_the_two_factor_product,known_semantic_difference,Tag 01KR compares one fibre product after changing a common base and does not state alpha times_S beta for two changing factors,Reject 01KR as a direct match and retain the 01JY plus 02V0 factorization,D000163,
R000381,ega:I.4.3.1,both_and_same_type_hypotheses_are_essential,known_semantic_difference,With one factor A1_k to Spec k the product need not be an immersion and D(x) times the closed origin in A2 is neither open nor closed,Retain both immersion hypotheses and do not infer open or closed type from mixed factors,D000163,
R000382,ega:I.4.3.2,closed_base_change_target_adds_the_ideal_formula,covered_by_stronger,Tag 01JU supplies the pulled-back ideal sheaf in addition to the source assertion that closed immersion type is preserved,Use the stronger component without attributing the extra formula to the corollary,D000164,
R000383,ega:I.4.4.1,projection_type_target_adds_closed_ideal_formula,covered_by_stronger,Tag 01JU gives all three projection types and additionally computes the defining ideal in the closed case,Use the stronger target without attributing the extra formula to Proposition 4.4.1,D000166,
R000384,ega:I.4.4.1,underlying_inverse_image_formula_is_proof_level,covered_unlabelled,The exact base-change image identity occurs in the proof of 01S1 rather than its labelled surjectivity statement,Retain the proof-level locator and do not claim a standalone tagged equality,D000166,
R000385,ega:I.4.4.1,arbitrary_inverse_image_subscheme_terminology_unlabelled,covered_unlabelled,Tag 01JV labels the closed case while adjacent Stacks prose uses inverse-image language more generally for immersed subspaces,Map the labelled closed definition as partial and preserve the general terminology as unlabelled coverage,D000166,
R000386,ega:I.4.4.1,set_theoretic_containment_does_not_imply_factorization,known_semantic_difference,For t mapping to epsilon from k[t] to k[epsilon]/epsilon squared the unique point lands in V(t) but the morphism does not factor through V(t),Require equality with the scheme-theoretic pullback rather than equality of underlying sets,D000166,
R000387,ega:I.4.4.1,smallest_closed_point_structure_is_derived,covered_derived,Tag 01J3 gives the unique reduced closed structure on the point and ideal-order reversal makes it the smallest supported closed subscheme,Retain the derivation instead of inventing a separate minimality tag,D000166,
R000388,ega:I.4.4.1,nonclosed_point_fibre_is_not_an_inverse_image_subscheme,known_semantic_difference,The generic-point fibre of affine one-space exists by 01K0 but Spec k(t) to affine one-space is not a locally closed immersion,Keep the source closed-point hypothesis for the inverse-image-subschema identification,D000166,
R000389,ega:I.4.4.2,identical_inverse_images_use_canonical_representatives,known_semantic_difference,Stacks supplies a unique projection-compatible isomorphism between the two pullbacks rather than literal equality of arbitrary representatives,Interpret the source identity under its standing canonical-subschema convention,D000167,
R000390,ega:I.4.4.2,iterated_pullback_identity_is_in_a_target_proof,covered_unlabelled,The exact formula appears in the proof of 001Y while the labelled statement asserts representability of the composite,Retain the proof-level coverage and do not promote a separate tag,D000167,
R000391,ega:I.4.4.3,arbitrary_subscheme_infimum_has_no_single_target,covered_derived,The general locally closed meet requires 001V 01JU 02V0 01L7 and the unlabelled order prose under 01IM,Retain the split bundle and do not present any one edge as full coverage,D000168,
R000392,ega:I.4.4.3,scheme_theoretic_intersection_tag_is_closed_only,known_semantic_difference,Tag 0C4I assumes closed subschemes while D(t) intersected with the whole affine line is an open nonclosed meet,Use 0C4I only for the closed specialization of the arbitrary source claim,D000168,
R000393,ega:I.4.4.3,subscheme_infimum_equality_is_strictified,known_semantic_difference,The categorical meet is unique up to unique isomorphism while EGA treats canonical immersed representatives as equal,Preserve the canonical-representative convention explicitly in migration metadata,D000168,
R000394,ega:I.4.4.4,pullback_preserves_infimum_by_a_target_bundle,covered_derived,No single labelled target states the arbitrary-subschema equality while 001Y and 001V identify both binary pullback constructions,Retain the derived bundle and its exact proof locator,D000169,
R000395,ega:I.4.4.4,source_claim_is_binary_not_arbitrary_intersection,known_semantic_difference,The displayed formula concerns exactly two subschemes and does not establish preservation of an unbounded family of meets,Do not generalize the reviewed edge beyond binary infima,D000169,
R000396,ega:I.4.4.4,displayed_equality_uses_canonical_strictification,known_semantic_difference,The two iterated fibre products are canonically isomorphic but not literally equal for arbitrary chosen representatives,Read the equality under the same canonical-subschema convention as 4.4.2 and 4.4.3,D000169,
R000397,ega:I.4.4.5:proof,printed_algebra_variance_is_reversed,known_semantic_difference,Printed p.126 says B is an A-algebra although A tensor_B B/K requires A to be a B-algebra,Preserve diplomatic French and reuse the official R49 correction ID in semantic proof evidence,D000171,
R000398,ega:I.4.4.5:proof,historical_tensor_calculation_is_derived_from_right_exactness,covered_derived,No dedicated target states only A tensor_B B/K equals A modulo K A while 00DF gives it immediately,Retain the corrected affine proof step as a derived component rather than a gap,D000170,
R000399,ega:I.4.4.6,factorization_and_ideal_containment_require_a_bundle,covered_derived,The pullback universal property 001V the ideal formula 01JU and the ideal-order criterion 01QP jointly give the source equivalence,Retain all three dependencies and do not call one target the complete corollary,D000172,
R000400,ega:I.4.4.6,ideal_inclusion_direction_is_essential,known_semantic_difference,For the identity on affine one-space with X-prime V(t squared) and Y-prime V(t) the wrong reverse inclusion holds but factorization fails,Keep the source condition ideal of the inverse image contained in J exactly as written,D000172,
R000401,ega:I.4.4.1:proof,historical_proof_is_split_across_base_change_and_universal_property,covered_derived,The proof cites earlier EGA product results while modern coverage uses 01JX 01JU 01S1 and 001V,Retain the proof child with all four dependencies rather than assigning it to one target,D000166,
R000402,ega:I.4.4.1:proof,proof_image_identity_is_unlabelled,covered_unlabelled,The subset calculation used by the proof is the general image formula inside the proof of 01S1,Preserve the exact proof-level locator and do not claim a separate labelled theorem,D000166,
R000403,ega:I.4.4.2:proof,canonical_iterated_pullback_formula_is_unlabelled,covered_unlabelled,The source proof formula is written explicitly inside the proof of 001Y rather than its labelled statement,Retain the proof child and the exact internal locator,D000167,
R000404,ega:I.4.4.3,subscheme_order_prose_is_unlabelled,covered_unlabelled,The containment-by-factorization convention appears in prose under section tag 01IM and has no dedicated theorem label,Reuse the section target without inventing an official tag,D000168,
R000405,ega:I.4.4.3:proof,one_line_infimum_proof_is_derived,covered_derived,The source proof combines the pullback factorization criterion with the established subscheme order,Retain both dependencies and the proof unit rather than collapsing it into the statement,D000168,
R000406,ega:I.4.4.3:proof,order_component_of_infimum_proof_is_unlabelled,covered_unlabelled,The Stacks order convention used in the proof is unlabelled prose under 01IM,Preserve the section locator and do not manufacture a standalone target,D000168,
R000407,ega:I.4.4.4:proof,displayed_reassociation_formula_requires_two_pullback_steps,covered_derived,The proof of 001Y gives one pasting identity while the source display requires repeated reassociation plus symmetry of pullbacks,Retain the two-step derivation and do not describe the source formula as literally present in the target proof,D000169,
R000408,ega:I.4.4.6:proof,one_line_factorization_proof_requires_three_targets,covered_derived,The proof combines 001V for factorization 01JU for the inverse-image ideal and 01QP for ideal order,Retain the three-edge proof bundle and do not present a single target as the whole argument,D000172,
R000409,ega:I.4.4.5:proof,affine_locality_reduction_is_unlabelled,covered_unlabelled,The French proof states that the question is local on X and Y before making the affine tensor computation while 01HQ constructs the resulting closed pullback globally,Retain locality as an unlabelled proof step and do not attribute that sentence to 01HQ,D000170,
R000410,ega:I.4.4.1,universal_factorization_target_is_category_general,covered_by_stronger,Tag 001V gives the pullback factorization criterion in every category with the relevant fibre product while the source is its scheme inverse-image specialization,Use the stronger universal property without adding category-general language to EGA,D000166,
R000411,ega:I.4.4.1,fibre_target_allows_arbitrary_points,covered_by_stronger,Tag 01K0 defines the scheme-theoretic fibre over every point while the source invokes only a closed point represented as a closed subscheme,Use the stronger target but retain closedness for the inverse-image-subschema interpretation,D000166,
R000412,ega:I.4.4.1,labelled_inverse_image_definition_is_closed_only,covered_derived,Tag 01JV labels only closed inverse images while 01JU and 001V construct the arbitrary immersed pullback and adjacent unlabelled prose supplies its terminology,Retain the derived construction and unlabelled terminology remainder for the partial 01JV edge,D000166,
R000413,ega:I.4.4.3,closed_intersection_target_leaves_arbitrary_meet_derived,covered_derived,Tag 0C4I proves only the closed specialization while 001V 01JU 02V0 01L7 and 01IM derive the arbitrary locally closed meet,Keep the partial edge target-specific and retain the complete derived bundle,D000168,
R000414,ega:I.4.4.4,closed_intersection_target_does_not_state_pullback_preservation,covered_derived,Tag 0C4I identifies a closed intersection with a fibre product but 001Y and 001V are still required to compare its inverse image with the meet of inverse images,Keep the closed specialization partial and record the separate binary pullback derivation,D000169,
R000415,ega:I.4.5.1,local_immersion_pointwise_packaging_has_no_named_target,covered_derived,Tags 01HK and 01IO supply every closed-chart and immersion component but no labelled Stacks definition packages the source-point local-immersion quantifier,Retain the two-edge composite and do not invent a local-immersion tag,D000173,
R000416,ega:I.4.5.2,scheme_local_isomorphism_pointwise_packaging_is_unlabelled,covered_derived,Tag 01HE supplies each open-immersion chart while the pointwise source-local scheme notion has no dedicated labelled definition,Retain the chart definition as a composite without adding affine hypotheses,D000174,
R000417,ega:I.4.5.2,tag_096E_is_affine_ring_map_only,covered_derived,Tag 096E is exact after choosing affine charts but does not state the general scheme-level source-open definition,Keep the partial edge target-specific and use 01HE for the unrestricted chart predicate,D000174,
R000418,ega:I.4.5.3,tag_0FCZ_requires_full_inverse_image_charts,covered_derived,The source begins with arbitrary source neighbourhoods while 0FCZ requires them to be full inverse images of target opens,Use the homeomorphism onto the image to shrink V and prove the missing equality before applying 0FCZ,D000175,
R000419,ega:I.4.5.3,injective_local_isomorphism_globalization_is_derived,covered_derived,Tag 01HE defines the conclusion but no labelled theorem states that injective pointwise open charts glue to one open immersion,Retain the open-union and injectivity argument and do not call 01HE the whole iff theorem,D000175,
R000420,ega:I.4.5.4,no_single_target_for_irreducible_local_immersion_theorem,covered_derived,The result combines 004V 01RJ 01HK and 0FCZ and is not a specialization of any one labelled Stacks theorem,Retain the full dependency bundle for both immersion and open-image conclusions,D000176,
R000421,ega:I.4.5.4,tag_004V_does_not_by_itself_give_open_image,covered_derived,Irreducibility only makes nonempty source opens dense while dominance closed chart topology and injectivity are also required to prove f of X open,Keep the 004V edge as one component of the derived statement,D000176,
R000422,ega:I.4.5.4:proof,nonempty_open_dense_fact_is_unlabelled_under_004V,covered_unlabelled,The required density fact is an elementary consequence adjacent to the irreducibility definition rather than a separately labelled theorem,Retain the exact proof dependency without manufacturing a tag,D000176,
R000423,ega:I.4.5.4:proof,tag_01RJ_image_of_dense_open_step_uses_generic_points,covered_derived,Dominance alone names dense total image and the proof additionally uses that every nonempty open in an irreducible scheme contains its generic point,Retain the generic-point derivation before concluding f of U is dense,D000176,
R000424,ega:I.4.5.4:proof,tag_0FCZ_full_chart_hypothesis_is_proved_from_injectivity,covered_derived,The local immersion chart is not initially a full inverse image and becomes one only after density gives f of U equal to V and injectivity gives f inverse of V equal to U,Record those steps explicitly before invoking 0FCZ,D000176,
R000425,ega:I.4.5.4,irreducibility_hypothesis_is_essential,known_semantic_difference,A disjoint union of closed points can map injectively and dominantly onto the set of closed points of affine line with nonopen image,Retain irreducibility and reject any componentwise-free strengthening,D000176,
R000426,ega:I.4.5.4,dominance_hypothesis_is_essential,known_semantic_difference,A closed point immersed in affine line is injective and a local immersion but its image is not open,Retain dominance in the theorem and every candidate comparison,D000176,
R000427,ega:I.4.5.4,injectivity_hypothesis_is_essential,known_semantic_difference,The doubled-origin line maps dominantly and locally immersively to affine line but is not an immersion,Retain injectivity as the step producing full inverse-image charts,D000176,
R000428,ega:I.4.5.4,local_immersion_hypothesis_is_essential,known_semantic_difference,The normalization of a cusp is injective and dominant from an irreducible scheme but is not an immersion,Retain the local closed-chart hypothesis,D000176,
R000429,ega:I.4.5.4,conclusion_cannot_be_strengthened_to_open_immersion,known_semantic_difference,Spec k into Spec of the dual numbers satisfies the hypotheses and has open one-point image but is a nonopen closed immersion,Keep exactly immersion plus open image rather than open immersion,D000176,
R000430,ega:I.4.5.5,tag_02V0_local_composition_needs_ambient_shrinking,covered_derived,Tag 02V0 composes already-defined immersions while the source first chooses compatible local charts for two only locally immersed morphisms,Retain the neighbourhood-shrinking argument before applying transitivity,D000177,
R000431,ega:I.4.5.5,tag_096G_is_affine_only,covered_derived,Tag 096G proves composition for the affine ring-map local-isomorphism notion and does not state the unrestricted scheme chart result,Keep the partial edge and use open-chart composition for general schemes,D000177,
R000432,ega:I.4.5.5,product_local_immersion_requires_two_base_changes_and_composition,covered_derived,Neither 01JY nor 02V0 alone states the product of two local immersions and both are needed after 01JR constructs open product charts,Retain the three-target product derivation,D000177,
R000433,ega:I.4.5.5,tag_096F_is_affine_only_for_product_and_base_change,covered_derived,Tag 096F proves the affine ring-map local-isomorphism case while the source allows arbitrary schemes,Keep 096F as a partial specialization and derive the general result from open charts,D000177,
R000434,ega:I.4.5.5,tag_01JY_global_immersion_requires_local_chart_passage,covered_derived,Tag 01JY preserves an immersion already defined globally while the source pulls back each locally immersed chart and then reglues the pointwise condition,Retain the pulled-back open-cover step,D000177,
R000435,ega:I.4.5.5,local_isomorphism_permanence_has_no_single_scheme_level_tag,covered_derived,The affine tags 096F and 096G do not package the unrestricted scheme-level composition product and base-change clauses,Retain the open-immersion chart proof alongside those specializations,D000177,
R000436,ega:I.4.5.5:proof,base_change_reduction_to_product_is_derived,covered_derived,The source cites 3.5.1 while 01JX identifies base change as a fibre product and the remaining conclusion uses product and composition permanence,Retain the reduction rather than attributing it to the base-change definition alone,D000177,
R000437,ega:I.4.5.5:proof,printed_reference_4_2_4_must_read_4_2_5,known_semantic_difference,Q000003 confirms the printed citation while Proposition 4.2.5 and tag 02V0 are the actual transitivity inputs,Preserve diplomatic print and use the corrected reference in semantic and corrected-language layers,D000178,
R000438,ega:I.4.5.5:proof,product_points_z_and_z_prime_are_unintroduced,known_semantic_difference,Q000004 confirms that the four projection identities use z and z-prime before either is chosen,Read the proof after choosing z in the source product and defining z-prime as its image,D000179,
R000439,ega:I.4.5.5:proof,tag_01KU_contains_product_factorization_only_in_its_proof,covered_unlabelled,The proof of 01KU uses the same two-base-change factorization but its labelled statement concerns separated morphisms,Use the exact unlabelled proof pattern without presenting separatedness as a source claim,D000177,
R000440,ega:I.4.5.5:proof,product_chart_argument_requires_01JR_01JY_and_02V0,covered_derived,The source proof combines openness of product neighbourhoods stability of immersion factors and their composition,Retain all three dependencies and do not collapse them into one target,D000177,
R000441,ega:I.4.5.5:proof,tag_01JY_omitted_base_change_case_needs_open_cover_recovery,covered_derived,The target preserves global immersions and the source conclusion for local immersions follows only after pulling back and covering by their local charts,Record the open-cover recovery after the source reduction,D000177,
R000442,ega:I.4.5.5:proof,corrected_source_defects_do_not_change_the_permanence_result,known_semantic_difference,The wrong cross-reference and missing point choices are local proof defects while the composition product and base-change claims remain valid,Keep both errors append-only without weakening or overstating the proposition,D000180,
R000443,ega:I.5.1.1,arbitrary_quasi_coherent_algebra_nilradical_package_has_no_labelled_target,open_gap,No pinned labelled result assembles stalk nilradicals of an arbitrary quasi-coherent O_X algebra into the unique quasi-coherent ideal module,Preserve the gap and do not replace the general algebra by the structure-sheaf specialization 01J3,D000182,
R000444,ega:I.5.1.1:proof,nilradical_commutes_with_localization_has_no_single_tag,open_gap,The direct fraction proof establishes Nil of S inverse B equals S inverse Nil of B while no pinned tag states both inclusions,Retain the complete source proof and do not call 00E3 or 0544 an exact replacement,D000182,
R000445,ega:I.5.1.1:proof,tag_01LA_locality_is_stated_only_in_unnumbered_section_bullets,covered_unlabelled,The quasi-coherence section gives affine-cover locality outside a dedicated lemma,Retain the exact section-level locator and the direct affine construction,D000182,
R000446,ega:I.5.1.1:proof,tag_0544_is_stronger_for_extension_but_covers_only_the_easy_inclusion,covered_by_stronger,The target extends every locally nilpotent ideal along every ring map while the reverse nilradical-localization inclusion needs the source fraction argument,Keep the stronger edge component-scoped and retain R000444,D000182,
R000447,ega:I.5.1.1,historical_fibre_N_x_means_stalk_not_residue_field_tensor,known_semantic_difference,The source identifies N_x as an ideal inside the local algebra B_x and its proof uses localization,Normalize the historical word fibre to stalk without changing the formula,D000182,
R000448,ega:I.5.1.1,nilradical_is_locally_nilpotent_but_need_not_be_nilpotent,known_semantic_difference,Tag 0EGG gives a ring whose nilradical is locally nilpotent and not nilpotent,Do not add a Noetherian or uniform nilpotence hypothesis absent from the source,D000182,
R000449,ega:I.5.1.2:proof,tag_01IQ_treats_every_immersion_with_closed_image,covered_by_stronger,The target applies beyond full-support subpreschemes and supplies the closed-immersion recognition step,Keep the source specialization explicit,D000183,
R000450,ega:I.5.1.2,tag_01J3_treats_every_closed_subset,covered_by_stronger,The target constructs a unique reduced closed structure for arbitrary closed support and the source uses only support X,Record the specialization without calling it a general algebra nilradical theorem,D000183,
R000451,ega:I.5.1.2,tag_0BR6_adds_residue_fields_and_arbitrary_base_change,covered_by_stronger,The source needs only equality of underlying spaces after the nilradical quotient,Do not strengthen the homeomorphism to an isomorphism of schemes,D000183,
R000452,ega:I.5.1.2,tag_0356_is_a_universal_factorization_theorem,covered_by_stronger,The target controls every morphism from a reduced scheme into a closed support and the source needs one inclusion of subpreschemes,Retain universal strength as target-side only,D000183,
R000453,ega:I.5.1.2,minimality_from_tag_0356_requires_a_factorization_step,covered_derived,Apply the target to X red mapping into X and the arbitrary full-support closed subprescheme before reading subobject containment,Record the factorization instead of treating minimality as a literal target clause,D000183,
R000454,ega:I.5.1.2:proof,printed_defined_Y_word_order_is_grammatical_only,known_semantic_difference,R51 preserves the printed placement of Y and the corrected layer introduces Y before describing its defining ideal,Keep the inherited catalogue without a new mathematical error claim,D000184,
R000455,ega:I.5.1.2,reduction_homeomorphism_is_not_an_isomorphism_in_general,known_semantic_difference,Spec of dual numbers and its reduced point are homeomorphic but their structure sheaves differ,Use 0BR6 only for topology residue fields and base-change strength,D000183,
R000456,ega:I.5.1.3,tag_01J3_is_stronger_for_arbitrary_closed_support,covered_by_stronger,The target gives uniqueness for every closed T while the source definition uses T equal X,Keep the stronger support quantifier target-side,D000185,
R000457,ega:I.5.1.3,reduced_iff_equal_to_reduction_has_no_standalone_tag,covered_derived,The sentence after the definition follows jointly from 01J3 uniqueness and 01J4 notation,Retain both dependencies and the unnumbered source-part attribution,D000185,
R000458,ega:I.5.1.4,affine_integral_iff_domain_has_no_single_exact_tag,covered_derived,The source integral half combines 01ON with 00ES 00E0 and the 01OK convention,Keep the split proof instead of calling one target an exact affine equivalence,D000186,
R000459,ega:I.5.1.4:proof,integral_half_uses_reduced_irreducible_and_nilradical_steps,covered_derived,The short source citation expands into the 01ON 00ES and 00E0 chain,Record all three proof dependencies,D000186,
R000460,ega:I.5.1.4,local_integral_implies_domain_stalk_uses_untagged_localization,covered_unlabelled,Tag 01HV identifies the stalk and the remaining fact is that a nonzero localization of a domain is a domain,Retain the unlabelled ring step rather than overstating 01HV,D000187,
R000461,ega:I.5.1.4,locally_noetherian_topology_converse_has_no_single_target,covered_derived,The precise source hypothesis and conclusion require 0052 01J0 00ET and 01ON or the shorter 0052 0BX3 clause three and 01OQ,Keep the composite at the weaker topological hypothesis,D000187,
R000462,ega:I.5.1.4,integral_domain_is_not_a_zariski_local_ring_property,known_semantic_difference,The idempotent affine cover of k times k has domain factors although the product ring is not a domain,Do not instantiate the locality lemma 01OR with the domain property,D000187,
R000463,ega:I.5.1.4,topological_hypothesis_cannot_be_omitted,known_semantic_difference,Tag 0568 constructs a connected affine scheme with domain local rings that is not integral and hence not locally integral,Retain locally Noetherian underlying topology as essential,D000187,
R000464,ega:I.5.1.4,the_converse_concludes_locally_not_globally_integral,known_semantic_difference,Spec of k times k has Noetherian topology and domain stalks but is disconnected and not integral,Do not strengthen the source conclusion beyond locally integral,D000187,
R000465,ega:I.5.1.4,locally_noetherian_space_is_weaker_than_locally_noetherian_scheme,known_semantic_difference,A non-Noetherian rank-one valuation domain has a Noetherian two-point spectrum and prevents replacing the source topological hypothesis by Noetherian rings,Exclude 00FR and clause two of 0BX3 as exact targets,D000187,
R000466,ega:I.5.1.4,tag_0BX3_clause_three_supplies_a_shorter_modern_proof,covered_derived,After reducedness and finite components the target injects an affine coordinate ring into the domain stalk,Retain this modern proof without attributing it to the historical component argument,D000187,
R000467,ega:I.5.1.4,tag_00ET_absorbs_the_source_component_minimal_prime_step,covered_derived,Distinct components through x correspond to distinct minimal primes of O_Xx and cannot meet when the stalk is a domain,Keep the source proof path alongside the shorter 0BX3 route,D000187,
R000468,ega:I.5.1.4,printed_reference_2_1_7_must_read_2_1_8,known_semantic_difference,Q000005 confirms the printed citation while EGA I 2.1.8 rather than 2.1.7 supplies the integral and locally integral definitions,Preserve diplomatic print and use the corrected reference in semantic and corrected-language layers,D000188,
R000469,ega:I.5.1.5,factorization_target_is_more_general,covered_by_stronger,Tag 0356 treats every reduced source while construction of f red specializes it to X red,Retain the specialization and do not call 0356 an exact tag for the whole functorial package,D000191,
R000470,ega:I.5.1.5,quotient_sheaf_construction_has_no_standalone_tag,covered_unlabelled,No official target separately constructs omega by quotienting the pulled-back structure sheaf map by both nilradicals,Preserve the direct French construction as an unlabelled source component,D000191,
R000471,ega:I.5.1.5,functorial_square_and_composition_are_composite,covered_derived,Existence comes from 0356 and uniqueness from the reduction immersion being a monomorphism via 01L7,Retain both dependencies and the diagram source unit instead of attributing the package to one tag,D000191,
R000472,ega:I.5.1.5,majore_terminology_is_not_adopted,known_semantic_difference,Stacks expresses the final clause as factorization through Y red and does not use the historical order term majore,Keep the mathematical factorization and record the terminology migration explicitly,D000191,
R000473,ega:I.5.1.6:proof,nilradical_quotient_target_is_affine_and_stronger,covered_by_stronger,Tag 0BR6 proves the homeomorphism residue-field and arbitrary-base-change statements for every surjection with locally nilpotent kernel,Use the stronger affine target as the local-ring input without identifying it with the whole proposition,D000192,
R000474,ega:I.5.1.6,surjectivity_and_radiciality_reflection_are_composite,covered_derived,The unchanged point maps and residue fields combine 01RZ 01S3 01S4 and 054M,Retain the separate definitions and equivalence instead of claiming one exact permanence tag,D000192,
R000475,ega:I.5.1.6:proof,immersion_local_chart_permanence_is_composite,covered_derived,Closed charts use quotient-stalk surjectivity and 01LD while open charts use quotient-stalk isomorphisms and 01HE,Keep the local chart proof for immersion local immersion and local isomorphism clauses,D000192,
R000476,ega:I.5.1.6,only_surjective_and_radicial_converses_hold,known_semantic_difference,The morphism Spec(k[epsilon]/(epsilon^2)) to Spec(k) has identity reduction but is not an immersion or local isomorphism,Do not add converse claims for the immersion or local-isomorphism clauses,D000192,
R000477,ega:I.5.1.7:proof,reduced_structure_maps_use_stronger_factorization_and_monomorphism_targets,covered_by_stronger,Tags 0356 and 01L7 apply to arbitrary reduced sources and arbitrary immersions,Specialize them to X red Y red and S red without claiming an exact proposition tag,D000193,
R000478,ega:I.5.1.7:proof,comparison_over_a_monomorphism_is_composite,covered_derived,Tags 003B 08LR and 01JM jointly identify the two fibre products by the same universal property,Retain all three categorical dependencies and the source proof attribution,D000193,
R000479,ega:I.5.1.7,closed_same_space_product_inclusion_is_composite,covered_derived,Tag 01JU must be applied twice and composed while 054M 0CEU and 0CEV supply the same-space assertion,Keep the closed-immersion and universal-homeomorphism chains explicit,D000193,
R000480,ega:I.5.1.7,identical_products_are_recorded_as_canonically_isomorphic,known_semantic_difference,The source says the two products are identical while the modern target records the canonical isomorphism determined by their universal properties,Use canonical isomorphism rather than literal object equality,D000193,
R000481,ega:I.5.1.8,formal_space_target_is_stronger,covered_by_stronger,Tag 0CB9 proves the reduction formula for formal algebraic spaces and hence for the scheme case,Retain the scheme source locus while recording the stronger target scope,D000194,
R000482,ega:I.5.1.8:proof,outer_reduction_uses_unique_reduced_structure,covered_derived,Tags 01J3 and 01J4 turn Proposition 5.1.7 same-space products into the two reduced objects of the corollary,Keep the outer reductions and both dependencies explicit,D000194,
R000483,ega:I.5.1.8:proof,nonreduced_product_warning_uses_a_concrete_imperfect_field_witness,covered_derived,Tag 020F supplies a reduced variety and a reduced extension field whose product is nonreduced,Use the example as a witness rather than as a universal classification of failures,D000194,
R000484,ega:I.5.1.8:proof,perfect_field_boundary_is_stronger_context,covered_derived,Clause four of 035Z proves that products of reduced schemes over a perfect field remain reduced,Record the positive boundary without reading it into the historical warning,D000194,
R000485,ega:I.5.1.9,arbitrary_thickening_target_drops_finite_order,covered_by_stronger,Tag 06AD proves that every thickening of an affine scheme is affine whereas the source assumes one nilpotence exponent,Use the stronger theorem for sufficiency and retain the finite-order source proof separately,D000195,
R000486,ega:I.5.1.9,finite_power_filtration_is_untagged_after_04EX,covered_unlabelled,The paragraph following 04EX filters a finite-order thickening by first-order thickenings but has no separate label,Map the exact paragraph through 04EX without inventing an official tag,D000195,
R000487,ega:I.5.1.9,square_zero_proof_chain_is_composite,covered_derived,Tags 05YV 01IA 01I1 and 05QB jointly reconstruct X and prove the comparison morphism is an isomorphism,Retain the module morphism stalk and five-lemma dependencies as separate edges,D000195,
R000488,ega:I.5.1.9,affine_cohomology_target_is_stronger,covered_by_stronger,Tag 01XB vanishes every positive cohomology group while the source proof needs only H1,Use the stronger target for the obstruction step without attributing the whole proposition to it,D000195,
R000489,ega:I.5.1.9.1,global_sections_exactness_is_derived,covered_derived,The sheaf extension from 05YV and affine H1 vanishing from 01XB jointly make A to A0 surjective,Retain both targets and the labelled source display,D000195,
R000490,ega:I.5.1.9:diagram:xymatrix:1,ring_square_has_no_single_semantic_tag,covered_derived,The vertical quotient maps come from 05YV and the horizontal restriction map comes from 01I1,Retain both diagram edges and the independent visual-QA receipt,D000195,
R000491,ega:I.5.1.9:diagram:xymatrix:2,scheme_square_has_no_single_semantic_tag,covered_derived,The vertical first-order thickenings come from 05YV and the horizontal affine morphisms come from 01I1,Retain both diagram edges and the independent visual-QA receipt,D000195,
R000492,ega:I.5.1.9.2,higher_cohomology_target_is_stronger,covered_by_stronger,Tag 01XB proves vanishing in every positive degree while the source lemma states only H1,Use the stronger theorem and preserve the historical independent H1 proof,D000196,
R000493,ega:I.5.1.9.2:proof,extension_closure_and_module_splitting_are_unlabelled,covered_unlabelled,Tag 01IA realizes quasi-coherent modules on affine Y but the local extension closure and splitting of an extension of A are elementary unlabelled steps,Retain the corrected restriction to V and do not attribute the two elementary steps to 01IA,D000196,
R000494,ega:I.5.1.10,arbitrary_thickening_target_drops_global_nilpotence,covered_by_stronger,Tag 06AD applies to X red inside X from equality of underlying spaces and does not require a uniform nilpotence exponent,Use the stronger target while preserving the source hypothesis in the source_part,D000197,
R000495,ega:I.5.1.10,global_nilpotence_boundary_is_derived,covered_derived,Tag 0EGG separates locally nilpotent from nilpotent ideals and the 06AD comparison shows why the source hypothesis is sufficient but unnecessary,Record the boundary without weakening the diplomatic source statement,D000197,
R000496,ega:I.5.1.5,new_local_label,integrated_local_pending_upstream,The local schemes reduction-functorial lemma packages existence uniqueness identity composition and the natural square,Run chapter and corpus checks without assigning an official tag or claiming upstream acceptance,D000191,
R000497,ega:I.5.1.6,new_local_label,integrated_local_pending_upstream,The local morphisms reduction-morphism-properties lemma packages the modern permanence clauses it states,Run chapter and corpus checks without assigning an official tag or claiming upstream acceptance,D000192,
R000498,ega:I.5.1.7,new_local_label,integrated_local_pending_upstream,The local morphisms reductions-fibre-product lemma states the canonical comparison and same-space closed inclusion,Run chapter and corpus checks without assigning an official tag or claiming upstream acceptance,D000193,
R000499,ega:I.5.2.1,locally_closed_statement_is_split_across_canonical_open_and_closed_structure,covered_derived,Tags 0F2L and 01J3 jointly give the unique reduced induced structure for every locally closed subset,Retain both edges and do not promote either component alone to full coverage,D000206,
R000500,ega:I.5.2.1,closed_subset_lemma_alone_is_not_full_coverage,known_semantic_difference,For X equal Spec k[t] the locally closed subset D(t) is not the support of any closed subscheme of X,Apply 01J3 only inside the canonical open supplied by 0F2L,D000206,
R000501,ega:I.5.2.1:proof,historical_affine_gluing_conclusion_is_implicit,covered_unlabelled,The source proves restriction compatibility and leaves the final gluing sentence implicit while 01J3 constructs the global ideal sheaf directly,Treat this as proof organization rather than a mathematical gap or defect,D000206,
R000502,ega:I.5.2.1,locally_closed_and_reduced_qualifications_are_essential,known_semantic_difference,The generic point of Spec k[t] is not locally closed and V(t) and V(t squared) give distinct structures on the same closed support when reducedness is dropped,Preserve both source qualifications and reject unrestricted existence or uniqueness,D000206,
R000503,ega:I.5.2.2,map_into_reduction_target_is_stronger,covered_by_stronger,Tag 0356 states factorization if and only if set theoretic containment and also gives factorization through the reduction,Use its forward implication as full coverage without attributing the stronger converse to EGA 5.2.2,D000207,
R000504,ega:I.5.2.2,reduced_source_hypothesis_is_essential,known_semantic_difference,For X equals Y equals Spec k[epsilon]/(epsilon squared) with f the identity and Z equal Y red the underlying image lies in Z but f does not factor through Z,Keep reducedness explicit and reject any unconditional set-containment factorization,D000207,
R000505,ega:I.5.2.2,scheme_theoretic_image_and_reduced_immersion_are_nonprimary_near_matches,known_semantic_difference,Tag 03DQ assumes f is an immersion while 01R6 and 056B require a composite scheme-theoretic-image route to recover the given-Z factorization,Use direct tag 0356 and retain the other labels only as duplicate-target context,D000207,
R000506,ega:I.5.2.3,scheme_theoretic_image_route_is_stronger_context,covered_by_stronger,Tags 056B and 01RG identify the scheme theoretic image of a reduced immersion with its reduced topological closure and add scheme theoretic and topological density,Use exact tag 03DQ as the primary target and retain the two-tag route only as stronger context,D000208,
R000507,ega:I.5.2.3,reducedness_is_essential_for_reduced_closure_factorization,known_semantic_difference,The closed immersion Spec(k[t]/(t^2)) into Spec(k[t]) cannot factor through the reduced closure V(t) because t maps to a nonzero nilpotent,Do not replace the reduced-source hypothesis by arbitrary or merely quasi-compact immersion when the intermediate object is the reduced closure,D000208,
R000508,ega:I.5.2.4,ideal_containment_reuses_the_4_4_6_bundle,covered_derived,The factorization from 0356 combines with the already reviewed 001V 01JU 01QP and 01HP bundle under D000172,Reuse that dependency chain and do not introduce a duplicate local Stacks lemma,D000209,
R000509,ega:I.5.2.4,pullback_ideal_means_image_not_embedded_module,known_semantic_difference,For Spec(k) mapping to the origin of Spec(k[t]) the pullback of the module (t) is nonzero but its map to O_X is zero,Record Im(f star K to O_X) inside J and never assume f star K embeds as an ideal,D000209,
R000510,ega:I.5.2.4,reducedness_is_essential_for_set_theoretic_image_containment,known_semantic_difference,For f the identity on Spec(k[t]) with X prime V(t^2) and Y prime V(t) the point image is contained but (t) is not contained in (t^2),Keep reducedness for the set-theoretic hypothesis while noting scheme-theoretic factorization would make it unnecessary,D000209,
R000511,ega:I.5.2.2:proof,inverse_image_support_identity_is_only_proof_level,covered_unlabelled,The exact set identity used to show that the pullback has all of X as support appears in the proof of 01S1 rather than its displayed statement,Retain the proof-level locator and do not present 01S1 as a standalone theorem for this closed pullback,D000207,
R000512,ega:I.5.2.3:proof,map_into_reduced_closure_target_is_stronger,covered_by_stronger,Tag 0356 gives an if and only if for every reduced source and closed target while the source proof uses only its forward implication for this immersion,Specialize the factorization theorem without attributing its converse to the proof,D000208,
R000513,ega:I.5.2.3:proof,open_chart_and_unique_reduced_structure_form_a_proof_bundle,covered_derived,The immersion chart from 01IO and uniqueness from 01J3 jointly identify the source with the open restriction of the reduced closure,Retain both proof dependencies even though 03DQ packages the complete statement directly,D000208,
R000514,ega:I.5.2.4,map_into_closed_target_is_stronger_than_the_corollary_step,covered_by_stronger,Tag 0356 gives an if and only if for every reduced source and closed target while the corollary uses only factorization of X prime through Y prime,Keep the stronger target scoped to the reduced restriction of f,D000209,
R000515,ega:I.5.2.4:proof,the_factorization_target_is_stronger,covered_by_stronger,Tag 0356 includes the converse set-containment criterion and reduction special case beyond the first cited proof step,Use only the forward factorization implication for X prime to Y prime,D000209,
R000516,ega:I.5.2.4:proof,the_ideal_containment_step_is_composite,covered_derived,Tag 01HP supplies vanishing on X prime while the quotient by J and the existing 4.4.6 bundle convert that vanishing into the ambient ideal inclusion,Retain the composite proof and its exact ideal direction rather than assigning it to one tag,D000209,
R000517,ega:I.5.2.3:proof,unique_reduced_closed_structure_target_is_stronger,covered_by_stronger,Tag 01J3 gives the unique reduced closed structure for every closed subset of every scheme while the source proof uses only the chosen open chart of this immersion,Specialize the uniqueness theorem to the chart without attributing its full generality to the proof,D000208,
R000518,ega:I.5.2.4,closed_subscheme_ideal_bijection_target_is_stronger,covered_by_stronger,Tag 01QP gives an if and only if classification for arbitrary closed subschemes over the same ambient scheme while the corollary uses only one implication for X prime and the pulled-back closed subscheme,Use the required ideal-inclusion direction without attributing the converse classification to the corollary,D000209,
R000519,ega:I.5.2.4:proof,closed_subspace_factorization_target_is_stronger,covered_by_stronger,Tag 01HP gives an if and only if factorization criterion for every map into a scheme with a closed subscheme while the proof uses only the vanishing direction for X prime and Y prime,Specialize the factorization criterion without attributing its converse to the historical proof,D000209,
R000520,ega:I.5.3.1,diagonal_definition_is_exact_unlabelled_section_prose,covered_unlabelled,Tag 01KH contains the definition and both projection identities before its first labelled lemma,Use the exact line evidence without claiming a dedicated theorem tag,D000210,
R000521,ega:I.5.3.1.2,new_local_label,integrated_local_pending_upstream,The local Schemes diagonal-identities lemma packages the pairing formula as a reusable citable statement,Run the chapter and corpus checks without assigning an official tag or claiming upstream acceptance,D000210,
R000522,ega:I.5.3.1.2,pairing_identity_is_derived_from_fibre_product_uniqueness,covered_derived,Tag 001V supplies the two prescribed projections and uniqueness but does not state the displayed formula,Retain both the official dependency and the exact local statement,D000210,
R000523,ega:I.5.3.1,categorical_forward_scope_through_5_3_8_remains_outside_this_slice,open_gap,The source remark reaches the later results 5.3.5 through 5.3.8 which are not part of this bounded checkpoint,Record only the reviewed 5.3.1 through 5.3.4 specialization and close the forward claim with the later units,D000210,
R000524,ega:I.5.3.2,new_local_label,integrated_local_pending_upstream,The local Schemes diagonal-identities lemma states product compatibility under the canonical interchange isomorphism,Run the chapter and corpus checks without assigning an official tag or claiming upstream acceptance,D000211,
R000525,ega:I.5.3.2,algebraic_space_product_target_is_stronger_and_proof_level,covered_by_stronger,Tag 02X0 proves existence of products for algebraic spaces and states the diagonal identity only inside its proof,Use that stronger occurrence as corroboration while the local lemma supplies the direct scheme statement,D000211,
R000526,ega:I.5.3.2:proof,product_interchange_and_projection_argument_are_derived,covered_derived,Tags 001S and 002L jointly construct the four-factor interchange and identify the two morphisms from their projections,Retain the exact historical calculation without attributing the whole proof to either target alone,D000211,
R000527,ega:I.5.3.3,printed_numbering_gap_has_no_mathematical_unit,known_semantic_difference,The French authority jumps directly from 5.3.2 to 5.3.4 and the frozen English row is only a non-rendering phantom anchor,Keep the stable navigation ID but attach no statement edge issue or correction referral,D000212,
R000528,ega:I.5.3.4,new_local_label,integrated_local_pending_upstream,The local Schemes diagonal-identities lemma states arbitrary base-change compatibility of the diagonal,Run the chapter and corpus checks without assigning an official tag or claiming upstream acceptance,D000213,
R000529,ega:I.5.3.4,separated_permanence_target_is_stronger_and_proof_level,covered_by_stronger,Tag 01KU proves permanence of separatedness and records the diagonal identity for every morphism only inside its proof,Use the arbitrary-morphism identity without attributing the separatedness theorem to the source corollary,D000213,
R000530,ega:I.5.3.4,two_category_base_change_target_is_stronger,covered_by_stronger,Tag 04YR treats two fibre products of categories and its proof states the result in every two one category with fibre products,Specialize the unlabelled stronger principle to the locally discrete category of schemes,D000213,
R000531,ega:I.5.3.4:proof,all_limit_preservation_target_is_stronger,covered_by_stronger,Tag 0038 preserves every existing limit under a right adjoint while the source proof invokes only one binary pullback product,Use the binary specialization through the already reviewed 3.3.10 bundle,D000213,
R000532,ega:I.5.3.4:proof,iterated_pullback_identity_is_proof_level,covered_unlabelled,The proof of tag 001Y identifies successive and composite pullbacks by their common universal property,Reuse the exact reassociation step without claiming it is the labelled representability statement,D000213,
R000533,ega:I.5.3.1.1,projection_identities_are_exact_unlabelled_section_prose,covered_unlabelled,Tag 01KH prints both projection identities before its first labelled lemma,Use the exact prose while retaining the labelled source formula as its own unit,D000210,
R000534,ega:I.5.3.2,algebraic_space_diagonal_identity_is_unlabelled,covered_unlabelled,The product-diagonal identity occurs only in the proof of tag 02X0,Retain proof-level provenance alongside the stronger-scope residual,D000211,
R000535,ega:I.5.3.2,canonical_interchange_is_derived,covered_derived,Tag 001S constructs the required product only up to unique isomorphism and the four projections determine the interchange,Retain the universal-property derivation and do not present the rearrangement as literal object equality,D000211,
R000536,ega:I.5.3.4,official_base_change_occurrences_are_unlabelled,covered_unlabelled,The exact scheme identity is in the proof of 01KU and the two categorical strengthening is stated at full scope only in the proof of 04YR,Retain both proof-level occurrences while the local lemma supplies the direct statement,D000213,
R000537,ega:I.5.3.4:proof,base_change_product_comparison_is_derived,covered_derived,Tag 0038 combines the pullback adjunction with preservation of all limits and specializes to the one product used here,Reuse the reviewed 3.3.10 derivation without attributing all-limit preservation to the source proof,D000213,
R000538,ega:I.5.3.5,exact_cartesian_square_is_proof_level_in_01KR,covered_unlabelled,The proof of 01KR states the exact square while its labelled statement emphasizes immersion consequences,Use 01KR without adding a duplicate local theorem,D000214,
R000539,ega:I.5.3.5.1,displayed_cartesian_square_is_proof_level_in_01KR,covered_unlabelled,The exact objects arrows and cartesian assertion occur in the proof diagram,Retain the source formula unit while deferring the separate visual unit,D000214,
R000540,ega:I.5.3.5:proof,arbitrary_category_fibre_product_definition_is_stronger,covered_by_stronger,Tag 001V treats fibre products in every category rather than only schemes over T,Specialize the Hom-set universal property in the slice category,D000214,
R000541,ega:I.5.3.5:proof,pointwise_set_verification_is_derived,covered_derived,The source reduction through 3.4.3 is the evaluated universal property already reviewed under D000114,Reuse that dependency rather than inventing a second proof lemma,D000214,
R000542,ega:I.5.3.5,published_erratum_supplies_missing_g,known_semantic_difference,Direct EGA I prints f from X to S comma Y to S while EGA II Errata p.221 explicitly inserts g before Y to S,Preserve diplomatic print and use the official corrected hypothesis semantically,D000216,
R000543,ega:I.5.3.6,base_change_description_is_proof_level_in_01KR,covered_unlabelled,The fibre square in the proof identifies the top arrow as the pullback projection,Retain 01KR as the exact official scheme target,D000215,
R000544,ega:I.5.3.6,general_base_change_definition_is_stronger,covered_by_stronger,Tag 01JX defines identity-times-map base change for every morphism of schemes,Specialize it to Delta_S over P,D000215,
R000545,ega:I.5.3.6,identity_times_diagonal_formula_is_derived,covered_derived,The formula combines the 01KR fibre square with 01JX and the projection identities under D000095,Keep the explicit source formula because it has no separate official lemma clause,D000215,
R000546,ega:I.5.3.6:proof,source_citations_form_a_closed_dependency_pair,covered_derived,The source cites only 5.3.5 and 3.3.4 which are respectively D000214 and D000095,Record the dependency pair without adding another target edge,D000215,
R000547,ega:I.5.3.5,tag_04Z1_is_a_two_categorical_analogue_not_direct_scheme_coverage,known_semantic_difference,Tag 04Z1 concerns functors between categories and 2-fibre products while the source concerns objects in an ordinary category,Use 01KR as the exact scheme edge and retain 04Z1 only as contextual categorification,D000214,
R000548,ega:I.5.3.5:diagram:xymatrix:1,equation_number_side_differs_between_editions,known_semantic_difference,V000021 confirms the complete mathematical graph while the French reader places the equation number on the right and authority and English place it on the left,Record only this controlled layout difference and do not treat it as a mathematical or diplomatic source defect,D000220,
R000549,ega:I.5.3.7,cartesian_square_is_proof_level_under_01KR,covered_unlabelled,The proof of 01KR states the general square is a fibre product and the source corollary is its exact specialization,Retain the proof level occurrence without requesting a redundant standalone lemma,D000217,
R000550,ega:I.5.3.7,semi_diagonal_target_is_stronger,covered_by_stronger,Tag 01KS concerns the same canonical morphism and additionally proves immersion plus conditional closedness and quasi compactness,Use only the morphism identification and do not import the stronger conclusions,D000217,
R000551,ega:I.5.3.7:proof,categorical_specialization_is_derived,covered_derived,Tag 001V identifies X times_Y Y with X and determines the specialized square by its projections,Retain the ordinary categorical universal property proof rather than treating a two categorical analogue as the direct target,D000217,
R000552,ega:I.5.3.7:diagram:xymatrix:1,delta_Y_label_side_disagreement_pending_visual_closure,open_gap,Direct authority printed p.133 places Delta_Y below the bottom arrow while the current French and English outputs place Delta_Y above it,Keep the diagram unit unmapped until dedicated tight 5000 dpi authority French and English crops are compared and corrected outputs are rebuilt if required,D000217,
R000553,ega:I.5.3.8,general_categorical_target_is_stronger,covered_by_stronger,Tag 08LR proves the criterion in every category with fibre products while the proposition is stated for schemes,Use 01L3 for the exact scheme statement and 08LR for the categorical forward scope,D000218,
R000554,ega:I.5.3.8:proof,printed_singleton_should_be_at_most_one_already_catalogued,known_semantic_difference,R56 and EG-EGA-I-P133-FR-538-ONE-ELEMENT-001 record that injectivity into a singleton permits the source Hom set to be empty,Preserve diplomatic French and use the already corrected English and mathematical reading,D000218,
R000555,ega:I.5.3.8,universally_injective_near_match_is_strictly_weaker,known_semantic_difference,Tag 01S4 controls universal injectivity while absolute Frobenius can satisfy it without having an isomorphic diagonal,Reject 01S4 as a direct match and retain 01L3 together with 08LR and the existing I000031 counterexample,D000218,
R000556,ega:I.5.3.1,categorical_forward_scope_through_5_3_8_now_closed,covered_derived,The reviewed 5.3.5 through 5.3.8 mappings now supply the fibre product semi diagonal and monomorphism components left open by R000523,Supersede the bounded open residual and retain no unreviewed forward claim through 5.3.8,D000210,R000523
R000557,ega:I.5.3.7,fibre_product_after_map_target_adds_immersion_consequences,covered_by_stronger,Tag 01KR labels the stronger immersion permanence lemma while its proof gives the exact cartesian square,Use only the proof square and do not attribute the immersion conclusions to the source corollary,D000217,
R000558,ega:I.5.3.8:proof,hom_product_identification_is_derived_from_fibre_products,covered_derived,Tag 001V gives the universal property in every category and the source obtains the displayed Hom set product by evaluation in the slice over Y,Retain the source proof step without presenting it as a separately labelled theorem,D000218,
R000559,ega:I.5.3.7:diagram:xymatrix:1,delta_Y_label_side_disagreement_closed_by_corrected_visual_successor,known_semantic_difference,V000022 confirms corrected B37AD and B234 now place Delta_Y below exactly as authority while J000012 and J000013 preserve the prior above-label outputs,Admit V000022 as current and retain the rejected and nonfinal lineage without mapping the diagram as a separate theorem,D000223,R000552
R000560,ega:I.5.3.9:proof,printed_proof_omits_local_closedness,known_semantic_difference,The printed proof establishes a homeomorphism onto the image and surjective stalk maps but never proves the image locally closed,Preserve the diplomatic proof and apply published EGA III.2 Err_III 10 while retaining the theorem as true,D000226,
R000561,ega:I.5.3.9:proof,published_affine_repair_matches_target_proof,covered_unlabelled,Published Err_III 10 and the proof of 01KJ both reduce locally to the surjective multiplication map A tensor_B A to A,Use the target proof as complete modern coverage without pretending the printed proof was sufficient,D000226,
R000562,ega:I.5.3.9,diagonal_subscheme_terminology,known_semantic_difference,EGA names the subprescheme associated to the immersion the diagonal while Stacks uses the diagonal morphism and induced image without a separate terminology theorem,Carry the terminology through migration metadata and do not claim a mathematical gap,D000225,
R000563,ega:I.5.3.10,fibre_product_after_map_target_is_stronger,covered_by_stronger,Tag 01KR adds closed immersion under separatedness and quasi compactness under quasi separatedness,Use only its unconditional immersion clause as full source coverage,D000227,
R000564,ega:I.5.3.10:proof,cartesian_comparison_square_occurs_in_target_proof,covered_unlabelled,The proof of 01KR gives the exact pullback of the diagonal square used by the source,Retain proof level coverage without treating the diagram as a separate tagged statement,D000227,
R000565,ega:I.5.3.10,canonical_immersion_terminology,known_semantic_difference,EGA names this comparison the canonical immersion while Stacks states the map and its properties without adopting the name,Carry the terminology in migration metadata only,D000227,
R000566,ega:I.5.3.11,semi_diagonal_and_section_targets_are_stronger,covered_by_stronger,Tags 01KS and 01KT add closed and quasi compact refinements under separation hypotheses while the source asserts immersion only,Use their unconditional clauses and do not attribute the strengthenings to EGA,D000228,
R000567,ega:I.5.3.11:proof,graph_specialization_occurs_in_target_proof,covered_unlabelled,The proof of 01KS specializes the canonical comparison exactly as the source does,Retain this as proof level coverage rather than a separate theorem,D000228,
R000568,ega:I.5.3.11,graph_characterization_is_fibre_product_derived,covered_derived,The first projection criterion and recovery by the second projection follow from the product universal property but have no dedicated tag,Retain the complete derived characterization alongside the graph immersion theorem,D000228,
R000569,ega:I.5.3.11,graph_image_and_S_section_terminology,known_semantic_difference,EGA calls the associated subscheme a graph and calls graph subschemes of structural sections their images or S sections,Carry these names through terminology metadata without manufacturing a tagged target,D000228,
R000570,ega:I.5.3.12,new_local_label,integrated_local_pending_upstream,Item four of the local Schemes diagonal identities lemma states exact graph compatibility with arbitrary base change,Run the Schemes and scaffold checks without assigning an official tag or claiming upstream acceptance,D000229,
R000571,ega:I.5.3.12:proof,official_graph_base_change_derivation_is_composite,covered_derived,Tags 01JX 002L and 001V together with the existing 3.3.10.1 bundle derive the graph identity,Retain the official dependencies beside the exact local statement,D000229,
R000572,ega:I.5.3.13,local_immersion_clause_has_no_single_label,covered_derived,Stacks has no named scheme level local immersion notion matching EGA and the clause follows by applying 07RK on source neighbourhoods,Preserve the source notion and record its ordinary immersion localization explicitly,D000230,
R000573,ega:I.5.3.13:proof,graph_base_change_and_composition_assemble_the_source_proof,covered_derived,Tags 01KS 01JY and 02V0 supply the graph factor the base changed projection and their composition,Retain all three scoped ingredients and do not overclaim any one as the full proof,D000230,
R000574,ega:I.5.3.13:proof,printed_4_2_4_citation_should_be_4_2_5,known_semantic_difference,Q000010 and published EGA III.2 Errata list 2 replace the ordinary composition citation 4.2.4 by 4.2.5,Preserve diplomatic French and use exact target 02V0 under the corrected citation,D000231,
R000575,ega:I.5.3.14,immersion_cancellation_target_is_stronger,covered_by_stronger,Tag 07RK treats every factorization whose composite is an immersion while the source specializes to a pairing followed by projection,Use the target specialization without attributing its greater generality to EGA,D000232,
R000576,ega:I.5.3.14,local_immersion_pairing_is_derived,covered_derived,The local clause follows by applying the ordinary cancellation result on source neighbourhoods where j is an immersion,Retain EGA local immersion terminology and do not claim a single exact Stacks label,D000232,
R000577,ega:I.5.3.14:proof,projection_pairing_identity_and_cancellation_are_derived,covered_derived,The product universal property gives p composed with the pairing equal to j and 07RK then gives the ordinary conclusion,Record the one line proof as a scoped derivation rather than a separate theorem,D000232,
R000578,ega:I.1.1.15,new_local_label,integrated_local_mirror,The exact EGA proposition is now a cited local lemma and repairs an implicit inference in more-algebra.tex,Retain in the Mathematical Commons mirror and keep Algebra and corpus checks active without assigning an official tag,D000234,R000008
R000579,ega:I.1.2.4,new_local_label,integrated_local_mirror,The general unit-times-image criterion now unifies the quotient and localization topology arguments,Retain in the Mathematical Commons mirror and keep Algebra and corpus checks active without assigning an official tag,D000234,R000012
R000580,ega:I.1.4.1,new_local_label,integrated_local_mirror,The exact four-way characterization now has one cited local Stacks-style statement with a canonical global-sections strengthening,Retain in the Mathematical Commons mirror and keep Properties and corpus checks active without assigning an official tag,D000234,R000025
R000581,ega:I.3.6.1:proof,existing_local_unit_times_criterion,integrated_local_mirror,The source invokes EGA I 1.2.4 whose exact criterion is the already integrated untagged Algebra lemma,Reuse the local label inside the Mathematical Commons mirror without opening a duplicate gap or assigning an official tag,D000234,R000276
R000582,ega:I.5.1.5,new_local_label,integrated_local_mirror,The local schemes reduction-functorial lemma packages existence uniqueness identity composition and the natural square,Retain in the Mathematical Commons mirror and keep Schemes and corpus checks active without assigning an official tag,D000234,R000496
R000583,ega:I.5.1.6,new_local_label,integrated_local_mirror,The local morphisms reduction-morphism-properties lemma packages the modern permanence clauses it states,Retain in the Mathematical Commons mirror and keep Morphisms and corpus checks active without assigning an official tag,D000234,R000497
R000584,ega:I.5.1.7,new_local_label,integrated_local_mirror,The local morphisms reductions-fibre-product lemma states the canonical comparison and same-space closed inclusion,Retain in the Mathematical Commons mirror and keep Morphisms and corpus checks active without assigning an official tag,D000234,R000498
R000585,ega:I.5.3.1.2,new_local_label,integrated_local_mirror,The local Schemes diagonal-identities lemma packages the pairing formula as a reusable citable statement,Retain in the Mathematical Commons mirror and keep Schemes and corpus checks active without assigning an official tag,D000234,R000521
R000586,ega:I.5.3.2,new_local_label,integrated_local_mirror,The local Schemes diagonal-identities lemma states product compatibility under the canonical interchange isomorphism,Retain in the Mathematical Commons mirror and keep Schemes and corpus checks active without assigning an official tag,D000234,R000524
R000587,ega:I.5.3.4,new_local_label,integrated_local_mirror,The local Schemes diagonal-identities lemma states arbitrary base-change compatibility of the diagonal,Retain in the Mathematical Commons mirror and keep Schemes and corpus checks active without assigning an official tag,D000234,R000528
R000588,ega:I.5.3.12,new_local_label,integrated_local_mirror,Item four of the local Schemes diagonal identities lemma states exact graph compatibility with arbitrary base change,Retain in the Mathematical Commons mirror and keep Schemes and corpus checks active without assigning an official tag,D000234,R000570
R000589,ega:I.5.3.15,new_local_label,integrated_local_mirror,Item five of the local Schemes diagonal identities lemma states exact naturality of the diagonal,Retain in the Mathematical Commons mirror and keep Schemes and corpus checks active without assigning an official tag,D000235,
R000590,ega:I.5.3.15:proof,diagonal_naturality_is_fibre_product_derived,covered_derived,The two sides have the same two projection composites and 001V gives uniqueness,Retain the exact local statement together with its official universal-property derivation,D000235,
R000591,ega:I.5.3.15:diagram:xymatrix:1,bottom_Delta_Y_label_side_and_equation_tag_layout,known_semantic_difference,V000023 confirms Delta_Y below on all three current surfaces while only French retains the equation number on the right,Keep the graph signature fixed and record the edition-specific equation-tag placement separately,D000240,
R000592,ega:I.5.3.16,diagonal_subscheme_inclusion_is_composite,covered_derived,The inclusion into Delta_Y combines 01KJ the product immersion bundle and the naturality identity under D000235,Retain the scoped dependency chain rather than claiming any one tag is the whole corollary,D000236,
R000593,ega:I.5.3.16:proof,product_immersion_step_is_composite,covered_derived,Tags 01JY and 02V0 give the two base changed factors and their composition exactly as in 4.3.1,Retain both dependencies for the f times_S f immersion step,D000236,
R000594,ega:I.5.3.16,open_product_target_is_stronger,covered_by_stronger,Tag 01JR permits an additional compatible base open while the source uses the full base S,Use only the specialization that identifies p1 inverse X intersect p2 inverse X,D000236,
R000595,ega:I.5.3.16:proof,printed_y_equals_f_y_is_subscheme_identification,known_semantic_difference,The phrase y equals f(y) uses the standing identification of the subscheme X with its image in Y rather than literal equality across differently typed points,Preserve the historical identification convention and keep the typed morphism f explicit in semantic records,D000236,
R000596,ega:I.5.3.16,source_asserts_underlying_space_equality_only,known_semantic_difference,The French statement explicitly asserts only equality of underlying spaces while the scheme-theoretic strengthening is a further derived Cartesian claim for an immersion,Retain the printed topological scope and do not attribute the stronger derived Cartesian statement to EGA here,D000236,
R000597,ega:I.5.3.16,underlying_space_intersection_is_derived,covered_derived,The product immersion has underlying image p1 inverse X intersect p2 inverse X and restriction to Delta_Y gives the stated common subset,Record only topological equality at this step,D000236,
R000598,ega:I.5.3.16:proof,naturality_supplies_final_diagonal_membership,covered_derived,The equality from 5.3.15 sends Delta_X(y) to Delta_Y(f(y)) and closes the final membership argument,Retain D000235 as an explicit proof dependency,D000236,
R000599,ega:I.5.3.17,common_image_point_classification_is_unlabelled,covered_unlabelled,The prose under 01J5 classifies Spec(K) maps by an image point and a residue-field map but has no separate label for the common-point comparison,Retain the prose-level target and both source hypotheses,D000237,
R000600,ega:I.5.3.17:proof,equality_of_the_residue_field_induced_maps,covered_derived,Equality of the two homomorphisms k(x) to k(y) gives equality of the corresponding morphisms g_i from Spec(k(y)) to Spec(k(x)),Keep both residue-field names and the reversed spectrum direction explicit,D000237,
R000601,ega:I.5.3.17:proof,residue_field_morphism_classification,covered_unlabelled,The prose under 01J5 classifies a morphism Spec(k(y)) to X by its common image point x and the homomorphism k(x) to k(y),Use the unlabelled classification before the equalizer step and do not reverse either residue-field name,D000237,
R000602,ega:I.5.3.17:proof,equalizer_target_is_stronger,covered_by_stronger,Tag 01KM constructs the largest locally closed equalizer subscheme whereas the source needs only membership of one field-valued point in the diagonal,Use only the pointwise consequence after equality is established by 01J5,D000237,
R000603,ega:I.5.3.17,common_point_and_equal_residue_map_hypotheses_are_both_necessary,known_semantic_difference,"The approved examples are Y=Spec(k), X=A1_k, 0/1 points; and X=Y=Spec(F_{p^2}) over Spec(F_p), id versus p-Frobenius; the first violates the common-point hypothesis and the second violates equality of the residue-field maps",Retain both source hypotheses and do not weaken the statement to either one alone,D000237,
R000604,ega:I.5.3.17:proof,field_valued_maps_are_S_morphisms,covered_derived,Because f1 and f2 are S morphisms and send y to the same x the induced Spec(k(y)) to Spec(k(x)) maps commute with the common maps to S,Keep the over-S typing explicit before forming either fibre-product pairing,D000237,
R000605,ega:I.5.3.17:proof,existing_local_diagonal_naturality,integrated_local_mirror,Item five of the local Schemes diagonal identities lemma carries the equal field-valued diagonal pair to the diagonal in X times_S X,Retain in the Mathematical Commons mirror and keep Schemes and corpus checks active without assigning an official tag,D000237,
R000606,ega:I.5.3.5:diagram:xymatrix:1,delta_S_over_T_label_side_disagreement_requires_source_repair,open_gap,Authority places Delta_{S|T} below while both current language readers place it above; V000021 and R000548 are not valid current visual evidence,Await exact French and English source corrections rebuilt current readers and fresh direct visual certification,D000242,R000548
R000607,ega:I.5.1.5:diagram:xymatrix:1,reduction_square_visual_witness_requires_source_repair,open_gap,Tags 0356 and 01L7 still derive the reduction square semantically but NUMDAM places bottom f below and both current readers place it above,Retain S000718-S000720 R000496 and R000582 as mathematical mappings but block their visual and current-reader promotion until source repair rebuild and fresh downstream certification,D000243,R000471
R000608,ega:I.5.1.9:diagram:xymatrix:2,bottom_f_0_label_side_disagreement_requires_source_repair,open_gap,Tags 05YV and 01I1 still derive the scheme square semantically but NUMDAM places bottom f_0 below and both current readers place it above,Retain S000758 and S000759 as mathematical mappings but block their visual and current-reader promotion until source repair rebuild and fresh downstream certification,D000244,R000491
R000609,ega:I.5.1.5,functorial_reduction_semantic_coverage_separate_from_visual_gap,covered_derived,Tag 0356 gives existence and Tag 01L7 gives uniqueness of the reduction factorization while D000243 changes only the bottom f label side,Retain S000716 and the reduction square semantic derivation independently of the active R000607 visual gap,D000191,
R000610,ega:I.5.1.9:diagram:xymatrix:2,scheme_square_semantic_coverage_separate_from_visual_gap,covered_derived,Tags 05YV and 01I1 derive the vertical first-order thickenings and horizontal affine morphisms while D000244 changes only the bottom f_0 label side,Retain S000758 and S000759 semantic coverage independently of the active R000608 visual gap,D000195,
R000611,ega:I.5.1.5:diagram:xymatrix:1,reduction_square_visual_witness_closed_by_corrected_current_reader,known_semantic_difference,V000035 confirms bottom f below on all three current surfaces while J000033 and J000034 preserve the above-label predecessor readers,Retain S000718-S000720 R000496 and R000582 as mathematical mappings and admit V000035 as the current visual witness,D000247,R000607
R000612,ega:I.5.1.9:diagram:xymatrix:2,bottom_f_0_label_side_disagreement_closed_by_corrected_current_reader,known_semantic_difference,V000039 confirms bottom f_0 below the leftward arrow on all three current surfaces while J000035 and J000036 preserve the above-label predecessor readers,Retain S000758 and S000759 as mathematical mappings and admit V000039 as the current visual witness,D000248,R000608
R000613,ega:I.5.3.5:diagram:xymatrix:1,delta_S_over_T_label_side_disagreement_closed_by_corrected_current_reader,known_semantic_difference,V000040 confirms Delta_{S|T} below on all three current surfaces while only French retains the equation number on the right and J000031 and J000032 preserve the above-label predecessor readers,Admit V000040 as current and retain the equation-tag layout difference plus all rejected and nonfinal lineage,D000249,R000606
R000614,ega:I.4.2.2:diagram:xymatrix:1,theta_stalk_square_current_reader_successor,covered_derived,Tags 008H 00AE and 008M supply the two stalk identifications and natural commutativity while V000034 supplies the exact current-reader graph witness,Retain V000034 and all three proof dependencies under the final current-reader closure,D000246,R000360
R000615,ega:I.5.3.7:diagram:xymatrix:1,delta_Y_label_side_closure_current_reader_successor,known_semantic_difference,V000041 confirms current B37AJ and B239 still place Delta_Y below exactly as authority while J000012 and J000013 preserve the prior above-label outputs,Admit V000041 as current and retain the rejected and nonfinal lineage without mapping the diagram as a separate theorem,D000246,R000559
R000616,ega:I.5.3.15:diagram:xymatrix:1,bottom_Delta_Y_label_side_and_equation_tag_layout_current_reader_successor,known_semantic_difference,V000042 confirms Delta_Y below on all three current surfaces while only French retains the equation number on the right,Keep the graph signature fixed and record the edition-specific equation-tag placement separately under the final current-reader closure,D000246,R000591
R000617,ega:I.5.4.1,historical_Y_scheme_and_scheme_terminology,known_semantic_difference,EGA calls a prescheme separated over Y a Y-scheme and calls a prescheme separated over Spec Z a scheme,Translate prescheme as modern scheme and carry separatedness explicitly rather than importing the historical noun,D000250,
R000618,ega:I.5.4.1,closed_diagonal_topological_criterion_requires_two_tags,covered_derived,Tag 01KJ makes the diagonal an immersion and Tag 01IQ characterizes when that immersion is closed,Retain both dependencies and do not treat closedness of an arbitrary morphism as a purely topological condition,D000250,
R000619,ega:I.5.4.2,tag_01KR_contains_stronger_comparison_clauses,covered_by_stronger,Tag 01KR also proves unconditional immersion and adds a quasi-compact conclusion under quasi-separatedness,Use only its separated closed-immersion specialization after exchanging the two base names,D000251,
R000620,ega:I.5.4.2:proof,cartesian_base_change_square_is_proof_level,covered_unlabelled,The proof under 01KR displays the exact pullback square although the cartesian identification is not a separately labelled statement,Retain the proof-level square together with the tagged closed conclusion,D000251,
R000621,ega:I.5.4.3,tag_01KS_contains_stronger_graph_clauses,covered_by_stronger,Tag 01KS proves every graph is an immersion and also gives a quasi-compact refinement,Use only the exact closed clause under separatedness of the target,D000252,
R000622,ega:I.5.4.3:proof,closed_graph_specialization_is_proof_level,covered_unlabelled,The proof of 01KS specializes 01KR exactly as the source specializes 5.4.2,Retain the proof-level specialization without claiming a second named theorem,D000252,
R000623,ega:I.5.4.4,separatedness_of_g_is_essential,known_semantic_difference,For a nonseparated morphism q from Y to Z take f equal Delta_Y_over_Z from Y to Y times_Z Y and g equal p1 from Y times_Z Y to Y; then g composed_with f is id_Y and hence a closed immersion while f is not closed,Retain the separatedness hypothesis in the cancellation theorem,D000253,
R000624,ega:I.5.4.5,closed_pairing_requires_separated_projection_and_cancellation,covered_derived,Tag 01KU makes p1 separated and item three of 07RK cancels from the closed composite j,Retain both tags because neither alone states the paired-morphism corollary,D000254,
R000625,ega:I.5.4.5:proof,pairing_projection_identity_is_fibre_product_derived,covered_derived,Tag 001V gives p1 composed_with (j and g)_S equal to j,Use the projection identity as the bridge from the source proof comparison to 07RK,D000254,
R000626,ega:I.5.4.6,tag_01KT_contains_stronger_section_clauses,covered_by_stronger,Tag 01KT proves every section is an immersion and adds a quasi-compact refinement besides the exact closed clause,Use only the closed clause under separatedness and retain that hypothesis,D000255,
R000627,ega:I.5.4.6:proof,source_pairing_proof_and_target_graph_proof_are_equivalent_routes,covered_derived,The source applies 5.4.5 to id_S and psi while 01KT proves the same result through the semi-diagonal,Retain 001V for the source pairing identification and 01KT for the theorem,D000255,
R000628,ega:I.5.4.7,generic_point_uniqueness_is_a_composite_equalizer_argument,covered_derived,Tags 01KM 004X 0356 and 001V turn agreement at the generic point into global equality,Retain the complete dependency chain because no one pinned label states the exact corollary,D000256,
R000629,ega:I.5.4.7:proof,residue_field_inverse_uniqueness_is_unlabelled,covered_unlabelled,The prose under 01J5 classifies field-valued points and each section residue map is the unique inverse of the structural field map,Retain both the section hypothesis and the two residue-field directions explicitly,D000256,
R000630,ega:I.5.4.7:proof,closed_equalizer_and_diagonal_factorization_are_composite,covered_derived,Tag 01KM supplies the closed equalizer and Tags 004X 0356 and 001V complete the factorization and equality,Do not collapse the proof to a density slogan that would ignore reducedness,D000256,
R000631,ega:I.5.4.7:proof,tag_0356_is_stronger_than_the_needed_factorization,covered_by_stronger,Tag 0356 handles every map from a reduced scheme into any closed subscheme when the set-theoretic image is contained there,Use its specialization to the pairing h and the closed diagonal,D000256,
R000632,ega:I.5.4.7,tag_01RH_requires_agreement_on_an_open_subscheme,known_semantic_difference,Tag 01RH assumes equality on an open U whose scheme-theoretic closure is the source while a generic point need not be open,Reject 01RH as a direct target and use the 01KM plus 0356 argument instead,D000256,
R000633,ega:I.5.4.7,integrality_and_separation_hypotheses_are_essential,known_semantic_difference,"For separatedness let S equal A1_k and X be the doubled-origin line over S with its two sections agreeing on G_m; for reducedness let S equal Spec(k[epsilon]/(epsilon^2)) and X equal A1_S with sections t to 0 and t to epsilon; for irreducibility let S equal Spec(k[x,y]/(xy)) and X equal A1_S with sections t to 0 and t to x agreeing at (x) which is the generic point of the component V(x) but not a generic point of S as a whole",Retain separatedness reducedness and irreducibility rather than weakening the source hypotheses,D000256,
R000634,ega:I.5.4.8,three_converse_tests_are_diagonal_identifications,covered_derived,For the middle test 5.4.5 is instantiated with base S equal Y with j equal id_Y and g equal Delta_Y_over_Z while p1 structures the Z-object Y times_Z Y; 001V identifies the resulting pairing with Delta_Y and also identifies the first and final tests with their diagonals,Retain the exact variable substitution; do not assume p1 separated in the middle converse; use 01KK only after the assumed conclusion has made the relevant diagonal closed,D000257,
R000635,ega:I.5.5.1,six_clauses_split_across_official_targets,covered_derived,Tags 01L4 01L7 01KU and 01KV cover clauses one through five while 054M 0CEU 0CEV 001V 01KJ and 01IQ cover clause six,Retain one edge per clause and the complete reduction bundle because no single tag states the whole proposition,D000258,
R000636,ega:I.5.5.1,reduction_equivalence_has_no_single_pinned_label,covered_derived,Forward reduction uses monomorphism separatedness then composition and cancellation; reverse reduction transfers the closed diagonal image through universal homeomorphisms,Do not use an untagged current-worktree lemma as pinned official coverage,D000258,
R000637,ega:I.5.5.1:proof,composition_triangle_is_proof_level_not_separate_tag,covered_unlabelled,The proof under 01KU uses X to X times_Y X to X times_Z X and 01KR identifies the second arrow,Retain the proof identity without inventing a second theorem tag,D000258,
R000638,ega:I.5.5.1.1,equation_label_is_a_factorization_identity,covered_derived,Tag 001V determines both composites by their product projections and the proof under 01KU uses the same triangle,Treat the numbered relation as an identity child rather than an extra theorem,D000258,
R000639,ega:I.5.5.1:proof,reduction_square_uses_canonical_isomorphism_language,known_semantic_difference,EGA identifies the two fibre products canonically while Stacks decomposes the comparison through universal properties and reduction maps,Record canonical isomorphism rather than literal equality of separately constructed schemes,D000258,
R000640,ega:I.5.5.2,subscheme_terminology_modernization,known_semantic_difference,EGA sous-prescheme corresponds to modern locally closed subscheme and 01L8 states the modern form,Do not weaken the statement to an arbitrary morphism into X,D000259,
R000641,ega:I.5.5.2,subscheme_hypothesis_is_essential,known_semantic_difference,If arbitrary maps Z to X were allowed then take X equal Spec(k) and let Z be any nonseparated k-scheme,Retain the immersion or subscheme condition,D000259,
R000642,ega:I.5.5.3,base_change_target_is_stronger,covered_by_stronger,Tag 01KU states arbitrary base change of every separated morphism while EGA takes the base change of Y to S along X to S,Use the exact projection specialization without claiming equal scope,D000260,
R000643,ega:I.5.5.3,separated_factor_hypothesis_is_essential,known_semantic_difference,Set X equal S and the projection X times_S Y to X is Y to S itself,Do not drop separatedness of Y over S,D000260,
R000644,ega:I.5.5.4,finite_closed_decomposition_has_no_single_tag,covered_derived,Tags 01J3 and 0356 construct the reduced pieces; 01L8 and 01KV give necessity; the finite diagonal bundle gives sufficiency,Keep the full dependency chain and do not claim a topical one-tag match,D000261,
R000645,ega:I.5.5.4,closedness_of_source_pieces_is_essential,known_semantic_difference,The identity-glued doubled-origin line is covered by two separated affine open charts but the total morphism to Spec(k) is nonseparated,Do not replace the finite closed cover by a finite open cover,D000261,
R000646,ega:I.5.5.4,finiteness_is_used_in_closed_union_step,known_semantic_difference,Only finite unions of the closed diagonal-piece images are automatically closed; the union of all closed points of A1 over an infinite algebraically closed field omits the generic point,Retain a finite family and do not generalize the proof through arbitrary closed unions,D000261,
R000647,ega:I.5.5.4:proof,integral_reduction_requires_finitely_many_irreducible_components,known_semantic_difference,The remark remains under the proposition finite-family hypothesis and uses the finitely many irreducible components X_k,Do not generalize the sentence to schemes with an arbitrary infinite component set,D000261,
R000648,ega:I.5.5.5,fpqc_target_locality_is_stronger,covered_by_stronger,Tag 02KU proves separatedness fpqc local on the base while 02KO gives the exact local-property quantification,Use only the Zariski target-open specialization,D000262,
R000649,ega:I.5.5.5:proof,source_open_product_cover_argument_is_composite,covered_derived,Tag 01HL tests diagonal closedness locally while 01JR 01JS and 001V identify and cover the pairwise products,Retain the source proof components rather than collapsing everything into 02KU,D000262,
R000650,ega:I.5.5.5,cover_condition_is_essential,known_semantic_difference,One affine chart of the identity-glued doubled-origin line is separated but does not cover both copies of the nonseparated locus,Retain an actual target cover and every restricted morphism,D000262,
R000651,ega:I.5.5.5:proof,printed_reference_5_5_4_should_be_5_5_5,known_semantic_difference,French lines 916-918 say 5.5.4 permits affine-open reduction of Y but 5.5.4 concerns finite closed source decomposition,Preserve diplomatic French and use corrected 5.5.5 target locality in the semantic route,D000272,
R000652,ega:I.5.5.6,characterize_separated_target_is_stronger_scope,covered_by_stronger,Tag 01KP treats affine opens mapping into a common affine base open while EGA fixes affine Y and a chosen affine cover,Use the stronger target only through the exact source specialization,D000263,
R000653,ega:I.5.5.6:proof,ring_generation_equals_tensor_multiplication_surjectivity,covered_unlabelled,EGA uses the base tensor map while 01KP writes the integer tensor map that factors through it and requires surjectivity,Record equivalence of generated-by-both-images and multiplication-map surjectivity without identifying the tensor bases,D000263,
R000654,ega:I.5.5.6,ring_generation_condition_is_independently_essential,known_semantic_difference,"For the identity-glued doubled affine line the overlap is affine but both restriction images are k[t] inside k[t,t^{-1}] and do not generate t^{-1}",Specify identity gluing and retain the ring-generation hypothesis,D000263,
R000655,ega:I.5.5.6,affineness_condition_is_independently_essential,known_semantic_difference,"Glue two affine planes by the identity on the punctured plane; its global ring is k[s,t] so both chart images generate it but the overlap is nonaffine",This also corrects the later claim in 5.5.11 that neither condition holds,D000263,
R000656,ega:I.5.5.6,affine_base_cannot_be_naively_dropped_for_fixed_cover_test,known_semantic_difference,For the identity on the doubled-origin line the map is separated but the two affine chart images fail to generate the Laurent overlap ring,Retain affine Y or use 01KP common-affine-base-open formulation,D000263,
R000657,ega:I.5.5.6:proof,pairwise_preimage_formula_is_visual_candidate_without_units_child,covered_derived,French lines 935-941 form stable producer visual item DIA:ega1/ega1-5-fr.tex:935 but units.csv has only the parent proof,Keep the semantic 001V edge on the parent and create no new structural source unit,D000263,
R000658,ega:I.5.5.9:proof,two_printed_references_5_5_4_should_be_5_5_5,known_semantic_difference,French lines 984-989 invoke 5.5.4 for target-open restriction in both directions although only 5.5.5 supplies locality,Preserve diplomatic French and correct both dependencies append only,D000273,
R000659,ega:I.5.5.1:diagram:xymatrix:1,producer_visual_evidence_not_commons_admitted,open_gap,D56 passes with exact three-surface crops but the admitted Commons interface stops at D48 and has no operational V row,Retain the semantic triangle while deferring operational visual promotion to an admitted interface successor,D000277,
R000660,ega:I.5.5.1:diagram:xymatrix:2,producer_visual_evidence_not_commons_admitted,open_gap,D57 passes with exact three-surface crops but the admitted Commons interface stops at D48 and has no operational V row,Retain the semantic reduction square while deferring operational visual promotion to an admitted interface successor,D000277,
R000661,ega:I.5.5.6:proof,intricate_formula_visual_evidence_not_commons_admitted,open_gap,D58 passes but D65 remains nonadmitted and the selected block has no units.csv child,Keep parent proof semantics and require explicit item allocation plus an admitted interface before V promotion,D000277,
R000662,ega:I.5.5.1:diagram:xymatrix:1,triangle_is_proof_level_visual_graph,covered_unlabelled,The proof under 01KU contains the exact three-object diagonal triangle but no separate labelled theorem,Retain the semantic diagram edge independently of the active visual open gap,D000258,
R000663,ega:I.5.5.1:diagram:xymatrix:2,reduction_square_semantics_are_composite,covered_derived,Tags 001V 054M 0CEU and 0CEV give commutativity and the two underlying-space homeomorphisms,Retain both semantic diagram edges independently of the active visual open gap,D000258,
R000664,ega:I.5.5.7,historical_affine_scheme_and_scheme_terminology,known_semantic_difference,EGA says an affine prescheme is separated and hence is a scheme under its historical convention,Translate prescheme as modern scheme and carry separatedness explicitly,D000264,
R000665,ega:I.5.5.8,iff_is_composite_and_affine_base_used_only_in_converse,covered_derived,Tag 01KV gives absolute X implies separated f without a base hypothesis while 01KN and 01KU give the converse over affine Y,Retain all three dependencies and keep the directions distinct,D000265,
R000666,ega:I.5.5.8:proof,criterion_independence_from_f_is_proof_level,covered_unlabelled,Tag 01KP has the same affine-pair criterion but not the source sentence as a separately labelled statement,Retain the proof-level equivalence,D000265,
R000667,ega:I.5.5.8,separatedness_of_Y_is_essential_for_converse,known_semantic_difference,If Y is nonseparated and f is id_Y then f is separated while X equal Y is not absolutely separated,Do not weaken the affine or separated-base hypothesis in the converse,D000265,
R000668,ega:I.5.5.9,base_local_test_is_composite,covered_derived,Tag 01KU handles necessity while 01KV followed by 02KU handles sufficiency,Retain the distinct open-set quantifiers and the target-locality step,D000266,
R000669,ega:I.5.5.9,necessity_cannot_range_over_arbitrary_nonseparated_opens,known_semantic_difference,For nonseparated Y and f equal id_Y the morphism f is separated but the inverse image of Y is not absolutely separated,Retain the condition that the induced open subscheme Y is separated,D000266,
R000670,ega:I.5.5.9:proof,affine_to_affine_corollary_target_is_stronger,covered_by_stronger,Tag 01KN allows affine source and any target,Use only the affine-to-affine specialization,D000266,
R000671,ega:I.5.5.10,historical_scheme_means_separated_target,known_semantic_difference,The terminology of 5.4.1 makes Y un schema mean a separated prescheme,State the modern theorem with Y separated,D000267,
R000672,ega:I.5.5.10,separated_target_hypothesis_is_essential,known_semantic_difference,Let Y be the doubled affine plane and take X equal Y with f the identity; its two affine charts have nonaffine punctured-plane intersection,Do not map the assertion for an arbitrary modern Y,D000267,
R000673,ega:I.5.5.10:proof,source_closed_graph_proof_and_target_affine_morphism_proof_are_equivalent_routes,covered_derived,Tag 01SG is stronger while 01KS 01JQ 01IN and 001V reproduce the EGA proof,Retain both the direct theorem and every source proof component,D000267,
R000674,ega:I.5.5.11,printed_doubled_origin_ideal_zero_should_be_s,known_semantic_difference,The direct fibre computation and producer control show that the exceptional prime is (s) rather than (0),Preserve diplomatic French and map only the corrected fibre statement,D000274,
R000675,ega:I.5.5.11,integrality_of_both_doubled_origin_examples_is_composite,covered_derived,The affine charts are reduced and irreducible and meet in a nonempty open; 01OL 01OM and 01ON give integrality,Retain the full three-tag derivation for both examples,D000268,
R000676,ega:I.5.5.11,exact_fibre_cardinalities_are_construction_derived,covered_derived,Tag 01JD constructs q and the doubled origin while the overlap calculation gives the corrected fibre counts,Do not claim a literal tagged fibre theorem,D000268,
R000677,ega:I.5.5.11,printed_doubled_plane_neither_condition_is_false,known_semantic_difference,"The overlap is nonaffine but Gamma(U)=k[s,t] and both identity-gluing restriction maps have full image so the second condition holds",Map only the corrected verdict that the first condition fails and the second holds,D000275,
R000678,ega:I.5.5.11,english_negative_quantifier_control_overstates_a_false_source_claim,known_semantic_difference,The P139 English negative-quantifier record sharpens the diplomatic sentence to neither condition although that mathematical assertion is false,Refer the corrected-language and control lineage to canon without mutating the producer,D000275,
R000679,ega:I.5.5.12,arbitrary_P_meta_package_has_no_single_official_tag,covered_derived,Tags 01JZ and 001V cover product versus base change; 01KS covers graph factors; 01J4 0356 and 01L7 cover reduction and cancellation,Do not manufacture an exact target for the arbitrary-property package,D000269,
R000680,ega:I.5.5.12,iii_iff_iv_uses_identity_and_composition_with_exact_quantifiers,covered_derived,The forward direction uses that identity is a closed immersion and has P while the reverse factors a product into two base changes and composes,Retain assumptions one and two and both arbitrary base-change quantifiers,D000269,
R000681,ega:I.5.5.12,separatedness_of_g_in_clause_five_is_essential,known_semantic_difference,For nonseparated q from Y to Z take f equal Delta_Y_over_Z and g equal p1; then g composed_with f is id_Y closed while f is not closed,Retain g separated for closed-immersion cancellation and use the immersion variant otherwise,D000269,
R000682,ega:I.5.5.12:diagram:xymatrix:1,reduction_square_semantic_coverage_and_D48_visual_gap,open_gap,Tags 0356 and 01J4 derive the semantic square while DIA48T leaves all three visual crops null and the later corrected evidence is not admitted,Retain S000982 and S000983 but quarantine operational visual promotion; 01L7 is only a later separatedness dependency,D000270,
R000683,ega:I.5.5.13,weakened_composition_axioms_are_exactly_sufficient,covered_derived,The closed variant uses precomposition only after a closed graph or reduction arrow and the immersion variant uses precomposition only after an immersion graph,Retain the clause-specific hypotheses and the shared fibre-product factorization,D000271,
R000684,ega:I.5.5.1,cancellation_target_is_stronger,covered_by_stronger,Tag 01KV cancels separatedness from a separated composite without imposing any further condition on the second morphism,Use the exact EGA specialization in clause five,D000258,
R000685,ega:I.5.5.1:proof,proof_level_reduction_and_factorization_steps_are_composite,covered_derived,Tags 001V 054M 0CEU 0CEV 01KJ and 01IQ supply the reduction square and closed-diagonal transfer,Retain the complete proof dependency route,D000258,
R000686,ega:I.5.5.2:proof,subscheme_restriction_proof_is_composite,covered_derived,Tag 01L7 makes the immersion separated and 01KU composes it with the ambient separated morphism,Retain both proof dependencies,D000259,
R000687,ega:I.5.5.3:proof,projection_as_base_change_is_proof_level,covered_unlabelled,The proof under 01KU identifies the projection as a base change although that cartesian sentence has no separate label,Retain the proof-level identification,D000260,
R000688,ega:I.5.5.4:proof,finite_diagonal_union_argument_is_composite,covered_derived,Tags 01JU 01QR 01QS 001V 01KJ and 01IQ give the closed piece products and the ambient closed-diagonal conclusion,Retain finiteness and the complete component chain,D000261,
R000689,ega:I.5.5.8,absolute_to_relative_target_is_stronger,covered_by_stronger,Tag 01KV proves absolute separatedness of X implies separatedness of X to any Y without requiring Y affine,Use only the source direction and record the stronger scope,D000265,
R000690,ega:I.5.5.9,target_locality_targets_are_stronger,covered_by_stronger,Tags 01KV and 02KU prove the restricted cancellation and fpqc-local conclusion under broader hypotheses,Use their affine-open specializations with the exact EGA quantifiers,D000266,
R000691,ega:I.5.5.9:proof,necessity_and_sufficiency_routes_are_composite,covered_derived,Tag 01KU gives necessity while 01KV followed by 02KU gives sufficiency after correcting both citations,Retain the two distinct routes,D000266,
R000692,ega:I.5.5.10,affine_morphism_target_is_stronger,covered_by_stronger,Tag 01SG proves U to Y affine and therefore handles every affine target inverse image at once,Use the EGA intersection specialization under separatedness of Y,D000267,
R000693,ega:I.5.5.10:proof,closed_graph_target_is_stronger,covered_by_stronger,Tag 01KS gives the closed graph under the same separated target hypothesis and also records unconditional immersion and quasi-compact refinements,Use only the closed clause in the source proof,D000267,
R000694,ega:I.5.5.11,doubled_origin_construction_target_is_stronger,covered_by_stronger,Tag 01JD constructs doubled affine n-space for every n while EGA uses only dimensions one and two,Use the two exact specializations and retain the corrected example calculations,D000268,
R000695,ega:I.5.5.12,graph_and_reduction_targets_are_stronger,covered_by_stronger,Tags 01KS 0356 and 01L7 state graph factorization reduction factorization and immersion separatedness in broader generality,Use only the formal components needed by the arbitrary-property argument,D000269,
R000696,ega:I.6.1.1,finite_affine_cover_definition_is_composite_modern_formulation,covered_derived,Tag 01OW gives arbitrary affine-cover locality while 01OV adds quasi-compactness and hence a finite subcover,Retain both labels and keep their roles distinct,D000278,
R000697,ega:I.6.1.1,unnumbered_coherence_and_ideal_consequences_have_no_generated_child_units,covered_derived,French lines 15-29 are explicit mathematical assertions following the definition and are covered by S000989-S000991 using 01XZ and 01Y1,Bind them as source_part text on ega:I.6.1.1 rather than inventing stable source IDs,D000278,
R000698,ega:I.6.1.1,unnumbered_open_union_locality_has_no_generated_child_unit,covered_derived,French lines 31-34 include both a finite union of Noetherian open subschemes and an arbitrary union of locally Noetherian open subschemes,Bind both parenthesized alternatives through S000992 and do not reduce them to topical overlap,D000278,
R000699,ega:I.6.1.2,quasi_compactness_is_essential,known_semantic_difference,An infinite disjoint union of copies of Spec k is locally Noetherian but is not quasi-compact and has no finite affine Noetherian cover,Retain quasi-compactness in the equivalence,D000279,
R000700,ega:I.6.1.2,noetherian_underlying_topology_has_no_converse,known_semantic_difference,For A=k direct_sum V with V squared zero and V infinite-dimensional the space Spec A is a singleton and hence Noetherian but A is non-Noetherian,Map only the source implication and do not infer scheme Noetherianity from the topology,D000279,
R000701,ega:I.6.1.3,triple_equivalence_is_split_across_modern_definition_and_affine_characterization,covered_derived,Tag 01OW gives locally Noetherian iff the affine coordinate ring is Noetherian while 01OV plus affine quasi-compactness 00E8 gives Noetherian iff locally Noetherian,Retain both directions and all three source conditions,D000280,
R000702,ega:I.6.1.3:proof,pullback_quasi_coherence_target_is_stronger_than_source_restriction,covered_by_stronger,The source uses pullback along canonical open immersions while 01BG preserves quasi-coherence under pullback by every morphism; 01IA and 00IK give the remaining ideal-sheaf route,Use only the open-immersion specialization and retain 00EO merely as an alternative ring-locality proof,D000280,
R000703,ega:I.6.1.3,unnumbered_coherent_ideal_chain_assertion_has_no_generated_child_unit,covered_by_stronger,French lines 81-83 assert stationarity for ascending coherent ideal sheaves while 01Y8 handles every ascending chain of quasi-coherent submodules of any coherent F,Bind the assertion as source_part on ega:I.6.1.3 and take F equal O_X,D000280,
R000704,ega:I.6.1.4,historical_subprescheme_means_modern_locally_closed_subscheme,known_semantic_difference,EGA subprescheme factors as closed in open and therefore corresponds to a modern immersion or locally closed subscheme under 01IO,Translate the term explicitly and do not read it as an arbitrary morphism,D000281,
R000705,ega:I.6.1.4,arbitrary_source_scheme_over_noetherian_target_would_be_false,known_semantic_difference,"The non-Noetherian affine k-scheme Spec(k[x_1,x_2,...]) has its structure morphism to the Noetherian scheme Spec k",Keep the immersion or locally-closed-subscheme hypothesis exact,D000281,
R000706,ega:I.6.1.4:proof,exact_target_omits_the_composite_source_proof,covered_derived,Tag 02IK states the full theorem but only hints at quotient localization and induced Noetherian topology; tags 01IO 01IH 00FN 01I3 0052 and 04ZA reproduce the printed route,Retain the proof-component edges and do not treat 02IK alone as proof identity,D000281,
R000707,ega:I.6.1.5,no_single_pinned_label_states_nonnoetherian_products,covered_derived,"Tags 01OW 01JQ 00RW 00RX 00RT and 031G prove the warning for X=Y=Spec K over Spec k with K=k(x_1,x_2,...) although none alone states it",Classify the source statement as mathematically complete derived coverage and not as an open gap,D000282,
R000708,ega:I.6.1.5,finite_type_and_base_noetherianity_boundary,known_semantic_difference,The counterexample uses the Noetherian k-algebra K which is not of finite type; over a Noetherian base finite type algebras have Noetherian tensor product by Hilbert basis permanence,Preserve the source quantifier over arbitrary Noetherian S-algebras and do not add finite-type hypotheses,D000282,
R000709,ega:I.6.1.6,global_uniform_exponent_needs_the_noetherian_finiteness_hypothesis,known_semantic_difference,For X the disjoint union over n at least one of Spec(k[epsilon_n]/(epsilon_n^n)) the scheme is locally Noetherian but no single power kills its nilradical sheaf,Retain Noetherianity or equivalently the finite affine-cover input for the global exponent,D000283,
R000710,ega:I.6.1.6,direct_coherent_sheaf_target_is_stronger,covered_by_stronger,Tag 01Y9 is an if-and-only-if for a quasi-coherent ideal acting on any coherent sheaf and specializes to the nilradical acting on O_X,Use its exact specialization while also retaining 00IM for the printed affine proof,D000283,
R000711,ega:I.6.1.7,noetherian_hypothesis_is_unnecessary_in_the_modern_target,covered_by_stronger,For every scheme the reduction is a thickening and 06AD proves every thickening of an affine scheme affine without a uniform nilpotence exponent,Use the stronger sufficiency target while preserving the source hypothesis,D000284,
R000712,ega:I.6.1.7,the_iff_is_split_between_thickening_and_closed_subscheme_results,covered_derived,Tags 01J4 and 04EX identify the reduction thickening; 06AD proves X_red affine implies X affine and 01IH proves the converse,Retain the two directions separately and do not claim one topical label covers the biconditional,D000284,
R000713,ega:I.6.1.8,finite_component_neighbourhood_hypothesis_is_more_general_than_04MF,known_semantic_difference,Spec k[x_1 x_2 ...] is irreducible and the lemma applies at the maximal ideal of all variables although no neighbourhood there is Noetherian,Retain the exact one-neighbourhood finite-component hypothesis and classify 04MF as partial only,D000285,
R000714,ega:I.6.1.8,universal_smaller_neighbourhood_conclusion_is_stronger_than_04MF,covered_derived,Tag 04MF produces a connected neighbourhood basis but does not state one V inside which every open x-neighbourhood is connected,Retain the universal quantifier and derive it from the component proof rather than the tag statement,D000285,
R000715,ega:I.6.1.8:proof,open_irreducible_component_trace_correspondence_is_unlabelled,covered_derived,Tag 004W supplies maximal extension closure and covering but no standalone pinned lemma states the exact bijection for open traces,Retain the elementary derivation and do not claim an exact official tag,D000285,
R000716,ega:I.6.1.8:proof,printed_global_complement_aside_is_false,known_semantic_difference,For X equal Spec k[t] and proper U equal D(t) every component of X and U contains the generic x so the constructed V is U while the asserted complement in X is X,Preserve diplomatic French and in corrected layers read V equals U intersected with the complement in X or delete the unnecessary aside,D000291,
R000717,ega:I.6.1.8,finite_component_hypothesis_cannot_be_dropped,known_semantic_difference,For the real line at zero every neighbourhood V contains a disconnected open neighbourhood formed by a small interval about zero and a disjoint interval,Retain the finite irreducible-component hypothesis,D000285,
R000718,ega:I.6.1.9,corollary_splits_across_04MF_and_04ME,covered_derived,Tag 04MF gives local connectedness and Tag 04ME separately gives openness of connected components,Retain both target joins rather than claiming one omnibus tag,D000286,
R000719,ega:I.6.1.10,five_way_component_equivalence_has_no_single_tag,covered_derived,Tags 004T 004W 0052 00E0 00ES and 00ET separately supply the connected irreducible finite and local-prime steps,Retain the split component proof,D000287,
R000720,ega:I.6.1.10,local_noetherianity_is_used_only_for_d_to_a,known_semantic_difference,The source explicitly proves a to b to c to d without Noetherianity and invokes it only to make disjoint closed components locally finite and open,Preserve the sharper dependency rather than attaching local Noetherianity to every implication,D000287,
R000721,ega:I.6.1.10,scheme_d_e_equivalence_is_unconditional,covered_by_stronger,Tag 00ET applies to every ring and the source explicitly removes the locally Noetherian assumption for d equivalent e,Record the unconditional scheme component versus local-spectrum equivalence,D000287,
R000722,ega:I.6.1.10:proof,d_to_a_uses_unlabelled_open_trace_and_finite_closed_union_steps,covered_derived,Tags 0052 and 004W give finiteness and closedness while passage between components of an open neighbourhood and X is elementary,Retain the complete local derivation,D000287,
R000723,ega:I.6.1.10,local_noetherianity_is_essential_for_d_to_a,known_semantic_difference,Stacks Example 0568 is connected and nonintegral with every local ring a domain so distinct irreducible components are disjoint by 00ET but cannot all be open,Retain local Noetherianity for the four-way topological equivalence,D000287,
R000724,ega:I.6.1.10,prime_nilradical_is_not_unibranch,known_semantic_difference,A unique minimal prime makes the local reduction a domain but does not force its normalization to be local,Use irreducible local spectrum or prime nilradical terminology and map no unibranch tag,D000287,
R000725,ega:I.6.1.11,irreducibility_criterion_is_composite,covered_derived,Tags 004S 004T 004W and 0052 reconstruct the connected nonempty disjoint-component criterion,Retain all component joins,D000288,
R000726,ega:I.6.1.11,local_noetherianity_is_essential,known_semantic_difference,Stacks Example 0568 is connected nonempty and has disjoint irreducible components by its domain stalks but is not integral and hence not irreducible because it is reduced,Retain local Noetherianity in the first assertion,D000288,
R000727,ega:I.6.1.11,connectedness_nonempty_convention_differs,known_semantic_difference,EGA states connected and nonempty while Stacks Tag 004S defines connected to include nonemptiness,Normalize only this explicit conjunction and keep the convention seam visible,D000288,
R000728,ega:I.6.1.11:proof,scheme_local_spectrum_clause_is_unconditional,covered_derived,The 00ET component versus minimal-prime correspondence needs no local Noetherian hypothesis,Record the sharper scope inherited from 6.1.10,D000288,
R000729,ega:I.6.1.12,printed_integrality_criterion_omits_nonempty,known_semantic_difference,EGA 0 I 2.1.1 treats every open of an irreducible space as connected and 6.1.11 separately says nonempty so the empty scheme satisfies the printed right side but is not integral,Preserve diplomatic French and restore nonempty in every corrected semantic statement,D000292,
R000730,ega:I.6.1.12,corrected_integrality_criterion_has_no_single_tag,covered_derived,Tags 01J0 00ET 0052 and 01ON split reducedness irreducibility and integrality,Retain the complete corrected composite route,D000289,
R000731,ega:I.6.1.12,local_noetherianity_is_essential,known_semantic_difference,Stacks Example 0568 is a connected affine scheme all of whose local rings are domains but which is not integral,Retain local Noetherianity,D000289,
R000732,ega:I.6.1.12,connectedness_is_essential,known_semantic_difference,Spec of k times k is nonempty and every local ring is a field but the scheme is disconnected and not integral,Retain connectedness in the corrected criterion,D000289,
R000733,ega:I.6.1.12,domain_stalk_condition_is_essential,known_semantic_difference,Spec k[epsilon]/epsilon squared is nonempty and connected but its unique local ring is not a domain and the scheme is not integral,Retain the universal stalk-domain condition,D000289,
R000734,ega:I.6.1.12,stacks_connected_convention_masks_the_empty_counterexample,known_semantic_difference,Tag 004S declares the empty space not connected whereas the EGA usage makes the separate nonempty phrase in 6.1.11 substantive,A mapping stated only in Stacks terminology must be explicitly limited to the D000292 corrected claim,D000292,
R000735,ega:I.6.1.13,three_neighbourhood_conclusions_have_no_single_tag,covered_derived,The source proof splits across 00ET 0BE1 004W 01J3 01Y1 01Y3 01J0 and 01ON,Retain the two source branches and their intersection for the integral branch,D000290,
R000736,ega:I.6.1.13,tag_0BX3_supplies_a_shorter_modern_affine_proof,covered_by_stronger,Clause two gives an affine U with Gamma U injecting into O_x so prime nilradical reducedness and domainhood descend to Gamma U,Record this as an alternative route without replacing the historical proof,D000290,
R000737,ega:I.6.1.13:proof,tag_0BE1_is_stronger_while_union_and_open_trace_steps_are_unlabelled,covered_by_stronger,Tag 0BE1 treats components of every closed subscheme Z while the source takes Z=X; closedness of a locally finite union and irreducibility of a nonempty open trace are elementary,Use the Z=X specialization and retain the two unlabelled intermediate steps,D000290,
R000738,ega:I.6.1.13:proof,nilradical_vanishing_route_is_split,covered_derived,The quasi-coherent nilradical occurs in the proof of 01J3 then 01Y1 makes it coherent and 01Y3 spreads stalkwise vanishing,Retain all three joins before applying 01J0,D000290,
R000739,ega:I.6.1.13,scheme_local_noetherianity_is_essential_for_the_reduced_branch,known_semantic_difference,For A equal Q[t] plus the square-zero direct sum over n of Q[t]/(t-n) epsilon_n and p its nilradical one has A_p equal Q(t) but every basic neighbourhood of p retains some nonzero epsilon_n and is nonreduced,Retain scheme local Noetherianity and note that Noetherian underlying topology alone is insufficient,D000290,
R000740,ega:I.6.1.13,local_noetherianity_is_essential_for_irreducible_and_integral_branches,known_semantic_difference,Stacks Example 0568 is connected and nonintegral with every local ring a domain; if every point had an irreducible neighbourhood then irreducible components would be open connectedness would make X irreducible and its domain stalks make it reduced contradicting nonintegrality,Retain local Noetherianity,D000290,
R000741,ega:I.6.1.13,prime_nilradical_neighbourhood_is_not_a_unibranch_statement,known_semantic_difference,The hypothesis asserts one minimal prime only and contains no normalization locality condition,Use irreducible-neighbourhood terminology and avoid unibranch targets,D000290,
R000742,ega:I.6.2.1,artinian_scheme_term_has_no_single_stacks_tag,covered_derived,Tags 01HW and 00J5 separately give affineness and the Artinian coordinate-ring condition,Retain the compound historical terminology without creating a duplicate root label,D000294,
R000743,ega:I.6.2.2,three_way_scheme_equivalence_has_no_single_stacks_tag,covered_derived,The exact proposition is assembled from 00KJ 00JB 01OV 01IS 04MT 0AAX 02O0 and 01I5,Retain the split theorem chain and do not represent one component as the whole equivalence,D000295,
R000744,ega:I.6.2.2,noetherianity_is_essential_even_for_finite_discrete_affine_schemes,known_semantic_difference,For A equal k direct-sum V with square-zero infinite-dimensional V the spectrum is one point while A is neither Noetherian nor Artinian,Retain Noetherianity in conditions b and c,D000295,
R000745,ega:I.6.2.2,T1_does_not_imply_discrete_without_noetherianity,known_semantic_difference,The spectrum of the countable product of F_2 is Boolean and T1 but is not discrete and its ring is not Artinian,Use local Noetherianity plus dimension zero before deriving discreteness,D000295,
R000746,ega:I.6.2.2:proof,quasi_compact_discrete_implies_finite_is_elementary_untagged,covered_derived,The singleton open cover of a quasi-compact discrete space has a finite subcover,Retain the elementary compactness step between 01OV and 02O0,D000295,
R000747,ega:I.6.3.1,historical_cover_definition_is_split_across_modern_terms,covered_derived,Stacks defines finite type as locally finite type plus quasi-compact while EGA packages both into property P,Retain the three-edge 01T1 01T2 01K4 decomposition,D000296,
R000748,ega:I.6.3.2,target_locality_has_no_single_stacks_tag,covered_derived,The exact conclusion combines 01T1 01T2 and 01K4 with standard-open localization,Retain the split derivation rather than assigning one tag to the whole proof,D000297,
R000749,ega:I.6.3.2.1:proof:2,diplomatic_body_precedes_direct_published_erratum,known_semantic_difference,The diplomatic French omits the containment while the direct printed errata requires D(g_i) subset W,Preserve diplomatic bytes and use the published corrected reading in semantics,D000297,
R000750,ega:I.6.3.2.1:proof:2,structural_parser_attached_second_proof_to_lemma,known_semantic_difference,The second proof logically proves proposition 6.3.2 although its stable parent is lemma 6.3.2.1,Keep the stable unit and record its logical parent explicitly,D000297,
R000751,ega:I.6.3.3:proof,explicit_finite_generator_gluing_duplicates_00EP,covered_derived,The long source proof is the finite standard-open descent statement of Tag 00EP,Map the proof to 00EP without duplicating it in root TeX,D000298,
R000752,ega:I.6.3.4,six_clause_permanence_package_has_no_single_tag,covered_derived,The clauses are distributed across 01T3 01T4 01T5 01T8 03GI and 0356,Retain clause-level edges instead of a synthetic duplicate theorem,D000299,
R000753,ega:I.6.3.4,reduction_finite_type_clause_has_no_single_pinned_tag,covered_derived,The clause follows from 0356 plus local finite type and quasi-compact cancellation,Retain the exact three-step derivation,D000299,
R000754,ega:I.6.3.5,source_uses_topological_noetherianity_not_scheme_noetherianity,covered_derived,The underlying-space hypothesis is weaker than directly applying the scheme-level immersion lemma 01OX,Use 04ZB 0052 and 04ZA so the mapping preserves the stated hypotheses,D000300,
R000755,ega:I.6.3.6,graph_factorization_requires_multiple_tags,covered_derived,The proof combines graph immersion projection base change two alternative quasi-compactness lemmas and composition,Retain the 01KT 01T4 01T5 01P0 01OX 01T3 chain,D000301,
R000756,ega:I.6.3.8:proof,product_consequence_is_not_a_separate_stacks_tag,covered_derived,The product projection is a finite type base change and the other factor is Noetherian,Retain the two-step 01T4 then 01T6 derivation,D000303,
R000757,ega:I.6.3.9,local_reduction_on_S_is_implicit,covered_derived,Finite type is checked after restricting to Noetherian opens of the locally Noetherian base,Record the localization before applying 01T6 01T8 and 01P0,D000304,
R000758,ega:I.6.3.10:proof,finite_type_hypothesis_can_be_weakened,covered_by_stronger,Tag 06EB only requires the surjective morphism to be locally finite type,Record the stronger Stacks coverage and preserve the historical finite type statement,D000305,
R000759,ega:I.6.3.10,algebraically_closed_point_criterion_has_no_single_pinned_tag,covered_derived,The equivalence follows from 01J9 01JP 01T4 01S1 06EB and 01TA with 00FV as the historical route,Retain the exact dependency chain and do not add a duplicate root theorem,D000305,
R000760,ega:I.6.3.10:diagram:xymatrix:1,semantic_triangle_is_covered_without_visual_receipt,covered_derived,The triangle records the field-valued lift represented by Tag 01J9,Retain the semantic mapping separately from the visual gap,D000305,
R000761,ega:I.6.3.10:diagram:xymatrix:2,semantic_cartesian_square_is_covered_without_visual_receipt,covered_derived,Tag 01JP gives the square and 01T4 plus 01S1 give the two inherited properties,Retain the semantic mapping separately from the visual gap,D000305,
R000762,ega:I.6.3.10:diagram:xymatrix:1,missing_three_surface_visual_receipt,open_gap,No active VQA or rejected row binds exact authority French and English crops for this diagram,Generate tight 5000-dpi-or-higher crops and append a fresh certified successor,D000306,
R000763,ega:I.6.3.10:diagram:xymatrix:2,missing_three_surface_visual_receipt,open_gap,No active VQA or rejected row binds exact authority French and English crops for this diagram,Generate tight 5000-dpi-or-higher crops and append a fresh certified successor,D000306,
R000764,ega:I.6.4.1,historical_prescheme_and_scheme_terminology,known_semantic_difference,EGA prescheme corresponds to modern scheme while its scheme qualifier contributes separatedness,Preserve the diplomatic wording and map the two modern components separately,D000307,
R000765,ega:I.6.4.2:proof,affine_nullstellensatz_proof_has_no_single_target_tag,covered_derived,The proof combines 00FV with the algebraic-subalgebra field step 0BID,Retain the two exact proof edges rather than assigning one tag to the whole proof,D000308,
R000766,ega:I.6.4.3,canonical_closed_point_to_K_point_bijection_is_derived,covered_derived,The bijection combines the closed-point criterion algebraic closedness and field-valued representatives,Retain the 01TF 09GQ 01J9 derivation,D000309,
R000767,ega:I.6.4.4,six_condition_equivalence_has_no_single_target_tag,covered_derived,The clauses are distributed across 06LH 0ALW 0478 07JU and 02O0,Retain clause-level and proof-level edges without a duplicate root theorem,D000310,
R000768,ega:I.6.4.5,rank_terminology_differs_from_modern_degree_terminology,known_semantic_difference,EGA calls dim_K A the rank of the finite K-scheme while Stacks uses degree in this context,Preserve the historical term and record its modern identification,D000311,
R000769,ega:I.6.4.7,geometric_point_number_is_expressed_as_a_weighting_integral,covered_derived,Tag 0F38 packages the same separable-degree sum in weighting notation,Map the invariant and its embedding proof without introducing duplicate terminology,D000313,
R000770,ega:I.6.4.8,sum_and_product_formulas_have_no_single_target_tag,covered_derived,Additivity and multiplicativity follow from 01I5 and 01JM after the 0F38 0F39 base-change identification,Retain the four-edge derivation,D000314,
R000771,ega:I.6.4.9,necessity_does_not_require_infinite_transcendence_degree,covered_by_stronger,Tag 0487 proves the forward implication for arbitrary algebraically closed value fields,Record the stronger coverage while preserving the historical hypothesis,D000315,
R000772,ega:I.6.4.9:proof,fixed_large_Omega_converse_has_no_single_target_tag,covered_derived,The converse combines finite type finite transcendence degree field embedding and point representatives,Retain the 01T1 01T2 030F 09GU 01J9 chain,D000315,
R000773,ega:I.6.4.10,single_fixed_Omega_criterion_requires_chevalley_and_Jacobson_chain,covered_derived,The strengthening follows from 054J with dependency 01TX then 0478 005Y 01TF 09GU and 01J9,Retain the exact fixed-Omega derivation rather than substituting the differently quantified 0487 statement,D000316,
R000774,ega:I.6.4.12:proof,fibre_transitivity_and_invariants_have_no_single_target_tag,covered_derived,The proof combines 01JM with 02KD 0H9Y and 0F39,Retain the fibre-product identification followed by the three invariant edges,D000318,
R000775,ega:I.6.4.13,historical_family_language_is_expository,known_semantic_difference,The family and parameter language motivates finite type and base change but asserts no separate theorem,Preserve it as exposition with partial edges to 01T1 and 01JP,D000319,
R000776,ega:I.6.4.4,dimension_zero_scheme_statement_is_stronger_locally_algebraic,covered_by_stronger,Tag 06LH gives the structural conclusion under the weaker locally algebraic hypothesis,Record the stronger target coverage while retaining the historical algebraic formulation,D000310,
R000777,ega:I.6.4.4:proof,affine_equivalence_proof_is_unlabelled,covered_unlabelled,The proof under 0ALW contains the same prime Artinian finite-dimensional chain without a separate proof tag,Retain the proof-level edge to the exact unlabelled target argument,D000310,
R000778,ega:I.6.4.5,finite_scheme_degree_definition_is_unlabelled,covered_unlabelled,The opening prose of the Weightings setup defines the same invariant under the modern name degree,Retain the unlabelled target locus and the separate rank terminology residual,D000311,
R000779,ega:I.6.4.5,sum_product_rank_formulas_are_composite,covered_derived,The two formulas combine affine coproduct and product descriptions with 0H9W and 0H9X,Retain the four exact component edges rather than adding a duplicate theorem,D000311,
R000780,ega:I.6.4.6,universal_degree_statement_is_stronger,covered_by_stronger,Tag 0CC2 records constant finite locally free degree after every base change,Record the stronger universal target alongside the exact scalar-extension statement,D000312,
R000781,ega:I.6.4.7:proof,weighting_point_count_proof_is_unlabelled,covered_unlabelled,The proof in the Weightings section gives the same residue-field decomposition without a separate tag,Retain the proof-level unlabelled mapping and the separately tagged separable-degree input,D000313,
R000782,ega:I.6.4.8,geometric_number_definition_is_unlabelled,covered_unlabelled,The Weightings section introduces the constant-one integral in prose before the tagged base-change lemma,Retain the precise unlabelled definition separately from the derived sum and product formulas,D000314,
R000783,ega:I.6.4.9,fixed_Omega_criterion_combines_partial_0487_with_embedding_chain,covered_derived,Tag 0487 supplies only the modern all-fields comparison while 01T1 01T2 030F 09GU and 01J9 prove the fixed-large-Omega converse,Retain the complete derived route and do not present 0487 alone as the historical proposition,D000315,
R000784,ega:I.6.4.11,residue_field_finite_generation_is_derived,covered_derived,The residue extension clause follows from an affine finite-type fibre neighbourhood and passage to its quotient fraction field,Retain the 01T4 and 01T2 derivation without weakening finite generation to finiteness,D000317,
R000785,ega:I.6.4.13,expository_components_are_only_partially_theorem_bearing,covered_derived,The precise finite-type and fibre-product cores are mapped while the family language and examples remain explanatory,Retain both partial component edges together with the historical-exposition residual,D000319,
R000786,ega:I.6.5.1:proof,printed_D_hg_ambient_Y_should_be_X,known_semantic_difference,F37ZW LF862 line SHA-256 646720F907346DA9947B55E1FF8837A7B05D35CC4CDDEB2844DA465550DCE8E3 places D(hg) in Y although hg belongs to B and D(hg)=Spec(B_hg) is open in X,Preserve diplomatic French and use X in semantic and corrected layers; the English discovery already has the correct domain wording,D000320,
R000787,ega:I.6.5.1,finite_type_hypothesis_can_be_weakened_to_locally_finite_type,covered_by_stronger,Tag 0BX6 item 1a needs Y only locally finite type over S,Record the stronger target without weakening the historical statement in its source transcription,D000320,
R000788,ega:I.6.5.1,noetherian_finite_type_realization_is_a_two_tag_composite,covered_derived,Tag 01TX converts finite type to finite presentation and Tag 0BX6 item 2a then realizes the local map,Retain both exact component edges rather than adding a duplicate theorem,D000320,
R000789,ega:I.6.5.1:proof,explicit_Qj_Pj_h_denominator_construction_has_no_separate_tag,covered_derived,Tags 00FP 00QO 00CR and the proof of 0BX6 contain the same finite-relation and denominator-clearing mechanism,Retain the four proof edges and do not claim line-for-line proof identity,D000320,
R000790,ega:I.6.5.1:diagram:xymatrix:1,numbered_source_square_is_unnumbered_in_stacks,covered_unlabelled,The proof of 0BX6 contains the same commutative square without a separate label or tag,Map both the source label and diagram child to the embedded display,D000320,
R000791,ega:I.6.5.1,local_finite_type_is_an_essential_hypothesis_for_clause_i,known_semantic_difference,An infinite-generator affine example gives two morphisms with the same local map that disagree on every neighbourhood,Retain local finite type and record that it is the exact finite-common-denominator boundary,D000320,
R000792,ega:I.6.5.1,finite_presentation_is_an_essential_hypothesis_for_clause_ii,known_semantic_difference,Over a non-Noetherian base a finite type target can admit a compatible local map that does not extend on any neighbourhood,Retain the historical locally Noetherian hypothesis or replace it only by the precise finite-presentation hypothesis,D000320,
R000793,ega:I.6.5.1.1,numbered_source_label_is_unlabelled_in_stacks,covered_unlabelled,F37ZW LF853-859 numbered source square is represented by the unlabelled square embedded in the proof of target tag 0BX6,Map the numbered source label to the existing target display and retain the parent-child distinction in the visual ledger,D000320,
R000794,ega:I.6.5.2,finite_type_choice_is_existential_after_shrinking,known_semantic_difference,F37ZW FR868-869 says on peut supposer; 0BX6 first supplies some open U but an arbitrary open of a finite-type scheme need not be quasi-compact and its realization need not be finite type,Preserve the existential quantifier and shrink inside the realization neighbourhood to an affine neighbourhood of x before applying the finite-type chain,D000322,
R000795,ega:I.6.5.2,finite_type_realization_is_a_five_tag_composite,covered_derived,0BX6 gives realization; after affine shrinking 01T6 makes U Noetherian 01T8 makes f locally finite type 01P0 makes it quasi-compact and 01T1 makes it finite type,Retain the exact component edges and do not add a duplicate root lemma,D000322,
R000796,ega:I.6.5.2,stronger_all_S_morphisms_result_applies_only_after_domain_shrink,covered_by_stronger,D000304 S001127-S001130 and R000757 map EGA I 6.3.9; every S-morphism from a finite-type domain over locally Noetherian S is finite type but the 6.5.2 domain becomes eligible only after choosing affine U,Record the stronger result as a cross-route and not as a universal claim about every 0BX6 neighbourhood,D000322,
R000797,ega:I.6.5.2:proof,literal_6_3_6_citation_is_an_already_mapped_graph_factorization_chain,covered_derived,D000301 S001114-S001120 and R000755 map EGA I 6.3.6 through 01KT 01T4 01T5 01P0 01OX and 01T3,Preserve the literal citation through the existing dependency route and do not assign a single omnibus official tag,D000322,
R000798,ega:I.6.5.3,integral_target_must_not_be_confused_with_0BX6_integral_source_alternative,known_semantic_difference,EGA assumes target Y integral to force injectivity of gamma whereas 0BX6 item 2b assumes source X integral only as an existence hypothesis,Use item 2a through D000320 and retain the separate Y-integral and phi-injective argument,D000323,
R000799,ega:I.6.5.3,injective_affine_realization_is_a_three_input_composite,covered_derived,D000320 supplies realization and the square; D000186 with 01OK supplies a domain; the unlabelled paragraph after 00CO supplies localization injectivity,Retain the exact component edges and do not add a duplicate root corollary,D000323,
R000800,ega:I.6.5.3:proof,literal_5_1_4_citation_is_already_mapped,covered_derived,D000186 S000696-S000703 and R000458-R000459 map the affine integral criterion cited by the proof,Reuse the existing source-order dependency instead of duplicating the earlier theorem map,D000323,
R000801,ega:I.6.5.3:proof,localization_injectivity_is_unlabelled_after_00CO,covered_unlabelled,Pinned algebra.tex LF1072-LF1080 is 403 bytes at B6C74ACBCB21B5ED6F8EE5FD8566E3E6571BBBE3B305229CD5FABFB29F47EBD0 and proves the required injection,Anchor the edge to 00CO while recording that the tag body itself only defines localization,D000323,
R000802,ega:I.6.5.3:proof,cited_6_5_1_1_square_is_unlabelled_and_already_certified,covered_unlabelled,D000320 S001204-S001205 R000790 R000793 and V000045 bind the numbered source square to the unlabelled 0BX6 proof display,Reuse the prior semantic and visual evidence and add no new VQA row,D000323,
R000803,ega:I.6.5.3:proof,injectivity_conclusion_is_an_elementary_diagram_chase_without_single_tag,covered_derived,Injective i_y and phi make phi i_y injective while the square identifies this composite with i_x gamma,Preserve the composite proof and do not represent 0BX6 as directly stating injectivity of gamma,D000323,
R000804,ega:I.6.5.4,stalk_criteria_are_composites_without_one_target_tag,covered_derived,The two equivalences split across 01HK 0H7H 01IO 01T1 00CR 00CP 01IG 01HE 01TX and 0BX6,Retain the exact component edges and do not add a duplicate root proposition,D000324,
R000805,ega:I.6.5.4,pointwise_local_immersion_and_local_isomorphism_are_unnamed_target_packages,covered_derived,D000173 and D000174 show that Stacks names immersion and open immersion charts but not both EGA source-point predicates,Preserve the EGA quantifier and reuse the earlier chart decisions,D000324,
R000806,ega:I.6.5.4,finite_type_hypothesis_is_essential_for_clause_i,known_semantic_difference,For A=k[x_i]/(x_i^2-x_i and x_ix_j for i not equal j) at m=(x_i) the map k to A_m=k is surjective but no single principal neighbourhood kills all x_i,Retain finite type because finitely many algebra generators are what permit one common denominator and a local closed chart,D000324,
R000807,ega:I.6.5.4,locally_noetherian_hypothesis_is_essential_for_clause_ii,known_semantic_difference,For B=k[x_i]/(x_i^2-x_i and x_ix_j for i not equal j) with I=(x_i) and p=I the finite-type quotient Spec(B/I) to Spec(B) has isomorphic local rings at p but is not an isomorphism on any neighbourhood,Retain local Noetherianity because together with finite type it supplies finite presentation via 01TX before 0BX6 and excludes a non-finitely-generated kernel that vanishes only stalkwise,D000324,
R000808,ega:I.6.5.4:proof,literal_6_5_1_citation_is_already_mapped,covered_derived,D000320 S001196-S001205 map realization and neighbourhood uniqueness through 01TX 0BX6 00FP 00QO and 00CR,Reuse the existing dependency route for both local inverse composites,D000324,
R000809,ega:I.6.5.4:proof,affine_denominator_and_localization_construction_has_no_single_tag,covered_derived,01T1 supplies finite generation 00CR clears finitely many stalk equalities 00CP factors through B_h and 01IG converts surjective gamma to a closed immersion,Preserve the four exact proof edges and the explicit source argument without inventing an omnibus tag,D000324,
R000810,ega:I.6.5.5,generic_point_corollary_has_no_single_omnibus_target_tag,covered_derived,D000324 gives the pointwise stalk criteria and 004X moves every nonempty local chart to the generic point,Retain the two-step source-order route and do not add a duplicate root corollary,D000325,
R000811,ega:I.6.5.5:proof,nonempty_open_contains_generic_point_is_derived_from_004X,covered_derived,004X defines x by closure of x equal to X and the complement of a nonempty open cannot contain that closure,Retain the elementary topological implication without manufacturing a separate official tag,D000325,
R000812,ega:I.6.5.5,dominance_generic_point_equivalence_uses_irreducibility,known_semantic_difference,01RM gives the reverse implication because irreducible X has exactly one irreducible component and Y has one generic component point,Preserve irreducibility and do not extend the equivalence to sources with uncontrolled components,D000325,
R000813,ega:I.6.5.5,birational_is_the_morphism_definition_not_the_rational_map_definition,known_semantic_difference,EGA I 2.2.9 and 01RO use component generic points and local-ring isomorphisms while 0A20 defines birational schemes through rational maps,Reuse D000051 and 01RO and reject 0A20 as the target of this parenthetical,D000325,
R000814,ega:I.6.5.5,dense_open_isomorphism_target_is_stronger_after_finite_presentation,covered_by_stronger,01TX upgrades finite type over locally Noetherian Y and 0BAC then gives an isomorphism between dense opens,Keep 0BAC as a stronger cross-route and preserve the shorter literal proof through D000324,D000325,
R000815,ega:I.6.5.5:proof,literal_6_5_4_citation_is_already_mapped,covered_derived,D000324 S001218-S001227 map both stalk criteria and their necessary hypothesis gates,Reuse that exact dependency bundle without replaying the affine denominator or inverse-map constructions,D000325,
R000816,ega:I.6.6.1,arbitrary_quasi_compact_basis_criterion_is_not_a_separate_target_label,covered_derived,01K3 gives the definition and the finite-union proof inside 01K4 gives the affine specialization verbatim,Retain the elementary arbitrary-basis argument without manufacturing a new official tag,D000326,
R000817,ega:I.6.6.1,finite_affine_union_parenthetical_is_embedded_in_01K4_proof,covered_derived,Affine opens form a quasi-compact basis and the proof of 01K4 explicitly passes in both directions between quasi-compact inverse images and finite affine unions,Retain the proof-level coverage rather than claim a new standalone lemma,D000326,
R000818,ega:I.6.6.1,affine_target_example_reuses_mapped_5_5_10,covered_by_stronger,D000267 and 01SG make each affine chart inverse image affine while 01K4 converts the finite affine union to quasi-compactness,Reuse the existing exact route and do not duplicate the affine-intersection theorem,D000326,
R000819,ega:I.6.6.1,open_restriction_and_arbitrary_target_cover_locality_have_no_separate_tags,covered_derived,Conditions two and three of 01K4 respectively prove restriction and the converse after affine refinement of the given open cover,Retain the two source clauses as separate edges over the one target characterization,D000326,
R000820,ega:I.6.6.2,french_definition_uses_unbound_y_instead_of_f_of_x,known_semantic_difference,LF1030 is 35 B A3F1CA10218F6D6AADB85053624BE51EBE0E1EC319403BF205988E0303EC478E and replaces y by f(x) as 38 B 83F1B59854CCA76465D1F1868949EDE94C0D3733B905247CC84FB5ADF84E7697,Preserve authority and record proposed_issue_id=I000103 successor=01a047ab-fc94-7120-af1d-5701ba37aacd state=ROUTED_PENDING_SUCCESSOR_ADJUDICATION,D000327,
R000821,ega:I.6.6.2,historical_neighbourhood_definition_is_a_composite_modern_formulation,covered_derived,01T1 defines finite type at a point through affine finite generation while 01T2 proves equivalence with finite-type restrictions on open neighbourhoods,Retain both tags and the corrected f(x) reading rather than claim either tag alone states every historical phrase,D000327,
R000822,ega:I.6.6.2,restriction_target_is_stronger_and_noetherian_consequence_uses_only_local_branch,covered_by_stronger,The moreover clause of 01T2 covers arbitrary U and V while 01T6 packages both global and local Noetherian variants,Use the exact source specializations and do not upgrade to finite presentation via 01TX,D000327,
R000823,ega:I.6.6.3:proof,french_proof_calls_W_1_x_a_neighbourhood_of_x_inside_Y,known_semantic_difference,LF1060 is 77 B 7A40F7F188C3926A9A05041FBF428B786111EECC2A2E55FA3DDE3152BFEBDF01 and minimally replaces de x by de y as 77 B 32E024C62FDA6DA87473253A36DF29CD8FC942C315E91649DE8C8AA2AD84AC75,Preserve authority and record proposed_issue_id=I000104 successor=01a047ab-fc94-7120-af1d-5701ba37aacd state=ROUTED_PENDING_SUCCESSOR_ADJUDICATION,D000328,
R000824,ega:I.6.6.3,the_finite_type_biconditional_is_already_the_modern_definition,covered_derived,Item three of 01T1 states finite type exactly as locally finite type plus quasi-compactness,Map the proposition to 01T1 and do not create a duplicate root theorem,D000328,
R000825,ega:I.6.6.3:proof,the_historical_affine_shrink_and_finite_subcover_proof_is_a_four_tag_route,covered_derived,01T2 supplies local charts 01T3 composes through D(g) and 01K3 with 01K4 supplies the quasi-compact affine inverse image and finite cover,Retain the proof-component edges without misrepresenting one tag as the whole historical proof,D000328,
R000826,ega:I.6.6.4,six_part_package_is_componentwise_and_01K5_change_is_proof_completion_only,covered_derived,01K7 04ZA 01K6 01K5 03GI 04ZB 01K3 and 01JS cover the source components; the existing 01K5 statement had an omitted proof,Preserve the official statement and tag; supply only the independently written finite-affine-cover proof without a new theorem or full-package equivalence claim,D000329,
R000827,ega:I.6.6.4,Noetherian_hypotheses_are_topological_not_scheme_theoretic,covered_derived,D000300 and 04ZB 0052 04ZA handle both branches of (i); 04Z9 01IV 04ZB 0053 0052 04ZA prove the locally Noetherian source branch of (v),Retain underlying-space hypotheses exactly; do not replace them by the stronger scheme-theoretic hypotheses of 01OX or 01P0,D000329,
R000828,ega:I.6.6.4,03GI_weakens_the_separated_hypothesis_to_quasi_separated,covered_by_stronger,03GI assumes g quasi-separated whereas the separated branch of source clause (v) assumes g separated,Use the stronger target only in the stated separated specialization and retain the separate topological-source branch,D000329,
R000829,ega:I.6.6.4,following_coproduct_paragraph_has_two_summands_not_an_arbitrary_infinite_family,covered_derived,01K3 and 005C reduce the biconditional to closed subspaces and finite unions of quasi-compact inverse images,Keep the binary scope; infinitely many copies of Spec(k) mapping to Spec(k) show that quasi-compact restrictions do not imply quasi-compactness for arbitrary infinite sums,D000329,
R000830,ega:I.6.6.5,01RL_image_wording_requires_the_source_component_generic_point_upgrade,covered_derived,01RL only hits each target component generic point; 004W chooses a component through its preimage and 01IS with continuity and maximality gives a generic preimage,Record whole-proposition coverage by composition and do not count the 01RL edge as a literal full-statement equivalence,D000330,
R000831,ega:I.6.6.5:proof,sufficiency_and_the_generic_preimage_upgrade_do_not_require_quasi_compactness,covered_by_stronger,01RK proves dominance from arbitrary preimages of target component generic points; 004W and 01IS upgrade those preimages without quasi-compactness,Retain quasi-compactness for the necessary direction only and add no integrality reducedness finite-type Noetherianity or separation hypothesis,D000330,
R000832,ega:I.6.6.5:proof,the_french_single_chart_reduced_closure_proof_and_01RL_finite_coproduct_proof_are_different_routes,covered_derived,01K4 supplies a finite affine cover; the French proof selects a chart whose image closure contains y and reduces source and target while 01RL uses the finite affine disjoint union and 00FL,Preserve the source proof topology and distinguish the existing alternative proof from a verbatim reproduction; no duplicate root theorem or proof completion is justified,D000330,
R000833,ega:I.6.6.5:proof,the_minimal_prime_endpoint_uses_00FL_followed_by_the_stronger_0CAN,covered_by_stronger,00FL gives minimal target primes in the image and 0CAN upgrades every such prime to the contraction of a minimal source prime for arbitrary ring maps,Keep the two-tag derivation and do not claim that 00FL or 01RL explicitly cites 0CAN; reduced affine hypotheses belong only to the historical proof reduction,D000330,
R000834,ega:I.6.6.6,local_immersion_is_not_global_injective_immersion,covered_derived,EGA 4.5.1 permits separate closed-immersion neighbourhoods at every source point; 01T5 01T2 01T1 give the local finite-type conclusion,A fold map from two copies of Spec(K) to Spec(K) is a local immersion but not globally injective; retain this scope,D000331,
R000835,ega:I.6.6.6,product_and_common_base_extension_need_explicit_fibre_product_identifications,covered_derived,01JP identifies the two product factors as base changes; 01T4 and 01T3 finish the product clause,Do not assert that the product clause is literally the standalone statement of 01T4 or restrict the base-change map,D000331,
R000836,ega:I.6.6.6,reduction_is_derived_without_nonbaseline_0HCT,covered_derived,Pinned 01J3 01J4 01T5 01T3 0356 and 01T8 give the whole chain; 0HCT is absent from a044 tags and source,Keep S000720 as its historical local untagged integration; neither relabel it nor introduce an official 0HCT mapping,D000331,
R000837,ega:I.6.6.6:proof,source_local_proof_is_not_a_global_finite_type_upgrade,covered_derived,The French proof is unwrapped prose and repeatedly chooses source and target neighbourhoods using 01T2 and 01JP,An infinite disjoint union of Spec(K) over Spec(K) is locally finite type but not quasi-compact; do not strengthen the conclusion to finite type,D000331,
R000838,ega:I.6.6.7,local_Noetherianity_does_not_assert_global_Noetherianity,covered_derived,01T4 gives the projection locally finite type and the local branch of 01T6 applies twice,Keep local hypotheses throughout; an infinite disjoint union of field points shows why global Noetherianity cannot be inferred,D000332,
R000839,ega:I.6.6.8,three_extensions_have_different_quantifiers_and_conclusions,covered_derived,The remark separately extends 6.3.10 6.4.2 and 6.4.9; 01S1 01T4 01T2 00FV 01J9 01TF 01T8 030F 09GU 00BF supply their components,Do not collapse all three into one 0487 equivalence,D000333,
R000840,ega:I.6.6.8,fixed_Omega_embedding_uses_infinite_transcendence_degree,covered_derived,Finite generation of kappa(y) gives a finite transcendence basis by the proof of 030F; independent images in Omega and 09GU with 00BF extend the embedding,For algebraically closed K the disjoint union of all closed K-points of affine one-space maps locally of finite type and surjectively on K-points but misses its generic point; dropping the fixed-Omega transcendence condition is false in this local setting,D000333,
R000841,ega:I.6.6.8,local_finite_type_is_needed_for_forward_geometric_point_lifting,covered_derived,Spec(K(t)) to Spec(K) for algebraically closed K is surjective but has no K-valued source point,Retain local finite type for the forward implication of extended 6.3.10; the reverse implication from lifts needs none,D000333,
R000842,ega:I.6.6.8,inherited_0487_proof_variable_defect_is_not_used,covered_derived,The pinned 0487 converse chooses a source-cover point above arbitrary y without justification; direct schemes reasoning here instead starts with the canonical residue-field representative,The defect was routed by the owning lane for separate errata adjudication; no admission or root correction belongs to this semantic candidate,D000333,
R000843,ega:I.6.6.8,historical_6_3_10_diagram_visual_residuals_remain_unchanged,covered_derived,The two existing 6.3.10 diagram referrals remain byte-identical and no V row is appended,Semantic reuse of the argument does not certify source-edition diagram rendering or close any existing open gap,D000333,
R000844,ega:I.7.1.1,topological_density_is_not_schematic_density,known_semantic_difference,Pinned 01RS uses topologically dense opens; 01RX separately defines pseudo-morphisms on schematically dense opens,"For A=k[t,e]/(e^2;t*e) the maps to affine one-space given by zero and e agree on dense D(t) but not on any schematically dense witness; do not substitute 01RX for 01RS",D000334,
R000845,ega:I.7.1.1,relative_density_wording_has_the_same_equivalence_relation,covered_derived,Since U intersect V is dense open in X an open witness is dense in that intersection exactly when it is dense in X,Intersect equality witnesses to establish transitivity with no scheme-theoretic density assumption,D000334,
R000846,ega:I.7.1.2,original_printing_restriction_overlap_overstatement,known_semantic_difference,Original EGA I printed p155 physical154 independently confirms the same full-overlap overstatement as fixed French line36 and English discovery line22,The printed proof overstatement is established by visual comparison and the explicit counterexample; the source-edition correction remains PROPOSED and authority bytes stay unchanged; derive restriction using U intersect T,D000335,
R000847,ega:I.7.1.2,rational_section_terminology_and_quotient_graph_bijection,covered_unlabelled,01RS specializes to maps from the base and the natural 01JP graph bijection descends through the same restriction equivalence,Preserve rational-section terminology as a source alias; no duplicate theorem or official tag is created,D000335,
R000848,ega:I.7.1.2,canonical_morphism_to_rational_class_map_need_not_be_injective,covered_derived,"On Spec(k[t,e]/(e^2;t*e)) the distinct global functions zero and e become equal on D(t)",Keep the source assertion as a canonical map rather than an injection; the same example exposes the full-overlap overclaim,D000335,
R000849,ega:I.7.1.2,restriction_does_not_require_a_maximal_domain_representative,covered_derived,The equivalence-class restriction argument uses a dense equality witness and never glues all representatives on their union,Do not import reduced-source or separated-target assumptions from the later domain-of-definition theorem,D000335,
R000850,ega:I.7.1.3,ring_of_rational_functions_has_no_finite_component_hypothesis,covered_derived,01JH is natural for every scheme and 01RU defines the ring for every scheme using common dense opens,Do not use the later finite-component computation 01RV as the full coverage target of this unrestricted statement,D000336,
R000851,ega:I.7.1.2,universal_property_stronger_than_rational_section_specialization,covered_by_stronger,01JP gives the graph bijection for every test scheme over X and therefore for each dense open U of X; naturality then descends through the identical equality witnesses,Retain the general universal property as the stronger target and record passage to rational classes as an explicit derivation,D000335,
R000852,ega:I.7.1.1,topological_density_is_not_schematic_density,known_semantic_difference,Pinned 01RS uses topologically dense opens; 01RX separately defines pseudo-morphisms on schematically dense opens,"For A=k[t,e]/(e^2;t*e) the maps to affine one-space given by zero and e agree on dense D(t) but not on any schematically dense witness; do not substitute 01RX for 01RS; mathematical disposition unchanged under corrected complete source binding",D000337,R000844
R000853,ega:I.7.1.1,relative_density_wording_has_the_same_equivalence_relation,covered_derived,Since U intersect V is dense open in X an open witness is dense in that intersection exactly when it is dense in X,Intersect equality witnesses to establish transitivity with no scheme-theoretic density assumption; mathematical disposition unchanged under corrected complete source binding,D000337,R000845
R000854,ega:I.7.1.2,original_printing_restriction_overlap_overstatement,known_semantic_difference,Original EGA I printed p155 physical154 independently confirms the same full-overlap overstatement as fixed French raw line40 and English discovery line22,The printed proof overstatement is established by visual comparison and the explicit counterexample; the source-edition correction remains PROPOSED and authority bytes stay unchanged; derive restriction using U intersect T; mathematical disposition unchanged under corrected complete source binding,D000338,R000846
R000855,ega:I.7.1.2,rational_section_terminology_and_quotient_graph_bijection,covered_unlabelled,01RS specializes to maps from the base and the natural 01JP graph bijection descends through the same restriction equivalence,Preserve rational-section terminology as a source alias; no duplicate theorem or official tag is created; mathematical disposition unchanged under corrected complete source binding,D000338,R000847
R000856,ega:I.7.1.2,canonical_morphism_to_rational_class_map_need_not_be_injective,covered_derived,"On Spec(k[t,e]/(e^2;t*e)) the distinct global functions zero and e become equal on D(t)",Keep the source assertion as a canonical map rather than an injection; the same example exposes the full-overlap overclaim; mathematical disposition unchanged under corrected complete source binding,D000338,R000848
R000857,ega:I.7.1.2,restriction_does_not_require_a_maximal_domain_representative,covered_derived,The equivalence-class restriction argument uses a dense equality witness and never glues all representatives on their union,Do not import reduced-source or separated-target assumptions from the later domain-of-definition theorem; mathematical disposition unchanged under corrected complete source binding,D000338,R000849
R000858,ega:I.7.1.3,ring_of_rational_functions_has_no_finite_component_hypothesis,covered_derived,01JH is natural for every scheme and 01RU defines the ring for every scheme using common dense opens,Do not use the later finite-component computation 01RV as the full coverage target of this unrestricted statement; mathematical disposition unchanged under corrected complete source binding,D000339,R000850
R000859,ega:I.7.1.2,universal_property_stronger_than_rational_section_specialization,covered_by_stronger,01JP gives the graph bijection for every test scheme over X and therefore for each dense open U of X; naturality then descends through the identical equality witnesses,Retain the general universal property as the stronger target and record passage to rational classes as an explicit derivation; mathematical disposition unchanged under corrected complete source binding,D000338,R000851
R000860,ega:I.7.1.4,morphism_germs_not_unrestricted_generic_local_ring_maps,covered_derived,01IS 004X 0078 and 01RS use exactly the same neighbourhood witnesses,Do not substitute the full 0BX8 local-ring-map conclusion without its separate finite-type or finite-presentation hypotheses,D000340,
R000861,ega:I.7.1.5,finite_component_formula_stronger_only_for_generic_stalk_identification,covered_by_stronger,01RV allows finitely many components while this source assertion is irreducible,Restrict stronger coverage to the generic-stalk component; its field clause is direct and all other claims have separate derivations,D000341,
R000862,ega:I.7.1.5,dimension_artinian_affine_and_local_stalk_tail_are_separate_components,covered_derived,00EU and 00KH give dimension and Artinianness; 09FJ and 00C9 give affine and local-stalk fraction fields,Dual numbers are irreducible but not a field; P1 over k has global sections k and rational field k(t) so retain integrality and affine qualification,D000341,
R000863,ega:I.7.1.5:proof,global_nilradical_nilpotence_in_unwrapped_proof,covered_derived,Noetherian nilradical p has finite nilpotent generators; the pigeonhole exponent 1 plus sum(n_i minus 1) kills p,This covers French LF102 as well as localized Artinianness; nilpotence alone does not imply Artinianness without finiteness,D000341,
R000864,ega:I.7.1.6,component_reduction_is_unlabelled_proof_coverage,covered_unlabelled,0BX8 LF12641-12651 supplies component removal and the product reduction,Do not treat the whole 0BX8 local-ring-map statement as equivalent; arbitrary Y and relative S remain allowed,D000342,
R000865,ega:I.7.1.7,finite_component_germ_product_glues_for_arbitrary_target,covered_derived,Disjoint open gluing proves surjectivity and the union of generic equality neighbourhoods proves injectivity,No additional target finiteness reducedness or separatedness assumption is introduced,D000343,
R000866,ega:I.7.1.7,product_argument_is_not_full_0BX8_statement,covered_unlabelled,Only the component-removal and product paragraph is used,Generic local-ring maps alone may miss infinitely supported nilpotents; retain the distinction from morphism germs,D000343,
R000867,ega:I.7.1.8,finite_product_artinianness_and_exact_local_components,covered_derived,0BA8 and 01RV reduce to Noetherian zero-dimensional generic stalks; 00KH and 00KJ finish,Topologically Noetherian square-zero k direct-sum infinite-dimensional V is not Artinian; an infinite disjoint union of field points is locally Noetherian but its rational ring is an infinite product and not Artinian,D000344,
R000868,ega:I.7.1.9,dense_section_colimit_is_unlabelled_proof_component,covered_unlabelled,01RV LF12723-12733 supplies the colimit identification,Retain French LF167-175 as the parent 7.1.9 deduction rather than assigning it exclusively to the nested lemma,D000345,
R000869,ega:I.7.1.9,localization_uses_complement_of_minimal_primes_not_nonzerodivisors,covered_derived,Cofinal dense principal opens with 01HV and 00CR give Sigma inverse A where Sigma avoids minimal primes,"For k[t,e]/(e^2;t*e) rational functions give k(t) while e survives in the total quotient ring; 02LX and 0EMF require additional absence-of-embedded-point hypotheses and are negative comparisons only",D000345,
R000870,ega:I.7.1.9.1,finite_prime_avoidance_gives_cofinality,covered_derived,For dense U equal to Spec(A) minus V(I) no minimal prime contains I; 00DS selects f in I outside their finite union,Finitely many minimal primes suffice without Noetherianity or reducedness; retain finiteness in this proof,D000346,
R000871,ega:I.7.1.9.1:proof,supporting_lemma_proof_has_distinct_parent_owned_deduction_before_it,covered_derived,French LF177-190 and English LF95-98 are the lemma proof; French LF167-175 and English LF93 instead prove 7.1.9,Require complete proof and final D(f) contained in U conclusion; no invented stable unit for the unwrapped parent deduction,D000346,
R000872,ega:I.7.1.10,unrestricted_construction_not_unrestricted_injectivity,covered_derived,01RS 02NA and01J7 define rho without target finiteness,Square-zero identity and nilpotent-killing maps can have equal generic local data but distinct rational classes,D000347,
R000873,ega:I.7.1.11,finite_type_is_for_injection_not_unconditional_surjection,covered_by_stronger,0BX8 parts1 and2 separate local finite type and local finite presentation,Retain 01TX conversion for locally Noetherian S; square-zero quotient finite-type target can have generic section but no rational section,D000348,
R000874,ega:I.7.1.11:proof,finite_relations_and_complete_I651_dependency,covered_by_stronger,0BX6 finite generator and finite relation argument on one neighbourhood,No source Noetherian or separatedness assumption is inserted; reduced-source and locally Noetherian-source alternatives remain alternatives,D000348,
R000875,ega:I.7.1.12,valued_local_scheme_not_geometric_point,covered_derived,001O evaluates the representable functor on the generic local S-scheme,Do not replace by field-valued points; inherit all bijection hypotheses,D000349,
R000876,ega:I.7.1.12:proof,terminology_only_complete_proof,covered_derived,I7.1.11 and001O supply the whole proof through I3.4.1,No new geometric existence theorem is claimed,D000349,
R000877,ega:I.7.1.13,base_compatible_local_maps_retain_nilpotents,covered_derived,01J6 plus01RV identify the point and local O_S-algebra homomorphism into R(X),Dual numbers distinguish maps lost on the residue field; local and base-compatible are required,D000350,
R000878,ega:I.7.1.13:proof,complete_local_source_classification_dependency,covered_derived,I7.1.11 plus01J6 cover the complete I2.4.4 proof reference,Do not reinterpret arbitrary ring homomorphisms as local homomorphisms,D000350,
R000879,ega:I.7.1.14,invariance_of_generic_local_S_scheme,covered_derived,0BX8 001O and02C6 identify the same Hom set via canonical base-compatible stalk isomorphism,Abstract ring alone is insufficient: t to0 or1 on Spec(Q) gives zero or one S-map to D(t),D000351,
R000880,ega:I.7.1.14:proof,localization_map_not_assumed_open_immersion,covered_derived,01J7 01HV and02C6 prove the exact generic-stalk identity and dense-domain pullback,Preserve inherited bijection hypotheses; do not claim X equals Spec(O_Xz); next15 introduction remains excluded,D000351,
R000881,ega:I.7.1.12,valued_point_bijection_inherits_stronger_existence_theorem,covered_by_stronger,0BX8 part2 only needs locally finite presentation; EGA supplies it by01TX,The terminology step is separately derived; do not erase inherited bijection hypotheses or require a Noetherian source,D000349,
R000882,ega:I.7.1.13,pair_classification_inherits_stronger_generic_realization,covered_by_stronger,The one-component target of0BX8 part2 is precisely the base-compatible local pair,01J6 and01RV give separate identifications; the existing theorem does not need EGA locally Noetherian-base assumption once local finite presentation is given,D000350,
R000883,ega:I.7.1.15,integral_generic_ring_not_arbitrary_irreducible_stalk,covered_derived,01RV and01RW identify the function field,Dual numbers preserve distinct nilpotent rational maps that vanish on passage to the residue field,D000352,
R000884,ega:I.7.1.15,integral_source_stronger_realization,covered_by_stronger,0BX8 part3 removes Noetherian S and weakens target finite type to local finite type,Retain historical EGA hypotheses and some target finiteness; the generic-point target over A1 has no dense-open representative,D000352,
R000885,ega:I.7.1.15,historical_geometric_point_means_K_valued_here,known_semantic_difference,03PO requires algebraic closure whereas source field K is arbitrary,Normalize exposition to K-valued point; do not mutate source or call this terminology an erratum,D000352,
R000886,ega:I.7.1.15,fibre_targetpoint_embedding_and_basefield_are_all_data,covered_derived,01J6 01K0 and01JP retain the fixed fibre and base field,Wrong fibre gives no S-map; quadratic extensions give multiple embeddings of one targetpoint; base compatibility selects the allowed one,D000352,
R000887,ega:I.7.1.15:proof,complete_fibre_residuefield_and_local_to_embedding_proof,covered_derived,01K1 0HA1 01JT and01J6 account for both proof clauses,Local kernel is the maximal ideal; residue field remains unchanged in the fibre; retain the English proof closing delimiter,D000352,
R000888,ega:I.7.1.16,algebraic_k_corollary_has_stronger_existing_hypotheses,covered_by_stronger,0BX8 part3 allows integral X not necessarily finite type and only locally finite-type Y,Source still assumes algebraic k-preschemes; no source hypothesis is silently replaced,D000353,
R000889,ega:I.7.1.16,algebraic_terminology_and_trivial_base_change,covered_derived,"06LG and01JP plus001O give finite-type terminology and Hom_k(Spec K,Y)",No separatedness or reducedness assumption on Y; no proof is omitted after7.1.16,D000353,
R000890,ega:I.7.1.16,fixed_field_not_modern_geometric_point,known_semantic_difference,K=Q is allowed but is not algebraically closed,Keep arbitrary field-valued-point convention and specified k-embedding; no closure or separability is introduced,D000353,
R000891,ega:I.7.1.15,nondominant_maps_not_target_function_field_homomorphisms,covered_derived,Point y can be closed and its residue field embeds into K,A constant A1 map uses Q into Q(t); it cannot be encoded by a map Q(u) sending u to0,D000352,
R000892,ega:I.7.2.1,dense_open_domain_does_not_assert_maximal_representative,covered_derived,0A1X defines the ordinary domain,No reducedness or separatedness is required for the dense-open union; keep D_S separately defined,D000354,
R000893,ega:I.7.2.2,relative_versus_absolute_domain_convention_ambiguity,known_semantic_difference,Opposite charts over doubled-origin S give D=X and D_S=G_m with X reduced and Y to S separated,Literal absolute-domain statement is false; valid relative theorem is existing-derived; no source mutation or printed erratum claim,D000355,
R000894,ega:I.7.2.2,maximal_relative_representative_exists_uniquely,covered_derived,01KM 056D and 01JB give overlap equality and gluing,Use only S-representatives; preserve arbitrary base without silently adding separatedness,D000355,
R000895,ega:I.7.2.2,parent_nonextendible_consequence_requires_relative_qualifier,known_semantic_difference,Opposite-chart map G_m to Y has no S-extension but extends ordinarily to X,FR340-348 EN204-206 is parent consequence and transition not nested lemma proof; nonextendible is over S,D000355,
R000896,ega:I.7.2.2.1,relative_dense_agreement_under_exact_hypotheses,covered_derived,01KM and 056D prove the relative lemma,Require reduced X and separated Y over S and both maps over S; no Noetherian finite-type or irreducibility assumption,D000356,
R000897,ega:I.7.2.2.1:proof,complete_minimal_closed_and_diagonal_factorization_steps,covered_derived,Closed equalizer containing dense V has nilradical ideal and equals reduced overlap,Retain final f_1=f_2=f and exclude subsequent parent consequence from lemma proof,D000356,
R000898,ega:I.7.2.3,relative_restriction_correspondence,covered_derived,01KM gives injection and 01JB maximal gluing gives surjection,Use classes whose D_S contains the fixed dense open U,D000357,
R000899,ega:I.7.2.3,absolute_defined_everywhere_reading_fails,known_semantic_difference,"Opposite-chart example has Hom_S(X,Y) empty but an S-rational class with D=X",Do not classify the false absolute strengthening as missing mathematics or existing full-statement coverage,D000357,
R000900,ega:I.7.2.3:proof,both_inverse_constructions_are_explicit,covered_derived,Dense equalizer proves injection; restricting maximal relative representative proves surjection,Do not treat the short source proof as a substitute for checking both directions,D000357,
R000901,ega:I.7.2.4,historical_separatedness_normalization,covered_derived,01KK 01KU and 01KV normalize S scheme and Y S-scheme,Preserve source assumptions and no separatedness requirement on X,D000358,
R000902,ega:I.7.2.4:proof,maximal_map_respects_structure_maps,covered_derived,01KM proves psi g equals phi j on reduced D because S is separated,This independently written proof supplies the omitted proof of 0A1Y final clause; no new root theorem,D000358,
R000903,ega:I.7.2.4,separated_base_identifies_absolute_and_relative_domains,covered_derived,0A1Y gives an S-representative on D and hence D=D_S,Conclusion is on maximal domain not automatic extension to all X,D000358,
R000904,ega:I.7.2.2.1,reducedness_adverse_example,covered_derived,"Maps to A1 with images 0 and e on k[t,e]/(e^2,t e) agree on dense D(t) but differ globally",Reducedness cannot simply be removed; not claimed necessary for every individual example,D000356,
R000905,ega:I.7.2.2.1,target_separatedness_adverse_example,covered_derived,01JD doubled-origin target has distinct chart maps A1 to Y agreeing on G_m,01JD is adverse construction only and is not positive theorem coverage,D000356,
R000906,ega:I.7.2.5,relative_section_extension_domain,covered_derived,01RH and 056D show each S-representative is an X-section; 01JB glues on the union,D_S equals D_X; retain X reduced and X/S and Y/S separated,D000359,
R000907,ega:I.7.2.5,absolute_domain_section_strengthening,known_semantic_difference,For S=X=B with doubled origin and Y=B1 the coordinate collapse gives D=B but D_S=D_X=B1,Literal ordinary-domain strengthening is false; valid relative statement is existing-derived; not an allocated historical erratum,D000359,
R000908,ega:I.7.2.5:proof,complete_identity_and_base_checks,covered_derived,Compare p h with the open inclusion as S-morphisms into X/S,Do not mistake existence of one S-representative for base compatibility of all ordinary representatives,D000359,
R000909,ega:I.7.2.6,canonical_regular_function_bijection,covered_derived,01JH and 0A1Y with affine separated A1_Z give inverse constructions,Reduced X and dense U suffice; no integral Noetherian finite-type or separated-source hypothesis,D000360,
R000910,ega:I.7.2.6,exact_graph_scalar_domain_equality,covered_derived,Projection and regrafting preserve the very same open domain of each representative,D ordinary graph equals D_X graph equals D scalar even without reducedness,D000360,
R000911,ega:I.7.2.6:proof,both_directions_and_reduced_uniqueness,covered_derived,01RH gives injection; 0A1Y gives surjection by maximal scalar restriction,Reducedness is used for uniqueness and bijection rather than for the graph/scalar domain equality,D000360,
R000912,ega:I.7.2.7,reduced_closure_global_section_criterion,covered_derived,01KT and 01J3 prove section extension equivalent to Z to Y being an isomorphism,Preserve the complete necessity sufficiency and uniqueness arguments,D000361,
R000913,ega:I.7.2.7,absolute_everywhere_defined_parenthetical,known_semantic_difference,For Y=B and X=B1 the ordinary coordinate map is everywhere defined but the open inclusion has no section,Use D_Y=Y for section representatives; do not infer a global section from ordinary D=Y or assign a printed erratum,D000361,
R000914,ega:I.7.2.7:proof,closed_subscheme_equality_over_U,covered_derived,01KT gives closed image in f inverse of U; 01J3 identifies reduced closed structures with equal support,The equality is scheme-theoretic and not merely an equality of point sets,D000361,
R000915,ega:I.7.2.7:proof,necessity_requires_density_and_closedness,covered_derived,Closedness gives closure g(U) contained in h(Y); density gives h(Y) contained in closure g(U),Both inclusions and equality of reduced structures are explicit,D000361,
R000916,ega:I.7.2.7,no_retrocompactness_hypothesis,covered_derived,Direct reduced closure proof uses 01KT and 01J3; 056B identifies the scheme-theoretic image,0CNG is comparison only: it assumes retrocompactness and proves the restricted isomorphism rather than the whole criterion,D000361,
R000917,ega:I.7.2.7,reducedness_hypothesis_adverse_example,covered_derived,For f=id on Spec(k[e]/e^2) with U=Y a global section exists but the reduced closure is Y_red,This shows reducedness cannot be deleted from the general reduced-closure criterion,D000361,
R000918,ega:I.7.2.7,separatedness_hypothesis_adverse_example,covered_derived,A chart section of the doubled-origin collapse B to A1 exists globally but has dense nonclosed image with closure B,This shows separatedness cannot be deleted from the general reduced-closure criterion,D000361,
R000919,ega:I.7.2.6,special_product_target_not_general_domain_repair,covered_derived,Regrafting in X times A1_Z changes the first component while retaining the scalar function and dense witness,Only the product-target domain comparison is asserted; do not erase the known-semantic-difference rows for 5 and 7,D000360,
