edge_id,source_unit,source_part,authority_state,source_receipt,source_receipt_sha256,stacks_commit,stacks_file,stacks_label,official_tag,relation,review_state,coverage_claim,evidence,decision_id,notes,supersedes
S000001,ega:I.1.1.1,Spec V and D notation,french_admitted,F8.json,2137BF64B9BD210176B58075DBDB58E7C8A5669F9EFAD61410510A01D32D0BC0,a04446e57ec1fbc252a871afcec7752fb2807b14,algebra.tex,algebra-definition-spectrum-ring,00DZ,split,reviewed_existing,component,EGA I 1.1.1 and Stacks definition state the same three constructions,D000016,Stacks does not adopt the literal j_x or f(x) notation
S000002,ega:I.1.1.1,empty spectrum and radical intersection,french_admitted,F8.json,2137BF64B9BD210176B58075DBDB58E7C8A5669F9EFAD61410510A01D32D0BC0,a04446e57ec1fbc252a871afcec7752fb2807b14,algebra.tex,algebra-lemma-Zariski-topology,00E0,split,reviewed_existing,component,Items 1 and 7 give the source assertions,D000016,
S000003,ega:I.1.1.1,prime localization of ring and module,french_admitted,F8.json,2137BF64B9BD210176B58075DBDB58E7C8A5669F9EFAD61410510A01D32D0BC0,a04446e57ec1fbc252a871afcec7752fb2807b14,algebra.tex,algebra-item-localize-p,00CH,split,reviewed_existing,component,The basic-notation item defines R_p and M_p,D000016,
S000004,ega:I.1.1.1,maximal ideal of the local ring,french_admitted,F8.json,2137BF64B9BD210176B58075DBDB58E7C8A5669F9EFAD61410510A01D32D0BC0,a04446e57ec1fbc252a871afcec7752fb2807b14,algebra.tex,algebra-item-localize-p-local-ring,00CJ,split,reviewed_existing,component,The basic-notation item identifies pR_p as maximal,D000016,
S000005,ega:I.1.1.1,residue field,french_admitted,F8.json,2137BF64B9BD210176B58075DBDB58E7C8A5669F9EFAD61410510A01D32D0BC0,a04446e57ec1fbc252a871afcec7752fb2807b14,algebra.tex,algebra-item-residue-field,00CK,split,reviewed_existing,component,Both identify kappa(p) with R_p/pR_p and Frac(R/p),D000016,
S000006,ega:I.1.1.1,module localization as tensor product,french_admitted,F8.json,2137BF64B9BD210176B58075DBDB58E7C8A5669F9EFAD61410510A01D32D0BC0,a04446e57ec1fbc252a871afcec7752fb2807b14,algebra.tex,algebra-lemma-tensor-localization,00DK,split,reviewed_existing,component,Stacks states M_p is canonically R_p tensor_R M,D000016,
S000007,ega:I.1.1.1,radical notation,french_admitted,F8.json,2137BF64B9BD210176B58075DBDB58E7C8A5669F9EFAD61410510A01D32D0BC0,a04446e57ec1fbc252a871afcec7752fb2807b14,algebra.tex,algebra-item-radical-ideal,00BI,split,reviewed_existing,component,Stacks basic notation defines the radical of an ideal,D000016,
S000008,ega:I.1.1.2,all five clauses,french_admitted,F8.json,2137BF64B9BD210176B58075DBDB58E7C8A5669F9EFAD61410510A01D32D0BC0,a04446e57ec1fbc252a871afcec7752fb2807b14,algebra.tex,algebra-lemma-Zariski-topology,00E0,merged,reviewed_existing,full_statement,Stacks merges the V identities into its seventeen-part lemma,D000016,Subset formulations use the generated-ideal reduction in item 5
S000009,ega:I.1.1.4,clause i,french_admitted,F8.json,2137BF64B9BD210176B58075DBDB58E7C8A5669F9EFAD61410510A01D32D0BC0,a04446e57ec1fbc252a871afcec7752fb2807b14,algebra.tex,algebra-lemma-Zariski-topology,00E0,partial,reviewed_existing,component,Item 7 after item 5 gives j(V(E)) equal to rad(E),D000016,Clause ii remains an explicit residual
S000010,ega:I.1.1.5,radical ideals and closed sets,french_admitted,F8.json,2137BF64B9BD210176B58075DBDB58E7C8A5669F9EFAD61410510A01D32D0BC0,a04446e57ec1fbc252a871afcec7752fb2807b14,algebra.tex,algebra-lemma-Zariski-topology,00E0,merged,reviewed_existing,full_statement,Items 5 through 10 supply the antitone bijection and lattice operations,D000016,No dedicated Stacks corollary
S000011,ega:I.1.1.6,whole corollary,french_admitted,F8.json,2137BF64B9BD210176B58075DBDB58E7C8A5669F9EFAD61410510A01D32D0BC0,a04446e57ec1fbc252a871afcec7752fb2807b14,algebra.tex,algebra-lemma-Noetherian-topology,00FQ,equivalent,reviewed_existing,full_statement,Both state that a Noetherian ring has Noetherian spectrum,D000016,
S000012,ega:I.1.1.7,closure of a point,french_admitted,F8.json,2137BF64B9BD210176B58075DBDB58E7C8A5669F9EFAD61410510A01D32D0BC0,a04446e57ec1fbc252a871afcec7752fb2807b14,algebra.tex,algebra-lemma-irreducible,00ES,split,reviewed_existing,component,Item 1 identifies closure of p with V(p),D000016,
S000013,ega:I.1.1.7,closed points and maximal ideals,french_admitted,F8.json,2137BF64B9BD210176B58075DBDB58E7C8A5669F9EFAD61410510A01D32D0BC0,a04446e57ec1fbc252a871afcec7752fb2807b14,algebra.tex,algebra-section-ring-jacobson,00FZ,split,reviewed_existing,covered_unlabelled,The section explicitly states that closed points are maximal ideals,D000016,The assertion is prose rather than a separately tagged lemma
S000014,ega:I.1.1.8,Kolmogorov property,french_admitted,F8.json,2137BF64B9BD210176B58075DBDB58E7C8A5669F9EFAD61410510A01D32D0BC0,a04446e57ec1fbc252a871afcec7752fb2807b14,algebra.tex,algebra-lemma-spec-spectral,090M,entailed_by_stronger,reviewed_existing,full_statement,Stacks proves the stronger assertion that every spectrum is spectral and hence sober and Kolmogorov,D000016,
S000015,ega:I.1.1.9,D identities and radicals,french_admitted,F8.json,2137BF64B9BD210176B58075DBDB58E7C8A5669F9EFAD61410510A01D32D0BC0,a04446e57ec1fbc252a871afcec7752fb2807b14,algebra.tex,algebra-lemma-Zariski-topology,00E0,merged,reviewed_existing,full_statement,Items 4 6 7 13 and 15 collectively give the source statement,D000016,
S000016,ega:I.1.1.10,basis and quasi-compact standard opens,french_admitted,F8.json,2137BF64B9BD210176B58075DBDB58E7C8A5669F9EFAD61410510A01D32D0BC0,a04446e57ec1fbc252a871afcec7752fb2807b14,algebra.tex,algebra-lemma-topology-spec,04PM,split,reviewed_existing,full_statement,The statement and proof consolidate the D(f) basis and quasi-compactness using 00E4 and 00E8,D000016,Target is slightly stronger
S000017,ega:I.1.1.11,whole proposition,french_admitted,F8.json,2137BF64B9BD210176B58075DBDB58E7C8A5669F9EFAD61410510A01D32D0BC0,a04446e57ec1fbc252a871afcec7752fb2807b14,algebra.tex,algebra-lemma-spec-closed,00E5,equivalent,reviewed_existing,full_statement,Both give the canonical homeomorphism Spec(A/a) to V(a),D000016,
S000018,ega:I.1.1.12,nilreduction homeomorphism,french_admitted,F8.json,2137BF64B9BD210176B58075DBDB58E7C8A5669F9EFAD61410510A01D32D0BC0,a04446e57ec1fbc252a871afcec7752fb2807b14,algebra.tex,algebra-lemma-surjective-locally-nilpotent-kernel,0BR6,entailed_by_stronger,reviewed_existing,full_statement,Apply the stronger locally nilpotent kernel lemma to A mapping to A/N,D000016,The elementary derivation is also 00E5 plus 00E0
S000019,ega:I.1.1.13,irreducibility criterion,french_admitted,F8.json,2137BF64B9BD210176B58075DBDB58E7C8A5669F9EFAD61410510A01D32D0BC0,a04446e57ec1fbc252a871afcec7752fb2807b14,algebra.tex,algebra-lemma-irreducible,00ES,partial,reviewed_existing,covered_derived,Item 2 plus 00E0 yields Spec(A) irreducible iff the nilradical is prime,D000016,No standalone verbatim tag
S000020,ega:I.1.1.14,prime and minimal-prime correspondence,french_admitted,F8.json,2137BF64B9BD210176B58075DBDB58E7C8A5669F9EFAD61410510A01D32D0BC0,a04446e57ec1fbc252a871afcec7752fb2807b14,algebra.tex,algebra-lemma-irreducible,00ES,split,reviewed_existing,component,Items 2 and 3 match part i,D000016,
S000021,ega:I.1.1.14,unique generic point,french_admitted,F8.json,2137BF64B9BD210176B58075DBDB58E7C8A5669F9EFAD61410510A01D32D0BC0,a04446e57ec1fbc252a871afcec7752fb2807b14,schemes.tex,schemes-lemma-scheme-sober,01IS,split,reviewed_existing,component,The scheme-wide sobriety lemma gives part ii for affine schemes,D000016,The adjacent prose after 00ES also proves the affine case
S000022,ega:I.1.1.15,whole proposition,french_admitted,F8.json,2137BF64B9BD210176B58075DBDB58E7C8A5669F9EFAD61410510A01D32D0BC0,LOCAL_WORKTREE,algebra.tex,algebra-lemma-open-containing-vanishing-jacobson-radical,,equivalent,integrated_local,full_statement,New cited lemma states exactly that an open containing V(I) is all of Spec(R),D000015,No official tag is assigned and upstream acceptance is not claimed
S000023,ega:I.1.2.1,prime inverse image,french_admitted,F8.json,2137BF64B9BD210176B58075DBDB58E7C8A5669F9EFAD61410510A01D32D0BC0,a04446e57ec1fbc252a871afcec7752fb2807b14,algebra.tex,algebra-item-inverse-image-prime,00BV,split,reviewed_existing,component,Inverse image under a ring map preserves primality,D000018,
S000024,ega:I.1.2.1,associated spectrum map,french_admitted,F8.json,2137BF64B9BD210176B58075DBDB58E7C8A5669F9EFAD61410510A01D32D0BC0,a04446e57ec1fbc252a871afcec7752fb2807b14,algebra.tex,algebra-lemma-spec-functorial,00E2,split,reviewed_existing,component,Stacks defines the same contraction map on spectra,D000018,
S000025,ega:I.1.2.1,residue-field map and evaluation naturality,french_admitted,F8.json,2137BF64B9BD210176B58075DBDB58E7C8A5669F9EFAD61410510A01D32D0BC0,a04446e57ec1fbc252a871afcec7752fb2807b14,algebra.tex,algebra-section-local-rings,07BH,split,reviewed_existing,covered_unlabelled,The section constructs the induced residue-field map while quotient embedding and evaluation compatibility remain implicit,D000018,Do not invent a theorem tag for section prose
S000026,ega:I.1.2.2,clause i V-preimage,french_admitted,F8.json,2137BF64B9BD210176B58075DBDB58E7C8A5669F9EFAD61410510A01D32D0BC0,a04446e57ec1fbc252a871afcec7752fb2807b14,algebra.tex,algebra-definition-spectrum-ring,00DZ,split,reviewed_existing,covered_derived,The arbitrary-subset formula follows from the definition of V and contraction,D000018,No standalone tagged formula
S000027,ega:I.1.2.2,clause i D-preimage,french_admitted,F8.json,2137BF64B9BD210176B58075DBDB58E7C8A5669F9EFAD61410510A01D32D0BC0,a04446e57ec1fbc252a871afcec7752fb2807b14,algebra.tex,algebra-lemma-spec-functorial,00E2,split,reviewed_existing,component,The standard-open inverse-image identity is stated exactly,D000018,
S000028,ega:I.1.2.2,clause ii quotient realization,french_admitted,F8.json,2137BF64B9BD210176B58075DBDB58E7C8A5669F9EFAD61410510A01D32D0BC0,a04446e57ec1fbc252a871afcec7752fb2807b14,algebra.tex,algebra-lemma-spec-closed,00E5,split,reviewed_existing,component,V(a) is canonically Spec(A/a),D000018,
S000029,ega:I.1.2.2,clause ii closure of image,french_admitted,F8.json,2137BF64B9BD210176B58075DBDB58E7C8A5669F9EFAD61410510A01D32D0BC0,a04446e57ec1fbc252a871afcec7752fb2807b14,algebra.tex,algebra-lemma-image-dense-generic-points,00FL,split,reviewed_existing,covered_unlabelled,The proof explicitly computes closure of Spec(S) as V(Ker(R to S)); apply it to A' mapping to A/a,D000018,Exact closure identity is proof prose rather than the displayed lemma statement
S000030,ega:I.1.2.3,whole corollary,french_admitted,F8.json,2137BF64B9BD210176B58075DBDB58E7C8A5669F9EFAD61410510A01D32D0BC0,a04446e57ec1fbc252a871afcec7752fb2807b14,algebra.tex,algebra-lemma-spec-functorial,00E2,merged,reviewed_existing,full_statement,The first assertion is exactly continuity and the same lemma merges the standard-open formula,D000018,
S000031,ega:I.1.2.4,whole corollary,french_admitted,F8.json,2137BF64B9BD210176B58075DBDB58E7C8A5669F9EFAD61410510A01D32D0BC0,LOCAL_WORKTREE,algebra.tex,algebra-lemma-spec-homeomorphism-onto-image-units,,equivalent,integrated_local,full_statement,The new cited lemma states exactly the general unit-times-image embedding criterion,D000019,No official tag is assigned and upstream acceptance is not claimed
S000032,ega:I.1.2.5,whole mathematical assertion,french_admitted,F8.json,2137BF64B9BD210176B58075DBDB58E7C8A5669F9EFAD61410510A01D32D0BC0,a04446e57ec1fbc252a871afcec7752fb2807b14,algebra.tex,algebra-lemma-spec-closed,00E5,equivalent,reviewed_existing,full_statement,Both identify Spec(A/a) canonically with V(a),D000018,Printed cross-reference correction is tracked separately
S000033,ega:I.1.2.6,whole corollary,french_admitted,F8.json,2137BF64B9BD210176B58075DBDB58E7C8A5669F9EFAD61410510A01D32D0BC0,a04446e57ec1fbc252a871afcec7752fb2807b14,algebra.tex,algebra-lemma-spec-localization,00E3,equivalent,reviewed_existing,full_statement,Both give the canonical homeomorphism and explicit prime correspondence for S inverse A,D000018,
S000034,ega:I.1.2.7,whole corollary,french_admitted,F8.json,2137BF64B9BD210176B58075DBDB58E7C8A5669F9EFAD61410510A01D32D0BC0,a04446e57ec1fbc252a871afcec7752fb2807b14,algebra.tex,algebra-lemma-image-dense-generic-points,00FL,entailed_by_stronger,reviewed_existing,full_statement,Items 1 and 3 give the exact density criterion and item 2 adds the minimal-prime characterization,D000018,Printed proof-symbol correction is tracked separately
S000035,ega:I.1.3.2,radical V and D equivalences,french_admitted,F8.json,2137BF64B9BD210176B58075DBDB58E7C8A5669F9EFAD61410510A01D32D0BC0,a04446e57ec1fbc252a871afcec7752fb2807b14,algebra.tex,algebra-lemma-Zariski-topology,00E0,split,reviewed_existing,component,The radical and vanishing-set identities give clauses c through f,D000021,
S000036,ega:I.1.3.2,saturation and standard-open inclusion,french_admitted,F8.json,2137BF64B9BD210176B58075DBDB58E7C8A5669F9EFAD61410510A01D32D0BC0,a04446e57ec1fbc252a871afcec7752fb2807b14,schemes.tex,schemes-lemma-standard-open,01HS,split,reviewed_existing,covered_derived,After swapping f and g the divisibility assertion gives the open-inclusion criterion and canonical localization maps,D000021,Stacks does not use the saturated-set notation
S000037,ega:I.1.3.3,canonical restriction maps and transitivity,french_admitted,F8.json,2137BF64B9BD210176B58075DBDB58E7C8A5669F9EFAD61410510A01D32D0BC0,a04446e57ec1fbc252a871afcec7752fb2807b14,schemes.tex,schemes-lemma-standard-open,01HS,split,reviewed_existing,covered_unlabelled,The lemma gives the maps and surrounding presheaf prose supplies mutual inverses and coherence,D000021,The numbered composition formula is implicit
S000038,ega:I.1.3.4,structure and associated-sheaf definitions,french_admitted,F8.json,2137BF64B9BD210176B58075DBDB58E7C8A5669F9EFAD61410510A01D32D0BC0,a04446e57ec1fbc252a871afcec7752fb2807b14,schemes.tex,schemes-definition-structure-sheaf,01HU,split,reviewed_existing,component,Both define the structure sheaf and the sheaf associated to a module from standard opens,D000021,
S000039,ega:I.1.3.4,stalk sections and germ compatibility,french_admitted,F8.json,2137BF64B9BD210176B58075DBDB58E7C8A5669F9EFAD61410510A01D32D0BC0,a04446e57ec1fbc252a871afcec7752fb2807b14,schemes.tex,schemes-lemma-spec-sheaves,01HV,split,reviewed_existing,covered_derived,Items 3 through 7 and functoriality identify standard-open sections stalks and the canonical germ map,D000021,Theta and rho notation is not retained
S000040,ega:I.1.3.5,exact associated-sheaf functor,french_admitted,F8.json,2137BF64B9BD210176B58075DBDB58E7C8A5669F9EFAD61410510A01D32D0BC0,a04446e57ec1fbc252a871afcec7752fb2807b14,schemes.tex,schemes-lemma-spec-sheaves,01HV,merged,reviewed_existing,full_statement,The final assertion states exactly that M mapping to tilde M is an exact functor while the lemma also collects section and stalk formulas,D000021,
S000041,ega:I.1.3.6,standard open as localized spectrum,french_admitted,F8.json,2137BF64B9BD210176B58075DBDB58E7C8A5669F9EFAD61410510A01D32D0BC0,a04446e57ec1fbc252a871afcec7752fb2807b14,algebra.tex,algebra-lemma-standard-open,00E4,split,reviewed_existing,component,Both canonically identify D(f) with Spec(A_f),D000021,
S000042,ega:I.1.3.6,restriction of associated sheaf,french_admitted,F8.json,2137BF64B9BD210176B58075DBDB58E7C8A5669F9EFAD61410510A01D32D0BC0,a04446e57ec1fbc252a871afcec7752fb2807b14,schemes.tex,schemes-lemma-widetilde-pullback,01I9,split,reviewed_existing,covered_unlabelled,The pullback lemma specializes to tilde(M_f) on D(f) and the following prose states this restriction explicitly,D000021,
S000043,ega:I.1.3.7,sections on standard opens,french_admitted,F8.json,2137BF64B9BD210176B58075DBDB58E7C8A5669F9EFAD61410510A01D32D0BC0,a04446e57ec1fbc252a871afcec7752fb2807b14,schemes.tex,schemes-lemma-spec-sheaves,01HV,merged,reviewed_existing,full_statement,Items 2 and 4 are exactly Gamma(X tilde M)=M and Gamma(D(f) tilde M)=M_f,D000021,Stacks packages the sheaf proof into its construction
S000044,ega:I.1.3.8,Hom bijection,french_admitted,F8.json,2137BF64B9BD210176B58075DBDB58E7C8A5669F9EFAD61410510A01D32D0BC0,a04446e57ec1fbc252a871afcec7752fb2807b14,schemes.tex,schemes-lemma-compare-constructions,01I7,entailed_by_stronger,reviewed_existing,component,The universal mapping property for arbitrary sheaves specializes to full faithfulness on associated sheaves,D000021,
S000045,ega:I.1.3.8,zero-module detection,french_admitted,F8.json,2137BF64B9BD210176B58075DBDB58E7C8A5669F9EFAD61410510A01D32D0BC0,a04446e57ec1fbc252a871afcec7752fb2807b14,schemes.tex,schemes-lemma-spec-sheaves,01HV,split,reviewed_existing,component,Global sections recover M and hence tilde M is zero exactly when M is zero,D000021,
S000046,ega:I.1.3.9,kernels images cokernels and mono-epi detection,french_admitted,F8.json,2137BF64B9BD210176B58075DBDB58E7C8A5669F9EFAD61410510A01D32D0BC0,a04446e57ec1fbc252a871afcec7752fb2807b14,schemes.tex,schemes-lemma-kernel-cokernel-quasi-coherent,01IC,split,reviewed_existing,covered_derived,The proof identifies kernels and cokernels under the affine equivalence; images and mono-epi criteria follow by exactness,D000021,
S000047,ega:I.1.3.9,colimits and direct sums,french_admitted,F8.json,2137BF64B9BD210176B58075DBDB58E7C8A5669F9EFAD61410510A01D32D0BC0,a04446e57ec1fbc252a871afcec7752fb2807b14,schemes.tex,schemes-lemma-colimit-quasi-coherent,01ID,split,reviewed_existing,component,The statement and proof identify arbitrary direct sums and colimits with associated sheaves of the corresponding module constructions,D000021,
S000048,ega:I.1.3.10,submodule sums intersections and equality detection,french_admitted,F8.json,2137BF64B9BD210176B58075DBDB58E7C8A5669F9EFAD61410510A01D32D0BC0,a04446e57ec1fbc252a871afcec7752fb2807b14,schemes.tex,schemes-lemma-kernel-cokernel-quasi-coherent,01IC,partial,reviewed_existing,covered_derived,Sums are images and intersections are kernels under the exact fully faithful affine correspondence,D000021,No standalone lattice-identity tag
S000049,ega:I.1.3.11,exact global sections on associated sheaves,french_admitted,F8.json,2137BF64B9BD210176B58075DBDB58E7C8A5669F9EFAD61410510A01D32D0BC0,a04446e57ec1fbc252a871afcec7752fb2807b14,schemes.tex,schemes-lemma-equivalence-quasi-coherent,01IB,entailed_by_stronger,reviewed_existing,full_statement,The quasi-inverse affine equivalence makes global sections exact on the source category and on all quasi-coherent modules,D000021,
S000050,ega:I.1.3.12,tensor and internal Hom constructions,french_admitted,F8.json,2137BF64B9BD210176B58075DBDB58E7C8A5669F9EFAD61410510A01D32D0BC0,a04446e57ec1fbc252a871afcec7752fb2807b14,schemes.tex,schemes-lemma-widetilde-constructions,01I8,equivalent,reviewed_existing,full_statement,Items 1 and 3 give exactly both source assertions with the same finite-presentation hypothesis,D000021,
S000051,ega:I.1.3.13,algebra structures and algebra morphisms,french_admitted,F8.json,2137BF64B9BD210176B58075DBDB58E7C8A5669F9EFAD61410510A01D32D0BC0,a04446e57ec1fbc252a871afcec7752fb2807b14,morphisms.tex,morphisms-lemma-affine-equivalence-algebras,01SA,split,reviewed_existing,covered_derived,Specializing the anti-equivalence over Spec(A) identifies an A-algebra B with the quasi-coherent algebra tilde B,D000021,
S000052,ega:I.1.3.13,module structures and module morphisms,french_admitted,F8.json,2137BF64B9BD210176B58075DBDB58E7C8A5669F9EFAD61410510A01D32D0BC0,a04446e57ec1fbc252a871afcec7752fb2807b14,morphisms.tex,morphisms-lemma-affine-equivalence-modules,01SB,split,reviewed_existing,covered_derived,The affine equivalence identifies B-modules and their morphisms with quasi-coherent tilde B-modules,D000021,
S000053,ega:I.1.3.13,kernels images cokernels and ideals,french_admitted,F8.json,2137BF64B9BD210176B58075DBDB58E7C8A5669F9EFAD61410510A01D32D0BC0,a04446e57ec1fbc252a871afcec7752fb2807b14,schemes.tex,schemes-lemma-kernel-cokernel-quasi-coherent,01IC,split,reviewed_existing,covered_derived,Exactness under the affine equivalence transports kernels images cokernels and ideal submodules,D000021,
S000054,ega:I.1.3.13,finite-type module equivalence,french_admitted,F8.json,2137BF64B9BD210176B58075DBDB58E7C8A5669F9EFAD61410510A01D32D0BC0,a04446e57ec1fbc252a871afcec7752fb2807b14,properties.tex,properties-lemma-finite-type-module,01PB,split,reviewed_existing,covered_derived,Apply the affine-module equivalence and the finite-type criterion on Spec(B),D000021,
S000055,ega:I.1.3.13,tensor Hom ideal products and gradings,french_admitted,F8.json,2137BF64B9BD210176B58075DBDB58E7C8A5669F9EFAD61410510A01D32D0BC0,a04446e57ec1fbc252a871afcec7752fb2807b14,schemes.tex,schemes-lemma-widetilde-constructions,01I8,split,reviewed_existing,covered_derived,Tensor and internal Hom compatibility on Spec(B) plus exact colimits transports the remaining constructions,D000021,The grading and ideal-product clauses are consequences rather than displayed items
S000056,ega:I.1.3.14,subalgebra generated by a submodule,french_admitted,F8.json,2137BF64B9BD210176B58075DBDB58E7C8A5669F9EFAD61410510A01D32D0BC0,a04446e57ec1fbc252a871afcec7752fb2807b14,schemes.tex,schemes-lemma-widetilde-constructions,01I8,partial,reviewed_existing,covered_derived,Express the generated subalgebra as the sum of images of tensor powers and use tensor compatibility exact images and colimits,D000021,No standalone generated-subalgebra tag
S000057,ega:I.1.4.1,full four-way quasi-coherent characterization,french_admitted,F8.json,2137BF64B9BD210176B58075DBDB58E7C8A5669F9EFAD61410510A01D32D0BC0,LOCAL_WORKTREE,properties.tex,properties-lemma-characterize-quasi-coherent-quasi-affine,,equivalent,integrated_local,full_statement,The local lemma states the equivalent global-module finite-standard-cover quasi-coherent and localization-map conditions and canonically chooses global sections,D000024,Local consolidation only; no official tag or upstream-acceptance claim
S000058,ega:I.1.4.1,quasi-coherent to canonical global-module realization,french_admitted,F8.json,2137BF64B9BD210176B58075DBDB58E7C8A5669F9EFAD61410510A01D32D0BC0,a04446e57ec1fbc252a871afcec7752fb2807b14,properties.tex,properties-lemma-quasi-coherent-quasi-affine,0EHM,split,reviewed_existing,component,The canonical isomorphism with the sheaf from global sections is the stronger constructive form of conditions a and c,D000023,
S000059,ega:I.1.4.1,denominator extension and annihilation conditions,french_admitted,F8.json,2137BF64B9BD210176B58075DBDB58E7C8A5669F9EFAD61410510A01D32D0BC0,a04446e57ec1fbc252a871afcec7752fb2807b14,properties.tex,properties-lemma-invert-f-sections,01P7,split,reviewed_existing,component,The localization isomorphism gives d1 by surjectivity and d2 by the kernel criterion for every ambient standard open contained in V,D000023,The target works for every global function on a qcqs scheme
S000060,ega:I.1.4.2,extension of a quasi-coherent sheaf from a quasi-compact open,french_admitted,F8.json,2137BF64B9BD210176B58075DBDB58E7C8A5669F9EFAD61410510A01D32D0BC0,a04446e57ec1fbc252a871afcec7752fb2807b14,properties.tex,properties-lemma-extend-trivial,01PE,entailed_by_stronger,reviewed_existing,full_statement,Item 1 proves extension across every quasi-compact open immersion without requiring the ambient scheme to be affine,D000023,0EHM supplies a second affine-specific canonical construction
S000061,ega:I.1.4.3,quasi-coherent algebra as an associated affine algebra,french_admitted,F8.json,2137BF64B9BD210176B58075DBDB58E7C8A5669F9EFAD61410510A01D32D0BC0,a04446e57ec1fbc252a871afcec7752fb2807b14,morphisms.tex,morphisms-lemma-affine-equivalence-algebras,01SA,split,reviewed_existing,covered_derived,Specializing the anti-equivalence over Spec(A) and using the affine module equivalence yields the algebra tilde B,D000023,01IB and tensor compatibility 01I8 are proof dependencies
S000062,ega:I.1.4.3,quasi-coherent module over an associated algebra,french_admitted,F8.json,2137BF64B9BD210176B58075DBDB58E7C8A5669F9EFAD61410510A01D32D0BC0,a04446e57ec1fbc252a871afcec7752fb2807b14,morphisms.tex,morphisms-lemma-affine-equivalence-modules,01SB,split,reviewed_existing,covered_derived,Specializing the affine-module equivalence and then the affine QC equivalence gives a B-module N whose associated module is the source sheaf,D000023,Scalar restriction 0H88 supplies the source proof step
S000063,ega:I.1.5.1,coherence versus finite type quasi-coherence,french_admitted,F8.json,2137BF64B9BD210176B58075DBDB58E7C8A5669F9EFAD61410510A01D32D0BC0,a04446e57ec1fbc252a871afcec7752fb2807b14,coherent.tex,coherent-lemma-coherent-Noetherian,01XZ,split,reviewed_existing,component,Items 1 and 2 give exactly conditions a and b on the locally Noetherian open V,D000027,The target is more general but does not contain the ambient finite A-module clause
S000064,ega:I.1.5.1,canonical ambient module realization,french_admitted,F8.json,2137BF64B9BD210176B58075DBDB58E7C8A5669F9EFAD61410510A01D32D0BC0,a04446e57ec1fbc252a871afcec7752fb2807b14,properties.tex,properties-lemma-quasi-coherent-quasi-affine,0EHM,split,reviewed_existing,component,The canonical isomorphism realizes the quasi-coherent sheaf as the restriction of the sheaf from its A-module of global sections,D000028,Finite generation requires the following refinement edges
S000065,ega:I.1.5.1,finite type subextension from V to Spec A,french_admitted,F8.json,2137BF64B9BD210176B58075DBDB58E7C8A5669F9EFAD61410510A01D32D0BC0,a04446e57ec1fbc252a871afcec7752fb2807b14,properties.tex,properties-lemma-extend,01PF,split,reviewed_existing,component,Applied to the finite type restriction inside the canonical ambient sheaf this produces a finite type quasi-coherent extension on Spec A,D000028,V is quasi-compact because X is Noetherian
S000066,ega:I.1.5.1,affine quasi-coherent sheaf as an associated module,french_admitted,F8.json,2137BF64B9BD210176B58075DBDB58E7C8A5669F9EFAD61410510A01D32D0BC0,a04446e57ec1fbc252a871afcec7752fb2807b14,schemes.tex,schemes-lemma-quasi-coherent-affine,01IA,split,reviewed_existing,component,The finite type extension on affine Spec A is isomorphic to the sheaf associated to its A-module of global sections,D000028,
S000067,ega:I.1.5.1,finiteness of the ambient A-module,french_admitted,F8.json,2137BF64B9BD210176B58075DBDB58E7C8A5669F9EFAD61410510A01D32D0BC0,a04446e57ec1fbc252a871afcec7752fb2807b14,properties.tex,properties-lemma-finite-type-module,01PB,split,reviewed_existing,component,Finite type of the affine associated sheaf is equivalent to finite generation of its A-module,D000028,Together with 01XZ this also proves condition c implies condition a
S000068,ega:I.1.5.2,coherence of the structure sheaf,french_admitted,F8.json,2137BF64B9BD210176B58075DBDB58E7C8A5669F9EFAD61410510A01D32D0BC0,a04446e57ec1fbc252a871afcec7752fb2807b14,coherent.tex,coherent-lemma-coherent-Noetherian,01XZ,entailed_by_stronger,reviewed_existing,full_statement,The lemma explicitly states that the structure sheaf of every locally Noetherian scheme is coherent,D000027,EGA assumes the special affine Noetherian case
S000069,ega:I.1.5.3,quasi-coherent extension across the open immersion,french_admitted,F8.json,2137BF64B9BD210176B58075DBDB58E7C8A5669F9EFAD61410510A01D32D0BC0,a04446e57ec1fbc252a871afcec7752fb2807b14,properties.tex,properties-lemma-extend-trivial,01PE,split,reviewed_existing,component,Item 1 extends the coherent sheaf as a quasi-coherent sheaf because every open of the Noetherian affine X is quasi-compact,D000028,This extension alone need not remain coherent
S000070,ega:I.1.5.3,finite type refinement of the extension,french_admitted,F8.json,2137BF64B9BD210176B58075DBDB58E7C8A5669F9EFAD61410510A01D32D0BC0,a04446e57ec1fbc252a871afcec7752fb2807b14,properties.tex,properties-lemma-extend,01PF,split,reviewed_existing,component,Refining the quasi-coherent extension by the finite type sheaf on the open produces a finite type quasi-coherent extension on X,D000028,
S000071,ega:I.1.5.3,coherence of the finite type extension,french_admitted,F8.json,2137BF64B9BD210176B58075DBDB58E7C8A5669F9EFAD61410510A01D32D0BC0,a04446e57ec1fbc252a871afcec7752fb2807b14,coherent.tex,coherent-lemma-coherent-Noetherian,01XZ,split,reviewed_existing,component,On the locally Noetherian ambient scheme the finite type quasi-coherent extension is coherent,D000028,0FD0 extends morphisms between existing coherent sheaves and is not the source statement
S000072,ega:I.1.5.4,filtered colimit of coherent submodules,french_admitted,F8.json,2137BF64B9BD210176B58075DBDB58E7C8A5669F9EFAD61410510A01D32D0BC0,a04446e57ec1fbc252a871afcec7752fb2807b14,coherent.tex,coherent-lemma-directed-colimit-coherent,0GN6,equivalent,reviewed_existing,full_statement,The statement is exactly the source corollary for the Noetherian scheme X,D000027,01PG is the finite type quasi-coherent formulation used in its proof
S000073,ega:I.1.6.1,canonical morphism from the spectrum ring map,french_admitted,F8.json,2137BF64B9BD210176B58075DBDB58E7C8A5669F9EFAD61410510A01D32D0BC0,a04446e57ec1fbc252a871afcec7752fb2807b14,schemes.tex,schemes-lemma-morphism-into-affine,01I1,entailed_by_stronger,reviewed_existing,full_statement,The universal morphism into an affine constructs the same point map standard-open sheaf map and locally ringed-space morphism,D000031,EGA states the special case arising from a specified ring homomorphism
S000074,ega:I.1.6.1,underlying spectrum map and inverse images of standard opens,french_admitted,F8.json,2137BF64B9BD210176B58075DBDB58E7C8A5669F9EFAD61410510A01D32D0BC0,a04446e57ec1fbc252a871afcec7752fb2807b14,algebra.tex,algebra-lemma-spec-functorial,00E2,split,reviewed_existing,component,The target gives the prime inverse-image map its continuity and the formula Spec(phi)^-1 D(f)=D(phi(f)),D000031,
S000075,ega:I.1.6.1,formula for the image of a point,french_admitted,F8.json,2137BF64B9BD210176B58075DBDB58E7C8A5669F9EFAD61410510A01D32D0BC0,a04446e57ec1fbc252a871afcec7752fb2807b14,schemes.tex,schemes-lemma-morphism-into-affine-where-point-goes,01HY,split,reviewed_existing,component,The image point is explicitly the prime ideal obtained by inverse image under the induced map on global sections,D000031,
S000076,ega:I.1.6.1,standard-open sections and local-ring formula,french_admitted,F8.json,2137BF64B9BD210176B58075DBDB58E7C8A5669F9EFAD61410510A01D32D0BC0,a04446e57ec1fbc252a871afcec7752fb2807b14,schemes.tex,schemes-lemma-spec-sheaves,01HV,split,reviewed_existing,component,Standard-open sections and stalks identify the constructed maps with the displayed localization homomorphisms,D000031,The basis-gluing mechanism is contained in the proof of 01I1
S000077,ega:I.1.6.2,topological image of an arbitrary localization,french_admitted,F8.json,2137BF64B9BD210176B58075DBDB58E7C8A5669F9EFAD61410510A01D32D0BC0,a04446e57ec1fbc252a871afcec7752fb2807b14,algebra.tex,algebra-lemma-spec-localization,00E3,split,reviewed_existing,component,The target gives the exact homeomorphism onto primes disjoint from the multiplicative set,D000031,The image need not be open when the multiplicative set is infinite
S000078,ega:I.1.6.2,isomorphism on corresponding local rings,french_admitted,F8.json,2137BF64B9BD210176B58075DBDB58E7C8A5669F9EFAD61410510A01D32D0BC0,a04446e57ec1fbc252a871afcec7752fb2807b14,algebra.tex,algebra-proposition-localize-twice,02C6,split,reviewed_existing,component,After the stalk identifications the local-ring map is the canonical isomorphism obtained by localizing twice,D000031,
S000079,ega:I.1.6.2,stalks of the induced sheaf on the localization image,french_admitted,F8.json,2137BF64B9BD210176B58075DBDB58E7C8A5669F9EFAD61410510A01D32D0BC0,a04446e57ec1fbc252a871afcec7752fb2807b14,sheaves.tex,sheaves-lemma-stalk-pullback,008H,split,reviewed_existing,component,Restriction to the identified subspace has the same stalks and the localization maps are isomorphisms there,D000031,
S000080,ega:I.1.6.2,stalkwise criterion for the induced-sheaf isomorphism,french_admitted,F8.json,2137BF64B9BD210176B58075DBDB58E7C8A5669F9EFAD61410510A01D32D0BC0,a04446e57ec1fbc252a871afcec7752fb2807b14,sheaves.tex,sheaves-lemma-characterize-epi-mono,0H7H,split,reviewed_existing,component,The stalkwise bijections identify the localized structure sheaf with the sheaf induced from the source spectrum,D000031,
S000081,ega:I.1.6.3,restriction of scalars and affine direct image,french_admitted,F8.json,2137BF64B9BD210176B58075DBDB58E7C8A5669F9EFAD61410510A01D32D0BC0,a04446e57ec1fbc252a871afcec7752fb2807b14,schemes.tex,schemes-lemma-widetilde-pullback,01I9,equivalent,reviewed_existing,component,Item 2 is the canonical functorial isomorphism between the associated restricted module and affine direct image,D000031,Algebra and module-structure refinements are proof-level compatibilities
S000082,ega:I.1.6.4,exactness of affine direct image on quasi-coherent modules,french_admitted,F8.json,2137BF64B9BD210176B58075DBDB58E7C8A5669F9EFAD61410510A01D32D0BC0,a04446e57ec1fbc252a871afcec7752fb2807b14,morphisms.tex,morphisms-lemma-affine-equivalence-modules,01SB,entailed_by_stronger,reviewed_existing,full_statement,For every affine morphism direct image is part of an equivalence of module categories and hence exact,D000031,Every morphism between affine schemes is affine by 01SH
S000083,ega:I.1.6.5,affine pullback as tensor base change,french_admitted,F8.json,2137BF64B9BD210176B58075DBDB58E7C8A5669F9EFAD61410510A01D32D0BC0,a04446e57ec1fbc252a871afcec7752fb2807b14,schemes.tex,schemes-lemma-widetilde-pullback,01I9,merged,reviewed_existing,full_statement,Item 1 is exactly the canonical functorial pullback isomorphism while the same tag bundles the neighboring direct-image formula,D000031,
S000084,ega:I.1.6.5.1,stalk formula for pullback of modules,french_admitted,F8.json,2137BF64B9BD210176B58075DBDB58E7C8A5669F9EFAD61410510A01D32D0BC0,a04446e57ec1fbc252a871afcec7752fb2807b14,sheaves.tex,sheaves-lemma-stalk-pullback-modules,0098,split,reviewed_existing,component,The general pullback-stalk formula supplies the tensor product over the source local ring,D000032,
S000085,ega:I.1.6.5.1,identification of pulled-back affine modules,french_admitted,F8.json,2137BF64B9BD210176B58075DBDB58E7C8A5669F9EFAD61410510A01D32D0BC0,a04446e57ec1fbc252a871afcec7752fb2807b14,schemes.tex,schemes-lemma-widetilde-pullback,01I9,split,reviewed_existing,component,The affine pullback is the associated sheaf of the tensor-base-changed module,D000032,
S000086,ega:I.1.6.5.1,local-ring and associated-module stalk identifications,french_admitted,F8.json,2137BF64B9BD210176B58075DBDB58E7C8A5669F9EFAD61410510A01D32D0BC0,a04446e57ec1fbc252a871afcec7752fb2807b14,schemes.tex,schemes-lemma-spec-sheaves,01HV,split,reviewed_existing,component,Items 6 and 7 identify both local rings and both associated-sheaf stalks in the displayed algebraic formula,D000032,
S000087,ega:I.1.6.6,generation by canonical pulled-back global sections,french_admitted,F8.json,2137BF64B9BD210176B58075DBDB58E7C8A5669F9EFAD61410510A01D32D0BC0,a04446e57ec1fbc252a871afcec7752fb2807b14,schemes.tex,schemes-lemma-widetilde-pullback,01I9,entailed_by_stronger,reviewed_existing,full_statement,The stronger affine pullback isomorphism identifies the global module with N prime tensor A and its canonical sections with z prime tensor 1,D000032,
S000088,ega:I.1.6.6,global sections of associated modules on an affine scheme,french_admitted,F8.json,2137BF64B9BD210176B58075DBDB58E7C8A5669F9EFAD61410510A01D32D0BC0,a04446e57ec1fbc252a871afcec7752fb2807b14,schemes.tex,schemes-lemma-spec-sheaves,01HV,split,reviewed_existing,component,Global sections identify the two sheaves with their modules and reduce generation to elementary tensors,D000032,
S000089,ega:I.1.6.7,sheaf pullback-direct-image adjunction,french_admitted,F8.json,2137BF64B9BD210176B58075DBDB58E7C8A5669F9EFAD61410510A01D32D0BC0,a04446e57ec1fbc252a871afcec7752fb2807b14,sheaves.tex,sheaves-lemma-adjoint-pullback-pushforward-modules,0096,split,reviewed_existing,component,The general adjunction supplies the unit counit and transpose whose affine formulas the source identifies,D000032,
S000090,ega:I.1.6.7,module base-change restriction adjunction formulas,french_admitted,F8.json,2137BF64B9BD210176B58075DBDB58E7C8A5669F9EFAD61410510A01D32D0BC0,a04446e57ec1fbc252a871afcec7752fb2807b14,algebra.tex,algebra-lemma-adjoint-tensor-restrict,05DQ,split,reviewed_existing,component,The proof explicitly gives z prime maps to z prime tensor 1 and z tensor a maps to a z,D000032,
S000091,ega:I.1.6.7,translation of affine adjunction maps to associated sheaves,french_admitted,F8.json,2137BF64B9BD210176B58075DBDB58E7C8A5669F9EFAD61410510A01D32D0BC0,a04446e57ec1fbc252a871afcec7752fb2807b14,schemes.tex,schemes-lemma-widetilde-pullback,01I9,split,reviewed_existing,component,The affine pullback and pushforward identifications transport the algebraic unit counit and adjoint map to the displayed sheaf morphisms,D000032,
S000092,ega:I.1.6.8,associated-sheaf description of affine internal Hom,french_admitted,F8.json,2137BF64B9BD210176B58075DBDB58E7C8A5669F9EFAD61410510A01D32D0BC0,a04446e57ec1fbc252a871afcec7752fb2807b14,schemes.tex,schemes-lemma-widetilde-constructions,01I8,split,reviewed_existing,component,For a finitely presented first module internal Hom is the associated sheaf of module Hom on each affine spectrum,D000033,
S000093,ega:I.1.6.8,pullback of the two associated affine modules,french_admitted,F8.json,2137BF64B9BD210176B58075DBDB58E7C8A5669F9EFAD61410510A01D32D0BC0,a04446e57ec1fbc252a871afcec7752fb2807b14,schemes.tex,schemes-lemma-widetilde-pullback,01I9,split,reviewed_existing,component,Affine pullback turns the source Hom module and both argument modules into their tensor-base-changed associated sheaves,D000033,The source identifies the canonical map only and asserts no isomorphism
S000094,ega:I.1.6.9,tensor presentation of the ideal action,french_admitted,F8.json,2137BF64B9BD210176B58075DBDB58E7C8A5669F9EFAD61410510A01D32D0BC0,a04446e57ec1fbc252a871afcec7752fb2807b14,schemes.tex,schemes-lemma-widetilde-constructions,01I8,split,reviewed_existing,component,Tensor compatibility identifies the source of the multiplication map with the sheaf associated to the tensor product,D000032,
S000095,ega:I.1.6.9,pullback of the ideal and quotient modules,french_admitted,F8.json,2137BF64B9BD210176B58075DBDB58E7C8A5669F9EFAD61410510A01D32D0BC0,a04446e57ec1fbc252a871afcec7752fb2807b14,schemes.tex,schemes-lemma-widetilde-pullback,01I9,split,reviewed_existing,component,Affine pullback identifies the ideal and quotient sheaves with the corresponding tensor-base-changed modules,D000032,
S000096,ega:I.1.6.9,images and quotients under the affine associated-sheaf functor,french_admitted,F8.json,2137BF64B9BD210176B58075DBDB58E7C8A5669F9EFAD61410510A01D32D0BC0,a04446e57ec1fbc252a871afcec7752fb2807b14,schemes.tex,schemes-lemma-spec-sheaves,01HV,split,reviewed_existing,component,Exactness of the associated-sheaf functor carries multiplication images and quotient cokernels to the stated sheaves,D000032,
S000097,ega:I.1.6.9,right exactness of pullback,french_admitted,F8.json,2137BF64B9BD210176B58075DBDB58E7C8A5669F9EFAD61410510A01D32D0BC0,a04446e57ec1fbc252a871afcec7752fb2807b14,modules.tex,modules-lemma-exactness-pushforward-pullback,01AJ,split,reviewed_existing,component,Right exactness carries the quotient sequence to the canonical A modulo J prime A identification,D000032,
S000098,ega:I.1.6.10,contravariant functoriality of affine schemes,french_admitted,F8.json,2137BF64B9BD210176B58075DBDB58E7C8A5669F9EFAD61410510A01D32D0BC0,a04446e57ec1fbc252a871afcec7752fb2807b14,schemes.tex,schemes-lemma-category-affine-schemes,01I2,entailed_by_stronger,reviewed_existing,full_statement,The equivalence with opposite rings contains identity and composition compatibility for the full affine-scheme morphisms,D000032,EGA states the construction as a functor to ringed spaces
S000099,ega:I.1.6.10,composition of the underlying spectrum maps,french_admitted,F8.json,2137BF64B9BD210176B58075DBDB58E7C8A5669F9EFAD61410510A01D32D0BC0,a04446e57ec1fbc252a871afcec7752fb2807b14,algebra.tex,algebra-lemma-spec-functorial,00E2,split,reviewed_existing,component,The adjacent functoriality clause gives the exact contravariant composition formula on prime spectra,D000032,The structure-sheaf composition is supplied by 01I2
S000100,ega:I.1.7.1,definition of an affine scheme,french_admitted,F8.json,2137BF64B9BD210176B58075DBDB58E7C8A5669F9EFAD61410510A01D32D0BC0,a04446e57ec1fbc252a871afcec7752fb2807b14,schemes.tex,schemes-definition-affine-scheme,01HW,equivalent,reviewed_existing,full_statement,The modern definition is the same ringed-space spectrum definition with local-ringed-space structure made explicit,D000035,A ringed-space isomorphism between locally ringed spaces is automatically local
S000101,ega:I.1.7.1,global sections of the affine spectrum,french_admitted,F8.json,2137BF64B9BD210176B58075DBDB58E7C8A5669F9EFAD61410510A01D32D0BC0,a04446e57ec1fbc252a871afcec7752fb2807b14,schemes.tex,schemes-lemma-spec-sheaves,01HV,split,reviewed_existing,component,The canonical global-sections identification for the literal spectrum supplies the coordinate-ring clause,D000035,The notation A(X) is historical terminology
S000102,ega:I.1.7.2,construction and recovery of the ring homomorphism,french_admitted,F8.json,2137BF64B9BD210176B58075DBDB58E7C8A5669F9EFAD61410510A01D32D0BC0,a04446e57ec1fbc252a871afcec7752fb2807b14,schemes.tex,schemes-lemma-morphism-into-affine,01I1,entailed_by_stronger,reviewed_existing,full_statement,The target gives a bijection and explicit inverse for arbitrary locally ringed source X while EGA records construction and faithfulness for affine X,D000035,
S000103,ega:I.1.7.2,global-sections recovery formula,french_admitted,F8.json,2137BF64B9BD210176B58075DBDB58E7C8A5669F9EFAD61410510A01D32D0BC0,a04446e57ec1fbc252a871afcec7752fb2807b14,schemes.tex,schemes-lemma-spec-sheaves,01HV,split,reviewed_existing,component,Global sections of both affine structure sheaves identify the recovered morphism with the original ring map,D000035,
S000104,ega:I.1.7.3,local-stalk recognition condition,french_admitted,F8.json,2137BF64B9BD210176B58075DBDB58E7C8A5669F9EFAD61410510A01D32D0BC0,a04446e57ec1fbc252a871afcec7752fb2807b14,schemes.tex,schemes-definition-locally-ringed-space,01HB,split,reviewed_existing,component,A morphism of locally ringed spaces is exactly a ringed-space morphism whose maps on local rings are local,D000036,
S000105,ega:I.1.7.3,existence and uniqueness of the induced affine morphism,french_admitted,F8.json,2137BF64B9BD210176B58075DBDB58E7C8A5669F9EFAD61410510A01D32D0BC0,a04446e57ec1fbc252a871afcec7752fb2807b14,schemes.tex,schemes-lemma-morphism-into-affine,01I1,split,reviewed_existing,component,Once the local-stalk condition makes the given map a locally ringed morphism the bijection identifies it uniquely with the global ring homomorphism,D000036,The target is stronger in allowing any locally ringed source
S000106,ega:I.1.7.3,determination of the image point from local rings,french_admitted,F8.json,2137BF64B9BD210176B58075DBDB58E7C8A5669F9EFAD61410510A01D32D0BC0,a04446e57ec1fbc252a871afcec7752fb2807b14,schemes.tex,schemes-lemma-morphism-into-affine-where-point-goes,01HY,split,reviewed_existing,component,The inverse image of the maximal ideal under the global-to-local map determines exactly the image point used in the source proof,D000036,
S000107,ega:I.1.7.3:diagram:xymatrix:1,global-sections to local-rings commutative square,french_admitted,F8.json,2137BF64B9BD210176B58075DBDB58E7C8A5669F9EFAD61410510A01D32D0BC0,a04446e57ec1fbc252a871afcec7752fb2807b14,schemes.tex,schemes-lemma-morphism-into-affine-where-point-goes,01HY,split,reviewed_existing,covered_unlabelled,The proof of 01HY contains the same square relating global sections and both local rings,D000037,French label I.1.7.3.diagram-fr is bound to typed stable diagram ID ega:I.1.7.3:diagram:xymatrix:1
S000108,ega:I.1.7.4,canonical affine Hom-set bijection,french_admitted,F8.json,2137BF64B9BD210176B58075DBDB58E7C8A5669F9EFAD61410510A01D32D0BC0,a04446e57ec1fbc252a871afcec7752fb2807b14,schemes.tex,schemes-lemma-morphism-into-affine,01I1,entailed_by_stronger,reviewed_existing,component,The target states the same contravariant Hom bijection for an arbitrary locally ringed source and affine target,D000036,
S000109,ega:I.1.7.4,affine schemes as the opposite of rings,french_admitted,F8.json,2137BF64B9BD210176B58075DBDB58E7C8A5669F9EFAD61410510A01D32D0BC0,a04446e57ec1fbc252a871afcec7752fb2807b14,schemes.tex,schemes-lemma-category-affine-schemes,01I2,equivalent,reviewed_existing,full_statement,AffSch equivalent to Rings opposite is the same equivalence as Rings equivalent to AffSch opposite after taking opposites,D000036,The variance reversal is explicit and no duplicate orientation node is created
S000110,ega:I.1.7.5,surjective ring map gives a closed affine immersion,french_admitted,F8.json,2137BF64B9BD210176B58075DBDB58E7C8A5669F9EFAD61410510A01D32D0BC0,a04446e57ec1fbc252a871afcec7752fb2807b14,schemes.tex,schemes-example-closed-immersion-affines,01IG,entailed_by_stronger,reviewed_existing,full_statement,Writing A as B modulo the kernel gives a closed immersion of locally ringed spaces which is stronger than the claimed ringed-space monomorphism,D000036,
S000111,ega:I.1.7.5,injective-points and surjective-stalks monomorphism criterion,french_admitted,F8.json,2137BF64B9BD210176B58075DBDB58E7C8A5669F9EFAD61410510A01D32D0BC0,a04446e57ec1fbc252a871afcec7752fb2807b14,schemes.tex,schemes-lemma-injective-points-surjective-stalks,01L6,split,reviewed_existing,component,The target repeats the exact proof criterion in the category of schemes and its proof is category-generic for ringed-space test objects,D000036,
S000112,ega:I.1.7.5,closed image of a quotient spectrum,french_admitted,F8.json,2137BF64B9BD210176B58075DBDB58E7C8A5669F9EFAD61410510A01D32D0BC0,a04446e57ec1fbc252a871afcec7752fb2807b14,algebra.tex,algebra-lemma-spec-closed,00E5,split,reviewed_existing,component,The quotient-spectrum homeomorphism supplies the injective underlying map and exact closed image used by the source proof,D000036,
S000113,ega:I.2.1.1,restriction to the open subspace,french_admitted,F8.json,2137BF64B9BD210176B58075DBDB58E7C8A5669F9EFAD61410510A01D32D0BC0,a04446e57ec1fbc252a871afcec7752fb2807b14,sheaves.tex,sheaves-definition-restriction,00A1,split,reviewed_existing,component,Item 3 defines the ringed open subspace with exactly the restricted structure sheaf used by the source,D000040,
S000114,ega:I.2.1.1,affineness of the restricted ringed space,french_admitted,F8.json,2137BF64B9BD210176B58075DBDB58E7C8A5669F9EFAD61410510A01D32D0BC0,a04446e57ec1fbc252a871afcec7752fb2807b14,schemes.tex,schemes-definition-affine-scheme,01HW,split,reviewed_existing,component,The affine-scheme definition supplies the second half of the exact composite definition of an affine open,D000040,
S000115,ega:I.2.1.2,prescheme definition under modern terminology,french_admitted,F8.json,2137BF64B9BD210176B58075DBDB58E7C8A5669F9EFAD61410510A01D32D0BC0,a04446e57ec1fbc252a871afcec7752fb2807b14,schemes.tex,schemes-definition-scheme,01IJ,equivalent,reviewed_existing,full_statement,The target explicitly records that EGA prescheme is the modern unrestricted scheme and states the same local-affineness condition,D000041,Local affineness forces the stalks to be local so the locally-ringed wording adds no hypothesis
S000116,ega:I.2.1.3,affine opens form a topological basis,french_admitted,F8.json,2137BF64B9BD210176B58075DBDB58E7C8A5669F9EFAD61410510A01D32D0BC0,a04446e57ec1fbc252a871afcec7752fb2807b14,schemes.tex,schemes-lemma-basis-affine-opens,01IT,equivalent,reviewed_existing,full_statement,The target states exactly that the affine opens of a scheme form a basis,D000040,Its proof compresses the same standard-open argument used by EGA
S000117,ega:I.2.1.4,the underlying space is Kolmogorov,french_admitted,F8.json,2137BF64B9BD210176B58075DBDB58E7C8A5669F9EFAD61410510A01D32D0BC0,a04446e57ec1fbc252a871afcec7752fb2807b14,schemes.tex,schemes-lemma-scheme-sober,01IS,entailed_by_stronger,reviewed_existing,full_statement,Every scheme is sober and uniqueness of generic points forces distinct points to have distinct closures hence the Kolmogorov property,D000040,The target also absorbs the next source proposition
S000118,ega:I.2.1.4,Kolmogorov and sobriety terminology,french_admitted,F8.json,2137BF64B9BD210176B58075DBDB58E7C8A5669F9EFAD61410510A01D32D0BC0,a04446e57ec1fbc252a871afcec7752fb2807b14,topology.tex,topology-definition-generic-point,004X,split,reviewed_existing,component,The target gives the exact modern T0 definition and the quasi-sober and sober hierarchy used in the stronger proof,D000040,Kolmogorov does not mean Hausdorff or scheme-separated
S000119,ega:I.2.1.5,unique generic point of every irreducible closed subset,french_admitted,F8.json,2137BF64B9BD210176B58075DBDB58E7C8A5669F9EFAD61410510A01D32D0BC0,a04446e57ec1fbc252a871afcec7752fb2807b14,schemes.tex,schemes-lemma-scheme-sober,01IS,equivalent,reviewed_existing,full_statement,The target states exactly the existence and uniqueness assertion and identifies it with sobriety,D000040,The resulting point-to-closure bijection is the equivalent generic-point formulation
S000120,ega:I.2.1.5,generic point and sober-space definitions,french_admitted,F8.json,2137BF64B9BD210176B58075DBDB58E7C8A5669F9EFAD61410510A01D32D0BC0,a04446e57ec1fbc252a871afcec7752fb2807b14,topology.tex,topology-definition-generic-point,004X,split,reviewed_existing,component,The target defines generic points and sobriety exactly as used to express the source bijection,D000040,
S000121,ega:I.2.1.6,modern ring of rational functions,french_admitted,F8.json,2137BF64B9BD210176B58075DBDB58E7C8A5669F9EFAD61410510A01D32D0BC0,a04446e57ec1fbc252a871afcec7752fb2807b14,morphisms.tex,morphisms-definition-ring-of-rational-functions,01RU,split,reviewed_existing,component,The modern definition supplies the object whose irreducible specialization is the source generic stalk,D000042,The source separately uses historical notation for the ambient local ring along a closed subset
S000122,ega:I.2.1.6,rational functions on an irreducible scheme equal the generic stalk,french_admitted,F8.json,2137BF64B9BD210176B58075DBDB58E7C8A5669F9EFAD61410510A01D32D0BC0,a04446e57ec1fbc252a871afcec7752fb2807b14,morphisms.tex,morphisms-lemma-integral-scheme-rational-functions,01RV,entailed_by_stronger,reviewed_existing,component,The target handles finitely many irreducible components and specializes for one component to R of X equal to the local ring at its generic point,D000042,Reducedness is needed only for the further residue-field identification
S000123,ega:I.2.1.7,open restriction of a scheme is a scheme,french_admitted,F8.json,2137BF64B9BD210176B58075DBDB58E7C8A5669F9EFAD61410510A01D32D0BC0,a04446e57ec1fbc252a871afcec7752fb2807b14,schemes.tex,schemes-lemma-open-subspace-scheme,01IK,entailed_by_stronger,reviewed_existing,full_statement,The target proves the assertion for every open immersion and explicitly includes every open subspace as the special case,D000040,
S000124,ega:I.2.1.7,induced open ringed-space construction,french_admitted,F8.json,2137BF64B9BD210176B58075DBDB58E7C8A5669F9EFAD61410510A01D32D0BC0,a04446e57ec1fbc252a871afcec7752fb2807b14,schemes.tex,schemes-definition-open-subspace,01HG,split,reviewed_existing,component,The target defines the locally ringed open subspace associated to the subset with the restricted sheaf,D000040,
S000125,ega:I.2.1.7,open subscheme terminology,french_admitted,F8.json,2137BF64B9BD210176B58075DBDB58E7C8A5669F9EFAD61410510A01D32D0BC0,a04446e57ec1fbc252a871afcec7752fb2807b14,schemes.tex,schemes-definition-immersion,01IO,split,reviewed_existing,component,Item 2 gives the modern open-subscheme name for the source induced or restricted prescheme,D000040,
S000126,ega:I.2.1.8,irreducibility of the underlying topological space,french_admitted,F8.json,2137BF64B9BD210176B58075DBDB58E7C8A5669F9EFAD61410510A01D32D0BC0,a04446e57ec1fbc252a871afcec7752fb2807b14,topology.tex,topology-definition-irreducible-components,004V,split,reviewed_existing,component,The target gives the same nonempty underlying-space definition of irreducibility,D000043,
S000127,ega:I.2.1.8,connectedness of the underlying topological space,french_admitted,F8.json,2137BF64B9BD210176B58075DBDB58E7C8A5669F9EFAD61410510A01D32D0BC0,a04446e57ec1fbc252a871afcec7752fb2807b14,topology.tex,topology-definition-connected-components,004S,split,reviewed_existing,component,The target gives the same nonempty underlying-space definition of connectedness,D000043,
S000128,ega:I.2.1.8,integral means reduced and irreducible,french_admitted,F8.json,2137BF64B9BD210176B58075DBDB58E7C8A5669F9EFAD61410510A01D32D0BC0,a04446e57ec1fbc252a871afcec7752fb2807b14,properties.tex,properties-lemma-characterize-integral,01ON,split,reviewed_existing,component,The target states verbatim the source equivalence between integrality and reduced irreducibility,D000043,
S000129,ega:I.2.1.8,locally integral affine-neighbourhood condition,french_admitted,F8.json,2137BF64B9BD210176B58075DBDB58E7C8A5669F9EFAD61410510A01D32D0BC0,a04446e57ec1fbc252a871afcec7752fb2807b14,properties.tex,properties-definition-locally-P,01OQ,split,reviewed_existing,covered_derived,Instantiate the definition with the property of being an integral domain and combine it with the affine characterization of integral schemes,D000043,The Stacks text warns that this ring property is not Zariski local
S000130,ega:I.2.1.8,affine characterization used by locally integral,french_admitted,F8.json,2137BF64B9BD210176B58075DBDB58E7C8A5669F9EFAD61410510A01D32D0BC0,a04446e57ec1fbc252a871afcec7752fb2807b14,properties.tex,properties-definition-integral,01OK,split,reviewed_existing,component,An affine open is integral exactly when its coordinate ring is an integral domain which completes the source neighbourhood formulation,D000043,Do not replace the neighbourhood condition by the weaker assertion that every local ring is a domain
S000131,ega:I.2.2.1,morphism of preschemes is a morphism of locally ringed spaces,french_admitted,F8.json,2137BF64B9BD210176B58075DBDB58E7C8A5669F9EFAD61410510A01D32D0BC0,a04446e57ec1fbc252a871afcec7752fb2807b14,schemes.tex,schemes-definition-locally-ringed-space,01HB,equivalent,reviewed_existing,full_statement,Item 3 gives exactly a ringed-space morphism whose map on every stalk is local,D000046,EGA prescheme is the modern unrestricted scheme
S000132,ega:I.2.2.1,modern scheme and morphism terminology,french_admitted,F8.json,2137BF64B9BD210176B58075DBDB58E7C8A5669F9EFAD61410510A01D32D0BC0,a04446e57ec1fbc252a871afcec7752fb2807b14,schemes.tex,schemes-definition-scheme,01IJ,split,reviewed_existing,component,The history and definition identify EGA preschemes and their locally ringed morphisms with modern schemes and scheme morphisms,D000046,
S000133,ega:I.2.2.1,induced injection on residue fields,french_admitted,F8.json,2137BF64B9BD210176B58075DBDB58E7C8A5669F9EFAD61410510A01D32D0BC0,a04446e57ec1fbc252a871afcec7752fb2807b14,algebra.tex,algebra-definition-local-ring,07BI,split,reviewed_existing,covered_unlabelled,A local homomorphism induces the displayed residue-field map in the paragraph following 07BI and every unital field map is injective,D000046,The injection is a consequence rather than a separately tagged theorem
S000134,ega:I.2.2.2,composition formula for structural sheaf maps,french_admitted,F8.json,2137BF64B9BD210176B58075DBDB58E7C8A5669F9EFAD61410510A01D32D0BC0,a04446e57ec1fbc252a871afcec7752fb2807b14,sheaves.tex,sheaves-definition-composition-maps-ringed-spaces,0093,split,reviewed_existing,component,The definition gives exactly the source order f sharp composed with g sharp for ringed-space morphisms,D000046,
S000135,ega:I.2.2.2,stalk map of a composite and preservation of locality,french_admitted,F8.json,2137BF64B9BD210176B58075DBDB58E7C8A5669F9EFAD61410510A01D32D0BC0,a04446e57ec1fbc252a871afcec7752fb2807b14,sheaves.tex,sheaves-lemma-compose-f-maps-stalks,008M,split,reviewed_existing,component,The target identifies the composite stalk map and composition of local ring maps preserves locality,D000046,
S000136,ega:I.2.2.2,category and Hom notation for schemes,french_admitted,F8.json,2137BF64B9BD210176B58075DBDB58E7C8A5669F9EFAD61410510A01D32D0BC0,a04446e57ec1fbc252a871afcec7752fb2807b14,schemes.tex,schemes-definition-locally-ringed-space,01HB,split,reviewed_existing,covered_unlabelled,The prose immediately after 01HB verifies composition and declares the category while Hom notation is conventional,D000046,
S000137,ega:I.2.2.3,canonical open-subspace inclusion is a scheme morphism,french_admitted,F8.json,2137BF64B9BD210176B58075DBDB58E7C8A5669F9EFAD61410510A01D32D0BC0,a04446e57ec1fbc252a871afcec7752fb2807b14,schemes.tex,schemes-example-open-subspace,01HF,entailed_by_stronger,reviewed_existing,component,The target constructs the same restricted locally ringed space and proves its inclusion is an open immersion,D000046,
S000138,ega:I.2.2.3,open-subspace inclusion is a scheme monomorphism,french_admitted,F8.json,2137BF64B9BD210176B58075DBDB58E7C8A5669F9EFAD61410510A01D32D0BC0,a04446e57ec1fbc252a871afcec7752fb2807b14,schemes.tex,schemes-lemma-immersions-monomorphisms,01L7,entailed_by_stronger,reviewed_existing,component,The target proves every immersion and hence this open immersion is a monomorphism of schemes,D000046,The source first makes the stronger ambient ringed-space assertion
S000139,ega:I.2.2.3,open inclusion is monic among ringed spaces,french_admitted,F8.json,2137BF64B9BD210176B58075DBDB58E7C8A5669F9EFAD61410510A01D32D0BC0,a04446e57ec1fbc252a871afcec7752fb2807b14,schemes.tex,schemes-lemma-restrict-map-to-opens,01HI,split,reviewed_existing,covered_derived,Unique restriction through an open subspace proves the literal categorical monomorphism in the larger ringed-space category,D000046,No separate pinned tag states this ambient-category version
S000140,ega:I.2.2.4,canonical affine-target Hom bijection,french_admitted,F8.json,2137BF64B9BD210176B58075DBDB58E7C8A5669F9EFAD61410510A01D32D0BC0,a04446e57ec1fbc252a871afcec7752fb2807b14,schemes.tex,schemes-lemma-morphism-into-affine,01I1,entailed_by_stronger,reviewed_existing,full_statement,The target gives the exact contravariant Hom bijection for every locally ringed source and hence for every EGA prescheme,D000047,The source proves only the scheme-source specialization
S000141,ega:I.2.2.4.1,inverse image of a standard open,french_admitted,F8.json,2137BF64B9BD210176B58075DBDB58E7C8A5669F9EFAD61410510A01D32D0BC0,a04446e57ec1fbc252a871afcec7752fb2807b14,schemes.tex,schemes-lemma-morphism-into-affine,01I1,equivalent,reviewed_existing,covered_unlabelled,The proof computes Psi inverse of D(g) exactly as D(psi_Y(g)); this is the source equality with X_{u(f)},D000047,The formula is explicit in the proof but not a separately labelled clause
S000142,ega:I.2.2.4.1,openness and invertibility locus in the formula,french_admitted,F8.json,2137BF64B9BD210176B58075DBDB58E7C8A5669F9EFAD61410510A01D32D0BC0,a04446e57ec1fbc252a871afcec7752fb2807b14,schemes.tex,schemes-lemma-f-open,01HZ,split,reviewed_existing,component,The target defines the open invertibility locus D of a global section used on the right side of the formula,D000047,
S000143,ega:I.2.2.5,affine quasi-coherent sheaf recovered from global sections,french_admitted,F8.json,2137BF64B9BD210176B58075DBDB58E7C8A5669F9EFAD61410510A01D32D0BC0,a04446e57ec1fbc252a871afcec7752fb2807b14,schemes.tex,schemes-lemma-equivalence-quasi-coherent,01IB,split,reviewed_existing,component,The affine equivalence identifies the source sheaf F with the associated sheaf of M equal to its global sections,D000047,
S000144,ega:I.2.2.5,module Hom formula after pullback to X,french_admitted,F8.json,2137BF64B9BD210176B58075DBDB58E7C8A5669F9EFAD61410510A01D32D0BC0,a04446e57ec1fbc252a871afcec7752fb2807b14,modules.tex,modules-lemma-construct-quasi-coherent-sheaves,01BH,split,reviewed_existing,component,Item 4 gives Hom from the sheaf constructed from M as Hom over A into global sections for an arbitrary target module sheaf,D000047,The source unnecessarily assumes G is quasi-coherent
S000145,ega:I.2.2.5,f-morphisms as pullback-pushforward adjunction maps,french_admitted,F8.json,2137BF64B9BD210176B58075DBDB58E7C8A5669F9EFAD61410510A01D32D0BC0,a04446e57ec1fbc252a871afcec7752fb2807b14,sheaves.tex,sheaves-lemma-adjoint-pullback-pushforward-modules,0096,split,reviewed_existing,component,The target supplies the canonical adjunction interpretation of f-morphisms used to combine 01IB with 01BH,D000047,No affine quasi-compact or quasi-separated hypothesis on f is introduced
S000146,ega:I.2.2.6,open morphism definition,french_admitted,F8.json,2137BF64B9BD210176B58075DBDB58E7C8A5669F9EFAD61410510A01D32D0BC0,a04446e57ec1fbc252a871afcec7752fb2807b14,morphisms.tex,morphisms-definition-open,01U0,split,reviewed_existing,component,Item 1 defines openness by the underlying topological map exactly as in the source,D000048,
S000147,ega:I.2.2.6,closed morphism definition,french_admitted,F8.json,2137BF64B9BD210176B58075DBDB58E7C8A5669F9EFAD61410510A01D32D0BC0,a04446e57ec1fbc252a871afcec7752fb2807b14,topology.tex,topology-definition-proper-map,005O,split,reviewed_existing,component,Item 1 defines an ordinary closed continuous map by images of closed subsets exactly as in the source,D000048,This is neither a closed immersion nor universal closedness
S000148,ega:I.2.2.6,dominant morphism definition,french_admitted,F8.json,2137BF64B9BD210176B58075DBDB58E7C8A5669F9EFAD61410510A01D32D0BC0,a04446e57ec1fbc252a871afcec7752fb2807b14,morphisms.tex,morphisms-definition-dominant,01RJ,split,reviewed_existing,component,The target gives exactly density of the image in the target,D000048,
S000149,ega:I.2.2.6,surjective morphism definition,french_admitted,F8.json,2137BF64B9BD210176B58075DBDB58E7C8A5669F9EFAD61410510A01D32D0BC0,a04446e57ec1fbc252a871afcec7752fb2807b14,morphisms.tex,morphisms-definition-surjective,01RZ,split,reviewed_existing,component,The target gives exactly surjectivity of the underlying topological map,D000048,
S000150,ega:I.2.2.7,composition of open morphisms,french_admitted,F8.json,2137BF64B9BD210176B58075DBDB58E7C8A5669F9EFAD61410510A01D32D0BC0,a04446e57ec1fbc252a871afcec7752fb2807b14,morphisms.tex,morphisms-lemma-composition-open,02V2,entailed_by_stronger,reviewed_existing,component,The target proves composition for both ordinary open and universally open morphisms,D000049,
S000151,ega:I.2.2.7,composition of closed morphisms,french_admitted,F8.json,2137BF64B9BD210176B58075DBDB58E7C8A5669F9EFAD61410510A01D32D0BC0,a04446e57ec1fbc252a871afcec7752fb2807b14,stacks-morphisms.tex,stacks-morphisms-lemma-composition-universally-closed,0515,entailed_by_stronger,reviewed_existing,component,The target explicitly proves the ordinary closed clause as well as the universal clause for algebraic stacks and hence for schemes,D000049,Only the parenthesized ordinary closed assertion is used
S000152,ega:I.2.2.7,composition of dominant morphisms,french_admitted,F8.json,2137BF64B9BD210176B58075DBDB58E7C8A5669F9EFAD61410510A01D32D0BC0,a04446e57ec1fbc252a871afcec7752fb2807b14,descent.tex,descent-lemma-descending-fppf-property-dominant,0H8J,split,reviewed_existing,covered_unlabelled,The proof explicitly uses that a composition of dominant morphisms is dominant while establishing the stronger locality result,D000049,
S000153,ega:I.2.2.7,composition of surjective morphisms,french_admitted,F8.json,2137BF64B9BD210176B58075DBDB58E7C8A5669F9EFAD61410510A01D32D0BC0,a04446e57ec1fbc252a871afcec7752fb2807b14,morphisms.tex,morphisms-lemma-composition-surjective,01S0,split,reviewed_existing,component,The target states exactly the source forward composition clause for surjectivity,D000049,
S000154,ega:I.2.2.7,closedness descends across a surjective source factor,french_admitted,F8.json,2137BF64B9BD210176B58075DBDB58E7C8A5669F9EFAD61410510A01D32D0BC0,a04446e57ec1fbc252a871afcec7752fb2807b14,topology.tex,topology-definition-proper-map,005O,split,reviewed_existing,covered_derived,For closed F in Y surjectivity gives f of f inverse F equals F so closedness of gf makes g of F closed,D000049,No proper or universally closed cancellation theorem is substituted
S000155,ega:I.2.2.7,surjectivity of g from surjectivity of g composed with f,french_admitted,F8.json,2137BF64B9BD210176B58075DBDB58E7C8A5669F9EFAD61410510A01D32D0BC0,a04446e57ec1fbc252a871afcec7752fb2807b14,morphisms.tex,morphisms-definition-surjective,01RZ,split,reviewed_existing,covered_derived,The image of the composite is contained in the image of g so a surjective composite forces g to be surjective,D000049,01S0 proves only the opposite forward implication
S000156,ega:I.2.2.8,local-on-target framework for morphism properties,french_admitted,F8.json,2137BF64B9BD210176B58075DBDB58E7C8A5669F9EFAD61410510A01D32D0BC0,a04446e57ec1fbc252a871afcec7752fb2807b14,descent.tex,descent-definition-property-morphisms-local,02KO,split,reviewed_existing,component,The target defines locality on the target for Zariski and finer covering topologies exactly in the form used by the source,D000050,
S000157,ega:I.2.2.8,surjectivity is local on an open cover of the target,french_admitted,F8.json,2137BF64B9BD210176B58075DBDB58E7C8A5669F9EFAD61410510A01D32D0BC0,a04446e57ec1fbc252a871afcec7752fb2807b14,descent.tex,descent-lemma-descending-property-surjective,02KV,entailed_by_stronger,reviewed_existing,component,The target proves fpqc locality on the base and therefore includes arbitrary Zariski open covers,D000050,
S000158,ega:I.2.2.8,dominance is local on an open cover of the target,french_admitted,F8.json,2137BF64B9BD210176B58075DBDB58E7C8A5669F9EFAD61410510A01D32D0BC0,a04446e57ec1fbc252a871afcec7752fb2807b14,descent.tex,descent-lemma-descending-fppf-property-dominant,0H8J,entailed_by_stronger,reviewed_existing,component,The target proves fppf locality and its proof explicitly includes Zariski locality without a quasi-compactness hypothesis,D000050,Do not use 0H8H which adds quasi-compactness
S000159,ega:I.2.2.8,openness is local on an open cover of the target,french_admitted,F8.json,2137BF64B9BD210176B58075DBDB58E7C8A5669F9EFAD61410510A01D32D0BC0,a04446e57ec1fbc252a871afcec7752fb2807b14,morphisms.tex,morphisms-definition-open,01U0,split,reviewed_existing,covered_derived,Images intersect each target open in the corresponding restricted open image so the definition glues over any open cover,D000050,
S000160,ega:I.2.2.8,closedness is local on an open cover of the target,french_admitted,F8.json,2137BF64B9BD210176B58075DBDB58E7C8A5669F9EFAD61410510A01D32D0BC0,a04446e57ec1fbc252a871afcec7752fb2807b14,topology.tex,topology-definition-proper-map,005O,split,reviewed_existing,covered_derived,A subset is closed exactly when its intersections with every member of an open cover are closed,D000050,Ordinary closedness is used rather than universal closedness
S000161,ega:I.2.2.9,birational morphism on component generic points and local rings,french_admitted,F8.json,2137BF64B9BD210176B58075DBDB58E7C8A5669F9EFAD61410510A01D32D0BC0,a04446e57ec1fbc252a871afcec7752fb2807b14,morphisms.tex,morphisms-definition-birational,01RO,split,reviewed_existing,component,The target cites EGA I 2.2.9 and replaces indexed components by an invariant bijection on their generic points with the same local-ring isomorphisms,D000051,
S000162,ega:I.2.2.9,singleton fibres over generic points,french_admitted,F8.json,2137BF64B9BD210176B58075DBDB58E7C8A5669F9EFAD61410510A01D32D0BC0,a04446e57ec1fbc252a871afcec7752fb2807b14,morphisms.tex,morphisms-lemma-birational-generic-fibres,0BAB,entailed_by_stronger,reviewed_existing,component,The target proves the stronger generic-local base change is an isomorphism which in particular gives the source singleton fibre,D000051,No reducedness or integrality is assumed
S000163,ega:I.2.2.9,birational morphisms are dominant,french_admitted,F8.json,2137BF64B9BD210176B58075DBDB58E7C8A5669F9EFAD61410510A01D32D0BC0,a04446e57ec1fbc252a871afcec7752fb2807b14,morphisms.tex,morphisms-lemma-birational-dominant,01RP,split,reviewed_existing,component,The target states exactly the source consequence for schemes with finitely many irreducible components,D000051,
S000164,ega:I.2.2.9,a closed birational morphism is surjective,french_admitted,F8.json,2137BF64B9BD210176B58075DBDB58E7C8A5669F9EFAD61410510A01D32D0BC0,a04446e57ec1fbc252a871afcec7752fb2807b14,morphisms.tex,morphisms-definition-surjective,01RZ,split,reviewed_existing,covered_derived,By 01RP the image is dense and by ordinary closedness it is closed so it equals the whole target,D000051,Do not replace this with any finite-type dense-open isomorphism theorem
S000165,ega:I.2.2.10,suppression of structure sheaves and sheaf maps in notation,french_admitted,F8.json,2137BF64B9BD210176B58075DBDB58E7C8A5669F9EFAD61410510A01D32D0BC0,a04446e57ec1fbc252a871afcec7752fb2807b14,schemes.tex,schemes-definition-locally-ringed-space,01HB,split,reviewed_existing,covered_unlabelled,The prose immediately after 01HB adopts the same suppression and underlying-space conventions,D000046,
S000166,ega:I.2.2.10,induced prescheme on an open subset,french_admitted,F8.json,2137BF64B9BD210176B58075DBDB58E7C8A5669F9EFAD61410510A01D32D0BC0,a04446e57ec1fbc252a871afcec7752fb2807b14,schemes.tex,schemes-definition-open-subspace,01HG,split,reviewed_existing,component,The target names exactly the restricted locally ringed space associated to an open subset,D000046,
S000167,ega:I.2.2.10,the induced open subspace is a scheme,french_admitted,F8.json,2137BF64B9BD210176B58075DBDB58E7C8A5669F9EFAD61410510A01D32D0BC0,a04446e57ec1fbc252a871afcec7752fb2807b14,schemes.tex,schemes-lemma-open-subspace-scheme,01IK,split,reviewed_existing,component,The target confirms that every open subspace of a scheme is again a scheme,D000046,
S000168,ega:I.2.2.5,affine mapping property applied to the direct image of G,french_admitted,F8.json,2137BF64B9BD210176B58075DBDB58E7C8A5669F9EFAD61410510A01D32D0BC0,a04446e57ec1fbc252a871afcec7752fb2807b14,schemes.tex,schemes-lemma-compare-constructions,01I7,split,reviewed_existing,component,Apply the exact Hom from tilde M mapping property on S to f pushforward G and identify its global sections with those of G on X,D000047,The target allows an arbitrary module sheaf in place of quasi-coherent G
S000169,ega:I.2.3.1,a glued locally ringed space built from schemes is a scheme,french_admitted,F8.json,2137BF64B9BD210176B58075DBDB58E7C8A5669F9EFAD61410510A01D32D0BC0,a04446e57ec1fbc252a871afcec7752fb2807b14,schemes.tex,schemes-lemma-glue-schemes,01JC,equivalent,reviewed_existing,component,The target states exactly that the locally ringed space produced from gluing data of schemes is a scheme,D000054,No finiteness quasi-compactness or separatedness is assumed
S000170,ega:I.2.3.1,underlying gluing construction for locally ringed spaces,french_admitted,F8.json,2137BF64B9BD210176B58075DBDB58E7C8A5669F9EFAD61410510A01D32D0BC0,a04446e57ec1fbc252a871afcec7752fb2807b14,schemes.tex,schemes-lemma-glue,01JB,split,reviewed_existing,component,The target spells out open overlaps isomorphisms cocycle compatibility existence and the open-cover realization imported by the source reference,D000054,
S000171,ega:I.2.3.1,every scheme admits an affine open cover,french_admitted,F8.json,2137BF64B9BD210176B58075DBDB58E7C8A5669F9EFAD61410510A01D32D0BC0,a04446e57ec1fbc252a871afcec7752fb2807b14,schemes.tex,schemes-lemma-basis-affine-opens,01IT,entailed_by_stronger,reviewed_existing,component,The target proves that affine opens form a basis and hence gives the affine cover used by the source,D000054,
S000172,ega:I.2.3.1,every scheme is recovered by gluing its affine opens,french_admitted,F8.json,2137BF64B9BD210176B58075DBDB58E7C8A5669F9EFAD61410510A01D32D0BC0,a04446e57ec1fbc252a871afcec7752fb2807b14,schemes.tex,schemes-lemma-glue,01JB,split,reviewed_existing,covered_derived,Apply the gluing existence and mapping properties to the identity overlap maps of an affine open cover to recover the original scheme,D000054,The target provides stronger Hom-in and Hom-out characterizations
S000173,ega:I.2.3.2,two affine lines glued by coordinate inversion with global functions K and nonaffineness,french_admitted,F8.json,2137BF64B9BD210176B58075DBDB58E7C8A5669F9EFAD61410510A01D32D0BC0,a04446e57ec1fbc252a871afcec7752fb2807b14,schemes.tex,schemes-example-projective-line,01JE,entailed_by_stronger,reviewed_existing,component,The target repeats the two charts inversion transition constant global functions and nonaffineness and then proves additional facts about the resulting projective line,D000055,EGA names the inverse overlap direction but the gluing data are identical
S000174,ega:I.2.3.2,principal opens in the two affine charts are affine,french_admitted,F8.json,2137BF64B9BD210176B58075DBDB58E7C8A5669F9EFAD61410510A01D32D0BC0,a04446e57ec1fbc252a871afcec7752fb2807b14,schemes.tex,schemes-lemma-standard-open-affine,01I3,split,reviewed_existing,component,The target identifies each D(s) and D(t) as an affine open scheme exactly as used in the gluing construction,D000055,
S000175,ega:I.2.3.2,localized coordinate rings of the overlap opens,french_admitted,F8.json,2137BF64B9BD210176B58075DBDB58E7C8A5669F9EFAD61410510A01D32D0BC0,a04446e57ec1fbc252a871afcec7752fb2807b14,algebra.tex,algebra-lemma-standard-open,00E4,split,reviewed_existing,component,The target identifies the standard open with the spectrum of the localized polynomial ring that contains the displayed rational fractions,D000055,
S000176,ega:I.2.3.2,two-chart gluing has only inverse overlap compatibility,french_admitted,F8.json,2137BF64B9BD210176B58075DBDB58E7C8A5669F9EFAD61410510A01D32D0BC0,a04446e57ec1fbc252a871afcec7752fb2807b14,schemes.tex,schemes-lemma-glue,01JB,split,reviewed_existing,component,For two charts the reverse transition is the inverse and there is no additional nontrivial triple-overlap condition,D000055,
S000177,ega:I.2.3.2,identification with the later Proj construction of projective one-space,french_admitted,F8.json,2137BF64B9BD210176B58075DBDB58E7C8A5669F9EFAD61410510A01D32D0BC0,a04446e57ec1fbc252a871afcec7752fb2807b14,constructions.tex,constructions-definition-projective-space,01NF,partial,reviewed_existing,covered_derived,The target defines projective one-space by Proj while 01JE names the glued object projective one-space; their comparison follows through the standard charts,D000055,No pinned numbered lemma states this cross-construction comparison by itself
S000178,ega:I.2.3.2,standard affine cover of the later projective-space construction,french_admitted,F8.json,2137BF64B9BD210176B58075DBDB58E7C8A5669F9EFAD61410510A01D32D0BC0,a04446e57ec1fbc252a871afcec7752fb2807b14,constructions.tex,constructions-lemma-standard-covering-projective-space,01NG,partial,reviewed_existing,covered_derived,For n equal to one the two standard affine charts and inversion transition identify the Proj construction with the glued example by uniqueness,D000055,This closes the documentary forward reference without claiming a direct tagged comparison
S000179,ega:I.2.4.1,affine component of the local scheme definition,french_admitted,F8.json,2137BF64B9BD210176B58075DBDB58E7C8A5669F9EFAD61410510A01D32D0BC0,a04446e57ec1fbc252a871afcec7752fb2807b14,schemes.tex,schemes-definition-affine-scheme,01HW,split,reviewed_existing,component,An EGA local scheme is first an affine scheme and this target gives that spectrum definition,D000057,Stacks does not separately tag the compound term local scheme
S000180,ega:I.2.4.1,local ring component of the local scheme definition,french_admitted,F8.json,2137BF64B9BD210176B58075DBDB58E7C8A5669F9EFAD61410510A01D32D0BC0,a04446e57ec1fbc252a871afcec7752fb2807b14,algebra.tex,algebra-definition-local-ring,07BI,split,reviewed_existing,component,The target defines a local ring by its unique maximal ideal exactly as required by the source compound definition,D000057,
S000181,ega:I.2.4.1,unique closed point of a local spectrum,french_admitted,F8.json,2137BF64B9BD210176B58075DBDB58E7C8A5669F9EFAD61410510A01D32D0BC0,a04446e57ec1fbc252a871afcec7752fb2807b14,algebra.tex,algebra-lemma-characterize-local-ring,00E9,equivalent,reviewed_existing,component,The target states that a ring is local exactly when its spectrum has one closed point,D000057,
S000182,ega:I.2.4.1,every point specializes to the unique closed point,french_admitted,F8.json,2137BF64B9BD210176B58075DBDB58E7C8A5669F9EFAD61410510A01D32D0BC0,a04446e57ec1fbc252a871afcec7752fb2807b14,algebra.tex,algebra-lemma-irreducible,00ES,split,reviewed_existing,component,The closure of a prime is V of that prime and the unique maximal ideal of a local ring contains every prime,D000057,The direction is that every point generalizes the closed point
S000183,ega:I.2.4.1,affine stalk as localization at the point,french_admitted,F8.json,2137BF64B9BD210176B58075DBDB58E7C8A5669F9EFAD61410510A01D32D0BC0,a04446e57ec1fbc252a871afcec7752fb2807b14,schemes.tex,schemes-lemma-spec-sheaves,01HV,equivalent,reviewed_existing,component,Item six identifies the local ring at y in an affine chart with the localization B_y used by the source,D000057,
S000184,ega:I.2.4.1,canonical local-spectrum morphism and chart independence,french_admitted,F8.json,2137BF64B9BD210176B58075DBDB58E7C8A5669F9EFAD61410510A01D32D0BC0,a04446e57ec1fbc252a871afcec7752fb2807b14,schemes.tex,schemes-lemma-morphism-from-spec-local-ring,01J6,entailed_by_stronger,reviewed_existing,component,The target classifies every morphism from a local spectrum and its unique factorization makes the chart construction independent,D000057,The source constructs only the canonical identity-stalk case
S000185,ega:I.2.4.1,canonical morphism from the spectrum of a local ring,french_admitted,F8.json,2137BF64B9BD210176B58075DBDB58E7C8A5669F9EFAD61410510A01D32D0BC0,a04446e57ec1fbc252a871afcec7752fb2807b14,schemes.tex,schemes-equation-canonical-morphism,02NA,equivalent,reviewed_existing,component,The tagged equation is exactly Spec of the stalk mapping canonically to the scheme through the identity local homomorphism,D000057,
S000186,ega:I.2.4.1:diagram:xymatrix:1,affine-chart restriction maps to the common stalk,french_admitted,F8.json,2137BF64B9BD210176B58075DBDB58E7C8A5669F9EFAD61410510A01D32D0BC0,a04446e57ec1fbc252a871afcec7752fb2807b14,schemes.tex,schemes-lemma-morphism-from-spec-local-ring,01J6,split,reviewed_existing,covered_derived,Uniqueness of the canonical local-spectrum factorization forces the two chart-to-stalk maps and their restriction composite to agree,D000057,No identical labelled Stacks diagram is present
S000187,ega:I.2.4.2,image of the canonical local-spectrum map is the generalization set,french_admitted,F8.json,2137BF64B9BD210176B58075DBDB58E7C8A5669F9EFAD61410510A01D32D0BC0,a04446e57ec1fbc252a871afcec7752fb2807b14,schemes.tex,schemes-lemma-specialize-points,01J7,equivalent,reviewed_existing,component,The target says a point is a generalization of y exactly when it lies in the image of Spec of the local ring at y,D000058,
S000188,ega:I.2.4.2,homeomorphism onto the generalization subspace,french_admitted,F8.json,2137BF64B9BD210176B58075DBDB58E7C8A5669F9EFAD61410510A01D32D0BC0,a04446e57ec1fbc252a871afcec7752fb2807b14,algebra.tex,algebra-lemma-spec-localization,00E3,split,reviewed_existing,component,In an affine neighbourhood the stalk is a localization and the target gives the induced-subspace homeomorphism onto primes below y,D000058,Tag 01J7 alone gives only the image set
S000189,ega:I.2.4.2,specialization and generalization terminology and direction,french_admitted,F8.json,2137BF64B9BD210176B58075DBDB58E7C8A5669F9EFAD61410510A01D32D0BC0,a04446e57ec1fbc252a871afcec7752fb2807b14,topology.tex,topology-definition-specialization,0061,equivalent,reviewed_existing,component,The target defines z as a generalization of y exactly when y lies in the closure of z,D000058,
S000190,ega:I.2.4.2,generalizations remain in every open neighbourhood,french_admitted,F8.json,2137BF64B9BD210176B58075DBDB58E7C8A5669F9EFAD61410510A01D32D0BC0,a04446e57ec1fbc252a871afcec7752fb2807b14,topology.tex,topology-lemma-open-closed-specialization,0062,equivalent,reviewed_existing,component,Item two states that every open subset is stable under generalization and justifies reduction to an affine neighbourhood,D000058,
S000191,ega:I.2.4.2,stalks on affine spectra are localizations,french_admitted,F8.json,2137BF64B9BD210176B58075DBDB58E7C8A5669F9EFAD61410510A01D32D0BC0,a04446e57ec1fbc252a871afcec7752fb2807b14,schemes.tex,schemes-lemma-spec-sheaves,01HV,split,reviewed_existing,component,Item six identifies both stalks in the source map with the corresponding ring localizations,D000058,
S000192,ega:I.2.4.2,canonical stalk map is an isomorphism after iterated localization,french_admitted,F8.json,2137BF64B9BD210176B58075DBDB58E7C8A5669F9EFAD61410510A01D32D0BC0,a04446e57ec1fbc252a871afcec7752fb2807b14,algebra.tex,algebra-proposition-localize-twice,02C6,split,reviewed_existing,component,Localizing first at y and then at a prime below y gives the same local ring as localizing directly at that prime,D000058,The stalk-map direction is target to source
S000193,ega:I.2.4.2,canonical local-spectrum map is monic among ringed spaces,french_admitted,F8.json,2137BF64B9BD210176B58075DBDB58E7C8A5669F9EFAD61410510A01D32D0BC0,a04446e57ec1fbc252a871afcec7752fb2807b14,schemes.tex,schemes-lemma-injective-points-surjective-stalks,01L6,partial,reviewed_existing,covered_derived,The target proves scheme monicity from injective points and surjective stalk maps and its proof works verbatim for ringed-space test objects,D000058,The formal target category is narrower than the literal source category
S000194,ega:I.2.4.2,points of the local spectrum correspond to generalizations of y,french_admitted,F8.json,2137BF64B9BD210176B58075DBDB58E7C8A5669F9EFAD61410510A01D32D0BC0,a04446e57ec1fbc252a871afcec7752fb2807b14,schemes.tex,schemes-lemma-specialize-points,01J7,split,reviewed_existing,component,The target identifies the first half of the italic correspondence through generalization points,D000058,
S000195,ega:I.2.4.2,irreducible closed subsets have unique generic points,french_admitted,F8.json,2137BF64B9BD210176B58075DBDB58E7C8A5669F9EFAD61410510A01D32D0BC0,a04446e57ec1fbc252a871afcec7752fb2807b14,schemes.tex,schemes-lemma-scheme-sober,01IS,split,reviewed_existing,component,Sobriety turns each generalization point into its unique irreducible closure and reverses the italic correspondence,D000058,
S000196,ega:I.2.4.2,generic point and sober-space definitions used by the correspondence,french_admitted,F8.json,2137BF64B9BD210176B58075DBDB58E7C8A5669F9EFAD61410510A01D32D0BC0,a04446e57ec1fbc252a871afcec7752fb2807b14,topology.tex,topology-definition-generic-point,004X,split,reviewed_existing,component,The target defines generic points and sobriety exactly as used to identify points with irreducible closures,D000058,
S000197,ega:I.2.4.2,affine-local irreducible subsets through y,french_admitted,F8.json,2137BF64B9BD210176B58075DBDB58E7C8A5669F9EFAD61410510A01D32D0BC0,a04446e57ec1fbc252a871afcec7752fb2807b14,algebra.tex,algebra-lemma-irreducible-components-containing-x,00ET,split,reviewed_existing,component,Item one gives the direct local algebra form of irreducible closed subsets through the selected point,D000058,Global closure still uses scheme sobriety
S000198,ega:I.2.4.3,irreducible components through a point and primes of its local ring,french_admitted,F8.json,2137BF64B9BD210176B58075DBDB58E7C8A5669F9EFAD61410510A01D32D0BC0,a04446e57ec1fbc252a871afcec7752fb2807b14,algebra.tex,algebra-lemma-irreducible-components-containing-x,00ET,split,reviewed_existing,component,Item two identifies components through the point with minimal primes in the localized ring,D000059,
S000199,ega:I.2.4.3,irreducible components of an affine spectrum are minimal primes,french_admitted,F8.json,2137BF64B9BD210176B58075DBDB58E7C8A5669F9EFAD61410510A01D32D0BC0,a04446e57ec1fbc252a871afcec7752fb2807b14,algebra.tex,algebra-lemma-irreducible,00ES,split,reviewed_existing,component,Item three supplies the component-to-minimal-prime correspondence used in an affine neighbourhood of y,D000059,
S000200,ega:I.2.4.3,prime ideals of the local ring correspond to primes below y,french_admitted,F8.json,2137BF64B9BD210176B58075DBDB58E7C8A5669F9EFAD61410510A01D32D0BC0,a04446e57ec1fbc252a871afcec7752fb2807b14,algebra.tex,algebra-lemma-spec-localization,00E3,split,reviewed_existing,component,The localization spectrum consists exactly of the primes contained in the prime representing y,D000059,
S000201,ega:I.2.4.3,Krull dimension of the local ring,french_admitted,F8.json,2137BF64B9BD210176B58075DBDB58E7C8A5669F9EFAD61410510A01D32D0BC0,a04446e57ec1fbc252a871afcec7752fb2807b14,algebra.tex,algebra-definition-Krull,00KE,split,reviewed_existing,component,The target defines dimension as the supremum of lengths of prime chains and gives the source parenthetical formulation,D000059,
S000202,ega:I.2.4.3,dimension zero means no nontrivial inclusions of primes,french_admitted,F8.json,2137BF64B9BD210176B58075DBDB58E7C8A5669F9EFAD61410510A01D32D0BC0,a04446e57ec1fbc252a871afcec7752fb2807b14,algebra.tex,algebra-lemma-ring-with-only-minimal-primes,04MG,split,reviewed_existing,component,The target equates absence of nontrivial prime inclusions with every prime being maximal and minimal,D000059,
S000203,ega:I.2.4.3,locality turns every prime maximal into a unique prime,french_admitted,F8.json,2137BF64B9BD210176B58075DBDB58E7C8A5669F9EFAD61410510A01D32D0BC0,a04446e57ec1fbc252a871afcec7752fb2807b14,algebra.tex,algebra-definition-local-ring,07BI,split,reviewed_existing,component,A local ring has one maximal ideal so dimension zero forces every prime to equal that ideal,D000059,No reducedness or fieldhood follows
S000204,ega:I.2.4.4,morphisms from a local spectrum classified by image point and local stalk map,french_admitted,F8.json,2137BF64B9BD210176B58075DBDB58E7C8A5669F9EFAD61410510A01D32D0BC0,a04446e57ec1fbc252a871afcec7752fb2807b14,schemes.tex,schemes-lemma-morphism-from-spec-local-ring,01J6,equivalent,reviewed_existing,full_statement,The target gives exactly the canonical bijection and unique factorization with identical locality and no extra finiteness hypothesis,D000060,
S000205,ega:I.2.4.4,canonical second arrow in the unique local-spectrum factorization,french_admitted,F8.json,2137BF64B9BD210176B58075DBDB58E7C8A5669F9EFAD61410510A01D32D0BC0,a04446e57ec1fbc252a871afcec7752fb2807b14,schemes.tex,schemes-equation-canonical-morphism,02NA,split,reviewed_existing,component,The tagged equation is the canonical Spec of the target stalk arrow appearing as the second factor,D000060,
S000206,ega:I.2.4.5,local maps from a local ring to a field factor through the residue field,french_admitted,F8.json,2137BF64B9BD210176B58075DBDB58E7C8A5669F9EFAD61410510A01D32D0BC0,a04446e57ec1fbc252a871afcec7752fb2807b14,schemes.tex,schemes-section-points,01J5,partial,reviewed_existing,component,The prose states exactly that local R to K maps are residue-field embeddings but the source then overextends this to all scheme morphisms,D000061,Only the closed-image component is valid
S000207,ega:I.2.4.5,maximal ideal and residue field of a local ring,french_admitted,F8.json,2137BF64B9BD210176B58075DBDB58E7C8A5669F9EFAD61410510A01D32D0BC0,a04446e57ec1fbc252a871afcec7752fb2807b14,algebra.tex,algebra-definition-local-ring,07BI,split,reviewed_existing,component,The target supplies the unique maximal ideal residue field and local-map definitions used by the valid first sentence,D000061,
S000208,ega:I.2.4.6,fixed-field points classified by image point and residue-field embedding,french_admitted,F8.json,2137BF64B9BD210176B58075DBDB58E7C8A5669F9EFAD61410510A01D32D0BC0,a04446e57ec1fbc252a871afcec7752fb2807b14,schemes.tex,schemes-section-points,01J5,equivalent,reviewed_existing,covered_unlabelled,The prose under the section tag states exactly that Spec K morphisms correspond to pairs of a point and a map from its residue field to K,D000062,Do not replace this fixed-K bijection by equivalence classes in 01J9
S000209,ega:I.2.4.6,field-valued classification as a specialization of the local-source theorem,french_admitted,F8.json,2137BF64B9BD210176B58075DBDB58E7C8A5669F9EFAD61410510A01D32D0BC0,a04446e57ec1fbc252a871afcec7752fb2807b14,schemes.tex,schemes-lemma-morphism-from-spec-local-ring,01J6,split,reviewed_existing,component,A field is local and every local map from a stalk to K factors uniquely through the residue field,D000062,
S000210,ega:I.2.4.6,unique factorization through the residue-field point,french_admitted,F8.json,2137BF64B9BD210176B58075DBDB58E7C8A5669F9EFAD61410510A01D32D0BC0,a04446e57ec1fbc252a871afcec7752fb2807b14,schemes.tex,schemes-equation-canonical-morphism,02NA,split,reviewed_existing,component,The canonical local-spectrum arrow composed with the quotient to the residue field gives the source factorization,D000062,
S000211,ega:I.2.4.7,quotient local spectrum maps as a closed immersion into the local spectrum,french_admitted,F8.json,2137BF64B9BD210176B58075DBDB58E7C8A5669F9EFAD61410510A01D32D0BC0,a04446e57ec1fbc252a871afcec7752fb2807b14,schemes.tex,schemes-example-closed-immersion-affines,01IG,split,reviewed_existing,component,The quotient map gives exactly Spec of O_y modulo a_y as a closed immersion into Spec of O_y,D000063,The full composite into Y need not be a closed immersion
S000212,ega:I.2.4.7,canonical local-spectrum morphism is a scheme monomorphism,french_admitted,F8.json,2137BF64B9BD210176B58075DBDB58E7C8A5669F9EFAD61410510A01D32D0BC0,a04446e57ec1fbc252a871afcec7752fb2807b14,schemes.tex,schemes-example-Q-over-Z,01L9,split,reviewed_existing,component,The target explicitly states that Spec of the local ring at any point maps monomorphically to the scheme,D000063,
S000213,ega:I.2.4.7,canonical quotient composite is monic among ringed spaces,french_admitted,F8.json,2137BF64B9BD210176B58075DBDB58E7C8A5669F9EFAD61410510A01D32D0BC0,a04446e57ec1fbc252a871afcec7752fb2807b14,schemes.tex,schemes-lemma-injective-points-surjective-stalks,01L6,partial,reviewed_existing,covered_derived,Injectivity and surjective stalk maps prove scheme monicity and the same proof applies verbatim to all ringed-space test objects,D000063,The formal target has a narrower ambient category
S000214,ega:I.2.4.8,invertible and trivial module terminology,french_admitted,F8.json,2137BF64B9BD210176B58075DBDB58E7C8A5669F9EFAD61410510A01D32D0BC0,a04446e57ec1fbc252a871afcec7752fb2807b14,modules.tex,modules-definition-invertible,01CS,equivalent,reviewed_existing,component,The target defines invertibility and says trivial means isomorphic to the structure sheaf exactly as in the source,D000064,
S000215,ega:I.2.4.8,invertible modules on schemes are locally free of rank one,french_admitted,F8.json,2137BF64B9BD210176B58075DBDB58E7C8A5669F9EFAD61410510A01D32D0BC0,a04446e57ec1fbc252a871afcec7752fb2807b14,modules.tex,modules-lemma-invertible-is-locally-free-rank-1,0B8M,split,reviewed_existing,component,All scheme stalks are local so the target gives the local rank-one trivializations used by the source,D000064,
S000216,ega:I.2.4.8,an open containing the closed point of a local spectrum is the whole space,french_admitted,F8.json,2137BF64B9BD210176B58075DBDB58E7C8A5669F9EFAD61410510A01D32D0BC0,a04446e57ec1fbc252a871afcec7752fb2807b14,schemes.tex,schemes-lemma-morphism-from-spec-local-ring,01J6,split,reviewed_existing,covered_unlabelled,The proof observes explicitly that any open neighbourhood of the unique closed point in Spec of a local ring is the entire spectrum,D000064,This proof-level fact globalizes a local trivialization
S000217,ega:I.2.4.8,arbitrary affine schemes can have nontrivial invertible modules,french_admitted,F8.json,2137BF64B9BD210176B58075DBDB58E7C8A5669F9EFAD61410510A01D32D0BC0,a04446e57ec1fbc252a871afcec7752fb2807b14,exercises.tex,exercises-exercise-simple-examples-invertible,02AH,split,reviewed_existing,component,Item two gives an explicit affine ring with a nontrivial invertible module and therefore witnesses the source warning,D000064,This is an exercise-level example rather than theorem-grade proof coverage
S000218,ega:I.2.4.8,factorial affine schemes have trivial invertible modules,french_admitted,F8.json,2137BF64B9BD210176B58075DBDB58E7C8A5669F9EFAD61410510A01D32D0BC0,a04446e57ec1fbc252a871afcec7752fb2807b14,divisors.tex,divisors-lemma-open-subscheme-UFD,0BDA,entailed_by_stronger,reviewed_existing,component,The target proves trivial Picard group for Spec of any UFD and even every open subscheme,D000064,Factoriality already implies normality
S000219,ega:I.2.4.8,algebraic Picard triviality for a UFD,french_admitted,F8.json,2137BF64B9BD210176B58075DBDB58E7C8A5669F9EFAD61410510A01D32D0BC0,a04446e57ec1fbc252a871afcec7752fb2807b14,more-algebra.tex,more-algebra-lemma-UFD-Pic-trivial,0BCH,split,reviewed_existing,component,The algebraic target is the proof dependency converting UFD into trivial Picard group and hence trivial invertible modules,D000064,Normality alone would not suffice
S000220,ega:I.2.5.1,scheme over a base and structure morphism terminology,french_admitted,F8.json,2137BF64B9BD210176B58075DBDB58E7C8A5669F9EFAD61410510A01D32D0BC0,a04446e57ec1fbc252a871afcec7752fb2807b14,schemes.tex,schemes-definition-base-change,01JX,equivalent,reviewed_existing,component,Item one defines a scheme over S as a scheme equipped with a structure morphism to S exactly as in the source,D000066,EGA prescheme is the modern unrestricted scheme
S000221,ega:I.2.5.1,scheme over an affine base ring,french_admitted,F8.json,2137BF64B9BD210176B58075DBDB58E7C8A5669F9EFAD61410510A01D32D0BC0,a04446e57ec1fbc252a871afcec7752fb2807b14,schemes.tex,schemes-definition-base-change,01JX,equivalent,reviewed_existing,component,Item two defines a scheme over A as a scheme over Spec A and matches the affine-base terminology,D000066,
S000222,ega:I.2.5.1,sheaf of A algebras as an affine-base structure,french_admitted,F8.json,2137BF64B9BD210176B58075DBDB58E7C8A5669F9EFAD61410510A01D32D0BC0,a04446e57ec1fbc252a871afcec7752fb2807b14,schemes.tex,schemes-lemma-morphism-into-affine,01I1,equivalent,reviewed_existing,covered_derived,A map to Spec A is a ring map from A to global functions and restriction gives exactly the compatible A-algebra structures on the structure sheaf,D000066,Stacks states the global-section form rather than the sheaf wording
S000223,ega:I.2.5.1,every scheme has a unique structure over Spec Z,french_admitted,F8.json,2137BF64B9BD210176B58075DBDB58E7C8A5669F9EFAD61410510A01D32D0BC0,a04446e57ec1fbc252a871afcec7752fb2807b14,schemes.tex,schemes-lemma-fibre-products,01JM,entailed_by_stronger,reviewed_existing,component,The target says schemes have a final object and its proof identifies that object as Spec Z,D000066,Z is initial among rings so Spec Z is terminal among schemes
S000224,ega:I.2.5.1,a point lies over its image under the structure morphism,french_admitted,F8.json,2137BF64B9BD210176B58075DBDB58E7C8A5669F9EFAD61410510A01D32D0BC0,a04446e57ec1fbc252a871afcec7752fb2807b14,schemes.tex,schemes-definition-base-change,01JX,split,reviewed_existing,covered_unlabelled,The point-over relation is exactly equality under the underlying map of the structure morphism defined in item one,D000066,This is not yet the scheme-theoretic fibre
S000225,ega:I.2.5.1,a scheme dominates its base when the structure morphism has dense image,french_admitted,F8.json,2137BF64B9BD210176B58075DBDB58E7C8A5669F9EFAD61410510A01D32D0BC0,a04446e57ec1fbc252a871afcec7752fb2807b14,morphisms.tex,morphisms-definition-dominant,01RJ,equivalent,reviewed_existing,component,The target defines dominance by density of the image and applies without irreducibility or surjectivity,D000066,
S000226,ega:I.2.5.2,morphism over S as a commuting triangle,french_admitted,F8.json,2137BF64B9BD210176B58075DBDB58E7C8A5669F9EFAD61410510A01D32D0BC0,a04446e57ec1fbc252a871afcec7752fb2807b14,schemes.tex,schemes-definition-base-change,01JX,equivalent,reviewed_existing,component,Item three defines a morphism over S by equality of the two structure maps exactly as in the source,D000067,
S000227,ega:I.2.5.2:diagram:xymatrix:1,native triangle expressing equality over S,french_admitted,F8.json,2137BF64B9BD210176B58075DBDB58E7C8A5669F9EFAD61410510A01D32D0BC0,a04446e57ec1fbc252a871afcec7752fb2807b14,schemes.tex,schemes-definition-base-change,01JX,split,reviewed_existing,covered_derived,The horizontal arrow and both structural arrows encode precisely the equality in item three,D000067,No identical labelled Stacks diagram exists
S000228,ega:I.2.5.2,S morphisms preserve the base point of every source point,french_admitted,F8.json,2137BF64B9BD210176B58075DBDB58E7C8A5669F9EFAD61410510A01D32D0BC0,a04446e57ec1fbc252a871afcec7752fb2807b14,schemes.tex,schemes-definition-base-change,01JX,split,reviewed_existing,covered_derived,Evaluating the structure-map equality at x proves that u of x lies over the same point of S,D000067,Pointwise fibre preservation alone is not sufficient to define a scheme morphism over S
S000229,ega:I.2.5.2,schemes over S and their morphisms form the slice category,french_admitted,F8.json,2137BF64B9BD210176B58075DBDB58E7C8A5669F9EFAD61410510A01D32D0BC0,a04446e57ec1fbc252a871afcec7752fb2807b14,categories.tex,categories-example-category-over-X,001G,equivalent,reviewed_existing,component,The target constructs C over S with commuting morphisms composition and identities exactly as used here,D000067,This is the slice category Sch over S rather than a coslice
S000230,ega:I.2.5.2,Hom set of morphisms over S,french_admitted,F8.json,2137BF64B9BD210176B58075DBDB58E7C8A5669F9EFAD61410510A01D32D0BC0,a04446e57ec1fbc252a871afcec7752fb2807b14,schemes.tex,schemes-definition-base-change,01JX,equivalent,reviewed_existing,component,Item four writes Mor_S of X and Y for the same slice-category Hom set denoted Hom_S in the source,D000067,This is not an internal Hom object
S000231,ega:I.2.5.2,A morphism means a morphism over the affine base Spec A,french_admitted,F8.json,2137BF64B9BD210176B58075DBDB58E7C8A5669F9EFAD61410510A01D32D0BC0,a04446e57ec1fbc252a871afcec7752fb2807b14,schemes.tex,schemes-definition-base-change,01JX,equivalent,reviewed_existing,component,Items two and three combine to give the source A-morphism terminology without requiring X or Y affine,D000067,
S000232,ega:I.2.5.3,postcomposition gives an induced S scheme structure,french_admitted,F8.json,2137BF64B9BD210176B58075DBDB58E7C8A5669F9EFAD61410510A01D32D0BC0,a04446e57ec1fbc252a871afcec7752fb2807b14,categories.tex,categories-example-category-over-X,001G,split,reviewed_existing,component,The target gives the postcomposition functor from objects over X to objects over S for every map from X to S,D000068,
S000233,ega:I.2.5.3,canonical open subspace morphism into X,french_admitted,F8.json,2137BF64B9BD210176B58075DBDB58E7C8A5669F9EFAD61410510A01D32D0BC0,a04446e57ec1fbc252a871afcec7752fb2807b14,schemes.tex,schemes-example-open-subspace,01HF,split,reviewed_existing,component,The target constructs the restricted structure sheaf and canonical open immersion used to compose U into X into S,D000068,
S000234,ega:I.2.5.3,an open subspace of a scheme is a scheme,french_admitted,F8.json,2137BF64B9BD210176B58075DBDB58E7C8A5669F9EFAD61410510A01D32D0BC0,a04446e57ec1fbc252a871afcec7752fb2807b14,schemes.tex,schemes-lemma-open-subspace-scheme,01IK,split,reviewed_existing,component,The target ensures that the induced open ringed space is a scheme before giving it the composite S structure,D000068,
S000235,ega:I.2.5.3,restriction of an S morphism to an open source,french_admitted,F8.json,2137BF64B9BD210176B58075DBDB58E7C8A5669F9EFAD61410510A01D32D0BC0,a04446e57ec1fbc252a871afcec7752fb2807b14,categories.tex,categories-example-category-over-X,001G,split,reviewed_existing,component,Composition of the open inclusion with an arrow over S remains an arrow in the slice category,D000068,This is source restriction and not target factorization
S000236,ega:I.2.5.3,compatible local S morphisms glue uniquely,french_admitted,F8.json,2137BF64B9BD210176B58075DBDB58E7C8A5669F9EFAD61410510A01D32D0BC0,a04446e57ec1fbc252a871afcec7752fb2807b14,schemes.tex,schemes-lemma-glue,01JB,split,reviewed_existing,covered_derived,The target glues the underlying morphisms and uniqueness applied to their composites with the base map proves that the result is over S,D000068,No finiteness quasi-compactness or separation hypothesis is used
S000237,ega:I.2.5.3,factorization through an open target remains over S,french_admitted,F8.json,2137BF64B9BD210176B58075DBDB58E7C8A5669F9EFAD61410510A01D32D0BC0,a04446e57ec1fbc252a871afcec7752fb2807b14,schemes.tex,schemes-lemma-restrict-map-to-opens,01HI,split,reviewed_existing,covered_derived,The target gives the unique ordinary factorization through V and its composite structure map equals the original map to S,D000068,The image-containment criterion relies on V being open
S000238,ega:I.2.5.4,forgetting an S prime structure by postcomposition to S,french_admitted,F8.json,2137BF64B9BD210176B58075DBDB58E7C8A5669F9EFAD61410510A01D32D0BC0,a04446e57ec1fbc252a871afcec7752fb2807b14,categories.tex,categories-example-category-over-X,001G,split,reviewed_existing,component,The target gives exactly the functor from schemes over S prime to schemes over S induced by the base morphism,D000069,This is not Cartesian base change
S000239,ega:I.2.5.4,structure map with image in an open base factors uniquely through it,french_admitted,F8.json,2137BF64B9BD210176B58075DBDB58E7C8A5669F9EFAD61410510A01D32D0BC0,a04446e57ec1fbc252a871afcec7752fb2807b14,schemes.tex,schemes-lemma-restrict-map-to-opens,01HI,entailed_by_stronger,reviewed_existing,component,The target strengthens the source by giving the unique factorization of X to S through the open subspace S prime,D000069,Set-theoretic image containment would not suffice for a closed subscheme
S000240,ega:I.2.5.4,an S morphism between objects supported over S prime is automatically over S prime,french_admitted,F8.json,2137BF64B9BD210176B58075DBDB58E7C8A5669F9EFAD61410510A01D32D0BC0,a04446e57ec1fbc252a871afcec7752fb2807b14,schemes.tex,schemes-lemma-immersions-monomorphisms,01L7,split,reviewed_existing,covered_derived,The open immersion S prime to S is monic so equality after composition with it implies equality of the S prime structure maps,D000069,The assertion fails for a general nonmonomorphic base map
S000241,ega:I.2.5.5,section of a structure morphism as a right inverse,french_admitted,F8.json,2137BF64B9BD210176B58075DBDB58E7C8A5669F9EFAD61410510A01D32D0BC0,a04446e57ec1fbc252a871afcec7752fb2807b14,schemes.tex,schemes-lemma-section-immersion,01KT,equivalent,reviewed_existing,component,The first sentence recalls exactly that a section s of f satisfies f composed with s equal to the identity,D000070,Later immersion and separation conclusions are extra and are not imported
S000242,ega:I.2.5.5,the section set is Mor_S from S to X,french_admitted,F8.json,2137BF64B9BD210176B58075DBDB58E7C8A5669F9EFAD61410510A01D32D0BC0,a04446e57ec1fbc252a871afcec7752fb2807b14,schemes.tex,schemes-definition-base-change,01JX,split,reviewed_existing,covered_derived,Items three and four identify an S morphism from the identity object S to X with a right inverse of the structure morphism,D000070,EGA writes Gamma of X over S while Stacks writes Mor_S of S into X
S000243,ega:I.3.1.1,arbitrary topological sum and coproduct topology,french_admitted,F8.json,2137BF64B9BD210176B58075DBDB58E7C8A5669F9EFAD61410510A01D32D0BC0,a04446e57ec1fbc252a871afcec7752fb2807b14,topology.tex,topology-lemma-colimits,0B1X,entailed_by_stronger,reviewed_existing,component,The target proves that topological spaces have all colimits and its preceding construction gives the exact set-indexed coproduct topology,D000072,Each source component is open and also closed
S000244,ega:I.3.1.1,disjoint gluing construction and coproduct mapping property,french_admitted,F8.json,2137BF64B9BD210176B58075DBDB58E7C8A5669F9EFAD61410510A01D32D0BC0,a04446e57ec1fbc252a871afcec7752fb2807b14,schemes.tex,schemes-lemma-glue,01JB,entailed_by_stronger,reviewed_existing,full_statement,With diagonal overlaps equal to each component and every off-diagonal overlap empty the target constructs exactly the sum and its product-of-Hom-sets bijection,D000072,The target allows arbitrary nonempty overlaps and is therefore stronger
S000245,ega:I.3.1.1,transported component sheaves glue on the sum,french_admitted,F8.json,2137BF64B9BD210176B58075DBDB58E7C8A5669F9EFAD61410510A01D32D0BC0,a04446e57ec1fbc252a871afcec7752fb2807b14,sheaves.tex,sheaves-lemma-glue-sheaves,00AL,split,reviewed_existing,component,The target glues the pushforward component sheaves and the disjoint case has no nontrivial compatibility condition,D000072,The source correctly uses pushforward along each component homeomorphism
S000246,ega:I.3.1.1,ring structures survive sheaf gluing,french_admitted,F8.json,2137BF64B9BD210176B58075DBDB58E7C8A5669F9EFAD61410510A01D32D0BC0,a04446e57ec1fbc252a871afcec7752fb2807b14,sheaves.tex,sheaves-lemma-glue-sheaves-structures,00AM,split,reviewed_existing,component,The target preserves the sheaves of rings structure needed for the glued locally ringed space,D000072,
S000247,ega:I.3.1.1,the disjoint gluing of schemes is a scheme,french_admitted,F8.json,2137BF64B9BD210176B58075DBDB58E7C8A5669F9EFAD61410510A01D32D0BC0,a04446e57ec1fbc252a871afcec7752fb2807b14,schemes.tex,schemes-lemma-glue-schemes,01JC,entailed_by_stronger,reviewed_existing,component,The target upgrades arbitrary gluing data of schemes and hence the empty-overlap construction to a scheme,D000072,No separation quasi-compactness or finiteness hypothesis is present
S000248,ega:I.3.1.1,universal Hom bijection is the categorical coproduct property,french_admitted,F8.json,2137BF64B9BD210176B58075DBDB58E7C8A5669F9EFAD61410510A01D32D0BC0,a04446e57ec1fbc252a871afcec7752fb2807b14,categories.tex,categories-definition-coproduct,002J,equivalent,reviewed_existing,component,The target defines a set-indexed coproduct by exactly the source universal mapping property,D000072,This abstract definition alone does not prove existence in schemes
S000249,ega:I.3.1.1,unique induced S structure on the arbitrary coproduct,french_admitted,F8.json,2137BF64B9BD210176B58075DBDB58E7C8A5669F9EFAD61410510A01D32D0BC0,a04446e57ec1fbc252a871afcec7752fb2807b14,schemes.tex,schemes-lemma-glue,01JB,entailed_by_stronger,reviewed_existing,covered_derived,Apply the target mapping property with Y equal to S and the family of structure maps to obtain the unique map from the coproduct,D000073,The same argument yields the coproduct in the slice category Sch over S
S000250,ega:I.3.1.1,the induced map makes the sum a scheme over S,french_admitted,F8.json,2137BF64B9BD210176B58075DBDB58E7C8A5669F9EFAD61410510A01D32D0BC0,a04446e57ec1fbc252a871afcec7752fb2807b14,schemes.tex,schemes-definition-base-change,01JX,split,reviewed_existing,component,Item one turns the unique map to S into the structure morphism of an S scheme,D000073,
S000251,ega:I.3.1.1,binary coproduct and notation,french_admitted,F8.json,2137BF64B9BD210176B58075DBDB58E7C8A5669F9EFAD61410510A01D32D0BC0,a04446e57ec1fbc252a871afcec7752fb2807b14,categories.tex,categories-definition-coproducts,04AO,equivalent,reviewed_existing,component,The target gives the same binary universal property and writes X amalg Y where the source writes X sqcup Y,D000073,Only notation differs
S000252,ega:I.3.1.1,underlying spectrum of a binary product ring is the disjoint union,french_admitted,F8.json,2137BF64B9BD210176B58075DBDB58E7C8A5669F9EFAD61410510A01D32D0BC0,a04446e57ec1fbc252a871afcec7752fb2807b14,algebra.tex,algebra-lemma-spec-product,00ED,equivalent,reviewed_existing,component,The ring projections induce the two coprojections and the target proves their disjoint-union homeomorphism onto Spec of A times B,D000074,This target alone does not prove structure-sheaf compatibility
S000253,ega:I.3.1.1,canonical scheme isomorphism from the binary affine coproduct to Spec of the product ring,french_admitted,F8.json,2137BF64B9BD210176B58075DBDB58E7C8A5669F9EFAD61410510A01D32D0BC0,a04446e57ec1fbc252a871afcec7752fb2807b14,schemes.tex,schemes-lemma-disjoint-union-affines,01I5,entailed_by_stronger,reviewed_existing,covered_unlabelled,The proof constructs the canonical map to Spec of global sections A times B and proves it is an isomorphism of locally ringed spaces,D000074,Do not extend this binary statement to an infinite product of rings
S000254,ega:I.3.2.1,S schemes and S morphisms form the slice category,french_admitted,F8.json,2137BF64B9BD210176B58075DBDB58E7C8A5669F9EFAD61410510A01D32D0BC0,a04446e57ec1fbc252a871afcec7752fb2807b14,categories.tex,categories-example-category-over-X,001G,split,reviewed_existing,component,The target identifies objects over S and commuting arrows as the slice category in which the source takes its product,D000076,
S000255,ega:I.3.2.1,product universal property in the slice category,french_admitted,F8.json,2137BF64B9BD210176B58075DBDB58E7C8A5669F9EFAD61410510A01D32D0BC0,a04446e57ec1fbc252a871afcec7752fb2807b14,categories.tex,categories-definition-products,001S,split,reviewed_existing,component,The target gives exactly the product Hom bijection after taking the ambient category to be Sch over S,D000076,Ordinary products in Sch would use the terminal base instead
S000256,ega:I.3.2.1,product of S schemes as an ordinary scheme fibre product,french_admitted,F8.json,2137BF64B9BD210176B58075DBDB58E7C8A5669F9EFAD61410510A01D32D0BC0,a04446e57ec1fbc252a871afcec7752fb2807b14,schemes.tex,schemes-definition-fibre-product,01JP,equivalent,reviewed_existing,full_statement,The cartesian universal property and both projections are exactly the source product in Sch over S,D000076,
S000257,ega:I.3.2.1,uniqueness up to unique projection-compatible isomorphism,french_admitted,F8.json,2137BF64B9BD210176B58075DBDB58E7C8A5669F9EFAD61410510A01D32D0BC0,a04446e57ec1fbc252a871afcec7752fb2807b14,categories.tex,categories-definition-fibre-products,001V,split,reviewed_existing,covered_unlabelled,The prose following the target definition derives exactly the source uniqueness statement by Yoneda,D000076,Canonical means relative to the projection data
S000258,ega:I.3.2.1,canonical projections and pairing map,french_admitted,F8.json,2137BF64B9BD210176B58075DBDB58E7C8A5669F9EFAD61410510A01D32D0BC0,a04446e57ec1fbc252a871afcec7752fb2807b14,schemes.tex,schemes-definition-fibre-product,01JP,split,reviewed_existing,component,The target includes both projections and the unique dotted arrow characterized by its two projection composites,D000076,Stacks does not adopt the ordered-pair sub S notation
S000259,ega:I.3.2.1,induced morphism u times_S v between chosen products,french_admitted,F8.json,2137BF64B9BD210176B58075DBDB58E7C8A5669F9EFAD61410510A01D32D0BC0,a04446e57ec1fbc252a871afcec7752fb2807b14,categories.tex,categories-lemma-functorial-limit,002L,entailed_by_stronger,reviewed_existing,covered_derived,General functoriality of limits specializes to the unique pairing of u after p1 prime and v after p2 prime,D000076,Both source and target product objects are assumed chosen
S000260,ega:I.3.2.1,affine-base shorthand replaces Spec A by A in product notation,french_admitted,F8.json,2137BF64B9BD210176B58075DBDB58E7C8A5669F9EFAD61410510A01D32D0BC0,a04446e57ec1fbc252a871afcec7752fb2807b14,schemes.tex,schemes-definition-base-change,01JX,split,reviewed_existing,component,Item two identifies schemes over A with schemes over Spec A and justifies every source shorthand,D000076,Neither factor is required affine
S000261,ega:I.3.2.2,affine fibre product is Spec of the tensor product,french_admitted,F8.json,2137BF64B9BD210176B58075DBDB58E7C8A5669F9EFAD61410510A01D32D0BC0,a04446e57ec1fbc252a871afcec7752fb2807b14,schemes.tex,schemes-lemma-fibre-product-affine-schemes,01I4,equivalent,reviewed_existing,full_statement,After renaming rings the displayed formula is exactly Spec B times over Spec A Spec C equals Spec of B tensor_A C,D000077,The target also proves the fibre product in locally ringed spaces
S000262,ega:I.3.2.2,canonical projection ring maps into the tensor product,french_admitted,F8.json,2137BF64B9BD210176B58075DBDB58E7C8A5669F9EFAD61410510A01D32D0BC0,a04446e57ec1fbc252a871afcec7752fb2807b14,schemes.tex,schemes-lemma-fibre-product-affine-schemes,01I4,split,reviewed_existing,covered_unlabelled,The canonical data are B to B tensor_A C by b tensor one and C to it by one tensor c with scheme arrows reversed,D000077,
S000263,ega:I.3.2.2,A algebra Hom bijection proving the affine product,french_admitted,F8.json,2137BF64B9BD210176B58075DBDB58E7C8A5669F9EFAD61410510A01D32D0BC0,a04446e57ec1fbc252a871afcec7752fb2807b14,schemes.tex,schemes-lemma-fibre-product-affine-schemes,01I4,split,reviewed_existing,covered_unlabelled,The proof states the same fibre product of Hom sets and EGA Hom_A builds agreement on A into both factors,D000077,
S000264,ega:I.3.2.2,module tensor universal property underlying the algebra proof,french_admitted,F8.json,2137BF64B9BD210176B58075DBDB58E7C8A5669F9EFAD61410510A01D32D0BC0,a04446e57ec1fbc252a871afcec7752fb2807b14,algebra.tex,algebra-lemma-tensor-product,00CX,split,reviewed_existing,component,The target supplies the balanced bilinear extension on pure tensors used before multiplicativity yields an A algebra map,D000077,It is a dependency and not alone the algebra Hom theorem
S000265,ega:I.3.2.3,affine pairing morphism represented by the induced tensor map,french_admitted,F8.json,2137BF64B9BD210176B58075DBDB58E7C8A5669F9EFAD61410510A01D32D0BC0,a04446e57ec1fbc252a871afcec7752fb2807b14,schemes.tex,schemes-lemma-fibre-product-affine-schemes,01I4,split,reviewed_existing,covered_derived,The concrete inverse of the target Hom bijection sends the compatible pair rho sigma to the unique map tau,D000078,
S000266,ega:I.3.2.3,affine scheme morphisms correspond contravariantly to ring maps,french_admitted,F8.json,2137BF64B9BD210176B58075DBDB58E7C8A5669F9EFAD61410510A01D32D0BC0,a04446e57ec1fbc252a871afcec7752fb2807b14,schemes.tex,schemes-lemma-morphism-into-affine,01I1,split,reviewed_existing,component,The target turns alpha beta and their pairing into rho sigma and tau with the required arrow reversal,D000078,
S000267,ega:I.3.2.3,pure tensor formula tau of b tensor c,french_admitted,F8.json,2137BF64B9BD210176B58075DBDB58E7C8A5669F9EFAD61410510A01D32D0BC0,a04446e57ec1fbc252a871afcec7752fb2807b14,algebra.tex,algebra-lemma-tensor-product,00CX,split,reviewed_existing,covered_derived,The bilinear map sending b comma c to rho of b times sigma of c extends uniquely and compatibility plus commutativity makes it multiplicative,D000078,The two maps must agree on A
S000268,ega:I.3.2.4,categorical monomorphism cancellation in the proof,french_admitted,F8.json,2137BF64B9BD210176B58075DBDB58E7C8A5669F9EFAD61410510A01D32D0BC0,a04446e57ec1fbc252a871afcec7752fb2807b14,categories.tex,categories-definition-mono-epi,003B,equivalent,reviewed_existing,component,The target cancellation definition gives phi after u equals psi after v from equality after composition with f,D000079,
S000269,ega:I.3.2.4,scheme monomorphism uses the categorical definition,french_admitted,F8.json,2137BF64B9BD210176B58075DBDB58E7C8A5669F9EFAD61410510A01D32D0BC0,a04446e57ec1fbc252a871afcec7752fb2807b14,schemes.tex,schemes-definition-monomorphism,01L2,equivalent,reviewed_existing,component,The target defines a scheme monomorphism exactly as a monomorphism in the category of schemes,D000079,Point injectivity is not a replacement
S000270,ega:I.3.2.4,monomorphism characterized by an isomorphic diagonal,french_admitted,F8.json,2137BF64B9BD210176B58075DBDB58E7C8A5669F9EFAD61410510A01D32D0BC0,a04446e57ec1fbc252a871afcec7752fb2807b14,schemes.tex,schemes-lemma-monomorphism,01L3,split,reviewed_existing,component,The target turns monicity of S prime to S into an isomorphism from S prime to its self fibre product,D000079,
S000271,ega:I.3.2.4,comparison of products over S prime and S is the base change of the diagonal,french_admitted,F8.json,2137BF64B9BD210176B58075DBDB58E7C8A5669F9EFAD61410510A01D32D0BC0,a04446e57ec1fbc252a871afcec7752fb2807b14,schemes.tex,schemes-lemma-fibre-product-after-map,01KR,split,reviewed_existing,covered_derived,The proof diagram identifies X times over S prime Y to X times over S Y as the pullback of the diagonal and 01L3 makes it an isomorphism,D000079,Tag 01KR alone gives only immersion consequences
S000272,ega:I.3.2.5,structure maps with image in the open base factor uniquely through it,french_admitted,F8.json,2137BF64B9BD210176B58075DBDB58E7C8A5669F9EFAD61410510A01D32D0BC0,a04446e57ec1fbc252a871afcec7752fb2807b14,schemes.tex,schemes-lemma-restrict-map-to-opens,01HI,split,reviewed_existing,component,The target gives the unique S prime structures on X and Y required to apply the preceding proposition,D000080,
S000273,ega:I.3.2.5,the canonical open immersion of the base is monic,french_admitted,F8.json,2137BF64B9BD210176B58075DBDB58E7C8A5669F9EFAD61410510A01D32D0BC0,a04446e57ec1fbc252a871afcec7752fb2807b14,schemes.tex,schemes-lemma-immersions-monomorphisms,01L7,entailed_by_stronger,reviewed_existing,component,The target proves every immersion is a monomorphism and hence covers the canonical open inclusion,D000080,
S000274,ega:I.3.2.5,products over the open base and ambient base coincide,french_admitted,F8.json,2137BF64B9BD210176B58075DBDB58E7C8A5669F9EFAD61410510A01D32D0BC0,a04446e57ec1fbc252a871afcec7752fb2807b14,schemes.tex,schemes-lemma-fibre-product-after-map,01KR,split,reviewed_existing,covered_derived,The comparison is the pullback of the open-base diagonal which is an isomorphism by monicity,D000080,This remains conditional on a chosen product and does not itself prove existence
S000275,ega:I.3.2.6,existence of every product of two S schemes,french_admitted,F8.json,2137BF64B9BD210176B58075DBDB58E7C8A5669F9EFAD61410510A01D32D0BC0,a04446e57ec1fbc252a871afcec7752fb2807b14,schemes.tex,schemes-lemma-fibre-products,01JM,entailed_by_stronger,reviewed_existing,full_statement,The target proves all finite limits and hence every fibre product of schemes,D000082,The source needs only one binary product in Sch over S
S000276,ega:I.3.2.6,product terminology and universal object supplied by the fibre-product definition,french_admitted,F8.json,2137BF64B9BD210176B58075DBDB58E7C8A5669F9EFAD61410510A01D32D0BC0,a04446e57ec1fbc252a871afcec7752fb2807b14,schemes.tex,schemes-definition-fibre-product,01JP,split,reviewed_existing,component,The definition identifies the object furnished by 01JM with X times_S Y and its projections,D000082,Definition alone does not prove existence
S000277,ega:I.3.2.6.1,open inverse-image intersection represents the product of the chosen opens,french_admitted,F8.json,2137BF64B9BD210176B58075DBDB58E7C8A5669F9EFAD61410510A01D32D0BC0,a04446e57ec1fbc252a871afcec7752fb2807b14,schemes.tex,schemes-lemma-open-fibre-product,01JR,entailed_by_stronger,reviewed_existing,full_statement,Taking the target base open to be all of S gives the exact source intersection and restricted projections,D000083,The target also permits a smaller open base and identifies the canonical open immersion
S000278,ega:I.3.2.6.2,universal-property test for the preassigned cone Z,french_admitted,F8.json,2137BF64B9BD210176B58075DBDB58E7C8A5669F9EFAD61410510A01D32D0BC0,a04446e57ec1fbc252a871afcec7752fb2807b14,schemes.tex,schemes-definition-fibre-product,01JP,split,reviewed_existing,component,The source proves existence and uniqueness of the dotted arrow for this particular cone by checking them locally,D000084,Unconditional existence does not identify the candidate Z
S000279,ega:I.3.2.6.2,local morphisms into Z agree and glue on the induced open cover,french_admitted,F8.json,2137BF64B9BD210176B58075DBDB58E7C8A5669F9EFAD61410510A01D32D0BC0,a04446e57ec1fbc252a871afcec7752fb2807b14,schemes.tex,schemes-lemma-glue,01JB,split,reviewed_existing,covered_derived,The mapping property of gluing gives the local equality and unique global morphism used in both halves of the proof,D000084,
S000280,ega:I.3.2.6.2,pairwise overlap of product charts is the product of intersected opens,french_admitted,F8.json,2137BF64B9BD210176B58075DBDB58E7C8A5669F9EFAD61410510A01D32D0BC0,a04446e57ec1fbc252a871afcec7752fb2807b14,schemes.tex,schemes-lemma-open-fibre-product,01JR,split,reviewed_existing,covered_derived,The open-product result makes both local lifts land in one overlap product where uniqueness forces equality,D000084,This is semantic coverage after global existence and not an 01JM dependency
S000281,ega:I.3.2.6.2,same sheaf-of-compatible-pairs argument inside the global existence proof,french_admitted,F8.json,2137BF64B9BD210176B58075DBDB58E7C8A5669F9EFAD61410510A01D32D0BC0,a04446e57ec1fbc252a871afcec7752fb2807b14,schemes.tex,schemes-lemma-fibre-products,01JM,split,reviewed_existing,covered_unlabelled,The proof verifies Zariski descent for compatible pairs of maps by the same local-to-global reasoning,D000084,It does not state the candidate-cone criterion as a lemma
S000282,ega:I.3.2.6.3,existence of the global product from local product existence,french_admitted,F8.json,2137BF64B9BD210176B58075DBDB58E7C8A5669F9EFAD61410510A01D32D0BC0,a04446e57ec1fbc252a871afcec7752fb2807b14,schemes.tex,schemes-lemma-fibre-products,01JM,entailed_by_stronger,reviewed_existing,full_statement,The target removes the local-existence hypothesis and proves every scheme fibre product exists,D000085,
S000283,ega:I.3.2.6.3,representing functor assembled from locally represented open subfunctors,french_admitted,F8.json,2137BF64B9BD210176B58075DBDB58E7C8A5669F9EFAD61410510A01D32D0BC0,a04446e57ec1fbc252a871afcec7752fb2807b14,schemes.tex,schemes-lemma-glue-functors,01JJ,split,reviewed_existing,covered_derived,Instantiating the general representability theorem with the fibre-product functor reconstructs the source local-to-global existence argument,D000085,
S000284,ega:I.3.2.6.3,canonical overlap isomorphisms and forced cocycle,french_admitted,F8.json,2137BF64B9BD210176B58075DBDB58E7C8A5669F9EFAD61410510A01D32D0BC0,a04446e57ec1fbc252a871afcec7752fb2807b14,categories.tex,categories-definition-fibre-products,001V,split,reviewed_existing,covered_derived,Unique projection-compatible isomorphisms between overlap products automatically satisfy the triple-overlap cocycle,D000085,
S000285,ega:I.3.2.6.3,gluing local products and their compatible projections,french_admitted,F8.json,2137BF64B9BD210176B58075DBDB58E7C8A5669F9EFAD61410510A01D32D0BC0,a04446e57ec1fbc252a871afcec7752fb2807b14,schemes.tex,schemes-lemma-glue,01JB,split,reviewed_existing,component,The target glues the overlap data and its mapping property glues p q and the structural map,D000085,
S000286,ega:I.3.2.6.3,glued locally ringed space is a scheme,french_admitted,F8.json,2137BF64B9BD210176B58075DBDB58E7C8A5669F9EFAD61410510A01D32D0BC0,a04446e57ec1fbc252a871afcec7752fb2807b14,schemes.tex,schemes-lemma-glue-schemes,01JC,split,reviewed_existing,component,Every local product chart is a scheme so the glued object is a scheme,D000085,
S000287,ega:I.3.2.6.4,base-local product existence criterion,french_admitted,F8.json,2137BF64B9BD210176B58075DBDB58E7C8A5669F9EFAD61410510A01D32D0BC0,a04446e57ec1fbc252a871afcec7752fb2807b14,schemes.tex,schemes-lemma-fibre-products,01JM,entailed_by_stronger,reviewed_existing,full_statement,Unconditional fibre-product existence implies the source conditional assertion for every open base cover,D000086,The target does not preserve the source proof staging as a named lemma
S000288,ega:I.3.2.6.4,maps into cross-index pieces factor through the common base intersection,french_admitted,F8.json,2137BF64B9BD210176B58075DBDB58E7C8A5669F9EFAD61410510A01D32D0BC0,a04446e57ec1fbc252a871afcec7752fb2807b14,schemes.tex,schemes-lemma-restrict-map-to-opens,01HI,split,reviewed_existing,component,Equality of the structural composites puts both images over S_i intersect S_j and gives the required unique open factorizations,D000086,
S000289,ega:I.3.2.6.4,synchronized local products glue to the global representing object,french_admitted,F8.json,2137BF64B9BD210176B58075DBDB58E7C8A5669F9EFAD61410510A01D32D0BC0,a04446e57ec1fbc252a871afcec7752fb2807b14,schemes.tex,schemes-lemma-glue-functors,01JJ,split,reviewed_existing,covered_derived,The general local representability theorem absorbs the cross-index construction and final gluing step,D000086,
S000290,ega:I.3.2.6.5,affine local fibre products from tensor products,french_admitted,F8.json,2137BF64B9BD210176B58075DBDB58E7C8A5669F9EFAD61410510A01D32D0BC0,a04446e57ec1fbc252a871afcec7752fb2807b14,schemes.tex,schemes-lemma-fibre-product-affine-schemes,01I4,split,reviewed_existing,component,Affine charts over an affine base have the tensor-product fibre product needed by the source proof,D000087,
S000291,ega:I.3.2.6.5,affine-cover proof closing global existence,french_admitted,F8.json,2137BF64B9BD210176B58075DBDB58E7C8A5669F9EFAD61410510A01D32D0BC0,a04446e57ec1fbc252a871afcec7752fb2807b14,schemes.tex,schemes-lemma-fibre-products,01JM,partial,reviewed_existing,covered_unlabelled,The target proof uses affine covers and 01JJ in one stage rather than reproducing the source chain through 3.2.5 and 3.2.6.4,D000087,This proof unit carries no second theorem claim
S000292,ega:I.3.2.7,canonical open product identified with the inverse-image intersection,french_admitted,F8.json,2137BF64B9BD210176B58075DBDB58E7C8A5669F9EFAD61410510A01D32D0BC0,a04446e57ec1fbc252a871afcec7752fb2807b14,schemes.tex,schemes-lemma-open-fibre-product,01JR,equivalent,reviewed_existing,component,Renaming the target base and factor opens gives the source canonical induced open subscheme exactly,D000088,
S000293,ega:I.3.2.7,image containment gives the unique factorization through the chosen opens,french_admitted,F8.json,2137BF64B9BD210176B58075DBDB58E7C8A5669F9EFAD61410510A01D32D0BC0,a04446e57ec1fbc252a871afcec7752fb2807b14,schemes.tex,schemes-lemma-restrict-map-to-opens,01HI,split,reviewed_existing,component,The maps f and g become S prime morphisms only after their exact image-containment factorizations,D000088,
S000294,ega:I.3.2.7,pairing over the open base is the factorization of the ambient pairing,french_admitted,F8.json,2137BF64B9BD210176B58075DBDB58E7C8A5669F9EFAD61410510A01D32D0BC0,a04446e57ec1fbc252a871afcec7752fb2807b14,schemes.tex,schemes-definition-fibre-product,01JP,split,reviewed_existing,covered_derived,Uniqueness of the dotted arrow makes the two pairings identical after the 01JR open identification,D000088,
S000295,ega:I.3.2.8,pairwise products are disjoint open pieces of the global product,french_admitted,F8.json,2137BF64B9BD210176B58075DBDB58E7C8A5669F9EFAD61410510A01D32D0BC0,a04446e57ec1fbc252a871afcec7752fb2807b14,schemes.tex,schemes-lemma-open-fibre-product,01JR,split,reviewed_existing,component,Each X_alpha times_S Y_lambda identifies with the intersection of the two component inverse images,D000089,
S000296,ega:I.3.2.8,disjoint product pieces glue with the coproduct mapping property,french_admitted,F8.json,2137BF64B9BD210176B58075DBDB58E7C8A5669F9EFAD61410510A01D32D0BC0,a04446e57ec1fbc252a871afcec7752fb2807b14,schemes.tex,schemes-lemma-glue,01JB,split,reviewed_existing,covered_derived,The gluing data have empty off-diagonal overlaps and reconstruct the global product as the disjoint sum of all pairwise products,D000089,
S000297,ega:I.3.2.8,disjoint gluing remains a scheme,french_admitted,F8.json,2137BF64B9BD210176B58075DBDB58E7C8A5669F9EFAD61410510A01D32D0BC0,a04446e57ec1fbc252a871afcec7752fb2807b14,schemes.tex,schemes-lemma-glue-schemes,01JC,split,reviewed_existing,component,Every pairwise product is a scheme and the glued locally ringed space is therefore a scheme,D000089,
S000298,ega:I.3.2.8,the resulting disjoint union has the set-indexed coproduct universal property,french_admitted,F8.json,2137BF64B9BD210176B58075DBDB58E7C8A5669F9EFAD61410510A01D32D0BC0,a04446e57ec1fbc252a871afcec7752fb2807b14,categories.tex,categories-definition-coproduct,002J,split,reviewed_existing,covered_derived,The target records the universal meaning of the source sum after the scheme gluing construction,D000089,This is not a generic assertion that products preserve coproducts
S000299,ega:I.3.2.8,self-family decomposition appears literally inside a descent proof,french_admitted,F8.json,2137BF64B9BD210176B58075DBDB58E7C8A5669F9EFAD61410510A01D32D0BC0,a04446e57ec1fbc252a871afcec7752fb2807b14,descent.tex,descent-lemma-family-is-one,023X,partial,reviewed_existing,covered_unlabelled,The proof writes X times_S X as the coproduct over i and j of X_i times_S X_j,D000089,It corroborates only the self-family case and is not an exact target
S000300,ega:I.3.3.1,definition of S objects and S morphisms in an arbitrary category,french_admitted,F8.json,2137BF64B9BD210176B58075DBDB58E7C8A5669F9EFAD61410510A01D32D0BC0,a04446e57ec1fbc252a871afcec7752fb2807b14,categories.tex,categories-example-category-over-X,001G,partial,reviewed_existing,component,The target exactly defines the slice category that realizes the valid explanatory clause,D000092,The enclosing omnibus claim is false because its 3.3.10 sum clause is not categorical
S000301,ega:I.3.3.2,covariant variables range over the category of S schemes,french_admitted,F8.json,2137BF64B9BD210176B58075DBDB58E7C8A5669F9EFAD61410510A01D32D0BC0,a04446e57ec1fbc252a871afcec7752fb2807b14,categories.tex,categories-example-category-over-X,001G,split,reviewed_existing,component,The fixed-base objects and arrows form the slice category in which the product is taken,D000093,
S000302,ega:I.3.3.2,induced map f times_S g characterized by its two projections,french_admitted,F8.json,2137BF64B9BD210176B58075DBDB58E7C8A5669F9EFAD61410510A01D32D0BC0,a04446e57ec1fbc252a871afcec7752fb2807b14,categories.tex,categories-definition-fibre-products,001V,split,reviewed_existing,component,The fibre-product universal property gives the unique simultaneous map with projection composites f p and g q,D000093,
S000303,ega:I.3.3.2,identity and composition laws for the chosen product maps,french_admitted,F8.json,2137BF64B9BD210176B58075DBDB58E7C8A5669F9EFAD61410510A01D32D0BC0,a04446e57ec1fbc252a871afcec7752fb2807b14,categories.tex,categories-lemma-functorial-limit,002L,split,reviewed_existing,covered_derived,General functoriality of limits and uniqueness give both bifunctor laws for the fixed pullback choices,D000093,
S000304,ega:I.3.3.2:diagram:xymatrix:1,commutative first-projection square for successive maps f and f prime,french_admitted,F8.json,2137BF64B9BD210176B58075DBDB58E7C8A5669F9EFAD61410510A01D32D0BC0,a04446e57ec1fbc252a871afcec7752fb2807b14,categories.tex,categories-definition-fibre-products,001V,split,reviewed_existing,covered_derived,The defining projection equality for each induced product map makes the displayed composite square commute,D000093,The analogous second-projection equality is implicit in the bifunctor proof
S000305,ega:I.3.3.3,the identity object S to S is terminal in the slice category,french_admitted,F8.json,2137BF64B9BD210176B58075DBDB58E7C8A5669F9EFAD61410510A01D32D0BC0,a04446e57ec1fbc252a871afcec7752fb2807b14,categories.tex,categories-example-category-over-X,001G,split,reviewed_existing,component,Every object T to S has exactly its structural arrow to the identity object S to S,D000094,
S000306,ega:I.3.3.3,terminal-object universal property used by the unit product,french_admitted,F8.json,2137BF64B9BD210176B58075DBDB58E7C8A5669F9EFAD61410510A01D32D0BC0,a04446e57ec1fbc252a871afcec7752fb2807b14,categories.tex,categories-definition-initial-final,002C,split,reviewed_existing,component,The definition applies inside the slice and needs no terminal object in the ambient category,D000094,
S000307,ega:I.3.3.3,product with the terminal slice object is canonically X,french_admitted,F8.json,2137BF64B9BD210176B58075DBDB58E7C8A5669F9EFAD61410510A01D32D0BC0,a04446e57ec1fbc252a871afcec7752fb2807b14,categories.tex,categories-definition-products,001S,split,reviewed_existing,covered_derived,The product universal property proves both projection isomorphisms and their functoriality,D000094,
S000308,ega:I.3.3.3,inverse maps are the pairings one_X comma phi and phi comma one_X,french_admitted,F8.json,2137BF64B9BD210176B58075DBDB58E7C8A5669F9EFAD61410510A01D32D0BC0,a04446e57ec1fbc252a871afcec7752fb2807b14,schemes.tex,schemes-definition-fibre-product,01JP,split,reviewed_existing,covered_derived,The unique dotted arrows with the stated projections are inverse to the canonical projections,D000094,
S000309,ega:I.3.3.3:proof,proof that X with one_X and phi represents the product with S,french_admitted,F8.json,2137BF64B9BD210176B58075DBDB58E7C8A5669F9EFAD61410510A01D32D0BC0,a04446e57ec1fbc252a871afcec7752fb2807b14,categories.tex,categories-definition-products,001S,split,reviewed_existing,covered_derived,For every T the structural map to S is forced and each S map T to X supplies the unique product arrow,D000094,
S000310,ega:I.3.3.4,projection formulas under the two terminal-unit identifications,french_admitted,F8.json,2137BF64B9BD210176B58075DBDB58E7C8A5669F9EFAD61410510A01D32D0BC0,a04446e57ec1fbc252a871afcec7752fb2807b14,schemes.tex,schemes-definition-fibre-product,01JP,split,reviewed_existing,covered_derived,Comparing both projections identifies p with one_X times psi and q with phi times one_Y after the canonical unit isomorphisms,D000095,
S000311,ega:I.3.3.5,finite-family product definition and universal projections,french_admitted,F8.json,2137BF64B9BD210176B58075DBDB58E7C8A5669F9EFAD61410510A01D32D0BC0,a04446e57ec1fbc252a871afcec7752fb2807b14,categories.tex,categories-definition-product,002I,split,reviewed_existing,component,Instantiate the set-indexed definition with a finite family in the slice category,D000096,
S000312,ega:I.3.3.5,binary scheme fibre products used in the induction,french_admitted,F8.json,2137BF64B9BD210176B58075DBDB58E7C8A5669F9EFAD61410510A01D32D0BC0,a04446e57ec1fbc252a871afcec7752fb2807b14,schemes.tex,schemes-lemma-fibre-products,01JM,split,reviewed_existing,component,The target supplies every binary fibre product required to construct successive products over S,D000096,
S000313,ega:I.3.3.5,existence of all finite products from terminal object and fibre products,french_admitted,F8.json,2137BF64B9BD210176B58075DBDB58E7C8A5669F9EFAD61410510A01D32D0BC0,a04446e57ec1fbc252a871afcec7752fb2807b14,categories.tex,categories-lemma-finite-limits-exist,002O,split,reviewed_existing,covered_derived,Applied to the slice category the stronger finite-limit criterion packages the source induction,D000096,
S000314,ega:I.3.3.5,uniqueness of product representatives up to unique projection-compatible isomorphism,french_admitted,F8.json,2137BF64B9BD210176B58075DBDB58E7C8A5669F9EFAD61410510A01D32D0BC0,a04446e57ec1fbc252a871afcec7752fb2807b14,categories.tex,categories-definition-limit,002E,split,reviewed_existing,covered_unlabelled,The prose after the limit definition states unique isomorphism and includes products as examples,D000096,
S000315,ega:I.3.3.5,commutativity and permutation comparisons of finite products,french_admitted,F8.json,2137BF64B9BD210176B58075DBDB58E7C8A5669F9EFAD61410510A01D32D0BC0,a04446e57ec1fbc252a871afcec7752fb2807b14,categories.tex,categories-lemma-functorial-limit,002L,split,reviewed_existing,covered_derived,Reindexing by a finite permutation and its inverse produces the canonical comparison isomorphisms,D000096,
S000316,ega:I.3.3.5,triple-product projection to the first two factors is the pairing of p1 and p2,french_admitted,F8.json,2137BF64B9BD210176B58075DBDB58E7C8A5669F9EFAD61410510A01D32D0BC0,a04446e57ec1fbc252a871afcec7752fb2807b14,schemes.tex,schemes-definition-fibre-product,01JP,split,reviewed_existing,covered_derived,The outer first projection is uniquely characterized by component projections p1 and p2 under the canonical parenthesization,D000096,
S000317,ega:I.3.3.6,base-change object with its S prime structure and inverse-image terminology,french_admitted,F8.json,2137BF64B9BD210176B58075DBDB58E7C8A5669F9EFAD61410510A01D32D0BC0,a04446e57ec1fbc252a871afcec7752fb2807b14,schemes.tex,schemes-definition-base-change,01JX,equivalent,reviewed_existing,full_statement,Item five defines S prime times_S X over S prime and canonical symmetry exchanges the source factor order,D000098,Inverse image here means categorical pullback rather than set-theoretic inverse image
S000318,ega:I.3.3.6:diagram:xymatrix:1,commutative base-change square and structural composite theta,french_admitted,F8.json,2137BF64B9BD210176B58075DBDB58E7C8A5669F9EFAD61410510A01D32D0BC0,a04446e57ec1fbc252a871afcec7752fb2807b14,schemes.tex,schemes-definition-fibre-product,01JP,entailed_by_stronger,reviewed_existing,full_statement,The target square is commutative and cartesian so it includes the displayed equality theta equals pi p equals phi pi prime,D000098,
S000319,ega:I.3.3.7,base change of an S morphism as product with the identity,french_admitted,F8.json,2137BF64B9BD210176B58075DBDB58E7C8A5669F9EFAD61410510A01D32D0BC0,a04446e57ec1fbc252a871afcec7752fb2807b14,schemes.tex,schemes-definition-base-change,01JX,equivalent,reviewed_existing,component,Item six defines the same induced morphism with reversed fibre-product factors,D000099,
S000320,ega:I.3.3.7,covariant base-change functor between the two slice categories,french_admitted,F8.json,2137BF64B9BD210176B58075DBDB58E7C8A5669F9EFAD61410510A01D32D0BC0,a04446e57ec1fbc252a871afcec7752fb2807b14,categories.tex,categories-lemma-functorial-limit,002L,split,reviewed_existing,covered_derived,Fibre-product uniqueness makes the induced maps preserve identities and composition after pullback representatives are chosen,D000099,
S000321,ega:I.3.3.8,postcomposition functor from schemes over S prime to schemes over S,french_admitted,F8.json,2137BF64B9BD210176B58075DBDB58E7C8A5669F9EFAD61410510A01D32D0BC0,a04446e57ec1fbc252a871afcec7752fb2807b14,categories.tex,categories-example-category-over-X,001G,split,reviewed_existing,component,The over-category construction supplies the functor induced by composing structure maps with phi,D000100,
S000322,ega:I.3.3.8,pullback functor from schemes over S to schemes over S prime,french_admitted,F8.json,2137BF64B9BD210176B58075DBDB58E7C8A5669F9EFAD61410510A01D32D0BC0,a04446e57ec1fbc252a871afcec7752fb2807b14,schemes.tex,schemes-definition-base-change,01JX,split,reviewed_existing,component,Items five and six give the object and morphism parts of the right-adjoint pullback functor,D000100,
S000323,ega:I.3.3.8,Hom bijection between S prime maps to the pullback and S maps to X,french_admitted,F8.json,2137BF64B9BD210176B58075DBDB58E7C8A5669F9EFAD61410510A01D32D0BC0,a04446e57ec1fbc252a871afcec7752fb2807b14,schemes.tex,schemes-definition-fibre-product,01JP,equivalent,reviewed_existing,full_statement,The unique map with projections g and psi is precisely the fibre-product universal property,D000100,The adjunction is postcomposition left adjoint to pullback
S000324,ega:I.3.3.9,canonical functorial transitivity isomorphism for successive base changes,french_admitted,F8.json,2137BF64B9BD210176B58075DBDB58E7C8A5669F9EFAD61410510A01D32D0BC0,a04446e57ec1fbc252a871afcec7752fb2807b14,categories.tex,categories-lemma-fibred,02XO,entailed_by_stronger,reviewed_existing,covered_derived,The target supplies the unique natural comparison for composable pullbacks and additionally proves pseudofunctor coherence,D000101,Invert the target comparison to match the source arrow direction
S000325,ega:I.3.3.9:proof,two successive universal factorizations identify the composite pullback,french_admitted,F8.json,2137BF64B9BD210176B58075DBDB58E7C8A5669F9EFAD61410510A01D32D0BC0,a04446e57ec1fbc252a871afcec7752fb2807b14,categories.tex,categories-lemma-composition-representable,001Y,split,reviewed_existing,covered_unlabelled,The target proof performs the same two fibre-product constructions and invokes their universal properties successively,D000101,
S000326,ega:I.3.3.9:diagram:xymatrix:1,two cartesian lifts and their composite over three bases,french_admitted,F8.json,2137BF64B9BD210176B58075DBDB58E7C8A5669F9EFAD61410510A01D32D0BC0,a04446e57ec1fbc252a871afcec7752fb2807b14,categories.tex,categories-lemma-fibred,02XO,split,reviewed_existing,covered_derived,The target coherence diagram characterizes the same successive pullbacks but does not reproduce the six-object source diagram literally,D000101,
S000327,ega:I.3.3.9.1,iterated fibre product equals the direct fibre product canonically,french_admitted,F8.json,2137BF64B9BD210176B58075DBDB58E7C8A5669F9EFAD61410510A01D32D0BC0,a04446e57ec1fbc252a871afcec7752fb2807b14,categories.tex,categories-lemma-composition-representable,001Y,equivalent,reviewed_existing,covered_unlabelled,The target proof states x times_z t equals x times_y of y times_z t and canonical symmetry matches source factor order,D000101,
S000328,ega:I.3.3.9.2,transitivity formula for base-changed morphisms,french_admitted,F8.json,2137BF64B9BD210176B58075DBDB58E7C8A5669F9EFAD61410510A01D32D0BC0,a04446e57ec1fbc252a871afcec7752fb2807b14,categories.tex,categories-lemma-fibred,02XO,entailed_by_stronger,reviewed_existing,covered_derived,Naturality of the target functor isomorphism gives equality of iterated and composite base-changed maps under the canonical identifications,D000101,Invert the comparison consistently with the proposition
S000329,ega:I.3.3.10,canonical functorial comparison between the product after base change and the product of base changes,french_admitted,F8.json,2137BF64B9BD210176B58075DBDB58E7C8A5669F9EFAD61410510A01D32D0BC0,a04446e57ec1fbc252a871afcec7752fb2807b14,categories.tex,categories-lemma-adjoint-exact,0038,entailed_by_stronger,reviewed_existing,covered_derived,The fibre-product adjunction makes base change a right adjoint and the target preserves every existing limit rather than only this binary product,D000102,
S000330,ega:I.3.3.10:proof,associativity identity used to compare the two displayed iterated products,french_admitted,F8.json,2137BF64B9BD210176B58075DBDB58E7C8A5669F9EFAD61410510A01D32D0BC0,a04446e57ec1fbc252a871afcec7752fb2807b14,categories.tex,categories-lemma-composition-representable,001Y,split,reviewed_existing,covered_unlabelled,The proof of the target identifies successive and composite pullbacks by the same universal-property calculation,D000102,
S000331,ega:I.3.3.10:proof,conceptual statement that base change preserves products,french_admitted,F8.json,2137BF64B9BD210176B58075DBDB58E7C8A5669F9EFAD61410510A01D32D0BC0,a04446e57ec1fbc252a871afcec7752fb2807b14,categories.tex,categories-lemma-adjoint-exact,0038,split,reviewed_existing,covered_derived,Apply right-adjoint limit preservation to the pullback functor furnished by the slice Hom bijection,D000102,The local source has established finite products and does not assert arbitrary scheme products here
S000332,ega:I.3.3.10:proof,inverse images of coproduct components are disjoint open pieces,french_admitted,F8.json,2137BF64B9BD210176B58075DBDB58E7C8A5669F9EFAD61410510A01D32D0BC0,a04446e57ec1fbc252a871afcec7752fb2807b14,schemes.tex,schemes-lemma-open-fibre-product,01JR,split,reviewed_existing,component,Specializing the two-family product decomposition to one singleton family identifies each base-changed component as an open pullback piece,D000102,
S000333,ega:I.3.3.10:proof,disjoint pieces glue with the coproduct mapping property after base change,french_admitted,F8.json,2137BF64B9BD210176B58075DBDB58E7C8A5669F9EFAD61410510A01D32D0BC0,a04446e57ec1fbc252a871afcec7752fb2807b14,schemes.tex,schemes-lemma-glue,01JB,split,reviewed_existing,covered_derived,Empty off-diagonal overlaps and the gluing mapping property recover the base change of the scheme coproduct,D000102,
S000334,ega:I.3.3.10:proof,the glued coproduct after base change remains a scheme,french_admitted,F8.json,2137BF64B9BD210176B58075DBDB58E7C8A5669F9EFAD61410510A01D32D0BC0,a04446e57ec1fbc252a871afcec7752fb2807b14,schemes.tex,schemes-lemma-glue-schemes,01JC,split,reviewed_existing,component,Every base-changed component is a scheme and the target upgrades their disjoint gluing to a scheme,D000102,
S000335,ega:I.3.3.10.1,naturality formula for pairings under base change,french_admitted,F8.json,2137BF64B9BD210176B58075DBDB58E7C8A5669F9EFAD61410510A01D32D0BC0,a04446e57ec1fbc252a871afcec7752fb2807b14,categories.tex,categories-lemma-functorial-limit,002L,split,reviewed_existing,covered_derived,Naturality of the product comparison and uniqueness of the arrow with the two prescribed projections give the formula,D000102,
S000336,ega:I.3.3.10,conceptual statement that base change preserves products,french_admitted,F8.json,2137BF64B9BD210176B58075DBDB58E7C8A5669F9EFAD61410510A01D32D0BC0,a04446e57ec1fbc252a871afcec7752fb2807b14,categories.tex,categories-lemma-adjoint-exact,0038,split,reviewed_existing,covered_derived,Apply right-adjoint limit preservation to the pullback functor furnished by the slice Hom bijection,D000104,The local source has established finite products and does not assert arbitrary scheme products here,S000331
S000337,ega:I.3.3.10,inverse images of coproduct components are disjoint open pieces,french_admitted,F8.json,2137BF64B9BD210176B58075DBDB58E7C8A5669F9EFAD61410510A01D32D0BC0,a04446e57ec1fbc252a871afcec7752fb2807b14,schemes.tex,schemes-lemma-open-fibre-product,01JR,split,reviewed_existing,component,Specializing the two-family product decomposition to one singleton family identifies each base-changed component as an open pullback piece,D000104,,S000332
S000338,ega:I.3.3.10,disjoint pieces glue with the coproduct mapping property after base change,french_admitted,F8.json,2137BF64B9BD210176B58075DBDB58E7C8A5669F9EFAD61410510A01D32D0BC0,a04446e57ec1fbc252a871afcec7752fb2807b14,schemes.tex,schemes-lemma-glue,01JB,split,reviewed_existing,covered_derived,Empty off-diagonal overlaps and the gluing mapping property recover the base change of the scheme coproduct,D000104,,S000333
S000339,ega:I.3.3.10,the glued coproduct after base change remains a scheme,french_admitted,F8.json,2137BF64B9BD210176B58075DBDB58E7C8A5669F9EFAD61410510A01D32D0BC0,a04446e57ec1fbc252a871afcec7752fb2807b14,schemes.tex,schemes-lemma-glue-schemes,01JC,split,reviewed_existing,component,Every base-changed component is a scheme and the target upgrades their disjoint gluing to a scheme,D000104,,S000334
S000340,ega:I.3.3.11,canonical identification of base change with pullback over the intermediate base and projection f base-changed,french_admitted,F8.json,2137BF64B9BD210176B58075DBDB58E7C8A5669F9EFAD61410510A01D32D0BC0,a04446e57ec1fbc252a871afcec7752fb2807b14,schemes.tex,schemes-lemma-base-change-immersion,01JY,equivalent,reviewed_existing,covered_unlabelled,The hypothesis-free part of the target proof states X_S prime is Y_S prime times_Y X and identifies the vertical map as the base change of f,D000106,Do not import the immersion hypothesis from the labelled statement,
S000341,ega:I.3.3.11:proof,transitivity proof through the base change of Y,french_admitted,F8.json,2137BF64B9BD210176B58075DBDB58E7C8A5669F9EFAD61410510A01D32D0BC0,a04446e57ec1fbc252a871afcec7752fb2807b14,schemes.tex,schemes-lemma-base-change-immersion,01JY,split,reviewed_existing,covered_unlabelled,The target proof uses the same stacked pullback calculation before applying the immersion consequence,D000106,,
S000342,ega:I.3.3.11:diagram:xymatrix:1,two-row diagram of S prime Y base change and X base change over S Y and X,french_admitted,F8.json,2137BF64B9BD210176B58075DBDB58E7C8A5669F9EFAD61410510A01D32D0BC0,a04446e57ec1fbc252a871afcec7752fb2807b14,schemes.tex,schemes-lemma-base-change-immersion,01JY,equivalent,reviewed_existing,covered_unlabelled,The proof diagram has the same three vertical objects and concludes the identical cartesian reexpression,D000106,The target draws a compressed two-square version,
S000343,ega:I.3.3.12,cancellation definition used to prove the product morphism is monic,french_admitted,F8.json,2137BF64B9BD210176B58075DBDB58E7C8A5669F9EFAD61410510A01D32D0BC0,a04446e57ec1fbc252a871afcec7752fb2807b14,categories.tex,categories-definition-mono-epi,003B,split,reviewed_existing,component,The source proof applies the categorical left-cancellation definition twice to the two projections,D000107,,
S000344,ega:I.3.3.12,equality of both product projections forces equality of the two arrows,french_admitted,F8.json,2137BF64B9BD210176B58075DBDB58E7C8A5669F9EFAD61410510A01D32D0BC0,a04446e57ec1fbc252a871afcec7752fb2807b14,categories.tex,categories-definition-fibre-products,001V,split,reviewed_existing,covered_derived,Fibre-product uniqueness identifies two arrows once both projection composites agree,D000107,,
S000345,ega:I.3.3.12,factorization of f times g into two one-factor base changes,french_admitted,F8.json,2137BF64B9BD210176B58075DBDB58E7C8A5669F9EFAD61410510A01D32D0BC0,a04446e57ec1fbc252a871afcec7752fb2807b14,schemes.tex,schemes-lemma-separated-permanence,01KU,split,reviewed_existing,covered_unlabelled,The target proof writes any product morphism as a base change of g followed by a base change of f,D000107,Only the proof formula is used and not the separatedness statement,
S000346,ega:I.3.3.12,each one-factor map in the product factorization is a base change of a monomorphism,french_admitted,F8.json,2137BF64B9BD210176B58075DBDB58E7C8A5669F9EFAD61410510A01D32D0BC0,a04446e57ec1fbc252a871afcec7752fb2807b14,schemes.tex,schemes-lemma-base-change-monomorphism,02YC,split,reviewed_existing,covered_derived,Apply the target separately to g and f in the two-stage product factorization,D000107,,
S000347,ega:I.3.3.12,the composite of the two one-factor monomorphisms is a monomorphism,french_admitted,F8.json,2137BF64B9BD210176B58075DBDB58E7C8A5669F9EFAD61410510A01D32D0BC0,a04446e57ec1fbc252a871afcec7752fb2807b14,schemes.tex,schemes-lemma-composition-monomorphism,01L5,split,reviewed_existing,covered_derived,The target closes the alternative product proof after the two base-change steps,D000107,,
S000348,ega:I.3.3.12,corrected display that base change of f maps X_S prime to X prime_S prime and remains monic,french_admitted,F8.json,2137BF64B9BD210176B58075DBDB58E7C8A5669F9EFAD61410510A01D32D0BC0,a04446e57ec1fbc252a871afcec7752fb2807b14,schemes.tex,schemes-lemma-base-change-monomorphism,02YC,equivalent,reviewed_existing,component,The target states exactly that arbitrary base change preserves a monomorphism after correcting the printed codomain typo,D000107,The diplomatic French retains Y_S prime and the P111 ledger supplies X prime_S prime,
S000349,ega:I.3.3.13,contravariant correspondence between an affine scheme map and its ring homomorphism,french_admitted,F8.json,2137BF64B9BD210176B58075DBDB58E7C8A5669F9EFAD61410510A01D32D0BC0,a04446e57ec1fbc252a871afcec7752fb2807b14,schemes.tex,schemes-lemma-category-affine-schemes,01I2,equivalent,reviewed_existing,component,The equivalence identifies S prime to S with A to A prime and preserves the reversed variance,D000108,,
S000350,ega:I.3.3.13,notation X_A prime or X tensor_A A prime for scheme base change,french_admitted,F8.json,2137BF64B9BD210176B58075DBDB58E7C8A5669F9EFAD61410510A01D32D0BC0,a04446e57ec1fbc252a871afcec7752fb2807b14,schemes.tex,schemes-definition-base-change,01JX,split,reviewed_existing,component,Item seven defines the same ring-indexed base change but uses X_R prime rather than tensor notation for schemes,D000108,,
S000351,ega:I.3.3.13,affine base change has coordinate ring B tensor_A A prime,french_admitted,F8.json,2137BF64B9BD210176B58075DBDB58E7C8A5669F9EFAD61410510A01D32D0BC0,a04446e57ec1fbc252a871afcec7752fb2807b14,schemes.tex,schemes-lemma-fibre-product-affine-schemes,01I4,equivalent,reviewed_existing,component,The target formula is Spec B times_Spec A Spec A prime equals Spec of B tensor_A A prime,D000108,,
S000352,ega:I.3.3.14,graph map with projection composites f and the identity,french_admitted,F8.json,2137BF64B9BD210176B58075DBDB58E7C8A5669F9EFAD61410510A01D32D0BC0,a04446e57ec1fbc252a871afcec7752fb2807b14,schemes.tex,schemes-definition-fibre-product,01JP,split,reviewed_existing,covered_derived,The dotted-arrow universal property supplies the unique pair f and identity map into X times_S S prime,D000109,,
S000353,ega:I.3.3.14,canonical bijection from S maps S prime to X onto S prime sections of the pullback,french_admitted,F8.json,2137BF64B9BD210176B58075DBDB58E7C8A5669F9EFAD61410510A01D32D0BC0,a04446e57ec1fbc252a871afcec7752fb2807b14,schemes.tex,schemes-definition-fibre-product,01JP,entailed_by_stronger,reviewed_existing,full_statement,The target universal property gives this bijection for every S prime scheme T and hence for T equal to S prime,D000109,Stacks does not give the graph terminology a separate tag,
S000354,ega:I.3.3.15,canonical scheme structure over the final scheme Spec Z,french_admitted,F8.json,2137BF64B9BD210176B58075DBDB58E7C8A5669F9EFAD61410510A01D32D0BC0,a04446e57ec1fbc252a871afcec7752fb2807b14,schemes.tex,schemes-lemma-fibre-products,01JM,split,reviewed_existing,covered_unlabelled,The target statement supplies a final scheme and its proof identifies that object as Spec Z,D000110,,
S000355,ega:I.3.3.15,X tensor_Z Z[T] is affine one-space over X obtained by base change from affine one-space over Z,french_admitted,F8.json,2137BF64B9BD210176B58075DBDB58E7C8A5669F9EFAD61410510A01D32D0BC0,a04446e57ec1fbc252a871afcec7752fb2807b14,constructions.tex,constructions-definition-affine-n-space,01M0,entailed_by_stronger,reviewed_existing,covered_unlabelled,Specialize the target base-change formula to n equal one and base X,D000110,The target handles every n and every base scheme,
S000356,ega:I.3.3.15,X sections of affine one-space over X correspond to global sections of O_X,french_admitted,F8.json,2137BF64B9BD210176B58075DBDB58E7C8A5669F9EFAD61410510A01D32D0BC0,a04446e57ec1fbc252a871afcec7752fb2807b14,constructions.tex,constructions-definition-affine-n-space,01M0,entailed_by_stronger,reviewed_existing,covered_unlabelled,The prose after the target identifies S morphisms to affine n-space with n global functions and n equal one gives the source bijection,D000110,,
S000357,ega:I.3.3.15,corrected absolute morphisms from X to Spec Z[T] represent global functions,french_admitted,F8.json,2137BF64B9BD210176B58075DBDB58E7C8A5669F9EFAD61410510A01D32D0BC0,a04446e57ec1fbc252a871afcec7752fb2807b14,schemes.tex,schemes-example-global-sections,01JH,entailed_by_stronger,reviewed_existing,full_statement,The target naturally identifies morphisms T to Spec Z[x] with Gamma of O_T for every scheme T and hence for X,D000110,The P111 ledger reverses the printed scheme arrow without changing diplomatic French,
S000358,ega:I.3.3.15,local affine morphisms correspond to A_alpha algebra maps from A_alpha[T],french_admitted,F8.json,2137BF64B9BD210176B58075DBDB58E7C8A5669F9EFAD61410510A01D32D0BC0,a04446e57ec1fbc252a871afcec7752fb2807b14,schemes.tex,schemes-lemma-morphism-into-affine,01I1,split,reviewed_existing,component,The stronger target converts each local morphism into the polynomial-ring map determined by the image of T,D000110,,
S000359,ega:I.3.3.15,compatible local images of T glue uniquely to one global structural-sheaf section,french_admitted,F8.json,2137BF64B9BD210176B58075DBDB58E7C8A5669F9EFAD61410510A01D32D0BC0,a04446e57ec1fbc252a871afcec7752fb2807b14,sheaves.tex,sheaves-definition-sheaf,006T,equivalent,reviewed_existing,component,The source compatibility on affine overlap refinements is exactly the existence and uniqueness clause of the sheaf condition,D000110,,
S000360,ega:I.3.4.1,X(T) as Hom from T to X contravariant by precomposition,french_admitted,F8.json,2137BF64B9BD210176B58075DBDB58E7C8A5669F9EFAD61410510A01D32D0BC0,a04446e57ec1fbc252a871afcec7752fb2807b14,categories.tex,categories-example-hom-functor,001O,entailed_by_stronger,reviewed_existing,full_statement,The representable Hom functor has exactly this variance in every category and hence for schemes,D000112,,
S000361,ega:I.3.4.1,a scheme map g from X to Y induces the natural maps X(T) to Y(T),french_admitted,F8.json,2137BF64B9BD210176B58075DBDB58E7C8A5669F9EFAD61410510A01D32D0BC0,a04446e57ec1fbc252a871afcec7752fb2807b14,categories.tex,categories-example-hom-functor,001O,entailed_by_stronger,reviewed_existing,covered_unlabelled,The prose after the representable functor composes every test arrow with g and identifies the resulting natural transformation,D000112,EGA homomorphisme fonctoriel means a natural map of set-valued functors,
S000362,ega:I.3.4.2,set-theoretic fibre product as compatible pairs inside P times Q,french_admitted,F8.json,2137BF64B9BD210176B58075DBDB58E7C8A5669F9EFAD61410510A01D32D0BC0,a04446e57ec1fbc252a871afcec7752fb2807b14,categories.tex,categories-section-example-fibre-products,0020,equivalent,reviewed_existing,covered_unlabelled,The opening prose of the section gives the identical subset and projection construction for sets,D000113,,
S000363,ega:I.3.4.2.1,T-valued points of a scheme fibre product form the set fibre product of point sets,french_admitted,F8.json,2137BF64B9BD210176B58075DBDB58E7C8A5669F9EFAD61410510A01D32D0BC0,a04446e57ec1fbc252a871afcec7752fb2807b14,categories.tex,categories-definition-fibre-products,001V,entailed_by_stronger,reviewed_existing,covered_unlabelled,The general fibre-product universal property yields the same Hom-set pullback formula after evaluating at T,D000113,,
S000364,ega:I.3.4.3,relative valued points as Hom sets in the slice category over S,french_admitted,F8.json,2137BF64B9BD210176B58075DBDB58E7C8A5669F9EFAD61410510A01D32D0BC0,a04446e57ec1fbc252a871afcec7752fb2807b14,categories.tex,categories-example-category-over-X,001G,split,reviewed_existing,component,The target defines objects over S and their commuting arrows exactly as the ambient category for X(T)_S,D000114,,
S000365,ega:I.3.4.3,an S section is an S point with value scheme S,french_admitted,F8.json,2137BF64B9BD210176B58075DBDB58E7C8A5669F9EFAD61410510A01D32D0BC0,a04446e57ec1fbc252a871afcec7752fb2807b14,schemes.tex,schemes-definition-base-change,01JX,split,reviewed_existing,covered_derived,Items three and four identify Mor_S from S to X with right inverses of the structure map,D000114,,
S000366,ega:I.3.4.3.1,T-valued S points of the product are the product of the two relative point sets,french_admitted,F8.json,2137BF64B9BD210176B58075DBDB58E7C8A5669F9EFAD61410510A01D32D0BC0,a04446e57ec1fbc252a871afcec7752fb2807b14,categories.tex,categories-definition-products,001S,entailed_by_stronger,reviewed_existing,covered_unlabelled,The arbitrary-category product Hom formula applies in the slice category of schemes over S,D000114,,
S000367,ega:I.3.4.3.2,T-valued S points of X times_Z Y form the fibre product over Z(T)_S,french_admitted,F8.json,2137BF64B9BD210176B58075DBDB58E7C8A5669F9EFAD61410510A01D32D0BC0,a04446e57ec1fbc252a871afcec7752fb2807b14,categories.tex,categories-definition-fibre-products,001V,entailed_by_stronger,reviewed_existing,covered_unlabelled,The general Hom pullback formula applies inside the slice category of schemes over S,D000114,The chosen T to Z map only supplies the inherited S structure,
S000368,ega:I.3.4.3:diagram:xymatrix:1,pointwise pullback square criterion for a candidate product over Z,french_admitted,F8.json,2137BF64B9BD210176B58075DBDB58E7C8A5669F9EFAD61410510A01D32D0BC0,a04446e57ec1fbc252a871afcec7752fb2807b14,categories.tex,categories-definition-fibre-products,001V,entailed_by_stronger,reviewed_existing,covered_derived,The universal property in the slice says the displayed square of Hom sets is a pullback for every test scheme,D000114,All four source arrow directions and label sides are retained,
S000369,ega:I.3.4.4,affine value schemes replaced by their rings with variance reversed,french_admitted,F8.json,2137BF64B9BD210176B58075DBDB58E7C8A5669F9EFAD61410510A01D32D0BC0,a04446e57ec1fbc252a871afcec7752fb2807b14,schemes.tex,schemes-lemma-category-affine-schemes,01I2,split,reviewed_existing,covered_derived,The affine anti-equivalence turns a ring map into the oppositely directed map of test schemes,D000115,,
S000370,ega:I.3.4.4,X(B) and X(B)_A are covariant in the value ring B,french_admitted,F8.json,2137BF64B9BD210176B58075DBDB58E7C8A5669F9EFAD61410510A01D32D0BC0,a04446e57ec1fbc252a871afcec7752fb2807b14,categories.tex,categories-example-hom-functor,001O,split,reviewed_existing,covered_derived,Contravariance of the point functor composed with contravariance of Spec gives covariance in B,D000115,,
S000371,ega:I.3.4.5,morphisms from Spec of a local ring classified by image point and local stalk map,french_admitted,F8.json,2137BF64B9BD210176B58075DBDB58E7C8A5669F9EFAD61410510A01D32D0BC0,a04446e57ec1fbc252a871afcec7752fb2807b14,schemes.tex,schemes-lemma-morphism-from-spec-local-ring,01J6,equivalent,reviewed_existing,full_statement,The target gives the exact bijection and the same image of the closed point without finiteness assumptions,D000116,,
S000372,ega:I.3.4.5,fixed-field points classified by a locality x and a residue-field embedding into K,french_admitted,F8.json,2137BF64B9BD210176B58075DBDB58E7C8A5669F9EFAD61410510A01D32D0BC0,a04446e57ec1fbc252a871afcec7752fb2807b14,schemes.tex,schemes-section-points,01J5,equivalent,reviewed_existing,covered_unlabelled,The point-section prose states exactly that Spec K maps correspond to pairs x and kappa(x) to K,D000116,Do not replace this fixed-K statement by equivalence classes across varying fields,
S000373,ega:I.3.4.5,EGA geometric point terminology for an arbitrary field-valued point,french_admitted,F8.json,2137BF64B9BD210176B58075DBDB58E7C8A5669F9EFAD61410510A01D32D0BC0,a04446e57ec1fbc252a871afcec7752fb2807b14,etale-cohomology.tex,etale-cohomology-definition-geometric-point,03PO,partial,reviewed_existing,component,The modern definition matches only when the value field is algebraically closed,D000116,EGA uses the term for every field-valued point in this locus,
S000374,ega:I.3.4.5,relative K points above s as kappa(s) compatible embeddings kappa(x) to K,french_admitted,F8.json,2137BF64B9BD210176B58075DBDB58E7C8A5669F9EFAD61410510A01D32D0BC0,a04446e57ec1fbc252a871afcec7752fb2807b14,schemes.tex,schemes-section-points,01J5,split,reviewed_existing,covered_derived,Combine the fixed-field point classification with commutation of both structure maps over S,D000116,,
S000375,ega:I.3.4.5,K-prime valued points of X correspond to K-prime rational points after base change,french_admitted,F8.json,2137BF64B9BD210176B58075DBDB58E7C8A5669F9EFAD61410510A01D32D0BC0,a04446e57ec1fbc252a871afcec7752fb2807b14,schemes.tex,schemes-definition-fibre-product,01JP,entailed_by_stronger,reviewed_existing,full_statement,The fibre-product universal property identifies maps over K with sections of the base change for every test scheme,D000116,The final X(K) is relative over Spec K rather than absolute,
S000376,ega:I.3.4.6,one common field extension receives every finite family of residue-field extensions,french_admitted,F8.json,2137BF64B9BD210176B58075DBDB58E7C8A5669F9EFAD61410510A01D32D0BC0,a04446e57ec1fbc252a871afcec7752fb2807b14,fields.tex,fields-lemma-common-extension-field,0H7K,split,reviewed_existing,covered_derived,Iterating the binary target gives a common extension for the finite family in the source,D000117,No algebraicity or separability hypothesis is used,
S000377,ega:I.3.4.6,the compatible field-valued lifts define a point of the finite S product,french_admitted,F8.json,2137BF64B9BD210176B58075DBDB58E7C8A5669F9EFAD61410510A01D32D0BC0,a04446e57ec1fbc252a871afcec7752fb2807b14,schemes.tex,schemes-definition-fibre-product,01JP,split,reviewed_existing,covered_derived,Iterating the universal property produces the unique Spec K map with every prescribed projection,D000117,,
S000378,ega:I.3.4.6:proof,residue-field embeddings into K define Spec K points localized at the x_i,french_admitted,F8.json,2137BF64B9BD210176B58075DBDB58E7C8A5669F9EFAD61410510A01D32D0BC0,a04446e57ec1fbc252a871afcec7752fb2807b14,schemes.tex,schemes-section-points,01J5,equivalent,reviewed_existing,covered_unlabelled,The point-section prose gives the identical contravariant fixed-field construction for every x_i,D000117,,
S000379,ega:I.3.4.6:proof,compatible Spec K maps determine the unique finite-product morphism,french_admitted,F8.json,2137BF64B9BD210176B58075DBDB58E7C8A5669F9EFAD61410510A01D32D0BC0,a04446e57ec1fbc252a871afcec7752fb2807b14,schemes.tex,schemes-definition-fibre-product,01JP,split,reviewed_existing,covered_derived,Successive binary fibre products give the exact finite universal map used in the proof,D000117,,
S000380,ega:I.3.4.7,a finite product point with prescribed projections exists exactly over one common base point,french_admitted,F8.json,2137BF64B9BD210176B58075DBDB58E7C8A5669F9EFAD61410510A01D32D0BC0,a04446e57ec1fbc252a871afcec7752fb2807b14,morphisms.tex,morphisms-lemma-when-point-maps-to-pair,0495,split,reviewed_existing,covered_derived,The target is the exact binary case and induction gives the finite statement,D000118,,
S000381,ega:I.3.4.7,the underlying-set map from a binary scheme fibre product is canonically surjective,french_admitted,F8.json,2137BF64B9BD210176B58075DBDB58E7C8A5669F9EFAD61410510A01D32D0BC0,a04446e57ec1fbc252a871afcec7752fb2807b14,morphisms.tex,morphisms-lemma-when-point-maps-to-pair,0495,equivalent,reviewed_existing,full_statement,Every compatible pair of points has a lift and compatibility is necessary,D000118,,
S000382,ega:I.3.4.7,compatible pairs have at least one lift and may have several distinct lifts,french_admitted,F8.json,2137BF64B9BD210176B58075DBDB58E7C8A5669F9EFAD61410510A01D32D0BC0,a04446e57ec1fbc252a871afcec7752fb2807b14,schemes.tex,schemes-lemma-points-fibre-product,01JT,entailed_by_stronger,reviewed_existing,full_statement,The target strengthens surjectivity by describing every possible lift and its residue field,D000118,,
S000383,ega:I.3.4.7,noninjectivity witnessed by a residue-field tensor product with multiple primes,french_admitted,F8.json,2137BF64B9BD210176B58075DBDB58E7C8A5669F9EFAD61410510A01D32D0BC0,a04446e57ec1fbc252a871afcec7752fb2807b14,morphisms.tex,morphisms-example-injective-not-preserved-base-change,0496,split,reviewed_existing,component,The target gives the concrete C tensor_R C example with two points and identical projections,D000118,,
S000384,ega:I.3.4.7:proof,necessity is formal and sufficiency follows from the common-field lifting lemma,french_admitted,F8.json,2137BF64B9BD210176B58075DBDB58E7C8A5669F9EFAD61410510A01D32D0BC0,a04446e57ec1fbc252a871afcec7752fb2807b14,morphisms.tex,morphisms-lemma-when-point-maps-to-pair,0495,split,reviewed_existing,covered_derived,The target gives the binary argument and the source invokes its already-reviewed finite lift,D000118,,
S000385,ega:I.3.4.8,the inverse image of f(M) equals the base-changed image of the inverse image of M,french_admitted,F8.json,2137BF64B9BD210176B58075DBDB58E7C8A5669F9EFAD61410510A01D32D0BC0,a04446e57ec1fbc252a871afcec7752fb2807b14,morphisms.tex,morphisms-lemma-base-change-surjective,01S1,equivalent,reviewed_existing,covered_unlabelled,The target proof states the exact equality for an arbitrary subset Z of X,D000119,This is a set-theoretic image identity,
S000386,ega:I.3.4.8:proof,the Cartesian identification and point-lifting argument prove the subset identity,french_admitted,F8.json,2137BF64B9BD210176B58075DBDB58E7C8A5669F9EFAD61410510A01D32D0BC0,a04446e57ec1fbc252a871afcec7752fb2807b14,morphisms.tex,morphisms-lemma-base-change-surjective,01S1,equivalent,reviewed_existing,covered_unlabelled,The target proof repeats the same iff chain from compatible points to a lifted product point,D000119,,
S000387,ega:I.3.4.8:proof,a compatible pair x and y-prime lifts to x-prime in the fibre product,french_admitted,F8.json,2137BF64B9BD210176B58075DBDB58E7C8A5669F9EFAD61410510A01D32D0BC0,a04446e57ec1fbc252a871afcec7752fb2807b14,morphisms.tex,morphisms-lemma-when-point-maps-to-pair,0495,equivalent,reviewed_existing,component,The target is exactly the point-existence step used after q(y-prime) equals f(x),D000119,,
S000388,ega:I.3.4.8:diagram:xymatrix:1,Cartesian base-change square with projections p and q and vertical maps f and f base-changed,french_admitted,F8.json,2137BF64B9BD210176B58075DBDB58E7C8A5669F9EFAD61410510A01D32D0BC0,a04446e57ec1fbc252a871afcec7752fb2807b14,morphisms.tex,morphisms-lemma-base-change-surjective,01S1,equivalent,reviewed_existing,covered_unlabelled,The target proof draws the identical square with only the horizontal visual orientation reversed,D000119,,
S000389,ega:I.3.4.9,points over fixed projections x and y classified by primes of the residue-field tensor product,french_admitted,F8.json,2137BF64B9BD210176B58075DBDB58E7C8A5669F9EFAD61410510A01D32D0BC0,a04446e57ec1fbc252a871afcec7752fb2807b14,schemes.tex,schemes-lemma-points-fibre-product,01JT,equivalent,reviewed_existing,full_statement,Stacks expresses the same composite-extension types as primes and records the corresponding residue field,D000120,,
S000390,ega:I.3.4.9:proof,replacement of the base S by Spec kappa(s) in the point fibre product,french_admitted,F8.json,2137BF64B9BD210176B58075DBDB58E7C8A5669F9EFAD61410510A01D32D0BC0,a04446e57ec1fbc252a871afcec7752fb2807b14,schemes.tex,schemes-lemma-fibre-product-after-map,01KR,split,reviewed_existing,covered_derived,The comparison is the pullback of the diagonal of Spec kappa(s) to S,D000120,The labelled target alone gives only immersion consequences,
S000391,ega:I.3.4.9:proof,the residue-field spectrum map to S is monic so its diagonal is an isomorphism,french_admitted,F8.json,2137BF64B9BD210176B58075DBDB58E7C8A5669F9EFAD61410510A01D32D0BC0,a04446e57ec1fbc252a871afcec7752fb2807b14,schemes.tex,schemes-lemma-monomorphism,01L3,split,reviewed_existing,covered_derived,The diagonal criterion upgrades the 01KR comparison to the required isomorphism,D000120,,
S000392,ega:I.3.4.9:proof,the fibre over x and y is Spec of kappa(x) tensor over kappa(s) kappa(y),french_admitted,F8.json,2137BF64B9BD210176B58075DBDB58E7C8A5669F9EFAD61410510A01D32D0BC0,a04446e57ec1fbc252a871afcec7752fb2807b14,schemes.tex,schemes-lemma-fibre-product-affine-schemes,01I4,split,reviewed_existing,covered_derived,The target gives the final affine tensor equality while the preceding base replacement uses 01KR and 01L3,D000120,,
S000393,ega:I.3.4.9:proof,the maps from tensor-product primes to product points and back are inverse,french_admitted,F8.json,2137BF64B9BD210176B58075DBDB58E7C8A5669F9EFAD61410510A01D32D0BC0,a04446e57ec1fbc252a871afcec7752fb2807b14,schemes.tex,schemes-lemma-points-fibre-product,01JT,equivalent,reviewed_existing,covered_unlabelled,The target proof constructs the prime as a kernel and reconstructs the point from that prime,D000120,,
S000394,ega:I.3.4.9:proof,the corrected tensor-product homomorphism has a prime kernel classifying z,french_admitted,F8.json,2137BF64B9BD210176B58075DBDB58E7C8A5669F9EFAD61410510A01D32D0BC0,a04446e57ec1fbc252a871afcec7752fb2807b14,schemes.tex,schemes-lemma-points-fibre-product,01JT,equivalent,reviewed_existing,component,The target explicitly takes the kernel and does not claim injectivity,D000120,The diplomatic French retains monomorphisme under the P114 correction record,
S000395,ega:I.3.5.1,base change is product with the identity of the new base,french_admitted,F8.json,2137BF64B9BD210176B58075DBDB58E7C8A5669F9EFAD61410510A01D32D0BC0,a04446e57ec1fbc252a871afcec7752fb2807b14,schemes.tex,schemes-definition-base-change,01JX,split,reviewed_existing,covered_derived,The definition identifies f after base extension with the appropriate fibre-product morphism against an identity,D000123,,
S000396,ega:I.3.5.1,the labelled two-arrow factorization of f times g into one-factor base changes,french_admitted,F8.json,2137BF64B9BD210176B58075DBDB58E7C8A5669F9EFAD61410510A01D32D0BC0,a04446e57ec1fbc252a871afcec7752fb2807b14,schemes.tex,schemes-lemma-separated-permanence,01KU,split,reviewed_existing,covered_unlabelled,The target proof writes the same factorization for an arbitrary pair of morphisms before applying any separatedness property,D000123,The French-labelled plain display remains a parent component,
S000397,ega:I.3.5.2,arbitrary base change of a surjective morphism is surjective,french_admitted,F8.json,2137BF64B9BD210176B58075DBDB58E7C8A5669F9EFAD61410510A01D32D0BC0,a04446e57ec1fbc252a871afcec7752fb2807b14,morphisms.tex,morphisms-lemma-base-change-surjective,01S1,equivalent,reviewed_existing,component,The target states exactly clause two without finiteness or separation assumptions,D000124,,
S000398,ega:I.3.5.2,product of two surjective S morphisms reduced to two base changes,french_admitted,F8.json,2137BF64B9BD210176B58075DBDB58E7C8A5669F9EFAD61410510A01D32D0BC0,a04446e57ec1fbc252a871afcec7752fb2807b14,morphisms.tex,morphisms-lemma-base-change-surjective,01S1,split,reviewed_existing,covered_derived,Apply the target to each one-factor map in the product factorization,D000124,,
S000399,ega:I.3.5.2,the two surjective one-factor maps have surjective composite,french_admitted,F8.json,2137BF64B9BD210176B58075DBDB58E7C8A5669F9EFAD61410510A01D32D0BC0,a04446e57ec1fbc252a871afcec7752fb2807b14,morphisms.tex,morphisms-lemma-composition-surjective,01S0,split,reviewed_existing,covered_derived,Composition closes the product argument after the two base-change applications,D000124,,
S000400,ega:I.3.5.2:proof,the invoked arbitrary-subset identity proves base-change surjectivity,french_admitted,F8.json,2137BF64B9BD210176B58075DBDB58E7C8A5669F9EFAD61410510A01D32D0BC0,a04446e57ec1fbc252a871afcec7752fb2807b14,morphisms.tex,morphisms-lemma-base-change-surjective,01S1,equivalent,reviewed_existing,covered_unlabelled,The proof of the target contains the exact identity previously mapped from source 3.4.8 and specializes it to the whole source,D000124,,
S000401,ega:I.3.5.2:proof,composition of surjections used in the reduction,french_admitted,F8.json,2137BF64B9BD210176B58075DBDB58E7C8A5669F9EFAD61410510A01D32D0BC0,a04446e57ec1fbc252a871afcec7752fb2807b14,morphisms.tex,morphisms-lemma-composition-surjective,01S0,equivalent,reviewed_existing,component,The target is precisely the opening proof sentence,D000124,,
S000402,ega:I.3.5.3,surjectivity means surjectivity on underlying topological spaces,french_admitted,F8.json,2137BF64B9BD210176B58075DBDB58E7C8A5669F9EFAD61410510A01D32D0BC0,a04446e57ec1fbc252a871afcec7752fb2807b14,morphisms.tex,morphisms-definition-surjective,01RZ,split,reviewed_existing,component,The target fixes the modern meaning of the source property,D000125,,
S000403,ega:I.3.5.3,field-spectrum morphisms represent underlying points together with residue-field embeddings,french_admitted,F8.json,2137BF64B9BD210176B58075DBDB58E7C8A5669F9EFAD61410510A01D32D0BC0,a04446e57ec1fbc252a871afcec7752fb2807b14,schemes.tex,schemes-lemma-characterize-points,01J9,split,reviewed_existing,covered_derived,The point classification converts the lifting condition in both directions to surjectivity on underlying points,D000125,,
S000404,ega:I.3.5.3:diagram:xymatrix:1,the field-extension lift square from Spec K prime through X over Spec K through Y,french_admitted,F8.json,2137BF64B9BD210176B58075DBDB58E7C8A5669F9EFAD61410510A01D32D0BC0,a04446e57ec1fbc252a871afcec7752fb2807b14,spaces-properties.tex,spaces-properties-lemma-characterize-surjective,03H5,entailed_by_stronger,reviewed_existing,covered_unlabelled,The algebraic-space target proof draws a larger diagram containing exactly this source square and specializes to schemes,D000125,,
S000405,ega:I.3.5.3:proof,the residue-point interpretation proves both implications of the lifting criterion,french_admitted,F8.json,2137BF64B9BD210176B58075DBDB58E7C8A5669F9EFAD61410510A01D32D0BC0,a04446e57ec1fbc252a871afcec7752fb2807b14,schemes.tex,schemes-lemma-characterize-points,01J9,split,reviewed_existing,covered_derived,Choose a preimage point for necessity and read any field lift back to a preimage point for sufficiency,D000125,,
S000406,ega:I.3.5.3:proof,a common extension field receives both kappa x and K over kappa y,french_admitted,F8.json,2137BF64B9BD210176B58075DBDB58E7C8A5669F9EFAD61410510A01D32D0BC0,a04446e57ec1fbc252a871afcec7752fb2807b14,fields.tex,fields-lemma-common-extension-field,0H7K,equivalent,reviewed_existing,component,The target gives exactly the common overfield required to construct K prime,D000125,,
S000407,ega:I.3.5.3,the concluding historical geometric-point restatement uses arbitrary value fields,french_admitted,F8.json,2137BF64B9BD210176B58075DBDB58E7C8A5669F9EFAD61410510A01D32D0BC0,a04446e57ec1fbc252a871afcec7752fb2807b14,schemes.tex,schemes-lemma-characterize-points,01J9,split,reviewed_existing,component,The mathematics is the same field-point criterion while the source terminology is broader than modern geometric point,D000125,Do not map this phrase literally to 03PO,
S000408,ega:I.3.5.4,injectivity on X of K to Y of K for every field is equivalent to radiciality and universal injectivity,french_admitted,F8.json,2137BF64B9BD210176B58075DBDB58E7C8A5669F9EFAD61410510A01D32D0BC0,a04446e57ec1fbc252a871afcec7752fb2807b14,morphisms.tex,morphisms-lemma-universally-injective,01S4,equivalent,reviewed_existing,full_statement,Condition one is the source definition and the target proves it equivalent to both modern notions,D000126,,
S000409,ega:I.3.5.4,the two modern notions are universal topological injectivity and injective points with purely inseparable residues,french_admitted,F8.json,2137BF64B9BD210176B58075DBDB58E7C8A5669F9EFAD61410510A01D32D0BC0,a04446e57ec1fbc252a871afcec7752fb2807b14,morphisms.tex,morphisms-definition-universally-injective,01S3,split,reviewed_existing,component,Stacks separates the two definitions before proving their equivalence in 01S4,D000126,,
S000410,ega:I.3.5.4,a categorical monomorphism is injective on every field-valued Hom set,french_admitted,F8.json,2137BF64B9BD210176B58075DBDB58E7C8A5669F9EFAD61410510A01D32D0BC0,a04446e57ec1fbc252a871afcec7752fb2807b14,categories.tex,categories-definition-mono-epi,003B,split,reviewed_existing,covered_derived,Specialize left cancellation to the test object Spec K and then use the source definition,D000126,,
S000411,ega:I.3.5.4,the monomorphism corollary lands in modern radiciality,french_admitted,F8.json,2137BF64B9BD210176B58075DBDB58E7C8A5669F9EFAD61410510A01D32D0BC0,a04446e57ec1fbc252a871afcec7752fb2807b14,morphisms.tex,morphisms-lemma-universally-injective,01S4,split,reviewed_existing,covered_derived,The field-valued condition forced by monicity is condition one of the target equivalence,D000126,,
S000412,ega:I.3.5.5,testing injectivity only on algebraically closed field-valued points suffices,french_admitted,F8.json,2137BF64B9BD210176B58075DBDB58E7C8A5669F9EFAD61410510A01D32D0BC0,a04446e57ec1fbc252a871afcec7752fb2807b14,stacks-morphisms.tex,stacks-morphisms-lemma-universally-injective,0CPN,entailed_by_stronger,reviewed_existing,component,The algebraic-stack criterion specializes to the source assertion because schemes have only identity two-arrows between fixed maps,D000127,,
S000413,ega:I.3.5.5,the algebraically closed test implies the all-fields condition defining radiciality,french_admitted,F8.json,2137BF64B9BD210176B58075DBDB58E7C8A5669F9EFAD61410510A01D32D0BC0,a04446e57ec1fbc252a871afcec7752fb2807b14,morphisms.tex,morphisms-lemma-universally-injective,01S4,split,reviewed_existing,covered_derived,Extend any value field to an algebraic closure and use injectivity of the vertical point map,D000127,,
S000414,ega:I.3.5.5:diagram:xymatrix:1,natural square of K and K prime valued points under f and field extension,french_admitted,F8.json,2137BF64B9BD210176B58075DBDB58E7C8A5669F9EFAD61410510A01D32D0BC0,a04446e57ec1fbc252a871afcec7752fb2807b14,categories.tex,categories-example-hom-functor,001O,split,reviewed_existing,covered_derived,Functorial precomposition by Spec K prime to Spec K gives both vertical arrows and commutativity,D000127,,
S000415,ega:I.3.5.6,composition of radicial morphisms is radicial,french_admitted,F8.json,2137BF64B9BD210176B58075DBDB58E7C8A5669F9EFAD61410510A01D32D0BC0,a04446e57ec1fbc252a871afcec7752fb2807b14,morphisms.tex,morphisms-lemma-composition-universally-injective,02V1,equivalent,reviewed_existing,component,The target states exactly clause one for radicial morphisms and its equivalent universally injective condition,D000128,,
S000416,ega:I.3.5.6,if g after f is radicial then f is radicial,french_admitted,F8.json,2137BF64B9BD210176B58075DBDB58E7C8A5669F9EFAD61410510A01D32D0BC0,a04446e57ec1fbc252a871afcec7752fb2807b14,morphisms.tex,morphisms-lemma-universally-injective,01S4,split,reviewed_existing,covered_derived,Injectivity of the composite X of K to Z of K forces injectivity of X of K to Y of K for every field,D000128,No analogous conclusion about g is asserted,
S000417,ega:I.3.5.6:proof,the two clauses reduce to elementary composition and left cancellation of field-point maps,french_admitted,F8.json,2137BF64B9BD210176B58075DBDB58E7C8A5669F9EFAD61410510A01D32D0BC0,a04446e57ec1fbc252a871afcec7752fb2807b14,morphisms.tex,morphisms-lemma-universally-injective,01S4,split,reviewed_existing,covered_derived,Condition one supplies exactly the point-map formulation used by the proof,D000128,The proof of 02V1 itself is omitted,
S000418,ega:I.3.5.7,arbitrary base change of a radicial morphism is radicial,french_admitted,F8.json,2137BF64B9BD210176B58075DBDB58E7C8A5669F9EFAD61410510A01D32D0BC0,a04446e57ec1fbc252a871afcec7752fb2807b14,morphisms.tex,morphisms-lemma-base-change-universally-injective,0472,equivalent,reviewed_existing,component,Use 01S4 to identify the target wording universally injective with the source wording radicial,D000129,,
S000419,ega:I.3.5.7,each one-factor map in the product is a base change of a radicial morphism,french_admitted,F8.json,2137BF64B9BD210176B58075DBDB58E7C8A5669F9EFAD61410510A01D32D0BC0,a04446e57ec1fbc252a871afcec7752fb2807b14,morphisms.tex,morphisms-lemma-base-change-universally-injective,0472,split,reviewed_existing,covered_derived,Apply the target to f and g in the two-stage product factorization,D000129,,
S000420,ega:I.3.5.7,the composite of the two radicial one-factor maps is radicial,french_admitted,F8.json,2137BF64B9BD210176B58075DBDB58E7C8A5669F9EFAD61410510A01D32D0BC0,a04446e57ec1fbc252a871afcec7752fb2807b14,morphisms.tex,morphisms-lemma-composition-universally-injective,02V1,split,reviewed_existing,covered_derived,Composition closes the product proof after base-change stability,D000129,,
S000421,ega:I.3.5.7:proof,the paired field-valued product equalities are Hom pullback identities,french_admitted,F8.json,2137BF64B9BD210176B58075DBDB58E7C8A5669F9EFAD61410510A01D32D0BC0,a04446e57ec1fbc252a871afcec7752fb2807b14,schemes.tex,schemes-definition-fibre-product,01JP,split,reviewed_existing,covered_derived,Apply the universal property with test scheme Spec K to both fibre products,D000129,The French-labelled plain display remains a proof source_part,
S000422,ega:I.3.5.7:proof,the product point map sends the pair u v to f after u and g after v and is injective,french_admitted,F8.json,2137BF64B9BD210176B58075DBDB58E7C8A5669F9EFAD61410510A01D32D0BC0,a04446e57ec1fbc252a871afcec7752fb2807b14,morphisms.tex,morphisms-lemma-universally-injective,01S4,split,reviewed_existing,covered_derived,Condition one gives injectivity of both component maps and hence of their fibre-product map,D000129,,
S000423,ega:I.3.5.8,radiciality is equivalent to injective points and purely inseparable residue-field extensions,french_admitted,F8.json,2137BF64B9BD210176B58075DBDB58E7C8A5669F9EFAD61410510A01D32D0BC0,a04446e57ec1fbc252a871afcec7752fb2807b14,morphisms.tex,morphisms-lemma-universally-injective,01S4,equivalent,reviewed_existing,full_statement,Conditions one and three are exactly the source definition and criterion,D000130,,
S000424,ega:I.3.5.8,the modern radicial definition names the source point and residue conditions,french_admitted,F8.json,2137BF64B9BD210176B58075DBDB58E7C8A5669F9EFAD61410510A01D32D0BC0,a04446e57ec1fbc252a871afcec7752fb2807b14,morphisms.tex,morphisms-definition-universally-injective,01S3,equivalent,reviewed_existing,component,Source extension radicielle is the historical name for a purely inseparable field extension,D000130,,
S000425,ega:I.3.5.8:proof,a common field extension receives the two residue fields over the shared image point,french_admitted,F8.json,2137BF64B9BD210176B58075DBDB58E7C8A5669F9EFAD61410510A01D32D0BC0,a04446e57ec1fbc252a871afcec7752fb2807b14,fields.tex,fields-lemma-common-extension-field,0H7K,equivalent,reviewed_existing,component,The target is the exact Bourbaki field-extension input used to force equality of source points,D000130,,
S000426,ega:I.3.5.8:proof,the common-field embeddings and field-spectrum maps detect equality of points,french_admitted,F8.json,2137BF64B9BD210176B58075DBDB58E7C8A5669F9EFAD61410510A01D32D0BC0,a04446e57ec1fbc252a871afcec7752fb2807b14,schemes.tex,schemes-lemma-characterize-points,01J9,split,reviewed_existing,covered_derived,The target converts residue-field embeddings into the two morphisms from Spec K used by the proof,D000130,,
S000427,ega:I.3.5.8:proof,a non-purely-inseparable residue extension yields two distinct lifts and the converse gives uniqueness,french_admitted,F8.json,2137BF64B9BD210176B58075DBDB58E7C8A5669F9EFAD61410510A01D32D0BC0,a04446e57ec1fbc252a871afcec7752fb2807b14,morphisms.tex,morphisms-lemma-universally-injective,01S4,equivalent,reviewed_existing,covered_unlabelled,The target proof repeats the same two-embedding contradiction and reverse pair argument,D000130,,
S000428,ega:I.3.5.9,every localization is a ring epimorphism,french_admitted,F8.json,2137BF64B9BD210176B58075DBDB58E7C8A5669F9EFAD61410510A01D32D0BC0,a04446e57ec1fbc252a871afcec7752fb2807b14,algebra.tex,algebra-lemma-epimorphism-local,04VS,split,reviewed_existing,covered_unlabelled,The prose introducing the target records this consequence explicitly for arbitrary multiplicative subsets,D000131,,
S000429,ega:I.3.5.9,a ring epimorphism has injective spectrum map and identical residue fields,french_admitted,F8.json,2137BF64B9BD210176B58075DBDB58E7C8A5669F9EFAD61410510A01D32D0BC0,a04446e57ec1fbc252a871afcec7752fb2807b14,algebra.tex,algebra-lemma-epimorphism-injective-spec,04VW,equivalent,reviewed_existing,component,The target gives both properties needed for the localization morphism,D000131,,
S000430,ega:I.3.5.9,the localization spectrum map is therefore radicial,french_admitted,F8.json,2137BF64B9BD210176B58075DBDB58E7C8A5669F9EFAD61410510A01D32D0BC0,a04446e57ec1fbc252a871afcec7752fb2807b14,morphisms.tex,morphisms-definition-universally-injective,01S3,split,reviewed_existing,covered_derived,Injective points and equal hence purely inseparable residue fields meet the target definition,D000131,,
S000431,ega:I.3.5.9:proof,the ring epimorphism localization corresponds contravariantly to an affine-scheme monomorphism,french_admitted,F8.json,2137BF64B9BD210176B58075DBDB58E7C8A5669F9EFAD61410510A01D32D0BC0,a04446e57ec1fbc252a871afcec7752fb2807b14,schemes.tex,schemes-lemma-category-affine-schemes,01I2,split,reviewed_existing,covered_derived,The affine equivalence reverses an epimorphism of rings into the monomorphism used by the source proof,D000131,,
S000432,ega:I.3.5.9:proof,a scheme monomorphism is radicial by injectivity on field-valued maps,french_admitted,F8.json,2137BF64B9BD210176B58075DBDB58E7C8A5669F9EFAD61410510A01D32D0BC0,a04446e57ec1fbc252a871afcec7752fb2807b14,morphisms.tex,morphisms-lemma-universally-injective,01S4,split,reviewed_existing,covered_derived,The monomorphism condition implies item one of the target for every field test scheme,D000131,,
S000433,ega:I.3.5.10,the base change f prime remains radicial,french_admitted,F8.json,2137BF64B9BD210176B58075DBDB58E7C8A5669F9EFAD61410510A01D32D0BC0,a04446e57ec1fbc252a871afcec7752fb2807b14,morphisms.tex,morphisms-lemma-base-change-universally-injective,0472,equivalent,reviewed_existing,component,Use 01S4 to translate universally injective back to the source term radicial,D000132,,
S000434,ega:I.3.5.10,the image of the base change equals g inverse of f of X,french_admitted,F8.json,2137BF64B9BD210176B58075DBDB58E7C8A5669F9EFAD61410510A01D32D0BC0,a04446e57ec1fbc252a871afcec7752fb2807b14,morphisms.tex,morphisms-lemma-base-change-surjective,01S1,equivalent,reviewed_existing,covered_unlabelled,The target proof states the exact arbitrary-subset identity with the subset chosen to be all of X,D000132,This is an equality of underlying point sets,
S000435,ega:I.3.5.10,radiciality makes the map onto that image injective and hence bijective,french_admitted,F8.json,2137BF64B9BD210176B58075DBDB58E7C8A5669F9EFAD61410510A01D32D0BC0,a04446e57ec1fbc252a871afcec7752fb2807b14,morphisms.tex,morphisms-lemma-universally-injective,01S4,split,reviewed_existing,covered_derived,Item three includes injectivity on underlying points and combines with the exact image identity,D000132,No homeomorphism is claimed,
S000436,ega:I.3.5.10,the K points of the base change form the pullback X of K times over Y of K with Y prime of K,french_admitted,F8.json,2137BF64B9BD210176B58075DBDB58E7C8A5669F9EFAD61410510A01D32D0BC0,a04446e57ec1fbc252a871afcec7752fb2807b14,schemes.tex,schemes-definition-fibre-product,01JP,split,reviewed_existing,covered_derived,Apply the universal property to the test scheme Spec K,D000132,,
S000437,ega:I.3.5.10,injectivity on K points identifies that pullback with the inverse image of X of K in Y prime of K,french_admitted,F8.json,2137BF64B9BD210176B58075DBDB58E7C8A5669F9EFAD61410510A01D32D0BC0,a04446e57ec1fbc252a871afcec7752fb2807b14,morphisms.tex,morphisms-lemma-universally-injective,01S4,split,reviewed_existing,covered_derived,Condition one lets X of K be viewed through its injective image in Y of K,D000132,,
S000438,ega:I.3.5.10:proof,the first assertion combines the arbitrary-subset image identity with radicial injectivity,french_admitted,F8.json,2137BF64B9BD210176B58075DBDB58E7C8A5669F9EFAD61410510A01D32D0BC0,a04446e57ec1fbc252a871afcec7752fb2807b14,morphisms.tex,morphisms-lemma-base-change-surjective,01S1,equivalent,reviewed_existing,covered_unlabelled,The proof of the target repeats the same point-lifting equivalence used by source 3.4.8,D000132,,
S000439,ega:I.3.5.10:proof,the second assertion is the Hom-set pullback formula after applying Spec K,french_admitted,F8.json,2137BF64B9BD210176B58075DBDB58E7C8A5669F9EFAD61410510A01D32D0BC0,a04446e57ec1fbc252a871afcec7752fb2807b14,schemes.tex,schemes-definition-fibre-product,01JP,split,reviewed_existing,covered_derived,The universal property gives the four-corner set square underlying the source argument,D000132,,
S000440,ega:I.3.5.10:diagram:xymatrix:1,the natural square of X prime X Y prime and Y on K-valued points,french_admitted,F8.json,2137BF64B9BD210176B58075DBDB58E7C8A5669F9EFAD61410510A01D32D0BC0,a04446e57ec1fbc252a871afcec7752fb2807b14,schemes.tex,schemes-definition-base-change,01JX,split,reviewed_existing,covered_derived,Applying the representable point functor to the defining Cartesian square yields the exact four arrows,D000132,,
S000441,ega:I.3.5.11,universally injective means injective on underlying spaces after every base change,french_admitted,F8.json,2137BF64B9BD210176B58075DBDB58E7C8A5669F9EFAD61410510A01D32D0BC0,a04446e57ec1fbc252a871afcec7752fb2807b14,morphisms.tex,morphisms-definition-universally-injective,01S3,equivalent,reviewed_existing,component,Item one is exactly the source characterization and source meaning of injective,D000133,,
S000442,ega:I.3.5.11,radiciality is equivalent to universal topological injectivity,french_admitted,F8.json,2137BF64B9BD210176B58075DBDB58E7C8A5669F9EFAD61410510A01D32D0BC0,a04446e57ec1fbc252a871afcec7752fb2807b14,morphisms.tex,morphisms-lemma-universally-injective,01S4,equivalent,reviewed_existing,full_statement,Conditions two and three give precisely the claimed equivalence and the target adds a diagonal criterion,D000133,,
S000443,ega:I.3.5.11,the reverse proof uses two field-valued sections after base change to Spec K,french_admitted,F8.json,2137BF64B9BD210176B58075DBDB58E7C8A5669F9EFAD61410510A01D32D0BC0,a04446e57ec1fbc252a871afcec7752fb2807b14,morphisms.tex,morphisms-lemma-universally-injective,01S4,equivalent,reviewed_existing,covered_unlabelled,The target proof supplies the same pair-of-sections contradiction and makes the residue-field argument explicit,D000133,,
S000444,ega:I.3.6.1,the residue-field fibre maps homeomorphically onto f inverse of y with the induced topology,french_admitted,F8.json,2137BF64B9BD210176B58075DBDB58E7C8A5669F9EFAD61410510A01D32D0BC0,a04446e57ec1fbc252a871afcec7752fb2807b14,schemes.tex,schemes-lemma-fibre-topological,01K1,equivalent,reviewed_existing,component,The first square states precisely the topological identification for the ordinary residue-field fibre,D000134,,
S000445,ega:I.3.6.1,nilpotent thickening of the residue point and every affine base change preserve the spectrum,french_admitted,F8.json,2137BF64B9BD210176B58075DBDB58E7C8A5669F9EFAD61410510A01D32D0BC0,a04446e57ec1fbc252a871afcec7752fb2807b14,algebra.tex,algebra-lemma-surjective-locally-nilpotent-kernel,0BR6,entailed_by_stronger,reviewed_existing,component,Apply the target to O_y modulo a_y mapping onto kappa y whose kernel m_y modulo a_y is nilpotent,D000134,The target also gives residue-field isomorphisms and arbitrary ring base changes,
S000446,ega:I.3.6.1:proof,the nilpotent quotient and every affine pullback have unchanged spectra,french_admitted,F8.json,2137BF64B9BD210176B58075DBDB58E7C8A5669F9EFAD61410510A01D32D0BC0,a04446e57ec1fbc252a871afcec7752fb2807b14,algebra.tex,algebra-lemma-surjective-locally-nilpotent-kernel,0BR6,entailed_by_stronger,reviewed_existing,component,The arbitrary-base-change clause gives the proof a direct modern replacement for its radicial point-set reduction,D000134,,
S000447,ega:I.3.6.1:proof,the ordinary residue fibre has underlying subspace f inverse of y,french_admitted,F8.json,2137BF64B9BD210176B58075DBDB58E7C8A5669F9EFAD61410510A01D32D0BC0,a04446e57ec1fbc252a871afcec7752fb2807b14,schemes.tex,schemes-lemma-fibre-topological,01K1,split,reviewed_existing,component,The topological fibre square strengthens the source proof's intermediate set identification,D000134,,
S000448,ega:I.3.6.1:proof,the affine fibre product has coordinate ring B tensor over A with A prime,french_admitted,F8.json,2137BF64B9BD210176B58075DBDB58E7C8A5669F9EFAD61410510A01D32D0BC0,a04446e57ec1fbc252a871afcec7752fb2807b14,schemes.tex,schemes-lemma-fibre-product-affine-schemes,01I4,equivalent,reviewed_existing,component,The affine fibre-product formula is exactly the coordinate-ring identification used by the source,D000134,,
S000449,ega:I.3.6.1:proof,the labelled common-denominator identity in B tensor over A with A prime,french_admitted,F8.json,2137BF64B9BD210176B58075DBDB58E7C8A5669F9EFAD61410510A01D32D0BC0,a04446e57ec1fbc252a871afcec7752fb2807b14,algebra.tex,algebra-lemma-tensor-localization,00DK,split,reviewed_existing,covered_derived,The target proof puts a finite sum over one denominator and tensor balancing moves each numerator into B,D000134,The French display remains a source_part because R184 has no child unit,
S000450,ega:I.3.6.1:proof,the unit-times-image criterion makes the affine spectrum map a homeomorphism onto its image,french_admitted,F8.json,2137BF64B9BD210176B58075DBDB58E7C8A5669F9EFAD61410510A01D32D0BC0,LOCAL_WORKTREE,algebra.tex,algebra-lemma-spec-homeomorphism-onto-image-units,,equivalent,integrated_local,component,The already integrated EGA I 1.2.4 lemma is exactly the terminal criterion invoked by this proof,D000134,Reuse creates no new mathematical gap and assigns no official tag,
S000451,ega:I.3.6.2,the fibre scheme is Spec kappa y times over Y with X and is a kappa y scheme,french_admitted,F8.json,2137BF64B9BD210176B58075DBDB58E7C8A5669F9EFAD61410510A01D32D0BC0,a04446e57ec1fbc252a871afcec7752fb2807b14,schemes.tex,schemes-definition-fibre,01K0,equivalent,reviewed_existing,component,The modern definition uses the same fibre product and remembers its structure over the residue field,D000135,Factor order differs only by the canonical symmetry,
S000452,ega:I.3.6.2,the fibre-product scheme is identified topologically with the set-theoretic fibre for transport,french_admitted,F8.json,2137BF64B9BD210176B58075DBDB58E7C8A5669F9EFAD61410510A01D32D0BC0,a04446e57ec1fbc252a871afcec7752fb2807b14,schemes.tex,schemes-lemma-fibre-topological,01K1,equivalent,reviewed_existing,component,The top horizontal arrow is the homeomorphism used by the historical transport convention,D000135,Stacks keeps the canonical fibre-product representative,
S000453,ega:I.3.6.2,for an O_y algebra B the notation means base change by Spec B,french_admitted,F8.json,2137BF64B9BD210176B58075DBDB58E7C8A5669F9EFAD61410510A01D32D0BC0,a04446e57ec1fbc252a871afcec7752fb2807b14,schemes.tex,schemes-definition-base-change,01JX,equivalent,reviewed_existing,component,Items five and seven give the same scheme after the canonical map Spec B to Spec O_y to Y,D000135,Stacks writes base-change rather than tensor notation,
S000454,ega:I.3.6.2,K-valued points over the fixed map through y are the K-points of the fibre,french_admitted,F8.json,2137BF64B9BD210176B58075DBDB58E7C8A5669F9EFAD61410510A01D32D0BC0,a04446e57ec1fbc252a871afcec7752fb2807b14,schemes.tex,schemes-definition-fibre-product,01JP,entailed_by_stronger,reviewed_existing,component,Specialize the universal property to the test scheme Spec K with its fixed map through y,D000135,An absolute X of K reading is excluded,
S000455,ega:I.3.6.3,the two sides of the composite-fibre formula are scheme-theoretic fibres,french_admitted,F8.json,2137BF64B9BD210176B58075DBDB58E7C8A5669F9EFAD61410510A01D32D0BC0,a04446e57ec1fbc252a871afcec7752fb2807b14,schemes.tex,schemes-definition-fibre,01K0,split,reviewed_existing,component,Apply the fibre definition first to g composed with f and then to g,D000136,,
S000456,ega:I.3.6.3,the labelled composite-fibre identity is pullback associativity,french_admitted,F8.json,2137BF64B9BD210176B58075DBDB58E7C8A5669F9EFAD61410510A01D32D0BC0,a04446e57ec1fbc252a871afcec7752fb2807b14,categories.tex,categories-lemma-composition-representable,001Y,equivalent,reviewed_existing,covered_unlabelled,The target proof states x times over z with t equals x times over y with y times over z with t,D000136,The French display remains a parent source_part because R184 has no child unit,
S000457,ega:I.3.6.3,the intermediate X times over Y with Y is canonically X,french_admitted,F8.json,2137BF64B9BD210176B58075DBDB58E7C8A5669F9EFAD61410510A01D32D0BC0,a04446e57ec1fbc252a871afcec7752fb2807b14,schemes.tex,schemes-definition-fibre-product,01JP,split,reviewed_existing,covered_derived,The universal property gives the canonical terminal pullback comparison rather than a literal equality of representatives,D000136,,
S000458,ega:I.3.6.3,the induced scheme on U intersect f inverse y is the open pullback of the fibre,french_admitted,F8.json,2137BF64B9BD210176B58075DBDB58E7C8A5669F9EFAD61410510A01D32D0BC0,a04446e57ec1fbc252a871afcec7752fb2807b14,schemes.tex,schemes-lemma-open-fibre-product,01JR,entailed_by_stronger,reviewed_existing,component,The target identifies every compatible open fibre product with the exact inverse-image open,D000136,,
S000459,ega:I.3.6.3,the underlying open is U intersect the set-theoretic fibre f inverse y,french_admitted,F8.json,2137BF64B9BD210176B58075DBDB58E7C8A5669F9EFAD61410510A01D32D0BC0,a04446e57ec1fbc252a871afcec7752fb2807b14,schemes.tex,schemes-lemma-fibre-topological,01K1,split,reviewed_existing,covered_derived,The fibre homeomorphism translates the inverse-image open into the stated intersection inside X,D000136,,
S000460,ega:I.3.6.4,the fibre after base change is the scalar extension of the original fibre,french_admitted,F8.json,2137BF64B9BD210176B58075DBDB58E7C8A5669F9EFAD61410510A01D32D0BC0,a04446e57ec1fbc252a871afcec7752fb2807b14,categories.tex,categories-lemma-base-change-representable,001Z,split,reviewed_existing,covered_unlabelled,The target proof identifies the fibre of a base-changed object with the unrestricted common pullback and 001Y supplies the scalar-extension side,D000137,No finite-type hypothesis is introduced,
S000461,ega:I.3.6.4,both sides use the scheme-theoretic fibre construction,french_admitted,F8.json,2137BF64B9BD210176B58075DBDB58E7C8A5669F9EFAD61410510A01D32D0BC0,a04446e57ec1fbc252a871afcec7752fb2807b14,schemes.tex,schemes-definition-fibre,01K0,split,reviewed_existing,component,The residue-field fibre definition fixes both source and base-changed terms,D000137,,
S000462,ega:I.3.6.4:proof,both iterated products are canonically X times over Y with Spec kappa y prime,french_admitted,F8.json,2137BF64B9BD210176B58075DBDB58E7C8A5669F9EFAD61410510A01D32D0BC0,a04446e57ec1fbc252a871afcec7752fb2807b14,categories.tex,categories-lemma-composition-representable,001Y,equivalent,reviewed_existing,covered_unlabelled,The proof of the target gives the exact common iterated-pullback representative used by the source,D000137,,
S000463,ega:I.3.6.4:proof,the canonical comparison is coherent under iterated base change,french_admitted,F8.json,2137BF64B9BD210176B58075DBDB58E7C8A5669F9EFAD61410510A01D32D0BC0,a04446e57ec1fbc252a871afcec7752fb2807b14,categories.tex,categories-lemma-fibred,02XO,entailed_by_stronger,reviewed_existing,covered_derived,Specialize the codomain fibration to schemes and invert the canonical comparison if required,D000137,The target also supplies general fibred-category coherence,
S000464,ega:I.3.6.4,restriction to an open neighbourhood leaves the fibre unchanged,french_admitted,F8.json,2137BF64B9BD210176B58075DBDB58E7C8A5669F9EFAD61410510A01D32D0BC0,a04446e57ec1fbc252a871afcec7752fb2807b14,categories.tex,categories-lemma-base-change-representable,001Z,split,reviewed_existing,covered_unlabelled,Apply the unrestricted proof-level base-change identity to the open neighbourhood and use the unchanged residue field,D000137,The separate 01HH edge supplies the locally ringed-space identification,
S000465,ega:I.3.6.4,an open immersion identifies the local and residue fields at y,french_admitted,F8.json,2137BF64B9BD210176B58075DBDB58E7C8A5669F9EFAD61410510A01D32D0BC0,a04446e57ec1fbc252a871afcec7752fb2807b14,schemes.tex,schemes-lemma-open-immersion,01HH,split,reviewed_existing,covered_derived,The open subspace is isomorphic as a locally ringed space so the field extension in the transitivity formula is the identity,D000137,,
S000466,ega:I.3.6.5,the local-spectrum base change maps homeomorphically onto its image in X,french_admitted,F8.json,2137BF64B9BD210176B58075DBDB58E7C8A5669F9EFAD61410510A01D32D0BC0,a04446e57ec1fbc252a871afcec7752fb2807b14,schemes.tex,schemes-lemma-fibre-topological,01K1,equivalent,reviewed_existing,component,The second displayed square is exactly the local-spectrum projection and its topological conclusion,D000138,,
S000467,ega:I.3.6.5,the image of Spec O_y in Y is the generalization locus of y,french_admitted,F8.json,2137BF64B9BD210176B58075DBDB58E7C8A5669F9EFAD61410510A01D32D0BC0,a04446e57ec1fbc252a871afcec7752fb2807b14,schemes.tex,schemes-lemma-specialize-points,01J7,equivalent,reviewed_existing,component,The target identifies precisely which points occur in the canonical local-spectrum image,D000138,The source denotes the resulting local scheme by Z,
S000468,ega:I.3.6.5,the projection induces an isomorphism on every corresponding stalk,french_admitted,F8.json,2137BF64B9BD210176B58075DBDB58E7C8A5669F9EFAD61410510A01D32D0BC0,a04446e57ec1fbc252a871afcec7752fb2807b14,schemes.tex,schemes-lemma-spec-sheaves,01HV,split,reviewed_existing,covered_derived,Affine stalks are prime localizations on both spectra,D000138,,
S000469,ega:I.3.6.5,the local-spectrum stalk isomorphism follows by localizing twice,french_admitted,F8.json,2137BF64B9BD210176B58075DBDB58E7C8A5669F9EFAD61410510A01D32D0BC0,a04446e57ec1fbc252a871afcec7752fb2807b14,algebra.tex,algebra-proposition-localize-twice,02C6,split,reviewed_existing,covered_derived,At a corresponding prime the second localization canonically recovers the original local ring,D000138,,
S000470,ega:I.3.6.5:proof,the affine fibre product has coordinate ring A tensor over B with B_y,french_admitted,F8.json,2137BF64B9BD210176B58075DBDB58E7C8A5669F9EFAD61410510A01D32D0BC0,a04446e57ec1fbc252a871afcec7752fb2807b14,schemes.tex,schemes-lemma-fibre-product-affine-schemes,01I4,equivalent,reviewed_existing,component,The affine fibre-product formula is exactly the source ring calculation,D000138,,
S000471,ega:I.3.6.5:proof,A tensor over B with B_y is the localization S inverse A,french_admitted,F8.json,2137BF64B9BD210176B58075DBDB58E7C8A5669F9EFAD61410510A01D32D0BC0,a04446e57ec1fbc252a871afcec7752fb2807b14,algebra.tex,algebra-lemma-tensor-localization,00DK,equivalent,reviewed_existing,component,Take R equal to B and M equal to A and use canonical tensor-factor symmetry,D000138,,
S000472,ega:I.3.6.5:proof,the spectrum of S inverse A is homeomorphic to the prime locus avoiding S,french_admitted,F8.json,2137BF64B9BD210176B58075DBDB58E7C8A5669F9EFAD61410510A01D32D0BC0,a04446e57ec1fbc252a871afcec7752fb2807b14,algebra.tex,algebra-lemma-spec-localization,00E3,equivalent,reviewed_existing,component,The target supplies exactly the induced-subspace topology used to identify the projection image,D000138,,
S000473,ega:I.3.6.5:proof,stalks of the two affine spectra are the corresponding prime localizations,french_admitted,F8.json,2137BF64B9BD210176B58075DBDB58E7C8A5669F9EFAD61410510A01D32D0BC0,a04446e57ec1fbc252a871afcec7752fb2807b14,schemes.tex,schemes-lemma-spec-sheaves,01HV,equivalent,reviewed_existing,component,Item six identifies both stalks with localizations at their corresponding primes,D000138,,
S000474,ega:I.3.6.5:proof,localizing the localization at the corresponding prime recovers A at that prime,french_admitted,F8.json,2137BF64B9BD210176B58075DBDB58E7C8A5669F9EFAD61410510A01D32D0BC0,a04446e57ec1fbc252a871afcec7752fb2807b14,algebra.tex,algebra-proposition-localize-twice,02C6,split,reviewed_existing,covered_derived,The double-localization isomorphism proves the source stalk-map assertion,D000138,,
S000475,ega:I.3.7.1,X zero is the A modulo J base change of X and hence an A modulo J scheme,french_admitted,F8.json,2137BF64B9BD210176B58075DBDB58E7C8A5669F9EFAD61410510A01D32D0BC0,a04446e57ec1fbc252a871afcec7752fb2807b14,schemes.tex,schemes-definition-base-change,01JX,entailed_by_stronger,reviewed_existing,full_statement,The general base-change definition specializes exactly to Spec A modulo J mapping to Spec A,D000139,The historical name reduction modulo J is not nilreduction,
S000476,ega:I.3.7.2,a local ring has its distinguished maximal ideal and residue field,french_admitted,F8.json,2137BF64B9BD210176B58075DBDB58E7C8A5669F9EFAD61410510A01D32D0BC0,a04446e57ec1fbc252a871afcec7752fb2807b14,algebra.tex,algebra-definition-local-ring,07BI,equivalent,reviewed_existing,component,The target supplies the maximal ideal and quotient residue field used in the source setup,D000140,,
S000477,ega:I.3.7.2,reduction modulo the maximal ideal is the special fibre over the closed point,french_admitted,F8.json,2137BF64B9BD210176B58075DBDB58E7C8A5669F9EFAD61410510A01D32D0BC0,a04446e57ec1fbc252a871afcec7752fb2807b14,schemes.tex,schemes-definition-fibre,01K0,equivalent,reviewed_existing,component,The scheme fibre over the maximal point uses Spec of the same residue field,D000140,,
S000478,ega:I.3.7.2,the generic fibre X prime is the base change of X from A to its fraction field K,french_admitted,F8.json,2137BF64B9BD210176B58075DBDB58E7C8A5669F9EFAD61410510A01D32D0BC0,a04446e57ec1fbc252a871afcec7752fb2807b14,schemes.tex,schemes-definition-base-change,01JX,equivalent,reviewed_existing,component,Item seven gives the exact scalar-extension construction over a ring map,D000140,,
S000479,ega:I.3.7.2,the generic base change is the scheme fibre over the generic point,french_admitted,F8.json,2137BF64B9BD210176B58075DBDB58E7C8A5669F9EFAD61410510A01D32D0BC0,a04446e57ec1fbc252a871afcec7752fb2807b14,schemes.tex,schemes-definition-fibre,01K0,equivalent,reviewed_existing,component,The residue field at the generic point of the domain is its fraction field K,D000140,,
S000480,ega:I.3.7.2,the illustrative ambient P prime may be projective r-space over K,french_admitted,F8.json,2137BF64B9BD210176B58075DBDB58E7C8A5669F9EFAD61410510A01D32D0BC0,a04446e57ec1fbc252a871afcec7752fb2807b14,constructions.tex,constructions-definition-projective-space,01NF,equivalent,reviewed_existing,component,The target defines projective r-space by base change from projective space over the integers,D000140,This is an illustrative ambient and not a hypothesis on every model,
S000481,ega:I.3.7.2,a one-dimensional domain has no prime strictly between zero and a height-one maximal ideal,french_admitted,F8.json,2137BF64B9BD210176B58075DBDB58E7C8A5669F9EFAD61410510A01D32D0BC0,a04446e57ec1fbc252a871afcec7752fb2807b14,algebra.tex,algebra-definition-Krull,00KE,split,reviewed_existing,covered_derived,The definition of dimension excludes a chain zero properly contained in p properly contained in the maximal ideal,D000140,Locality and integrality are separate indispensable inputs,
S000482,ega:I.3.7.2,the spectrum has the unique closed maximal point and the generic zero point,french_admitted,F8.json,2137BF64B9BD210176B58075DBDB58E7C8A5669F9EFAD61410510A01D32D0BC0,a04446e57ec1fbc252a871afcec7752fb2807b14,algebra.tex,algebra-definition-local-ring,07BI,split,reviewed_existing,covered_derived,Combine the unique maximal ideal with the domain and dimension-one chain argument,D000140,,
S000483,ega:I.3.7.2,the generic singleton U is the open affine Spec K,french_admitted,F8.json,2137BF64B9BD210176B58075DBDB58E7C8A5669F9EFAD61410510A01D32D0BC0,a04446e57ec1fbc252a871afcec7752fb2807b14,schemes.tex,schemes-lemma-standard-open-affine,01I3,split,reviewed_existing,covered_derived,For any nonzero element of the maximal ideal its standard open contains only zero and its localization is K,D000140,The assertion relies on all three carried local domain dimension-one hypotheses,
S000484,ega:I.3.7.2,the generic base change is the scheme induced on the inverse image of U,french_admitted,F8.json,2137BF64B9BD210176B58075DBDB58E7C8A5669F9EFAD61410510A01D32D0BC0,a04446e57ec1fbc252a871afcec7752fb2807b14,schemes.tex,schemes-lemma-open-fibre-product,01JR,entailed_by_stronger,reviewed_existing,component,The target identifies arbitrary compatible open fibre products with their inverse-image open,D000140,,
S000485,ega:I.3.7.2,a closed subscheme X prime of the open P prime is a locally closed subscheme of P,french_admitted,F8.json,2137BF64B9BD210176B58075DBDB58E7C8A5669F9EFAD61410510A01D32D0BC0,a04446e57ec1fbc252a871afcec7752fb2807b14,schemes.tex,schemes-definition-immersion,01IO,equivalent,reviewed_existing,component,Item five defines an immersion as a closed immersion followed by an open immersion,D000140,,
S000486,ega:I.3.7.2,finite type over a Noetherian base makes the ambient P Noetherian,french_admitted,F8.json,2137BF64B9BD210176B58075DBDB58E7C8A5669F9EFAD61410510A01D32D0BC0,a04446e57ec1fbc252a871afcec7752fb2807b14,morphisms.tex,morphisms-lemma-finite-type-noetherian,01T6,equivalent,reviewed_existing,component,The target states exactly the source parenthetical sufficient condition,D000140,,
S000487,ega:I.3.7.2,the immersion X prime into Noetherian P is quasi-compact,french_admitted,F8.json,2137BF64B9BD210176B58075DBDB58E7C8A5669F9EFAD61410510A01D32D0BC0,a04446e57ec1fbc252a871afcec7752fb2807b14,properties.tex,properties-lemma-immersion-into-noetherian,01OX,equivalent,reviewed_existing,component,This is the operative hypothesis needed for restriction of the schematic closure,D000140,Noetherianity itself is sufficient rather than necessary,
S000488,ega:I.3.7.2,there is a smallest closed subscheme X of P through which X prime factors,french_admitted,F8.json,2137BF64B9BD210176B58075DBDB58E7C8A5669F9EFAD61410510A01D32D0BC0,a04446e57ec1fbc252a871afcec7752fb2807b14,morphisms.tex,morphisms-lemma-scheme-theoretic-image,01R6,entailed_by_stronger,reviewed_existing,component,The target constructs the smallest closed factor for every scheme morphism without a Noetherian hypothesis,D000140,,
S000489,ega:I.3.7.2,the minimal closed model is the scheme-theoretic image of X prime in P,french_admitted,F8.json,2137BF64B9BD210176B58075DBDB58E7C8A5669F9EFAD61410510A01D32D0BC0,a04446e57ec1fbc252a871afcec7752fb2807b14,morphisms.tex,morphisms-definition-scheme-theoretic-image,01R7,equivalent,reviewed_existing,component,The modern definition names exactly the source minimal closed subscheme,D000140,,
S000490,ega:I.3.7.2,the scheme-theoretic image restricts on P prime to the original closed subscheme X prime,french_admitted,F8.json,2137BF64B9BD210176B58075DBDB58E7C8A5669F9EFAD61410510A01D32D0BC0,a04446e57ec1fbc252a871afcec7752fb2807b14,morphisms.tex,morphisms-lemma-quasi-compact-scheme-theoretic-image,01R8,equivalent,reviewed_existing,component,Item three applies because 01OX makes the locally closed immersion quasi-compact,D000140,,
S000491,ega:I.3.7.2,the quasi-compact immersion factors as X prime open in its closed schematic closure X,french_admitted,F8.json,2137BF64B9BD210176B58075DBDB58E7C8A5669F9EFAD61410510A01D32D0BC0,a04446e57ec1fbc252a871afcec7752fb2807b14,morphisms.tex,morphisms-lemma-factor-quasi-compact-immersion,01QV,split,reviewed_existing,covered_unlabelled,The target proof explicitly identifies X prime with the closure intersected with the chosen open,D000140,Minimality is separately supplied by 01R6 and 01R7,
S000492,ega:I.3.7.2,the induced open of the closed model X is canonically its generic fibre X prime,french_admitted,F8.json,2137BF64B9BD210176B58075DBDB58E7C8A5669F9EFAD61410510A01D32D0BC0,a04446e57ec1fbc252a871afcec7752fb2807b14,schemes.tex,schemes-lemma-open-fibre-product,01JR,split,reviewed_existing,covered_derived,Combine the exact restriction from 01R8 with the base open U equal to Spec K,D000140,Canonicity is relative to the chosen immersion and ambient model,
S000493,ega:I.3.7.2,the reduction X zero is the closed scheme fibre of the model X over y,french_admitted,F8.json,2137BF64B9BD210176B58075DBDB58E7C8A5669F9EFAD61410510A01D32D0BC0,a04446e57ec1fbc252a871afcec7752fb2807b14,schemes.tex,schemes-definition-fibre,01K0,equivalent,reviewed_existing,component,The maximal point has residue field k and its fibre is X base changed to k,D000140,,
S000494,ega:I.3.7.3,restriction gives a bijection between A-valued points of proper X and K-valued points of X_K,french_admitted,F8.json,2137BF64B9BD210176B58075DBDB58E7C8A5669F9EFAD61410510A01D32D0BC0,a04446e57ec1fbc252a871afcec7752fb2807b14,morphisms.tex,morphisms-lemma-characterize-proper,0BX5,entailed_by_stronger,reviewed_existing,full_statement,Specialize the unique valuative lift to X over Spec A with A a DVR and the identity bottom arrow,D000141,The target works for every valuation ring,
S000495,ega:I.3.7.3,K-valued points of X_K are the A-compatible maps from Spec K to X,french_admitted,F8.json,2137BF64B9BD210176B58075DBDB58E7C8A5669F9EFAD61410510A01D32D0BC0,a04446e57ec1fbc252a871afcec7752fb2807b14,schemes.tex,schemes-definition-fibre-product,01JP,entailed_by_stronger,reviewed_existing,covered_derived,Apply the universal property to the test scheme Spec K and its identity map over Spec K,D000141,This is functor-of-points and not an underlying topological point claim,
S000496,ega:I.3.7.3,the A over K extension square is the valuative criterion diagram,french_admitted,F8.json,2137BF64B9BD210176B58075DBDB58E7C8A5669F9EFAD61410510A01D32D0BC0,a04446e57ec1fbc252a871afcec7752fb2807b14,schemes.tex,schemes-definition-valuative-criterion,01KD,equivalent,reviewed_existing,component,The source restriction map is the unique-lift instance of this exact square,D000141,,
S000497,ega:I.3.7.3,properness supplies existence of the A-valued extension,french_admitted,F8.json,2137BF64B9BD210176B58075DBDB58E7C8A5669F9EFAD61410510A01D32D0BC0,a04446e57ec1fbc252a871afcec7752fb2807b14,schemes.tex,schemes-proposition-characterize-universally-closed,01KF,split,reviewed_existing,component,Proper implies quasi-compact and universally closed so the existence part applies,D000141,,
S000498,ega:I.3.7.3,separatedness supplies uniqueness of the A-valued extension,french_admitted,F8.json,2137BF64B9BD210176B58075DBDB58E7C8A5669F9EFAD61410510A01D32D0BC0,a04446e57ec1fbc252a871afcec7752fb2807b14,schemes.tex,schemes-lemma-separated-implies-valuative,01KZ,split,reviewed_existing,component,Proper implies separated and the target gives at most one lift,D000141,,
S000499,ega:I.3.7.3,proper means separated finite type and universally closed,french_admitted,F8.json,2137BF64B9BD210176B58075DBDB58E7C8A5669F9EFAD61410510A01D32D0BC0,a04446e57ec1fbc252a871afcec7752fb2807b14,morphisms.tex,morphisms-definition-proper,01W1,equivalent,reviewed_existing,component,The modern convention supplies exactly the properties needed for existence and uniqueness,D000141,,
S000500,ega:I.3.7.3,a closed subscheme of projective r-space over A is proper over A,french_admitted,F8.json,2137BF64B9BD210176B58075DBDB58E7C8A5669F9EFAD61410510A01D32D0BC0,a04446e57ec1fbc252a871afcec7752fb2807b14,morphisms.tex,morphisms-lemma-locally-projective-proper,01WC,entailed_by_stronger,reviewed_existing,component,A closed immersion into projective space is locally projective and the target proves every locally projective morphism proper,D000141,,
S000501,ega:I.4.1.1,quasi-coherence is a local presentation condition,french_admitted,F33.json,2652207F96F697935BC81C5D63B292DE4D956905D69CB92572225E320BB27F4C,a04446e57ec1fbc252a871afcec7752fb2807b14,modules.tex,modules-definition-quasi-coherent,01BE,split,reviewed_existing,component,The abstract local-presentation definition supplies the local half of the source criterion,D000143,,
S000502,ega:I.4.1.1,on every affine open a quasi-coherent module is isomorphic to a sheaf associated to a module over the coordinate ring,french_admitted,F33.json,2652207F96F697935BC81C5D63B292DE4D956905D69CB92572225E320BB27F4C,a04446e57ec1fbc252a871afcec7752fb2807b14,schemes.tex,schemes-lemma-quasi-coherent-affine,01IA,entailed_by_stronger,reviewed_existing,component,The target strengthens the source by canonically choosing the module of global sections on the affine open,D000143,,
S000503,ega:I.4.1.1,an associated module sheaf on an affine open is quasi-coherent,french_admitted,F33.json,2652207F96F697935BC81C5D63B292DE4D956905D69CB92572225E320BB27F4C,a04446e57ec1fbc252a871afcec7752fb2807b14,schemes.tex,schemes-lemma-compare-constructions,01I7,split,reviewed_existing,component,The associated sheaf construction is quasi-coherent and supplies the converse local implication,D000143,,
S000504,ega:I.4.1.1,the structure sheaf is quasi-coherent,french_admitted,F33.json,2652207F96F697935BC81C5D63B292DE4D956905D69CB92572225E320BB27F4C,a04446e57ec1fbc252a871afcec7752fb2807b14,schemes.tex,schemes-lemma-compare-constructions,01I7,entailed_by_stronger,reviewed_existing,component,Specialize the target from every associated module sheaf to the coordinate ring whose associated sheaf is the structure sheaf,D000143,,
S000505,ega:I.4.1.1,kernels and cokernels of quasi-coherent maps are quasi-coherent,french_admitted,F33.json,2652207F96F697935BC81C5D63B292DE4D956905D69CB92572225E320BB27F4C,a04446e57ec1fbc252a871afcec7752fb2807b14,schemes.tex,schemes-section-quasi-coherent,01LA,equivalent,reviewed_existing,covered_unlabelled,The global enumeration under the section label states exactly that kernels and cokernels remain quasi-coherent,D000143,,
S000506,ega:I.4.1.1,images of quasi-coherent maps are quasi-coherent,french_admitted,F33.json,2652207F96F697935BC81C5D63B292DE4D956905D69CB92572225E320BB27F4C,a04446e57ec1fbc252a871afcec7752fb2807b14,schemes.tex,schemes-section-quasi-coherent,01LA,partial,reviewed_existing,covered_derived,The image is the kernel of the cokernel and the global kernel and cokernel closure is explicit under the target section,D000143,,
S000507,ega:I.4.1.1,direct sums and inductive limits of quasi-coherent modules are quasi-coherent,french_admitted,F33.json,2652207F96F697935BC81C5D63B292DE4D956905D69CB92572225E320BB27F4C,a04446e57ec1fbc252a871afcec7752fb2807b14,schemes.tex,schemes-section-quasi-coherent,01LA,entailed_by_stronger,reviewed_existing,covered_unlabelled,The global enumeration states direct-sum closure and strengthens inductive limits to arbitrary colimits,D000143,,
S000508,ega:I.4.1.2,the support of the quotient sheaf of rings is closed,french_admitted,F33.json,2652207F96F697935BC81C5D63B292DE4D956905D69CB92572225E320BB27F4C,a04446e57ec1fbc252a871afcec7752fb2807b14,modules.tex,modules-lemma-support-sheaf-rings-closed,01AV,entailed_by_stronger,reviewed_existing,component,The quotient O_X/I is a sheaf of rings and the target proves that the support of every sheaf of rings is closed,D000144,,
S000509,ega:I.4.1.2,the quotient restricted to its support defines a locally ringed closed subspace,french_admitted,F33.json,2652207F96F697935BC81C5D63B292DE4D956905D69CB92572225E320BB27F4C,a04446e57ec1fbc252a871afcec7752fb2807b14,schemes.tex,schemes-example-closed-subspace,01HM,split,reviewed_existing,component,The construction uses the same support and quotient sheaf and verifies local stalks,D000144,,
S000510,ega:I.4.1.2,the closed subspace defined by a quasi-coherent ideal on a scheme is a scheme,french_admitted,F33.json,2652207F96F697935BC81C5D63B292DE4D956905D69CB92572225E320BB27F4C,a04446e57ec1fbc252a871afcec7752fb2807b14,schemes.tex,schemes-lemma-closed-subspace-scheme,01IN,split,reviewed_existing,component,The target promotes the locally ringed quotient construction to a scheme,D000144,,
S000511,ega:I.4.1.2,the quotient construction is called the subprescheme defined by the ideal sheaf,french_admitted,F33.json,2652207F96F697935BC81C5D63B292DE4D956905D69CB92572225E320BB27F4C,a04446e57ec1fbc252a871afcec7752fb2807b14,schemes.tex,schemes-section-immersions,01IM,partial,reviewed_existing,component,Modern Stacks prose uses closed subscheme and canonical closed subspace terminology,D000144,,
S000512,ega:I.4.1.2:proof,a quasi-coherent ideal on an affine scheme is associated to an ideal of the coordinate ring,french_admitted,F33.json,2652207F96F697935BC81C5D63B292DE4D956905D69CB92572225E320BB27F4C,a04446e57ec1fbc252a871afcec7752fb2807b14,schemes.tex,schemes-lemma-equivalence-quasi-coherent,01IB,split,reviewed_existing,covered_derived,The affine equivalence transports the subobject I to O_X into a submodule of the coordinate ring and hence an ideal,D000144,,
S000513,ega:I.4.1.2:proof,the support is V of the ideal and is canonically Spec of the quotient ring,french_admitted,F33.json,2652207F96F697935BC81C5D63B292DE4D956905D69CB92572225E320BB27F4C,a04446e57ec1fbc252a871afcec7752fb2807b14,schemes.tex,schemes-example-closed-immersion-affines,01IG,equivalent,reviewed_existing,component,The affine closed immersion is exactly Spec of the quotient with image V of the ideal,D000144,,
S000514,ega:I.4.1.2:proof,the direct image of the quotient associated sheaf is the same module viewed over the source ring,french_admitted,F33.json,2652207F96F697935BC81C5D63B292DE4D956905D69CB92572225E320BB27F4C,a04446e57ec1fbc252a871afcec7752fb2807b14,schemes.tex,schemes-lemma-widetilde-pullback,01I9,split,reviewed_existing,component,The affine pushforward formula identifies the quotient module after restriction of scalars,D000144,,
S000515,ega:I.4.1.2:proof,the quotient of associated sheaves agrees with the sheaf associated to the quotient module,french_admitted,F33.json,2652207F96F697935BC81C5D63B292DE4D956905D69CB92572225E320BB27F4C,a04446e57ec1fbc252a871afcec7752fb2807b14,schemes.tex,schemes-lemma-kernel-cokernel-quasi-coherent,01IC,split,reviewed_existing,covered_derived,Exactness of the affine associated-sheaf functor identifies the displayed cokernel,D000144,,
S000516,ega:I.4.1.3,a subprescheme has a locally closed underlying subspace and a closed quotient structure in a containing open,french_admitted,F33.json,2652207F96F697935BC81C5D63B292DE4D956905D69CB92572225E320BB27F4C,a04446e57ec1fbc252a871afcec7752fb2807b14,schemes.tex,schemes-definition-immersion,01IO,split,reviewed_existing,component,The modern locally closed subscheme convention is expressed through an immersion and a closed immersion into an open,D000145,,
S000517,ega:I.4.1.3,a subprescheme is closed exactly when its underlying subset is closed in X,french_admitted,F33.json,2652207F96F697935BC81C5D63B292DE4D956905D69CB92572225E320BB27F4C,a04446e57ec1fbc252a871afcec7752fb2807b14,schemes.tex,schemes-lemma-immersion-when-closed,01IQ,equivalent,reviewed_existing,component,An immersion with closed image is exactly a closed immersion,D000145,,
S000518,ega:I.4.1.3,the largest open in which a locally closed subset is closed is the complement of its boundary in its closure,french_admitted,F33.json,2652207F96F697935BC81C5D63B292DE4D956905D69CB92572225E320BB27F4C,a04446e57ec1fbc252a871afcec7752fb2807b14,schemes.tex,schemes-remark-reduced-induced-locally-closed,0F2L,partial,reviewed_existing,covered_derived,The target explicitly gives the complement-of-boundary open and closedness there while maximality follows by an elementary topological argument,D000145,,
S000519,ega:I.4.1.3,quasi-coherent ideal sheaves determine closed subschemes,french_admitted,F33.json,2652207F96F697935BC81C5D63B292DE4D956905D69CB92572225E320BB27F4C,a04446e57ec1fbc252a871afcec7752fb2807b14,morphisms.tex,morphisms-lemma-closed-immersion-bijection-ideals,01QQ,split,reviewed_existing,component,The target supplies existence from a quasi-coherent ideal while uniqueness over X is supplied separately by 01QP,D000145,,
S000520,ega:I.4.1.3,identity of quotient closed subschemes over X forces equality of their ideal sheaves,french_admitted,F33.json,2652207F96F697935BC81C5D63B292DE4D956905D69CB92572225E320BB27F4C,a04446e57ec1fbc252a871afcec7752fb2807b14,morphisms.tex,morphisms-lemma-closed-immersion-ideals,01QP,entailed_by_stronger,reviewed_existing,component,The target weakens identity to isomorphism over X and proves that this is equivalent to equality of the defining ideals,D000145,,
S000521,ega:I.4.1.4,restriction of the defining quasi-coherent ideal to the open V remains quasi-coherent,french_admitted,F33.json,2652207F96F697935BC81C5D63B292DE4D956905D69CB92572225E320BB27F4C,a04446e57ec1fbc252a871afcec7752fb2807b14,modules.tex,modules-lemma-pullback-quasi-coherent,01BG,entailed_by_stronger,reviewed_existing,component,The target proves quasi-coherence for pullback along every morphism of ringed spaces,D000146,,
S000522,ega:I.4.1.4,the closed subscheme on V is the pullback of Y along the open inclusion,french_admitted,F33.json,2652207F96F697935BC81C5D63B292DE4D956905D69CB92572225E320BB27F4C,a04446e57ec1fbc252a871afcec7752fb2807b14,schemes.tex,schemes-lemma-fibre-product-immersion,01JU,entailed_by_stronger,reviewed_existing,component,The target computes inverse images of closed subschemes under arbitrary scheme morphisms,D000146,,
S000523,ega:I.4.1.4,the induced scheme on V intersect Y is the inverse-image closed subscheme,french_admitted,F33.json,2652207F96F697935BC81C5D63B292DE4D956905D69CB92572225E320BB27F4C,a04446e57ec1fbc252a871afcec7752fb2807b14,schemes.tex,schemes-definition-inverse-image-closed-subscheme,01JV,equivalent,reviewed_existing,component,Specializing the inverse-image definition to the open inclusion gives exactly the restricted subscheme,D000146,,
S000524,ega:I.4.1.5,being a subscheme is local on the target under the stated compatible local quotient structures,french_admitted,F33.json,2652207F96F697935BC81C5D63B292DE4D956905D69CB92572225E320BB27F4C,a04446e57ec1fbc252a871afcec7752fb2807b14,morphisms.tex,morphisms-lemma-check-immersion,0FCZ,split,reviewed_existing,component,The target supplies the immersion-locality component once the local quotient structures glue to one morphism,D000147,,
S000525,ega:I.4.1.5,the scheme induced on an open subset is an open subscheme of X,french_admitted,F33.json,2652207F96F697935BC81C5D63B292DE4D956905D69CB92572225E320BB27F4C,a04446e57ec1fbc252a871afcec7752fb2807b14,schemes.tex,schemes-definition-immersion,01IO,equivalent,reviewed_existing,component,The definition includes the open subscheme associated to an open subspace,D000147,,
S000526,ega:I.4.1.5:proof,the local defining ideal sheaves glue over the cover and the complement of Y,french_admitted,F33.json,2652207F96F697935BC81C5D63B292DE4D956905D69CB92572225E320BB27F4C,a04446e57ec1fbc252a871afcec7752fb2807b14,sheaves.tex,sheaves-lemma-glue-sheaves,00AL,split,reviewed_existing,covered_derived,The underlying sheaves glue after the quotient identifications agree on overlaps,D000147,,
S000527,ega:I.4.1.5:proof,the glued sheaf carries the compatible O_X-module structure,french_admitted,F33.json,2652207F96F697935BC81C5D63B292DE4D956905D69CB92572225E320BB27F4C,a04446e57ec1fbc252a871afcec7752fb2807b14,sheaves.tex,sheaves-lemma-glue-sheaves-structures,00AM,split,reviewed_existing,covered_derived,The algebraic-structure gluing lemma transports the compatible local O_X-module structures,D000147,,
S000528,ega:I.4.1.5:proof,the local ideal kernels agree on overlaps because they define the same quotient subscheme,french_admitted,F33.json,2652207F96F697935BC81C5D63B292DE4D956905D69CB92572225E320BB27F4C,a04446e57ec1fbc252a871afcec7752fb2807b14,morphisms.tex,morphisms-lemma-closed-immersion-ideals,01QP,split,reviewed_existing,component,Closed-subscheme uniqueness identifies the kernels on every overlap,D000147,,
S000529,ega:I.4.1.5:proof,the glued quasi-coherent ideal defines the required closed subscheme,french_admitted,F33.json,2652207F96F697935BC81C5D63B292DE4D956905D69CB92572225E320BB27F4C,a04446e57ec1fbc252a871afcec7752fb2807b14,morphisms.tex,morphisms-lemma-closed-immersion-bijection-ideals,01QQ,split,reviewed_existing,component,The ideal-to-closed-subscheme existence criterion supplies the global quotient after gluing,D000147,,
S000530,ega:I.4.1.6,a subscheme or closed subscheme of one in X is again a subscheme or closed subscheme of X,french_admitted,F33.json,2652207F96F697935BC81C5D63B292DE4D956905D69CB92572225E320BB27F4C,a04446e57ec1fbc252a871afcec7752fb2807b14,schemes.tex,schemes-lemma-composition-immersion,02V0,split,reviewed_existing,component,The target proves stability of immersions and closed immersions under composition,D000148,,
S000531,ega:I.4.1.6,the composite subscheme is canonically identified with its representative inside X,french_admitted,F33.json,2652207F96F697935BC81C5D63B292DE4D956905D69CB92572225E320BB27F4C,a04446e57ec1fbc252a871afcec7752fb2807b14,schemes.tex,schemes-section-immersions,01IM,equivalent,reviewed_existing,covered_unlabelled,The immersion-section prose fixes canonical representatives of locally closed subspaces,D000148,,
S000532,ega:I.4.1.6:proof,the affine closed case is obtained by iterating quotient-ring closed subspaces,french_admitted,F33.json,2652207F96F697935BC81C5D63B292DE4D956905D69CB92572225E320BB27F4C,a04446e57ec1fbc252a871afcec7752fb2807b14,schemes.tex,schemes-lemma-closed-subspace-scheme,01IN,split,reviewed_existing,covered_derived,The target identifies each quotient with a closed affine scheme while the elementary iterated-quotient isomorphism completes the proof,D000148,,
S000533,ega:I.4.1.7,the underlying inclusion and quotient sheaf define the canonical subscheme injection,french_admitted,F33.json,2652207F96F697935BC81C5D63B292DE4D956905D69CB92572225E320BB27F4C,a04446e57ec1fbc252a871afcec7752fb2807b14,schemes.tex,schemes-definition-immersion,01IO,split,reviewed_existing,component,Modern immersion language packages the locally closed inclusion as a scheme morphism,D000149,,
S000534,ega:I.4.1.7,the canonical injection is the distinguished representative of the subscheme over X,french_admitted,F33.json,2652207F96F697935BC81C5D63B292DE4D956905D69CB92572225E320BB27F4C,a04446e57ec1fbc252a871afcec7752fb2807b14,schemes.tex,schemes-section-immersions,01IM,split,reviewed_existing,covered_unlabelled,The canonical-representative convention is stated in the immersion-section prose,D000149,,
S000535,ega:I.4.1.7,locally the canonical injection is the quotient closed subspace associated to its ideal,french_admitted,F33.json,2652207F96F697935BC81C5D63B292DE4D956905D69CB92572225E320BB27F4C,a04446e57ec1fbc252a871afcec7752fb2807b14,schemes.tex,schemes-example-closed-subspace,01HM,split,reviewed_existing,component,The closed local model has exactly the quotient sheaf and inclusion used by the source,D000149,,
S000536,ega:I.4.1.7,the locally constructed quotient closed subspace is a scheme,french_admitted,F33.json,2652207F96F697935BC81C5D63B292DE4D956905D69CB92572225E320BB27F4C,a04446e57ec1fbc252a871afcec7752fb2807b14,schemes.tex,schemes-lemma-closed-subspace-scheme,01IN,split,reviewed_existing,component,Quasi-coherence of the local ideal promotes the quotient locally ringed space to a scheme,D000149,,
S000537,ega:I.4.1.7,surjectivity of the quotient sheaf map is detected on every stalk,french_admitted,F33.json,2652207F96F697935BC81C5D63B292DE4D956905D69CB92572225E320BB27F4C,a04446e57ec1fbc252a871afcec7752fb2807b14,sheaves.tex,sheaves-lemma-characterize-epi-mono,0H7H,entailed_by_stronger,reviewed_existing,component,The target characterizes epimorphisms of arbitrary sheaves by stalkwise surjectivity,D000149,,
S000538,ega:I.4.1.7,injective points and surjective stalk maps give cancellation for scheme morphisms,french_admitted,F33.json,2652207F96F697935BC81C5D63B292DE4D956905D69CB92572225E320BB27F4C,a04446e57ec1fbc252a871afcec7752fb2807b14,schemes.tex,schemes-lemma-injective-points-surjective-stalks,01L6,partial,reviewed_existing,covered_derived,The same cancellation proof works in ringed spaces but the labelled target states only scheme monicity,D000149,,
S000539,ega:I.4.1.7,the canonical injection is a monomorphism,french_admitted,F33.json,2652207F96F697935BC81C5D63B292DE4D956905D69CB92572225E320BB27F4C,a04446e57ec1fbc252a871afcec7752fb2807b14,schemes.tex,schemes-lemma-immersions-monomorphisms,01L7,partial,reviewed_existing,covered_derived,The target proves monicity among schemes while the source explicitly claims monicity among ringed spaces,D000149,,
S000540,ega:I.4.1.8,the factor through the canonical injection is unique because that injection is monic,french_admitted,F33.json,2652207F96F697935BC81C5D63B292DE4D956905D69CB92572225E320BB27F4C,a04446e57ec1fbc252a871afcec7752fb2807b14,categories.tex,categories-definition-mono-epi,003B,equivalent,reviewed_existing,component,The categorical definition gives exactly the uniqueness of a factor through a monomorphism,D000150,,
S000541,ega:I.4.1.8,majorized by Y means that the morphism factors through the canonical injection of Y,french_admitted,F33.json,2652207F96F697935BC81C5D63B292DE4D956905D69CB92572225E320BB27F4C,a04446e57ec1fbc252a871afcec7752fb2807b14,schemes.tex,schemes-section-immersions,01IM,partial,reviewed_existing,covered_derived,Stacks expresses containment of locally closed subschemes by factorization but does not adopt the source word majorized,D000150,,
S000542,ega:I.4.1.9,the locally closed factorization question reduces to the open containing Y in which Y is closed,french_admitted,F33.json,2652207F96F697935BC81C5D63B292DE4D956905D69CB92572225E320BB27F4C,a04446e57ec1fbc252a871afcec7752fb2807b14,schemes.tex,schemes-lemma-restrict-map-to-opens,01HI,split,reviewed_existing,component,Image containment in Y gives the unique restriction of f to the containing open,D000151,,
S000543,ega:I.4.1.9,in the closed case factorization is equivalent to annihilating the pulled-back defining ideal,french_admitted,F33.json,2652207F96F697935BC81C5D63B292DE4D956905D69CB92572225E320BB27F4C,a04446e57ec1fbc252a871afcec7752fb2807b14,schemes.tex,schemes-lemma-characterize-closed-subspace,01HP,split,reviewed_existing,component,The ideal-annihilation criterion is equivalent to the source stalk-kernel containment and gives the unique factor,D000151,,
S000544,ega:I.4.1.9:proof,the quotient sheaf map factors after the pulled-back ideal lies in the kernel,french_admitted,F33.json,2652207F96F697935BC81C5D63B292DE4D956905D69CB92572225E320BB27F4C,a04446e57ec1fbc252a871afcec7752fb2807b14,schemes.tex,schemes-lemma-characterize-closed-subspace,01HP,partial,reviewed_existing,covered_derived,The target proof constructs the same quotient map through the closed subspace,D000151,Admitted only after the F33 g correction,
S000545,ega:I.4.1.9:proof,the descended quotient map is local and therefore defines the morphism g to Y,french_admitted,F33.json,2652207F96F697935BC81C5D63B292DE4D956905D69CB92572225E320BB27F4C,a04446e57ec1fbc252a871afcec7752fb2807b14,schemes.tex,schemes-lemma-characterize-closed-subspace,01HP,partial,reviewed_existing,covered_derived,Stacks states the resulting locally ringed morphism but omits this final locality verification from its proof,D000151,F33 fixes the name g consistently across the page seam,
S000546,ega:I.4.1.10,the injection Z to X factors through Y exactly when Z is a subscheme of Y,french_admitted,F33.json,2652207F96F697935BC81C5D63B292DE4D956905D69CB92572225E320BB27F4C,a04446e57ec1fbc252a871afcec7752fb2807b14,schemes.tex,schemes-section-immersions,01IM,equivalent,reviewed_existing,covered_unlabelled,The exact containment-by-factorization statement appears in the immersion-section prose,D000152,,
S000547,ega:I.4.1.10,subscheme containment is transitive,french_admitted,F33.json,2652207F96F697935BC81C5D63B292DE4D956905D69CB92572225E320BB27F4C,a04446e57ec1fbc252a871afcec7752fb2807b14,schemes.tex,schemes-lemma-composition-immersion,02V0,split,reviewed_existing,component,Composition of immersions supplies transitivity of the represented containment relation,D000152,,
S000548,ega:I.4.1.10,mutual containment has unique comparison maps over X,french_admitted,F33.json,2652207F96F697935BC81C5D63B292DE4D956905D69CB92572225E320BB27F4C,a04446e57ec1fbc252a871afcec7752fb2807b14,categories.tex,categories-definition-mono-epi,003B,split,reviewed_existing,component,Monomorphism cancellation makes the two comparison maps inverse and unique,D000152,,
S000549,ega:I.4.1.10,the notation Z less than or equal to Y defines an order on canonical subschemes of X,french_admitted,F33.json,2652207F96F697935BC81C5D63B292DE4D956905D69CB92572225E320BB27F4C,a04446e57ec1fbc252a871afcec7752fb2807b14,schemes.tex,schemes-section-immersions,01IM,equivalent,reviewed_existing,covered_unlabelled,The section prose treats locally closed subschemes as canonical subobjects ordered by factorization,D000152,,
S000550,ega:I.4.1.1,on an affine scheme kernels and cokernels of quasi-coherent maps are quasi-coherent,french_admitted,F33.json,2652207F96F697935BC81C5D63B292DE4D956905D69CB92572225E320BB27F4C,a04446e57ec1fbc252a871afcec7752fb2807b14,schemes.tex,schemes-lemma-kernel-cokernel-quasi-coherent,01IC,equivalent,reviewed_existing,component,The affine lemma is the proof dependency from which the global enumeration is obtained by locality,D000143,,
S000551,ega:I.4.1.1,on an affine scheme direct sums and inductive limits of quasi-coherent modules are quasi-coherent,french_admitted,F33.json,2652207F96F697935BC81C5D63B292DE4D956905D69CB92572225E320BB27F4C,a04446e57ec1fbc252a871afcec7752fb2807b14,schemes.tex,schemes-lemma-colimit-quasi-coherent,01ID,entailed_by_stronger,reviewed_existing,component,The affine lemma proves arbitrary colimit closure and hence the source inductive-limit specialization,D000143,,
S000552,ega:I.4.1.1,quasi-coherence is equivalent to being associated to a module on every affine open,french_admitted,F33.json,2652207F96F697935BC81C5D63B292DE4D956905D69CB92572225E320BB27F4C,a04446e57ec1fbc252a871afcec7752fb2807b14,schemes.tex,schemes-section-quasi-coherent,01LA,equivalent,reviewed_existing,covered_unlabelled,The first unlabelled item under the target section states the source affine-open criterion exactly,D000143,,
S000553,ega:I.4.1.5:proof,the compatible local inclusions of the ideal sheaves glue to a morphism into O_X,french_admitted,F33.json,2652207F96F697935BC81C5D63B292DE4D956905D69CB92572225E320BB27F4C,a04446e57ec1fbc252a871afcec7752fb2807b14,sheaves.tex,sheaves-lemma-mapping-property-glue,00AN,split,reviewed_existing,covered_derived,The equivalence with gluing data supplies the unique global map whose local restrictions are the inclusions into O_X and ideality is local,D000147,,
S000554,ega:I.4.1.5:proof,the resulting ideal sheaf is quasi-coherent because quasi-coherence is local on the affine cover,french_admitted,F33.json,2652207F96F697935BC81C5D63B292DE4D956905D69CB92572225E320BB27F4C,a04446e57ec1fbc252a871afcec7752fb2807b14,schemes.tex,schemes-section-quasi-coherent,01LA,equivalent,reviewed_existing,covered_unlabelled,The second unlabelled item under the target section states exactly that quasi-coherence is local on an affine open covering,D000147,,
S000555,ega:I.4.2.1,immersion open immersion and closed immersion are defined through identification with the corresponding subscheme,french_admitted,F33.json,2652207F96F697935BC81C5D63B292DE4D956905D69CB92572225E320BB27F4C,a04446e57ec1fbc252a871afcec7752fb2807b14,schemes.tex,schemes-definition-immersion,01IO,equivalent,reviewed_existing,component,The modern closed-then-open definition is equivalent to identification with a locally closed subscheme and its open or closed specializations,D000155,,
S000556,ega:I.4.2.1,the associated locally closed subscheme and isomorphism are uniquely determined,french_admitted,F33.json,2652207F96F697935BC81C5D63B292DE4D956905D69CB92572225E320BB27F4C,a04446e57ec1fbc252a871afcec7752fb2807b14,schemes.tex,schemes-section-immersions,01IM,equivalent,reviewed_existing,covered_unlabelled,The unlabelled immersion-section prose gives the exact unique factorization through a locally closed subspace,D000155,,
S000557,ega:I.4.2.1,the open-immersion specialization factors uniquely through its image open subspace,french_admitted,F33.json,2652207F96F697935BC81C5D63B292DE4D956905D69CB92572225E320BB27F4C,a04446e57ec1fbc252a871afcec7752fb2807b14,schemes.tex,schemes-lemma-open-immersion,01HH,split,reviewed_existing,component,The target supplies the exact unique open-subspace factorization used by the source specialization,D000155,,
S000558,ega:I.4.2.1,the closed-immersion specialization factors uniquely through its image closed subspace,french_admitted,F33.json,2652207F96F697935BC81C5D63B292DE4D956905D69CB92572225E320BB27F4C,a04446e57ec1fbc252a871afcec7752fb2807b14,schemes.tex,schemes-lemma-closed-immersion,01HO,split,reviewed_existing,component,The target identifies every closed immersion with the corresponding closed subspace,D000155,,
S000559,ega:I.4.2.1,every immersion is a monomorphism of schemes,french_admitted,F33.json,2652207F96F697935BC81C5D63B292DE4D956905D69CB92572225E320BB27F4C,a04446e57ec1fbc252a871afcec7752fb2807b14,schemes.tex,schemes-lemma-immersions-monomorphisms,01L7,equivalent,reviewed_existing,component,The target states the monomorphism claim exactly and also records separatedness,D000155,,
S000560,ega:I.4.2.1,every immersion is radicial,french_admitted,F33.json,2652207F96F697935BC81C5D63B292DE4D956905D69CB92572225E320BB27F4C,a04446e57ec1fbc252a871afcec7752fb2807b14,morphisms.tex,morphisms-lemma-universally-injective,01S4,split,reviewed_existing,covered_derived,Monicity gives injectivity on every field-valued Hom set and the target identifies that condition with radiciality,D000155,,
S000561,ega:I.4.2.2,open immersion means homeomorphism onto an open image with the inverse-image structure sheaf isomorphic,french_admitted,F33.json,2652207F96F697935BC81C5D63B292DE4D956905D69CB92572225E320BB27F4C,a04446e57ec1fbc252a871afcec7752fb2807b14,schemes.tex,schemes-definition-immersion-locally-ringed-spaces,01HE,split,reviewed_existing,component,The target is the exact locally ringed space definition while the next stalk edge detects the sheaf isomorphism,D000156,,
S000562,ega:I.4.2.2,bijection of every open-immersion stalk map is equivalent to the inverse-image sheaf map being an isomorphism,french_admitted,F33.json,2652207F96F697935BC81C5D63B292DE4D956905D69CB92572225E320BB27F4C,a04446e57ec1fbc252a871afcec7752fb2807b14,sheaves.tex,sheaves-lemma-characterize-epi-mono,0H7H,split,reviewed_existing,covered_derived,A morphism of sheaves is both mono and epi exactly when every stalk map is bijective,D000156,,
S000563,ega:I.4.2.2,an open immersion is uniquely identified with its image open subspace,french_admitted,F33.json,2652207F96F697935BC81C5D63B292DE4D956905D69CB92572225E320BB27F4C,a04446e57ec1fbc252a871afcec7752fb2807b14,schemes.tex,schemes-lemma-open-immersion,01HH,split,reviewed_existing,component,The unique image factorization supplies the final identification in part a,D000156,,
S000564,ega:I.4.2.2,homeomorphism onto a closed image plus surjective local-ring maps characterizes a closed immersion,french_admitted,F33.json,2652207F96F697935BC81C5D63B292DE4D956905D69CB92572225E320BB27F4C,a04446e57ec1fbc252a871afcec7752fb2807b14,morphisms.tex,morphisms-lemma-closed-immersion,01QO,split,reviewed_existing,component,Condition four is the exact global closed-image homeomorphism and sheaf-surjection criterion after stalk detection,D000156,,
S000565,ega:I.4.2.2,surjectivity of the local-ring maps detects surjectivity of the corresponding structure-sheaf morphism,french_admitted,F33.json,2652207F96F697935BC81C5D63B292DE4D956905D69CB92572225E320BB27F4C,a04446e57ec1fbc252a871afcec7752fb2807b14,sheaves.tex,sheaves-lemma-characterize-epi-mono,0H7H,split,reviewed_existing,covered_derived,Sheaf epimorphisms are exactly the morphisms surjective on every stalk,D000156,,
S000566,ega:I.4.2.2,the direct image along the closed image inclusion has zero outside stalks and source stalks on the image,french_admitted,F33.json,2652207F96F697935BC81C5D63B292DE4D956905D69CB92572225E320BB27F4C,a04446e57ec1fbc252a871afcec7752fb2807b14,sheaves.tex,sheaves-lemma-stalks-closed-pushforward,00AE,split,reviewed_existing,covered_derived,The target gives the exact pushforward stalk calculation used to transport source stalk surjectivity,D000156,,
S000567,ega:I.4.2.2,a locally closed image is treated as closed inside a containing open and the morphism restricts uniquely to that open,french_admitted,F33.json,2652207F96F697935BC81C5D63B292DE4D956905D69CB92572225E320BB27F4C,a04446e57ec1fbc252a871afcec7752fb2807b14,schemes.tex,schemes-lemma-restrict-map-to-opens,01HI,split,reviewed_existing,covered_derived,Restriction to the containing open reduces the locally closed criterion to the closed criterion,D000156,,
S000568,ega:I.4.2.2,the locally closed immersion criterion glues from target-open neighbourhoods of every image point,french_admitted,F33.json,2652207F96F697935BC81C5D63B292DE4D956905D69CB92572225E320BB27F4C,a04446e57ec1fbc252a871afcec7752fb2807b14,morphisms.tex,morphisms-lemma-check-immersion,0FCZ,split,reviewed_existing,covered_derived,The local immersion lemma absorbs the source general-case gluing after the affine closed case,D000156,,
S000569,ega:I.4.2.2:proof,the closed-image homeomorphism and sheaf-surjection sufficiency proof is absorbed by the modern global closed-immersion characterization,french_admitted,F33.json,2652207F96F697935BC81C5D63B292DE4D956905D69CB92572225E320BB27F4C,a04446e57ec1fbc252a871afcec7752fb2807b14,schemes.tex,schemes-lemma-characterize-closed-immersions,01LD,split,reviewed_existing,component,The target proves sufficiency from a homeomorphism onto a closed image and a surjective structure-sheaf map,D000156,,
S000570,ega:I.4.2.2:proof,on affine source charts the direct image module is the sheaf associated to restriction of scalars,french_admitted,F33.json,2652207F96F697935BC81C5D63B292DE4D956905D69CB92572225E320BB27F4C,a04446e57ec1fbc252a871afcec7752fb2807b14,schemes.tex,schemes-lemma-widetilde-pullback,01I9,split,reviewed_existing,component,The affine morphism formula is the exact local quasi-coherence dependency in the historical proof,D000156,,
S000571,ega:I.4.2.2:proof,the direct image of the structure sheaf is quasi-coherent once the morphism is quasi-compact and quasi-separated,french_admitted,F33.json,2652207F96F697935BC81C5D63B292DE4D956905D69CB92572225E320BB27F4C,a04446e57ec1fbc252a871afcec7752fb2807b14,schemes.tex,schemes-lemma-push-forward-quasi-coherent,01LC,split,reviewed_existing,covered_derived,Closed topological image gives quasi-compactness and monicity gives separatedness so the target supplies the modern global replacement,D000156,,
S000572,ega:I.4.2.2:proof,a closed immersion into an affine scheme is the quotient-spectrum subscheme defined by a unique ideal,french_admitted,F33.json,2652207F96F697935BC81C5D63B292DE4D956905D69CB92572225E320BB27F4C,a04446e57ec1fbc252a871afcec7752fb2807b14,schemes.tex,schemes-lemma-closed-immersion-affine-case,01IH,split,reviewed_existing,component,The target packages the affine quotient sheaf and unique ideal conclusion of the source proof,D000156,,
S000573,ega:I.4.2.2:diagram:xymatrix:1,the lower-left object is canonically the source-point stalk of the inverse-image structure sheaf,french_admitted,F33.json,2652207F96F697935BC81C5D63B292DE4D956905D69CB92572225E320BB27F4C,a04446e57ec1fbc252a871afcec7752fb2807b14,sheaves.tex,sheaves-lemma-stalk-pullback,008H,split,reviewed_existing,component,The target supplies the canonical stalk identification used by the left vertical edge,D000156,,
S000574,ega:I.4.2.2:diagram:xymatrix:1,the upper-right direct-image stalk identifies with the source stalk on the closed image,french_admitted,F33.json,2652207F96F697935BC81C5D63B292DE4D956905D69CB92572225E320BB27F4C,a04446e57ec1fbc252a871afcec7752fb2807b14,sheaves.tex,sheaves-lemma-stalks-closed-pushforward,00AE,split,reviewed_existing,component,The target supplies the right vertical isomorphism in the square,D000156,,
S000575,ega:I.4.2.2:diagram:xymatrix:1,the four stalk maps form the natural commutative theta square,french_admitted,F33.json,2652207F96F697935BC81C5D63B292DE4D956905D69CB92572225E320BB27F4C,a04446e57ec1fbc252a871afcec7752fb2807b14,sheaves.tex,sheaves-lemma-compose-f-maps-stalks,008M,split,reviewed_existing,covered_derived,Functoriality of induced stalk maps plus the inverse-image and direct-image identifications gives the displayed commutativity,D000156,,
S000576,ega:I.4.2.3,a morphism into an affine scheme is a closed immersion exactly when the source is affine and the global coordinate map is surjective,french_admitted,F33.json,2652207F96F697935BC81C5D63B292DE4D956905D69CB92572225E320BB27F4C,a04446e57ec1fbc252a871afcec7752fb2807b14,morphisms.tex,morphisms-lemma-closed-immersion,01QO,split,reviewed_existing,covered_derived,The affine-cover quotient characterization combines with affine duality to give both directions of the source criterion,D000157,,
S000577,ega:I.4.2.3,the affine source and target morphism is contravariantly the homomorphism on global sections,french_admitted,F33.json,2652207F96F697935BC81C5D63B292DE4D956905D69CB92572225E320BB27F4C,a04446e57ec1fbc252a871afcec7752fb2807b14,schemes.tex,schemes-lemma-category-affine-schemes,01I2,split,reviewed_existing,component,Affine schemes are anti-equivalent to rings and the morphism is determined by the displayed coordinate homomorphism,D000157,,
S000578,ega:I.4.2.3,a closed immersion into an affine scheme has affine source and a surjective induced global-sections homomorphism,french_admitted,F33.json,2652207F96F697935BC81C5D63B292DE4D956905D69CB92572225E320BB27F4C,a04446e57ec1fbc252a871afcec7752fb2807b14,schemes.tex,schemes-lemma-closed-immersion-affine-case,01IH,entailed_by_stronger,reviewed_existing,component,The target gives the unique quotient ideal and quotient-spectrum identification and therefore strengthens the forward source clause,D000157,,
S000579,ega:I.4.2.3,a surjective affine coordinate homomorphism induces the quotient-spectrum closed immersion,french_admitted,F33.json,2652207F96F697935BC81C5D63B292DE4D956905D69CB92572225E320BB27F4C,a04446e57ec1fbc252a871afcec7752fb2807b14,schemes.tex,schemes-example-closed-immersion-affines,01IG,split,reviewed_existing,component,Writing the target ring as the source ring modulo the kernel gives the converse closed immersion,D000157,,
S000580,ega:I.4.2.4,restriction of an immersion open immersion or closed immersion to a target open remains of the same type,french_admitted,F33.json,2652207F96F697935BC81C5D63B292DE4D956905D69CB92572225E320BB27F4C,a04446e57ec1fbc252a871afcec7752fb2807b14,schemes.tex,schemes-lemma-base-change-immersion,01JY,split,reviewed_existing,component,The restriction is base change along an open immersion and supplies necessity in both clauses,D000158,,
S000581,ega:I.4.2.4,the immersion sufficiency direction can be checked on target-open neighbourhoods covering its image,french_admitted,F33.json,2652207F96F697935BC81C5D63B292DE4D956905D69CB92572225E320BB27F4C,a04446e57ec1fbc252a871afcec7752fb2807b14,morphisms.tex,morphisms-lemma-check-immersion,0FCZ,split,reviewed_existing,component,The target gives sufficiency from local immersions near every source point while S000580 supplies necessity,D000158,,
S000582,ega:I.4.2.4,the immersion sufficiency direction can be checked on an open cover of f(Y),french_admitted,F33.json,2652207F96F697935BC81C5D63B292DE4D956905D69CB92572225E320BB27F4C,a04446e57ec1fbc252a871afcec7752fb2807b14,descent.tex,descent-lemma-descending-fppf-property-immersion,02YM,entailed_by_stronger,reviewed_existing,covered_derived,Set U equal to the union of the V_lambda; their Zariski and hence fppf cover gives an immersion Y to U and S000584 composes it with U to X,D000158,,
S000583,ega:I.4.2.4,open immersion can be checked on a target-open cover of its image,french_admitted,F33.json,2652207F96F697935BC81C5D63B292DE4D956905D69CB92572225E320BB27F4C,a04446e57ec1fbc252a871afcec7752fb2807b14,descent.tex,descent-lemma-descending-property-open-immersion,02L3,entailed_by_stronger,reviewed_existing,covered_derived,Set U equal to the union of the V_lambda; their Zariski cover is fpqc so the target gives an open immersion Y to U and S000584 composes it with U to X,D000158,,
S000584,ega:I.4.2.4,the open immersion into the union of target charts composes with the open inclusion into X,french_admitted,F33.json,2652207F96F697935BC81C5D63B292DE4D956905D69CB92572225E320BB27F4C,a04446e57ec1fbc252a871afcec7752fb2807b14,schemes.tex,schemes-lemma-composition-immersion,02V0,split,reviewed_existing,covered_derived,Composition of open immersions converts the image-cover conclusion into an open immersion into X,D000158,,
S000585,ega:I.4.2.4,closed immersion can be checked on an open cover of the whole target,french_admitted,F33.json,2652207F96F697935BC81C5D63B292DE4D956905D69CB92572225E320BB27F4C,a04446e57ec1fbc252a871afcec7752fb2807b14,descent.tex,descent-lemma-descending-property-closed-immersion,02L6,entailed_by_stronger,reviewed_existing,full_statement,The fpqc-local target strictly strengthens and completely contains source clause b,D000158,,
S000586,ega:I.4.2.4,closed immersion sufficiency glues over the given target-open cover,french_admitted,F33.json,2652207F96F697935BC81C5D63B292DE4D956905D69CB92572225E320BB27F4C,a04446e57ec1fbc252a871afcec7752fb2807b14,schemes.tex,schemes-lemma-closed-local-target,01HL,equivalent,reviewed_existing,component,The target is the exact open-cover sufficiency statement at locally ringed space level,D000158,,
S000587,ega:I.4.2.4:proof,the closed-immersion locality proof may be reduced to affine quotient charts,french_admitted,F33.json,2652207F96F697935BC81C5D63B292DE4D956905D69CB92572225E320BB27F4C,a04446e57ec1fbc252a871afcec7752fb2807b14,morphisms.tex,morphisms-lemma-closed-immersion,01QO,split,reviewed_existing,covered_derived,The affine-cover equivalence provides a modern proof route distinct from the source elementary stalk and image argument,D000158,,
S000588,ega:I.4.2.5,composition preserves immersions open immersions and closed immersions,french_admitted,F33.json,2652207F96F697935BC81C5D63B292DE4D956905D69CB92572225E320BB27F4C,a04446e57ec1fbc252a871afcec7752fb2807b14,schemes.tex,schemes-lemma-composition-immersion,02V0,equivalent,reviewed_existing,full_statement,The target statement matches all three source clauses exactly,D000159,,
S000589,ega:I.4.2.5:proof,the one-line proof reduces composition to transitivity of canonical subscheme inclusions,french_admitted,F33.json,2652207F96F697935BC81C5D63B292DE4D956905D69CB92572225E320BB27F4C,a04446e57ec1fbc252a871afcec7752fb2807b14,schemes.tex,schemes-lemma-composition-immersion,02V0,split,reviewed_existing,covered_unlabelled,The target contains a full proof although it does not separately label the source one-line appeal to 4.1.6,D000159,,
S000590,ega:I.4.2.5,the composition of two closed immersions is a closed immersion,french_admitted,F33.json,2652207F96F697935BC81C5D63B292DE4D956905D69CB92572225E320BB27F4C,a04446e57ec1fbc252a871afcec7752fb2807b14,morphisms.tex,morphisms-lemma-composition-closed-immersion,01QS,equivalent,reviewed_existing,component,The morphisms chapter repeats the closed-immersion subclaim with the quotient-ideal proof,D000159,,
S000591,ega:I.4.3.1,the two factors of alpha times_S beta are base changes of alpha and beta,french_admitted,F33.json,2652207F96F697935BC81C5D63B292DE4D956905D69CB92572225E320BB27F4C,a04446e57ec1fbc252a871afcec7752fb2807b14,schemes.tex,schemes-lemma-base-change-immersion,01JY,split,reviewed_existing,component,Each factor preserves immersion open-immersion or closed-immersion type under base change,D000163,,
S000592,ega:I.4.3.1,the composition of the two base-changed factors preserves the common immersion type,french_admitted,F33.json,2652207F96F697935BC81C5D63B292DE4D956905D69CB92572225E320BB27F4C,a04446e57ec1fbc252a871afcec7752fb2807b14,schemes.tex,schemes-lemma-composition-immersion,02V0,split,reviewed_existing,component,Composition after the two base-change steps yields alpha times_S beta in all three source cases,D000163,,
S000593,ega:I.4.3.1,for open associated subspaces the product image is p inverse X double-prime intersect q inverse Y double-prime,french_admitted,F33.json,2652207F96F697935BC81C5D63B292DE4D956905D69CB92572225E320BB27F4C,a04446e57ec1fbc252a871afcec7752fb2807b14,schemes.tex,schemes-lemma-open-fibre-product,01JR,entailed_by_stronger,reviewed_existing,component,The target identifies a more general compatible open fibre product with exactly the inverse-image intersection,D000163,,
S000594,ega:I.4.3.1,for closed associated subspaces the two pulled-back ideals cut out their inverse-image intersection,french_admitted,F33.json,2652207F96F697935BC81C5D63B292DE4D956905D69CB92572225E320BB27F4C,a04446e57ec1fbc252a871afcec7752fb2807b14,schemes.tex,schemes-lemma-fibre-product-immersion,01JU,split,reviewed_existing,covered_derived,Applying the target to both factors and composing gives the closed product with the sum of pulled-back ideals,D000163,,
S000595,ega:I.4.3.1,the general immersion product follows by factoring each immersion as closed then open,french_admitted,F33.json,2652207F96F697935BC81C5D63B292DE4D956905D69CB92572225E320BB27F4C,a04446e57ec1fbc252a871afcec7752fb2807b14,schemes.tex,schemes-definition-immersion,01IO,split,reviewed_existing,covered_derived,The definition reduces the general locally closed case to the open and closed product cases,D000163,,
S000596,ega:I.4.3.1:proof,compatible affine product charts reduce the product claim to affine algebra,french_admitted,F33.json,2652207F96F697935BC81C5D63B292DE4D956905D69CB92572225E320BB27F4C,a04446e57ec1fbc252a871afcec7752fb2807b14,schemes.tex,schemes-lemma-affine-covering-fibre-product,01JS,entailed_by_stronger,reviewed_existing,component,The target supplies the complete affine cover assembled from compatible base and factor covers,D000163,,
S000597,ega:I.4.3.1:proof,the local product immersions glue to a global immersion,french_admitted,F33.json,2652207F96F697935BC81C5D63B292DE4D956905D69CB92572225E320BB27F4C,a04446e57ec1fbc252a871afcec7752fb2807b14,morphisms.tex,morphisms-lemma-check-immersion,0FCZ,split,reviewed_existing,component,The target gives the local-to-global immersion step used after restricting to product charts,D000163,,
S000598,ega:I.4.3.1:proof,the closed product claim may be checked on an open cover of the target,french_admitted,F33.json,2652207F96F697935BC81C5D63B292DE4D956905D69CB92572225E320BB27F4C,a04446e57ec1fbc252a871afcec7752fb2807b14,schemes.tex,schemes-lemma-closed-local-target,01HL,equivalent,reviewed_existing,component,The target is the exact sufficiency principle invoked when the proof reduces to affine closed charts,D000163,,
S000599,ega:I.4.3.1:proof,the affine fibre products have coordinate rings B tensor_A C and B-prime tensor_A C-prime,french_admitted,F33.json,2652207F96F697935BC81C5D63B292DE4D956905D69CB92572225E320BB27F4C,a04446e57ec1fbc252a871afcec7752fb2807b14,schemes.tex,schemes-lemma-fibre-product-affine-schemes,01I4,equivalent,reviewed_existing,component,The target states the two affine fibre-product coordinate formulas exactly,D000163,,
S000600,ega:I.4.3.1:proof,the product morphism corresponds contravariantly to rho tensor sigma,french_admitted,F33.json,2652207F96F697935BC81C5D63B292DE4D956905D69CB92572225E320BB27F4C,a04446e57ec1fbc252a871afcec7752fb2807b14,schemes.tex,schemes-lemma-category-affine-schemes,01I2,split,reviewed_existing,component,Affine anti-equivalence identifies the scheme morphism with the tensor-product ring homomorphism,D000163,,
S000601,ega:I.4.3.1:proof,the closed affine factors have quotient coordinate algebras B-prime and C-prime,french_admitted,F33.json,2652207F96F697935BC81C5D63B292DE4D956905D69CB92572225E320BB27F4C,a04446e57ec1fbc252a871afcec7752fb2807b14,schemes.tex,schemes-lemma-closed-immersion-affine-case,01IH,entailed_by_stronger,reviewed_existing,component,The target strengthens the source step by supplying the unique quotient ideals and identifications,D000163,,
S000602,ega:I.4.3.1:proof,surjectivity of rho tensor sigma gives the affine closed product immersion,french_admitted,F33.json,2652207F96F697935BC81C5D63B292DE4D956905D69CB92572225E320BB27F4C,a04446e57ec1fbc252a871afcec7752fb2807b14,schemes.tex,schemes-example-closed-immersion-affines,01IG,split,reviewed_existing,component,The quotient-spectrum construction converts the surjective tensor homomorphism into a closed immersion,D000163,,
S000603,ega:I.4.3.1:proof,the corrected kernel step is the sum of Im(b tensor_A C) and Im(B tensor_A c),french_admitted,F33.json,2652207F96F697935BC81C5D63B292DE4D956905D69CB92572225E320BB27F4C,a04446e57ec1fbc252a871afcec7752fb2807b14,algebra.tex,algebra-lemma-tensor-product-exact,00DF,split,reviewed_existing,covered_derived,Right exactness twice gives the extension-ideal formula while R000377 records that the literal printed plain-image formula is false,D000163,,
S000604,ega:I.4.3.1:proof,the quotient spectrum maps homeomorphically onto the vanishing set of the corrected kernel ideal,french_admitted,F33.json,2652207F96F697935BC81C5D63B292DE4D956905D69CB92572225E320BB27F4C,a04446e57ec1fbc252a871afcec7752fb2807b14,algebra.tex,algebra-lemma-spec-closed,00E5,equivalent,reviewed_existing,component,The target supplies the exact quotient-spectrum closed-set identification,D000163,,
S000605,ega:I.4.3.1:proof,the vanishing set of the sum of pulled-back ideals is the intersection of the two inverse images,french_admitted,F33.json,2652207F96F697935BC81C5D63B292DE4D956905D69CB92572225E320BB27F4C,a04446e57ec1fbc252a871afcec7752fb2807b14,algebra.tex,algebra-lemma-Zariski-topology,00E0,split,reviewed_existing,covered_derived,The target intersection rule together with ideal generation gives the final underlying-space equality,D000163,,
S000606,ega:I.4.3.2,f sub S-prime is the base change of f along S-prime to S,french_admitted,F33.json,2652207F96F697935BC81C5D63B292DE4D956905D69CB92572225E320BB27F4C,a04446e57ec1fbc252a871afcec7752fb2807b14,schemes.tex,schemes-definition-base-change,01JX,equivalent,reviewed_existing,component,The target defines exactly the notation and induced morphism used by the corollary,D000164,,
S000607,ega:I.4.3.2,arbitrary base change preserves immersion open-immersion and closed-immersion type,french_admitted,F33.json,2652207F96F697935BC81C5D63B292DE4D956905D69CB92572225E320BB27F4C,a04446e57ec1fbc252a871afcec7752fb2807b14,schemes.tex,schemes-lemma-base-change-immersion,01JY,equivalent,reviewed_existing,full_statement,The target statement matches all three clauses and arbitrary base extensions exactly,D000164,,
S000608,ega:I.4.3.2,arbitrary base change preserves the closed-immersion clause,french_admitted,F33.json,2652207F96F697935BC81C5D63B292DE4D956905D69CB92572225E320BB27F4C,a04446e57ec1fbc252a871afcec7752fb2807b14,schemes.tex,schemes-lemma-fibre-product-immersion,01JU,entailed_by_stronger,reviewed_existing,component,The target adds the explicit ideal-sheaf formula to the source closed base-change clause,D000164,,
S000609,ega:I.4.4.1,the pullback projection is an immersion and preserves closed or open immersion type,french_admitted,F33.json,2652207F96F697935BC81C5D63B292DE4D956905D69CB92572225E320BB27F4C,a04446e57ec1fbc252a871afcec7752fb2807b14,schemes.tex,schemes-lemma-fibre-product-immersion,01JU,entailed_by_stronger,reviewed_existing,component,The three target clauses give the source projection types and additionally state the pulled-back ideal in the closed case,D000166,,
S000610,ega:I.4.4.1,the underlying image of the pullback projection is the inverse image of the subscheme support,french_admitted,F33.json,2652207F96F697935BC81C5D63B292DE4D956905D69CB92572225E320BB27F4C,a04446e57ec1fbc252a871afcec7752fb2807b14,morphisms.tex,morphisms-lemma-base-change-surjective,01S1,split,reviewed_existing,covered_unlabelled,The proof gives q inverse of f of Z equals the base-changed image of the inverse image for every subset Z and specializes exactly to the immersion image,D000166,,
S000611,ega:I.4.4.1,f composed with h factors through the subscheme if and only if h factors through its inverse image,french_admitted,F33.json,2652207F96F697935BC81C5D63B292DE4D956905D69CB92572225E320BB27F4C,a04446e57ec1fbc252a871afcec7752fb2807b14,categories.tex,categories-definition-fibre-products,001V,equivalent,reviewed_existing,component,The pullback universal property is exactly the stated existence and uniqueness criterion,D000166,,
S000612,ega:I.4.4.1:proof,the projection is the base change of the subscheme injection along f,french_admitted,F33.json,2652207F96F697935BC81C5D63B292DE4D956905D69CB92572225E320BB27F4C,a04446e57ec1fbc252a871afcec7752fb2807b14,schemes.tex,schemes-definition-base-change,01JX,equivalent,reviewed_existing,component,The base-change definition identifies p with the first projection from X times_Y Y-prime,D000166,,
S000613,ega:I.4.4.1:proof,the first assertion follows because base change preserves immersion type,french_admitted,F33.json,2652207F96F697935BC81C5D63B292DE4D956905D69CB92572225E320BB27F4C,a04446e57ec1fbc252a871afcec7752fb2807b14,schemes.tex,schemes-lemma-fibre-product-immersion,01JU,split,reviewed_existing,covered_derived,The target directly supplies the modern base-change proof of all three type clauses,D000166,,
S000614,ega:I.4.4.1:proof,the second assertion identifies the projection image with the inverse image subset,french_admitted,F33.json,2652207F96F697935BC81C5D63B292DE4D956905D69CB92572225E320BB27F4C,a04446e57ec1fbc252a871afcec7752fb2807b14,morphisms.tex,morphisms-lemma-base-change-surjective,01S1,split,reviewed_existing,covered_unlabelled,The general image identity in the target proof gives the exact subset calculation after relabelling,D000166,,
S000615,ega:I.4.4.1:proof,the final morphism u is the unique pullback factorization of h and h-prime,french_admitted,F33.json,2652207F96F697935BC81C5D63B292DE4D956905D69CB92572225E320BB27F4C,a04446e57ec1fbc252a871afcec7752fb2807b14,categories.tex,categories-definition-fibre-products,001V,equivalent,reviewed_existing,component,The universal property constructs u and makes h equal to p composed with u exactly as in the source proof,D000166,,
S000616,ega:I.4.4.1,the pullback subscheme is called the inverse image of the original subscheme,french_admitted,F33.json,2652207F96F697935BC81C5D63B292DE4D956905D69CB92572225E320BB27F4C,a04446e57ec1fbc252a871afcec7752fb2807b14,schemes.tex,schemes-definition-inverse-image-closed-subscheme,01JV,partial,reviewed_existing,component,The labelled definition is exact for closed subschemes while adjacent Stacks usage covers the general immersion terminology,D000166,,
S000617,ega:I.4.4.1,if the inverse image subscheme is X then f factors through the original subscheme,french_admitted,F33.json,2652207F96F697935BC81C5D63B292DE4D956905D69CB92572225E320BB27F4C,a04446e57ec1fbc252a871afcec7752fb2807b14,categories.tex,categories-definition-fibre-products,001V,entailed_by_stronger,reviewed_existing,component,Apply the universal property to the identity section of a pullback identified scheme-theoretically with X,D000166,,
S000618,ega:I.4.4.1,the inverse image of the reduced closed point subscheme is canonically the fibre over that point,french_admitted,F33.json,2652207F96F697935BC81C5D63B292DE4D956905D69CB92572225E320BB27F4C,a04446e57ec1fbc252a871afcec7752fb2807b14,schemes.tex,schemes-definition-fibre,01K0,entailed_by_stronger,reviewed_existing,component,The target defines the same pullback fibre for every point and therefore contains the source closed-point case,D000166,,
S000619,ega:I.4.4.1,the reduced point is the smallest closed subscheme supported at the closed point,french_admitted,F33.json,2652207F96F697935BC81C5D63B292DE4D956905D69CB92572225E320BB27F4C,a04446e57ec1fbc252a871afcec7752fb2807b14,schemes.tex,schemes-lemma-reduced-closed-subscheme,01J3,split,reviewed_existing,covered_derived,The unique reduced closed structure and reversed ideal order derive the source minimality assertion,D000166,,
S000620,ega:I.4.4.2,inverse image under a composite equals the iterated inverse image,french_admitted,F33.json,2652207F96F697935BC81C5D63B292DE4D956905D69CB92572225E320BB27F4C,a04446e57ec1fbc252a871afcec7752fb2807b14,categories.tex,categories-lemma-composition-representable,001Y,equivalent,reviewed_existing,covered_unlabelled,The proof writes the exact iterated fibre-product identity with the projection-compatible structure maps,D000167,,
S000621,ega:I.4.4.2:proof,the canonical isomorphism from the iterated pullback to the direct pullback proves the corollary,french_admitted,F33.json,2652207F96F697935BC81C5D63B292DE4D956905D69CB92572225E320BB27F4C,a04446e57ec1fbc252a871afcec7752fb2807b14,categories.tex,categories-lemma-composition-representable,001Y,equivalent,reviewed_existing,covered_unlabelled,The target proof establishes exactly X times_Y Y times_Z Z-prime as X times_Z Z-prime,D000167,,
S000622,ega:I.4.4.3,the fibre product has the universal property of the binary infimum of the two subschemes,french_admitted,F33.json,2652207F96F697935BC81C5D63B292DE4D956905D69CB92572225E320BB27F4C,a04446e57ec1fbc252a871afcec7752fb2807b14,categories.tex,categories-definition-fibre-products,001V,split,reviewed_existing,covered_derived,The pullback universal property is the meet property once both projections define subobjects of X,D000168,,
S000623,ega:I.4.4.3,the two projections from the fibre product are immersions,french_admitted,F33.json,2652207F96F697935BC81C5D63B292DE4D956905D69CB92572225E320BB27F4C,a04446e57ec1fbc252a871afcec7752fb2807b14,schemes.tex,schemes-lemma-fibre-product-immersion,01JU,split,reviewed_existing,covered_derived,Each projection is the base change of one given immersion and is therefore an immersion,D000168,,
S000624,ega:I.4.4.3,the fibre product maps to X as an immersed subscheme,french_admitted,F33.json,2652207F96F697935BC81C5D63B292DE4D956905D69CB92572225E320BB27F4C,a04446e57ec1fbc252a871afcec7752fb2807b14,schemes.tex,schemes-lemma-composition-immersion,02V0,split,reviewed_existing,covered_derived,Compose either immersed projection with the corresponding subscheme immersion into X,D000168,,
S000625,ega:I.4.4.3,the immersed maps represent subobjects needed for the order-theoretic meet,french_admitted,F33.json,2652207F96F697935BC81C5D63B292DE4D956905D69CB92572225E320BB27F4C,a04446e57ec1fbc252a871afcec7752fb2807b14,schemes.tex,schemes-lemma-immersions-monomorphisms,01L7,split,reviewed_existing,covered_derived,Immersions are monomorphisms so the universal factorization is unique in the subscheme order,D000168,,
S000626,ega:I.4.4.3,the subscheme order is factorization through the corresponding immersion,french_admitted,F33.json,2652207F96F697935BC81C5D63B292DE4D956905D69CB92572225E320BB27F4C,a04446e57ec1fbc252a871afcec7752fb2807b14,schemes.tex,schemes-section-immersions,01IM,split,reviewed_existing,covered_unlabelled,The unlabelled section prose states the same containment-by-factorization convention used to define the infimum,D000168,,
S000627,ega:I.4.4.3,for closed subschemes the infimum is the scheme-theoretic intersection and fibre product,french_admitted,F33.json,2652207F96F697935BC81C5D63B292DE4D956905D69CB92572225E320BB27F4C,a04446e57ec1fbc252a871afcec7752fb2807b14,morphisms.tex,morphisms-lemma-scheme-theoretic-intersection,0C4I,partial,reviewed_existing,component,The target is exact for the closed specialization but does not cover arbitrary locally closed subschemes,D000168,,
S000628,ega:I.4.4.3:proof,the binary infimum follows from the pullback factorization criterion of 4.4.1,french_admitted,F33.json,2652207F96F697935BC81C5D63B292DE4D956905D69CB92572225E320BB27F4C,a04446e57ec1fbc252a871afcec7752fb2807b14,categories.tex,categories-definition-fibre-products,001V,split,reviewed_existing,covered_derived,The universal property supplies the lower-bound and greatest-lower-bound implications used by the one-line proof,D000168,,
S000629,ega:I.4.4.3:proof,the order convention of 4.1.10 turns those factorizations into the named infimum,french_admitted,F33.json,2652207F96F697935BC81C5D63B292DE4D956905D69CB92572225E320BB27F4C,a04446e57ec1fbc252a871afcec7752fb2807b14,schemes.tex,schemes-section-immersions,01IM,split,reviewed_existing,covered_unlabelled,The target section gives the same canonical locally closed subscheme order without a dedicated theorem label,D000168,,
S000630,ega:I.4.4.4,inverse image preserves the binary infimum of two subschemes,french_admitted,F33.json,2652207F96F697935BC81C5D63B292DE4D956905D69CB92572225E320BB27F4C,a04446e57ec1fbc252a871afcec7752fb2807b14,categories.tex,categories-lemma-composition-representable,001Y,split,reviewed_existing,covered_derived,Associativity of the two iterated pullbacks identifies both sides after applying the binary meet construction,D000169,,
S000631,ega:I.4.4.4,the pullback universal property identifies the two binary-meet constructions,french_admitted,F33.json,2652207F96F697935BC81C5D63B292DE4D956905D69CB92572225E320BB27F4C,a04446e57ec1fbc252a871afcec7752fb2807b14,categories.tex,categories-definition-fibre-products,001V,split,reviewed_existing,covered_derived,The two candidate objects represent the same functor of compatible triples and are canonically isomorphic,D000169,,
S000632,ega:I.4.4.4,for closed subschemes pullback preserves the scheme-theoretic binary intersection,french_admitted,F33.json,2652207F96F697935BC81C5D63B292DE4D956905D69CB92572225E320BB27F4C,a04446e57ec1fbc252a871afcec7752fb2807b14,morphisms.tex,morphisms-lemma-scheme-theoretic-intersection,0C4I,partial,reviewed_existing,component,The closed specialization follows from the cartesian intersection description but does not cover the source arbitrary subschemes,D000169,,
S000633,ega:I.4.4.4:proof,the displayed canonical isomorphism follows by reassociating the two iterated pullbacks,french_admitted,F33.json,2652207F96F697935BC81C5D63B292DE4D956905D69CB92572225E320BB27F4C,a04446e57ec1fbc252a871afcec7752fb2807b14,categories.tex,categories-lemma-composition-representable,001Y,split,reviewed_existing,covered_derived,Two applications of the proof-level 001Y reassociation together with canonical projection-compatible fibre-product identifications derive the display; the exact four-factor formula is not written literally in the target proof,D000169,,
S000634,ega:I.4.4.5,the inverse image of a closed subscheme is defined by the image of the pulled-back ideal in O_X,french_admitted,F33.json,2652207F96F697935BC81C5D63B292DE4D956905D69CB92572225E320BB27F4C,a04446e57ec1fbc252a871afcec7752fb2807b14,schemes.tex,schemes-lemma-fibre-product-immersion,01JU,equivalent,reviewed_existing,full_statement,Item one states exactly the closed pullback and its image ideal formula,D000170,,
S000635,ega:I.4.4.5,the resulting closed subscheme is the inverse image closed subscheme,french_admitted,F33.json,2652207F96F697935BC81C5D63B292DE4D956905D69CB92572225E320BB27F4C,a04446e57ec1fbc252a871afcec7752fb2807b14,schemes.tex,schemes-definition-inverse-image-closed-subscheme,01JV,equivalent,reviewed_existing,component,The target definition names exactly the fibre-product closed subscheme used in the proposition,D000170,,
S000636,ega:I.4.4.5:proof,the local reduction computes the inverse-image closed subscheme from the pulled-back defining ideal,french_admitted,F33.json,2652207F96F697935BC81C5D63B292DE4D956905D69CB92572225E320BB27F4C,a04446e57ec1fbc252a871afcec7752fb2807b14,schemes.tex,schemes-lemma-restrict-map-to-closed,01HQ,split,reviewed_existing,covered_derived,The target constructs the closed pullback from the image ideal while the source affine-local reduction remains unlabelled,D000170,,
S000637,ega:I.4.4.5:proof,for A a B-algebra the tensor product A tensor_B B/K is A modulo the extended ideal K A,french_admitted,F33.json,2652207F96F697935BC81C5D63B292DE4D956905D69CB92572225E320BB27F4C,a04446e57ec1fbc252a871afcec7752fb2807b14,algebra.tex,algebra-lemma-tensor-product-exact,00DF,split,reviewed_existing,covered_derived,Right exactness of tensor gives the quotient formula after applying the officially recorded source variance correction,D000171,,
S000638,ega:I.4.4.5:proof,the corrected affine tensor calculation together with 1.6.9 identifies the inverse-image defining ideal,french_admitted,F33.json,2652207F96F697935BC81C5D63B292DE4D956905D69CB92572225E320BB27F4C,a04446e57ec1fbc252a871afcec7752fb2807b14,schemes.tex,schemes-lemma-fibre-product-immersion,01JU,split,reviewed_existing,covered_derived,The target proof globalizes this source calculation as the image of f-star K in O_X,D000170,,
S000639,ega:I.4.4.6,the closed subscheme X-prime factors through the inverse image precisely when its ideal contains the inverse-image ideal,french_admitted,F33.json,2652207F96F697935BC81C5D63B292DE4D956905D69CB92572225E320BB27F4C,a04446e57ec1fbc252a871afcec7752fb2807b14,morphisms.tex,morphisms-lemma-closed-immersion-ideals,01QP,split,reviewed_existing,covered_derived,Apply the target to X-prime and f inverse of Y-prime whose ideals are J and the image of f-star K,D000172,,
S000640,ega:I.4.4.6,f composed with the injection factors through Y-prime precisely when the injection factors through the pullback,french_admitted,F33.json,2652207F96F697935BC81C5D63B292DE4D956905D69CB92572225E320BB27F4C,a04446e57ec1fbc252a871afcec7752fb2807b14,categories.tex,categories-definition-fibre-products,001V,split,reviewed_existing,covered_derived,The pullback universal property converts the desired factorization into a factorization through f inverse of Y-prime,D000172,,
S000641,ega:I.4.4.6,the restriction factors through the closed target exactly when the pulled-back defining ideal vanishes on X-prime,french_admitted,F33.json,2652207F96F697935BC81C5D63B292DE4D956905D69CB92572225E320BB27F4C,a04446e57ec1fbc252a871afcec7752fb2807b14,schemes.tex,schemes-lemma-characterize-closed-subspace,01HP,split,reviewed_existing,component,The target gives the direct closed-factorization criterion and the quotient map turns vanishing into containment in J,D000172,,
S000642,ega:I.4.4.6:proof,applying 4.4.1 to the injection reduces the claim to factorization through the inverse image,french_admitted,F33.json,2652207F96F697935BC81C5D63B292DE4D956905D69CB92572225E320BB27F4C,a04446e57ec1fbc252a871afcec7752fb2807b14,categories.tex,categories-definition-fibre-products,001V,split,reviewed_existing,covered_derived,This is the universal-property step cited by the one-line source proof,D000172,,
S000643,ega:I.4.4.6:proof,4.4.5 identifies the ideal of the inverse image as the image of f-star K in O_X,french_admitted,F33.json,2652207F96F697935BC81C5D63B292DE4D956905D69CB92572225E320BB27F4C,a04446e57ec1fbc252a871afcec7752fb2807b14,schemes.tex,schemes-lemma-fibre-product-immersion,01JU,split,reviewed_existing,covered_derived,The target supplies the ideal used in the final containment comparison,D000172,,
S000644,ega:I.4.4.6:proof,the final factorization is equivalent to the inclusion f-star K O_X inside J,french_admitted,F33.json,2652207F96F697935BC81C5D63B292DE4D956905D69CB92572225E320BB27F4C,a04446e57ec1fbc252a871afcec7752fb2807b14,morphisms.tex,morphisms-lemma-closed-immersion-ideals,01QP,split,reviewed_existing,covered_derived,The ideal order in the target has exactly the source direction and completes the proof,D000172,,
S000645,ega:I.4.5.1,at each source point there are opens U and V for which U to V is a closed immersion,french_admitted,F33.json,2652207F96F697935BC81C5D63B292DE4D956905D69CB92572225E320BB27F4C,a04446e57ec1fbc252a871afcec7752fb2807b14,schemes.tex,schemes-definition-closed-immersion-locally-ringed-spaces,01HK,split,reviewed_existing,component,The target supplies the exact closed-immersion chart predicate inside the source-point definition,D000173,,
S000646,ega:I.4.5.1,equivalently the morphism is locally on the source an immersion,french_admitted,F33.json,2652207F96F697935BC81C5D63B292DE4D956905D69CB92572225E320BB27F4C,a04446e57ec1fbc252a871afcec7752fb2807b14,schemes.tex,schemes-definition-immersion,01IO,split,reviewed_existing,component,A closed chart U to V followed by the open immersion V to Y is an immersion and every immersion has such local charts,D000173,,
S000647,ega:I.4.5.2,at each source point some open U maps to the target by an open immersion,french_admitted,F33.json,2652207F96F697935BC81C5D63B292DE4D956905D69CB92572225E320BB27F4C,a04446e57ec1fbc252a871afcec7752fb2807b14,schemes.tex,schemes-definition-immersion-locally-ringed-spaces,01HE,split,reviewed_existing,component,The modern open-immersion definition supplies the exact chart predicate while the source adds the pointwise locality quantifier,D000174,,
S000648,ega:I.4.5.2,a local isomorphism is locally on the source an open immersion,french_admitted,F33.json,2652207F96F697935BC81C5D63B292DE4D956905D69CB92572225E320BB27F4C,a04446e57ec1fbc252a871afcec7752fb2807b14,proetale.tex,proetale-definition-local-isomorphism,096E,partial,reviewed_existing,component,For affine source and target the labelled ring-map definition is exactly the same after shrinking to standard open charts but it does not package the general scheme definition,D000174,,
S000649,ega:I.4.5.3,an immersion is a local immersion and a homeomorphism onto a subset of the target,french_admitted,F33.json,2652207F96F697935BC81C5D63B292DE4D956905D69CB92572225E320BB27F4C,a04446e57ec1fbc252a871afcec7752fb2807b14,schemes.tex,schemes-definition-immersion,01IO,split,reviewed_existing,component,The target definition gives the global immersed-image conclusion and its local closed-chart necessity,D000175,,
S000650,ega:I.4.5.3,a local immersion that is a homeomorphism onto its image is an immersion,french_admitted,F33.json,2652207F96F697935BC81C5D63B292DE4D956905D69CB92572225E320BB27F4C,a04446e57ec1fbc252a871afcec7752fb2807b14,morphisms.tex,morphisms-lemma-check-immersion,0FCZ,split,reviewed_existing,covered_derived,The homeomorphism lets each local source chart be rewritten as the full inverse image of a shrunken target open so the target criterion applies,D000175,,
S000651,ega:I.4.5.3,after the immersion criterion a closed image characterizes a closed immersion,french_admitted,F33.json,2652207F96F697935BC81C5D63B292DE4D956905D69CB92572225E320BB27F4C,a04446e57ec1fbc252a871afcec7752fb2807b14,schemes.tex,schemes-lemma-immersion-when-closed,01IQ,equivalent,reviewed_existing,component,The target states exactly that an immersion whose image is closed is a closed immersion and proves the converse,D000175,,
S000652,ega:I.4.5.3,an open immersion is exactly an injective local isomorphism,french_admitted,F33.json,2652207F96F697935BC81C5D63B292DE4D956905D69CB92572225E320BB27F4C,a04446e57ec1fbc252a871afcec7752fb2807b14,schemes.tex,schemes-definition-immersion-locally-ringed-spaces,01HE,split,reviewed_existing,covered_derived,Injective open charts glue to a homeomorphism onto their open union and the target definition then gives the conclusion,D000175,,
S000653,ega:I.4.5.4,the morphism is dominant,french_admitted,F33.json,2652207F96F697935BC81C5D63B292DE4D956905D69CB92572225E320BB27F4C,a04446e57ec1fbc252a871afcec7752fb2807b14,morphisms.tex,morphisms-definition-dominant,01RJ,equivalent,reviewed_existing,component,The target definition is exactly density of the image and matches the source hypothesis,D000176,,
S000654,ega:I.4.5.4,the morphism is locally a closed immersion into a target neighbourhood,french_admitted,F33.json,2652207F96F697935BC81C5D63B292DE4D956905D69CB92572225E320BB27F4C,a04446e57ec1fbc252a871afcec7752fb2807b14,schemes.tex,schemes-definition-closed-immersion-locally-ringed-spaces,01HK,split,reviewed_existing,component,This is the closed-chart component of the local-immersion hypothesis,D000176,,
S000655,ega:I.4.5.4,an injective dominant local immersion from an irreducible source is an immersion,french_admitted,F33.json,2652207F96F697935BC81C5D63B292DE4D956905D69CB92572225E320BB27F4C,a04446e57ec1fbc252a871afcec7752fb2807b14,morphisms.tex,morphisms-lemma-check-immersion,0FCZ,split,reviewed_existing,covered_derived,The proof derives full inverse-image charts from irreducibility dominance and injectivity before applying the target criterion,D000176,,
S000656,ega:I.4.5.4,the image of the morphism is open in the target,french_admitted,F33.json,2652207F96F697935BC81C5D63B292DE4D956905D69CB92572225E320BB27F4C,a04446e57ec1fbc252a871afcec7752fb2807b14,topology.tex,topology-definition-irreducible-components,004V,split,reviewed_existing,covered_derived,Every nonempty chart in the irreducible source is dense and its closed dense image inside V equals V so the image is the union of such opens,D000176,,
S000657,ega:I.4.5.4:proof,a nonempty open U in the irreducible source X is dense,french_admitted,F33.json,2652207F96F697935BC81C5D63B292DE4D956905D69CB92572225E320BB27F4C,a04446e57ec1fbc252a871afcec7752fb2807b14,topology.tex,topology-definition-irreducible-components,004V,split,reviewed_existing,covered_unlabelled,This standard consequence appears with the irreducibility definitions and is the first topological step of the proof,D000176,,
S000658,ega:I.4.5.4:proof,the image f of U is dense in Y under the dominant hypothesis,french_admitted,F33.json,2652207F96F697935BC81C5D63B292DE4D956905D69CB92572225E320BB27F4C,a04446e57ec1fbc252a871afcec7752fb2807b14,morphisms.tex,morphisms-definition-dominant,01RJ,split,reviewed_existing,covered_derived,The generic point of irreducible X lies in U and dominance sends it to a generic point of the image closure,D000176,,
S000659,ega:I.4.5.4:proof,the local chart makes f of U a closed subset of V,french_admitted,F33.json,2652207F96F697935BC81C5D63B292DE4D956905D69CB92572225E320BB27F4C,a04446e57ec1fbc252a871afcec7752fb2807b14,schemes.tex,schemes-definition-closed-immersion-locally-ringed-spaces,01HK,split,reviewed_existing,component,Closed immersion of U into V identifies U homeomorphically with a closed subspace of V,D000176,,
S000660,ega:I.4.5.4:proof,the dense closed subset f of U equals V,french_admitted,F33.json,2652207F96F697935BC81C5D63B292DE4D956905D69CB92572225E320BB27F4C,a04446e57ec1fbc252a871afcec7752fb2807b14,topology.tex,topology-definition-irreducible-components,004V,split,reviewed_existing,covered_derived,Combining the preceding density and closedness makes the chart image all of V,D000176,,
S000661,ega:I.4.5.4:proof,injectivity gives f inverse of V equal to U and hence a full immersion chart,french_admitted,F33.json,2652207F96F697935BC81C5D63B292DE4D956905D69CB92572225E320BB27F4C,a04446e57ec1fbc252a871afcec7752fb2807b14,morphisms.tex,morphisms-lemma-check-immersion,0FCZ,split,reviewed_existing,covered_derived,The equality upgrades the source-local closed chart to the full inverse-image chart required by the target,D000176,,
S000662,ega:I.4.5.5,the composite of two local immersions is a local immersion,french_admitted,F33.json,2652207F96F697935BC81C5D63B292DE4D956905D69CB92572225E320BB27F4C,a04446e57ec1fbc252a871afcec7752fb2807b14,schemes.tex,schemes-lemma-composition-immersion,02V0,split,reviewed_existing,covered_derived,After shrinking compatible source and target neighbourhoods the target composes the two closed or open chart immersions,D000177,,
S000663,ega:I.4.5.5,the composite of two local isomorphisms is a local isomorphism,french_admitted,F33.json,2652207F96F697935BC81C5D63B292DE4D956905D69CB92572225E320BB27F4C,a04446e57ec1fbc252a871afcec7752fb2807b14,proetale.tex,proetale-lemma-composition-local-isomorphism,096G,partial,reviewed_existing,covered_derived,The labelled result gives the exact affine ring-map specialization while the general scheme statement follows by the same open-chart composition,D000177,,
S000664,ega:I.4.5.5,the product of two chosen open chart neighbourhoods is open in the fibre product,french_admitted,F33.json,2652207F96F697935BC81C5D63B292DE4D956905D69CB92572225E320BB27F4C,a04446e57ec1fbc252a871afcec7752fb2807b14,schemes.tex,schemes-lemma-open-fibre-product,01JR,split,reviewed_existing,component,The target identifies the product of the open chart restrictions with an open subscheme of the ambient fibre product,D000177,,
S000665,ega:I.4.5.5,the product chart is built from base changes of the two immersion charts,french_admitted,F33.json,2652207F96F697935BC81C5D63B292DE4D956905D69CB92572225E320BB27F4C,a04446e57ec1fbc252a871afcec7752fb2807b14,schemes.tex,schemes-lemma-base-change-immersion,01JY,split,reviewed_existing,covered_derived,Each factor immersion survives pullback and the product morphism factors as their composition,D000177,,
S000666,ega:I.4.5.5,the product of two local immersions is a local immersion,french_admitted,F33.json,2652207F96F697935BC81C5D63B292DE4D956905D69CB92572225E320BB27F4C,a04446e57ec1fbc252a871afcec7752fb2807b14,schemes.tex,schemes-lemma-composition-immersion,02V0,split,reviewed_existing,covered_derived,Composition of the two base-changed chart immersions completes the local product argument,D000177,,
S000667,ega:I.4.5.5,the product permanence statement also applies to local isomorphisms,french_admitted,F33.json,2652207F96F697935BC81C5D63B292DE4D956905D69CB92572225E320BB27F4C,a04446e57ec1fbc252a871afcec7752fb2807b14,proetale.tex,proetale-lemma-base-change-local-isomorphism,096F,partial,reviewed_existing,covered_derived,The target gives the affine base-change half and 096G gives affine composition while the source is the general open-chart scheme statement,D000177,,
S000668,ega:I.4.5.5,arbitrary base change preserves local immersions,french_admitted,F33.json,2652207F96F697935BC81C5D63B292DE4D956905D69CB92572225E320BB27F4C,a04446e57ec1fbc252a871afcec7752fb2807b14,schemes.tex,schemes-lemma-base-change-immersion,01JY,split,reviewed_existing,covered_derived,Pull back each local closed or open chart and use the corresponding open cover of the base-changed source,D000177,,
S000669,ega:I.4.5.5,the morphism f sub S prime is the base change of f along S prime to S,french_admitted,F33.json,2652207F96F697935BC81C5D63B292DE4D956905D69CB92572225E320BB27F4C,a04446e57ec1fbc252a871afcec7752fb2807b14,schemes.tex,schemes-definition-base-change,01JX,equivalent,reviewed_existing,component,The target definition is exactly the construction used in the third clause,D000177,,
S000670,ega:I.4.5.5,arbitrary base change preserves local isomorphisms,french_admitted,F33.json,2652207F96F697935BC81C5D63B292DE4D956905D69CB92572225E320BB27F4C,a04446e57ec1fbc252a871afcec7752fb2807b14,proetale.tex,proetale-lemma-base-change-local-isomorphism,096F,partial,reviewed_existing,covered_derived,The target gives the exact affine ring-map case while general schemes follow by pulling back open-isomorphism charts,D000177,,
S000671,ega:I.4.5.5:proof,the base-change clause reduces to the product and composition constructions,french_admitted,F33.json,2652207F96F697935BC81C5D63B292DE4D956905D69CB92572225E320BB27F4C,a04446e57ec1fbc252a871afcec7752fb2807b14,schemes.tex,schemes-definition-base-change,01JX,split,reviewed_existing,covered_derived,Viewing base change as a fibre product with the identity explains the source reduction to the first two clauses,D000177,,
S000672,ega:I.4.5.5:proof,transitivity of the closed or open chart immersions proves the composition clause,french_admitted,F33.json,2652207F96F697935BC81C5D63B292DE4D956905D69CB92572225E320BB27F4C,a04446e57ec1fbc252a871afcec7752fb2807b14,schemes.tex,schemes-lemma-composition-immersion,02V0,split,reviewed_existing,covered_derived,The target is the transitivity result intended by the corrected source reference 4.2.5,D000178,,
S000673,ega:I.4.5.5:proof,the products of the selected source and target neighbourhoods are open neighbourhoods,french_admitted,F33.json,2652207F96F697935BC81C5D63B292DE4D956905D69CB92572225E320BB27F4C,a04446e57ec1fbc252a871afcec7752fb2807b14,schemes.tex,schemes-lemma-open-fibre-product,01JR,equivalent,reviewed_existing,component,The target states exactly that fibre products of open immersions are open and identifies the inverse-image neighbourhoods,D000177,,
S000674,ega:I.4.5.5:proof,the restrictions of f and g to the chosen charts remain immersions after the required pullbacks,french_admitted,F33.json,2652207F96F697935BC81C5D63B292DE4D956905D69CB92572225E320BB27F4C,a04446e57ec1fbc252a871afcec7752fb2807b14,schemes.tex,schemes-lemma-base-change-immersion,01JY,split,reviewed_existing,covered_derived,The target supplies both base-changed factors of the product morphism,D000177,,
S000675,ega:I.4.5.5:proof,the product chart morphism factors through two base changes and their composite,french_admitted,F33.json,2652207F96F697935BC81C5D63B292DE4D956905D69CB92572225E320BB27F4C,a04446e57ec1fbc252a871afcec7752fb2807b14,schemes.tex,schemes-lemma-separated-permanence,01KU,split,reviewed_existing,covered_unlabelled,The proof of the target uses the same fibre-product factorization although its labelled statement concerns separatedness,D000177,,
S000676,ega:I.4.5.5:proof,composition of the two pulled-back chart immersions proves the product clause,french_admitted,F33.json,2652207F96F697935BC81C5D63B292DE4D956905D69CB92572225E320BB27F4C,a04446e57ec1fbc252a871afcec7752fb2807b14,schemes.tex,schemes-lemma-composition-immersion,02V0,split,reviewed_existing,covered_derived,The target converts the product factorization into the required local immersion,D000177,,
S000677,ega:I.4.5.5:proof,the omitted base-change case is the same local chart construction after pulling back along the base morphism,french_admitted,F33.json,2652207F96F697935BC81C5D63B292DE4D956905D69CB92572225E320BB27F4C,a04446e57ec1fbc252a871afcec7752fb2807b14,schemes.tex,schemes-lemma-base-change-immersion,01JY,split,reviewed_existing,covered_derived,The target supplies immersion stability and the source-point chart quantifier is then recovered from the pulled-back open cover,D000177,,
S000678,ega:I.5.1.1,the affine nilradical module is associated to the ring nilradical and is quasi-coherent,french_admitted,F33.json,2652207F96F697935BC81C5D63B292DE4D956905D69CB92572225E320BB27F4C,a04446e57ec1fbc252a871afcec7752fb2807b14,schemes.tex,schemes-lemma-compare-constructions,01I7,split,reviewed_existing,component,The target constructs the associated quasi-coherent sheaf and identifies its stalks while the nilradical choice is extra,D000182,,
S000679,ega:I.5.1.1:proof,the stalk of the associated nilradical module is the localization of the ring nilradical,french_admitted,F33.json,2652207F96F697935BC81C5D63B292DE4D956905D69CB92572225E320BB27F4C,a04446e57ec1fbc252a871afcec7752fb2807b14,schemes.tex,schemes-lemma-compare-constructions,01I7,split,reviewed_existing,component,The target gives the associated-sheaf stalk as module localization and the source separately proves that this equals the localized-ring nilradical,D000182,,
S000680,ega:I.5.1.1:proof,the construction and quasi-coherence are checked on an affine open cover,french_admitted,F33.json,2652207F96F697935BC81C5D63B292DE4D956905D69CB92572225E320BB27F4C,a04446e57ec1fbc252a871afcec7752fb2807b14,schemes.tex,schemes-section-quasi-coherent,01LA,split,reviewed_existing,covered_unlabelled,The unlabelled locality bullets under the target section supply the affine-cover passage,D000182,,
S000681,ega:I.5.1.1:proof,extension of the ring nilradical into a localization consists of nilpotent elements,french_admitted,F33.json,2652207F96F697935BC81C5D63B292DE4D956905D69CB92572225E320BB27F4C,a04446e57ec1fbc252a871afcec7752fb2807b14,algebra.tex,algebra-lemma-locally-nilpotent,0544,entailed_by_stronger,reviewed_existing,component,The target treats extension of every locally nilpotent ideal along every ring map and gives the easy inclusion used by the source,D000182,,
S000682,ega:I.5.1.2:proof,a full-image subprescheme is a closed subprescheme,french_admitted,F33.json,2652207F96F697935BC81C5D63B292DE4D956905D69CB92572225E320BB27F4C,a04446e57ec1fbc252a871afcec7752fb2807b14,schemes.tex,schemes-lemma-immersion-when-closed,01IQ,entailed_by_stronger,reviewed_existing,component,The target recognizes every immersion with closed image as a closed immersion and the full image is closed,D000183,,
S000683,ega:I.5.1.2,the full support has a unique reduced closed subscheme structure,french_admitted,F33.json,2652207F96F697935BC81C5D63B292DE4D956905D69CB92572225E320BB27F4C,a04446e57ec1fbc252a871afcec7752fb2807b14,schemes.tex,schemes-lemma-reduced-closed-subscheme,01J3,entailed_by_stronger,reviewed_existing,component,The target constructs the unique reduced closed structure for every closed subset and specializes to the whole underlying space,D000183,,
S000684,ega:I.5.1.2,the reduced closed structure supported on all of X is the reduction X red,french_admitted,F33.json,2652207F96F697935BC81C5D63B292DE4D956905D69CB92572225E320BB27F4C,a04446e57ec1fbc252a871afcec7752fb2807b14,schemes.tex,schemes-definition-reduced-induced-scheme,01J4,equivalent,reviewed_existing,component,The target names exactly the reduced induced structure on all of X,D000183,,
S000685,ega:I.5.1.2,quotienting by the nilradical preserves the underlying topological space,french_admitted,F33.json,2652207F96F697935BC81C5D63B292DE4D956905D69CB92572225E320BB27F4C,a04446e57ec1fbc252a871afcec7752fb2807b14,algebra.tex,algebra-lemma-surjective-locally-nilpotent-kernel,0BR6,entailed_by_stronger,reviewed_existing,component,The target gives the homeomorphism and additionally preserves residue fields after arbitrary affine base change,D000183,,
S000686,ega:I.5.1.2,the reduction is the smallest subprescheme with the full underlying space,french_admitted,F33.json,2652207F96F697935BC81C5D63B292DE4D956905D69CB92572225E320BB27F4C,a04446e57ec1fbc252a871afcec7752fb2807b14,schemes.tex,schemes-lemma-map-into-reduction,0356,entailed_by_stronger,reviewed_existing,covered_derived,Apply the universal factorization to X red mapping into X and each full-support closed subprescheme,D000183,,
S000687,ega:I.5.1.2:proof,quasi-coherent ideal sheaves determine closed subpreschemes,french_admitted,F33.json,2652207F96F697935BC81C5D63B292DE4D956905D69CB92572225E320BB27F4C,a04446e57ec1fbc252a871afcec7752fb2807b14,morphisms.tex,morphisms-lemma-closed-immersion-bijection-ideals,01QQ,split,reviewed_existing,component,The target supplies the ideal-to-closed-subscheme correspondence used in the affine reduction,D000183,,
S000688,ega:I.5.1.2:proof,the quotient by the nilradical is reduced on every affine chart,french_admitted,F33.json,2652207F96F697935BC81C5D63B292DE4D956905D69CB92572225E320BB27F4C,a04446e57ec1fbc252a871afcec7752fb2807b14,schemes.tex,schemes-lemma-affine-reduced,01J2,split,reviewed_existing,component,The quotient ring is reduced and the target converts that ring fact into reducedness of its affine spectrum,D000183,,
S000689,ega:I.5.1.2:proof,full support forces the defining ideal into the intersection of every prime and hence into the nilradical,french_admitted,F33.json,2652207F96F697935BC81C5D63B292DE4D956905D69CB92572225E320BB27F4C,a04446e57ec1fbc252a871afcec7752fb2807b14,algebra.tex,algebra-lemma-Zariski-topology,00E0,equivalent,reviewed_existing,component,Item seven of the target is exactly the intersection-of-primes identity used in the proof,D000183,,
S000690,ega:I.5.1.2:proof,a distinct full-support quotient has a nonreduced local ring,french_admitted,F33.json,2652207F96F697935BC81C5D63B292DE4D956905D69CB92572225E320BB27F4C,a04446e57ec1fbc252a871afcec7752fb2807b14,schemes.tex,schemes-definition-reduced,01J0,split,reviewed_existing,component,The target detects nonreducedness at a stalk where the defining ideal differs from the nilradical,D000183,,
S000691,ega:I.5.1.3,the reduced full-support subprescheme is unique,french_admitted,F33.json,2652207F96F697935BC81C5D63B292DE4D956905D69CB92572225E320BB27F4C,a04446e57ec1fbc252a871afcec7752fb2807b14,schemes.tex,schemes-lemma-reduced-closed-subscheme,01J3,entailed_by_stronger,reviewed_existing,component,The target gives uniqueness for the reduced structure on every closed subset and hence on all of X,D000185,,
S000692,ega:I.5.1.3,the reduced prescheme associated to X is denoted X red,french_admitted,F33.json,2652207F96F697935BC81C5D63B292DE4D956905D69CB92572225E320BB27F4C,a04446e57ec1fbc252a871afcec7752fb2807b14,schemes.tex,schemes-definition-reduced-induced-scheme,01J4,equivalent,reviewed_existing,component,The target gives the same definition and notation for the reduction,D000185,,
S000693,ega:I.5.1.3,the following unnumbered sentence says X is reduced exactly when X equals X red,french_admitted,F33.json,2652207F96F697935BC81C5D63B292DE4D956905D69CB92572225E320BB27F4C,a04446e57ec1fbc252a871afcec7752fb2807b14,schemes.tex,schemes-definition-reduced-induced-scheme,01J4,split,reviewed_existing,covered_derived,The fixed-point characterization follows from the reduction definition and uniqueness,D000185,,
S000694,ega:I.5.1.3,the following unnumbered fixed-point characterization also uses uniqueness of the reduced closed structure,french_admitted,F33.json,2652207F96F697935BC81C5D63B292DE4D956905D69CB92572225E320BB27F4C,a04446e57ec1fbc252a871afcec7752fb2807b14,schemes.tex,schemes-lemma-reduced-closed-subscheme,01J3,split,reviewed_existing,covered_derived,The target supplies the uniqueness step but has no separate fixed-point clause,D000185,,
S000695,ega:I.5.1.4,an affine spectrum is reduced exactly when its coordinate ring is reduced,french_admitted,F33.json,2652207F96F697935BC81C5D63B292DE4D956905D69CB92572225E320BB27F4C,a04446e57ec1fbc252a871afcec7752fb2807b14,schemes.tex,schemes-lemma-affine-reduced,01J2,equivalent,reviewed_existing,component,The target is the exact reduced half of the source proposition,D000186,,
S000696,ega:I.5.1.4,the integral affine criterion passes through reducedness and irreducibility,french_admitted,F33.json,2652207F96F697935BC81C5D63B292DE4D956905D69CB92572225E320BB27F4C,a04446e57ec1fbc252a871afcec7752fb2807b14,properties.tex,properties-lemma-characterize-integral,01ON,split,reviewed_existing,covered_derived,The target turns the integral claim into the reduced and irreducible affine conditions,D000186,,
S000697,ega:I.5.1.4,irreducibility of an affine spectrum is equivalent to primality of its nilradical,french_admitted,F33.json,2652207F96F697935BC81C5D63B292DE4D956905D69CB92572225E320BB27F4C,a04446e57ec1fbc252a871afcec7752fb2807b14,algebra.tex,algebra-lemma-irreducible,00ES,split,reviewed_existing,covered_derived,The target supplies the affine irreducibility step in the domain criterion,D000186,,
S000698,ega:I.5.1.4,a reduced ring has zero nilradical and the affine domain criterion then asks whether zero is prime,french_admitted,F33.json,2652207F96F697935BC81C5D63B292DE4D956905D69CB92572225E320BB27F4C,a04446e57ec1fbc252a871afcec7752fb2807b14,algebra.tex,algebra-lemma-Zariski-topology,00E0,split,reviewed_existing,covered_derived,The target identifies the nilradical as the intersection of primes and supports the reduction to primality of zero,D000186,,
S000699,ega:I.5.1.4,the word integral for a scheme is the modern affine-domain condition,french_admitted,F33.json,2652207F96F697935BC81C5D63B292DE4D956905D69CB92572225E320BB27F4C,a04446e57ec1fbc252a871afcec7752fb2807b14,properties.tex,properties-definition-integral,01OK,split,reviewed_existing,component,The target supplies the terminology while the affine equivalence uses the other split edges,D000186,,
S000700,ega:I.5.1.4:proof,the reduced half is the affine reduced-ring criterion,french_admitted,F33.json,2652207F96F697935BC81C5D63B292DE4D956905D69CB92572225E320BB27F4C,a04446e57ec1fbc252a871afcec7752fb2807b14,schemes.tex,schemes-lemma-affine-reduced,01J2,split,reviewed_existing,component,The target contains the same two implications as the source proof,D000186,,
S000701,ega:I.5.1.4:proof,the integral half follows from reduced plus irreducible,french_admitted,F33.json,2652207F96F697935BC81C5D63B292DE4D956905D69CB92572225E320BB27F4C,a04446e57ec1fbc252a871afcec7752fb2807b14,properties.tex,properties-lemma-characterize-integral,01ON,split,reviewed_existing,covered_derived,The target packages the final scheme-level equivalence used by the proof,D000186,,
S000702,ega:I.5.1.4:proof,the affine irreducibility step is the minimal-prime criterion,french_admitted,F33.json,2652207F96F697935BC81C5D63B292DE4D956905D69CB92572225E320BB27F4C,a04446e57ec1fbc252a871afcec7752fb2807b14,algebra.tex,algebra-lemma-irreducible,00ES,split,reviewed_existing,covered_derived,The target is the source citation translated into the modern affine criterion,D000186,,
S000703,ega:I.5.1.4:proof,the proof identifies reducedness with vanishing nilradical before testing primality of zero,french_admitted,F33.json,2652207F96F697935BC81C5D63B292DE4D956905D69CB92572225E320BB27F4C,a04446e57ec1fbc252a871afcec7752fb2807b14,algebra.tex,algebra-lemma-Zariski-topology,00E0,split,reviewed_existing,covered_derived,The nilradical intersection identity supplies the ring-theoretic step,D000186,,
S000704,ega:I.5.1.4,the following unnumbered paragraph defines locally integral by integral affine neighbourhoods,french_admitted,F33.json,2652207F96F697935BC81C5D63B292DE4D956905D69CB92572225E320BB27F4C,a04446e57ec1fbc252a871afcec7752fb2807b14,properties.tex,properties-definition-locally-P,01OQ,split,reviewed_existing,component,Instantiate the target terminology with the affine integral-domain property without invoking the false locality lemma,D000187,,
S000705,ega:I.5.1.4,the following unnumbered paragraph uses integral affine neighbourhoods whose coordinate rings are domains,french_admitted,F33.json,2652207F96F697935BC81C5D63B292DE4D956905D69CB92572225E320BB27F4C,a04446e57ec1fbc252a871afcec7752fb2807b14,properties.tex,properties-definition-integral,01OK,split,reviewed_existing,component,The target identifies each integral neighbourhood with the affine-domain condition,D000187,,
S000706,ega:I.5.1.4,the following unnumbered forward implication localizes an integral affine coordinate ring at the point,french_admitted,F33.json,2652207F96F697935BC81C5D63B292DE4D956905D69CB92572225E320BB27F4C,a04446e57ec1fbc252a871afcec7752fb2807b14,schemes.tex,schemes-lemma-spec-sheaves,01HV,split,reviewed_existing,covered_derived,Item six identifies the stalk with the local ring localization and localization of a domain is a domain,D000187,,
S000707,ega:I.5.1.4,the following unnumbered converse uses finiteness of irreducible components on a Noetherian topological neighbourhood,french_admitted,F33.json,2652207F96F697935BC81C5D63B292DE4D956905D69CB92572225E320BB27F4C,a04446e57ec1fbc252a871afcec7752fb2807b14,topology.tex,topology-lemma-Noetherian,0052,split,reviewed_existing,component,The target assumes only Noetherian topology and gives the finite-component input at the source generality,D000187,,
S000708,ega:I.5.1.4,the following unnumbered converse first observes that domain local rings make X reduced,french_admitted,F33.json,2652207F96F697935BC81C5D63B292DE4D956905D69CB92572225E320BB27F4C,a04446e57ec1fbc252a871afcec7752fb2807b14,schemes.tex,schemes-definition-reduced,01J0,split,reviewed_existing,component,Reducedness is defined stalkwise and every domain is reduced,D000187,,
S000709,ega:I.5.1.4,the following unnumbered source proof identifies components through a point with minimal primes of its local ring,french_admitted,F33.json,2652207F96F697935BC81C5D63B292DE4D956905D69CB92572225E320BB27F4C,a04446e57ec1fbc252a871afcec7752fb2807b14,algebra.tex,algebra-lemma-irreducible-components-containing-x,00ET,split,reviewed_existing,component,The target is the exact component-to-minimal-prime correspondence used to prove that distinct components do not meet,D000187,,
S000710,ega:I.5.1.4,the following unnumbered converse can choose an affine neighbourhood injecting into the domain local ring,french_admitted,F33.json,2652207F96F697935BC81C5D63B292DE4D956905D69CB92572225E320BB27F4C,a04446e57ec1fbc252a871afcec7752fb2807b14,properties.tex,properties-lemma-ring-affine-open-injective-local-ring,0BX3,split,reviewed_existing,covered_derived,Clause three applies after restricting to a reduced finite-component topological neighbourhood and makes the affine coordinate ring a domain,D000187,,
S000711,ega:I.5.1.4,the following unnumbered converse concludes that every point has an integral affine neighbourhood,french_admitted,F33.json,2652207F96F697935BC81C5D63B292DE4D956905D69CB92572225E320BB27F4C,a04446e57ec1fbc252a871afcec7752fb2807b14,properties.tex,properties-definition-locally-P,01OQ,split,reviewed_existing,covered_derived,The target definition records the conclusion once the affine domain neighbourhood is constructed,D000187,,
S000712,ega:I.5.1.4,the following unnumbered source proof makes each disjoint reduced irreducible component integral,french_admitted,F33.json,2652207F96F697935BC81C5D63B292DE4D956905D69CB92572225E320BB27F4C,a04446e57ec1fbc252a871afcec7752fb2807b14,properties.tex,properties-lemma-characterize-integral,01ON,split,reviewed_existing,covered_derived,The target converts reduced irreducible open components into integral neighbourhoods,D000187,,
S000713,ega:I.5.1.2:proof,full support forces the defining ideal into the intersection of every prime and hence into the nilradical,french_admitted,F33.json,2652207F96F697935BC81C5D63B292DE4D956905D69CB92572225E320BB27F4C,a04446e57ec1fbc252a871afcec7752fb2807b14,algebra.tex,algebra-lemma-Zariski-topology,00E0,split,reviewed_existing,component,Item seven supplies only the intersection-of-all-primes equals nilradical identity; the preceding containment of J in every prime comes from the full-support condition,D000183,,S000689
S000714,ega:I.5.1.4,the following unnumbered paragraph uses local integrality through integral neighbourhoods,french_admitted,F33.json,2652207F96F697935BC81C5D63B292DE4D956905D69CB92572225E320BB27F4C,a04446e57ec1fbc252a871afcec7752fb2807b14,properties.tex,properties-definition-locally-P,01OQ,split,reviewed_existing,covered_derived,Tags 01OQ and 01OK together translate the earlier arbitrary-integral-open definition into integral affine domain neighbourhoods; the paragraph does not redefine the term,D000187,,S000704
S000715,ega:I.5.1.5,the objects denoted X red and Y red are the reductions of the full underlying spaces,french_admitted,F33.json,2652207F96F697935BC81C5D63B292DE4D956905D69CB92572225E320BB27F4C,a04446e57ec1fbc252a871afcec7752fb2807b14,schemes.tex,schemes-definition-reduced-induced-scheme,01J4,split,reviewed_existing,component,The target defines exactly these reduced induced scheme structures,D000191,,
S000716,ega:I.5.1.5,the reduced morphism exists by factoring X red to X to Y through Y red,french_admitted,F33.json,2652207F96F697935BC81C5D63B292DE4D956905D69CB92572225E320BB27F4C,a04446e57ec1fbc252a871afcec7752fb2807b14,schemes.tex,schemes-lemma-map-into-reduction,0356,entailed_by_stronger,reviewed_existing,covered_derived,Apply the target to the reduced source X red and the composite X red to Y,D000191,,
S000717,ega:I.5.1.5,when X is reduced every morphism from X to Y factors through Y red,french_admitted,F33.json,2652207F96F697935BC81C5D63B292DE4D956905D69CB92572225E320BB27F4C,a04446e57ec1fbc252a871afcec7752fb2807b14,schemes.tex,schemes-lemma-map-into-reduction,0356,equivalent,reviewed_existing,component,The target gives exactly this factorization for every reduced source scheme,D000191,,
S000718,ega:I.5.1.5:diagram:xymatrix:1,the square records the factorization of X red to Y through Y red,french_admitted,F33.json,2652207F96F697935BC81C5D63B292DE4D956905D69CB92572225E320BB27F4C,a04446e57ec1fbc252a871afcec7752fb2807b14,schemes.tex,schemes-lemma-map-into-reduction,0356,split,reviewed_existing,component,The top and right arrows compose to the same map as the left and bottom arrows,D000191,,
S000719,ega:I.5.1.5:diagram:xymatrix:1,the vertical reduction immersions make the factorization through Y red unique,french_admitted,F33.json,2652207F96F697935BC81C5D63B292DE4D956905D69CB92572225E320BB27F4C,a04446e57ec1fbc252a871afcec7752fb2807b14,schemes.tex,schemes-lemma-immersions-monomorphisms,01L7,split,reviewed_existing,component,The right vertical closed immersion is a monomorphism and hence determines the top arrow uniquely,D000191,,
S000720,ega:I.5.1.5,existence uniqueness identity composition and the commutative reduction square,french_admitted,F33.json,2652207F96F697935BC81C5D63B292DE4D956905D69CB92572225E320BB27F4C,LOCAL_WORKTREE,schemes.tex,schemes-lemma-reduction-functorial,,equivalent,integrated_local,full_statement,The local lemma packages exactly the functorial reduction morphism and its natural square,D000191,No official tag is assigned and upstream acceptance is not claimed,
S000721,ega:I.5.1.6,surjectivity is preserved and reflected because reduction leaves the point map unchanged,french_admitted,F33.json,2652207F96F697935BC81C5D63B292DE4D956905D69CB92572225E320BB27F4C,a04446e57ec1fbc252a871afcec7752fb2807b14,morphisms.tex,morphisms-definition-surjective,01RZ,split,reviewed_existing,covered_derived,Combine the target definition with the unchanged underlying spaces of the reduction arrows,D000192,,
S000722,ega:I.5.1.6,the radicial condition is injectivity on points plus purely inseparable residue extensions,french_admitted,F33.json,2652207F96F697935BC81C5D63B292DE4D956905D69CB92572225E320BB27F4C,a04446e57ec1fbc252a871afcec7752fb2807b14,morphisms.tex,morphisms-definition-universally-injective,01S3,split,reviewed_existing,component,The second target clause is the source radicial condition in modern terminology,D000192,,
S000723,ega:I.5.1.6,the forward and reverse radicial clauses are equivalently universal injectivity,french_admitted,F33.json,2652207F96F697935BC81C5D63B292DE4D956905D69CB92572225E320BB27F4C,a04446e57ec1fbc252a871afcec7752fb2807b14,morphisms.tex,morphisms-lemma-universally-injective,01S4,split,reviewed_existing,component,The target proves equivalence of radicial and universally injective morphisms,D000192,,
S000724,ega:I.5.1.6:proof,quotienting local rings by nilradicals preserves points and residue fields,french_admitted,F33.json,2652207F96F697935BC81C5D63B292DE4D956905D69CB92572225E320BB27F4C,a04446e57ec1fbc252a871afcec7752fb2807b14,algebra.tex,algebra-lemma-surjective-locally-nilpotent-kernel,0BR6,entailed_by_stronger,reviewed_existing,component,The affine target gives a homeomorphism and residue-field isomorphisms and preserves them after base change,D000192,,
S000725,ega:I.5.1.6:proof,the canonical reduction arrows leave the underlying point spaces unchanged,french_admitted,F33.json,2652207F96F697935BC81C5D63B292DE4D956905D69CB92572225E320BB27F4C,a04446e57ec1fbc252a871afcec7752fb2807b14,morphisms.tex,morphisms-lemma-reduction-universal-homeomorphism,054M,entailed_by_stronger,reviewed_existing,component,The target strengthens the source comparison to a universal homeomorphism,D000192,,
S000726,ega:I.5.1.6,the immersion clause factors an immersion as a closed immersion followed by an open immersion,french_admitted,F33.json,2652207F96F697935BC81C5D63B292DE4D956905D69CB92572225E320BB27F4C,a04446e57ec1fbc252a871afcec7752fb2807b14,schemes.tex,schemes-definition-immersion,01IO,split,reviewed_existing,component,The target definition gives exactly the factorization used to reduce the permanence claim to two cases,D000192,,
S000727,ega:I.5.1.6:proof,the open immersion and local isomorphism clauses use open local charts and isomorphisms on stalks,french_admitted,F33.json,2652207F96F697935BC81C5D63B292DE4D956905D69CB92572225E320BB27F4C,a04446e57ec1fbc252a871afcec7752fb2807b14,schemes.tex,schemes-definition-immersion-locally-ringed-spaces,01HE,split,reviewed_existing,covered_derived,On each source chart the target criterion is unchanged after quotienting both stalks by nilradicals,D000192,,
S000728,ega:I.5.1.6:proof,the closed immersion and local immersion clauses use closed local images and surjections on stalks,french_admitted,F33.json,2652207F96F697935BC81C5D63B292DE4D956905D69CB92572225E320BB27F4C,a04446e57ec1fbc252a871afcec7752fb2807b14,schemes.tex,schemes-lemma-characterize-closed-immersions,01LD,split,reviewed_existing,covered_derived,The target criterion applies because reduction preserves the closed image and quotient stalk maps remain surjective,D000192,,
S000729,ega:I.5.1.6,surjective and radicial reflection plus immersion closed immersion and open immersion preservation,french_admitted,F33.json,2652207F96F697935BC81C5D63B292DE4D956905D69CB92572225E320BB27F4C,LOCAL_WORKTREE,morphisms.tex,morphisms-lemma-reduction-morphism-properties,,split,integrated_local,component,The local lemma packages the exact modern scheme-level permanence clauses that it states,D000192,No official tag is assigned and upstream acceptance is not claimed,
S000730,ega:I.5.1.7:proof,the structural maps from X red and Y red to S factor through S red,french_admitted,F33.json,2652207F96F697935BC81C5D63B292DE4D956905D69CB92572225E320BB27F4C,a04446e57ec1fbc252a871afcec7752fb2807b14,schemes.tex,schemes-lemma-map-into-reduction,0356,entailed_by_stronger,reviewed_existing,component,The target factors every morphism from a reduced source through the target reduction,D000193,,
S000731,ega:I.5.1.7:proof,the reduction immersion from S red to S is a monomorphism,french_admitted,F33.json,2652207F96F697935BC81C5D63B292DE4D956905D69CB92572225E320BB27F4C,a04446e57ec1fbc252a871afcec7752fb2807b14,schemes.tex,schemes-lemma-immersions-monomorphisms,01L7,entailed_by_stronger,reviewed_existing,component,The target makes every immersion a monomorphism and applies to the closed reduction immersion,D000193,,
S000732,ega:I.5.1.7:proof,the monomorphism condition is left cancellation for maps into S red,french_admitted,F33.json,2652207F96F697935BC81C5D63B292DE4D956905D69CB92572225E320BB27F4C,a04446e57ec1fbc252a871afcec7752fb2807b14,categories.tex,categories-definition-mono-epi,003B,split,reviewed_existing,component,The target definition is the categorical cancellation property invoked by the source,D000193,,
S000733,ega:I.5.1.7:proof,equality after composition with S red to S forces equality of the maps to S red,french_admitted,F33.json,2652207F96F697935BC81C5D63B292DE4D956905D69CB92572225E320BB27F4C,a04446e57ec1fbc252a871afcec7752fb2807b14,categories.tex,categories-lemma-characterize-mono-epi,08LR,split,reviewed_existing,covered_derived,The target characterization supplies the exact uniqueness step behind the comparison,D000193,,
S000734,ega:I.5.1.7:proof,the two products are compared by their common fibre-product universal property,french_admitted,F33.json,2652207F96F697935BC81C5D63B292DE4D956905D69CB92572225E320BB27F4C,a04446e57ec1fbc252a871afcec7752fb2807b14,schemes.tex,schemes-lemma-fibre-products,01JM,split,reviewed_existing,covered_derived,The target supplies scheme fibre products and their universal property after the monomorphism cancellation,D000193,,
S000735,ega:I.5.1.7,the canonical map from the product of reductions to X times S Y is a closed immersion,french_admitted,F33.json,2652207F96F697935BC81C5D63B292DE4D956905D69CB92572225E320BB27F4C,a04446e57ec1fbc252a871afcec7752fb2807b14,schemes.tex,schemes-lemma-fibre-product-immersion,01JU,split,reviewed_existing,covered_derived,Apply the target twice to the two reduction closed immersions and compose the results,D000193,,
S000736,ega:I.5.1.7,the reduction arrows have the same underlying spaces as their source schemes,french_admitted,F33.json,2652207F96F697935BC81C5D63B292DE4D956905D69CB92572225E320BB27F4C,a04446e57ec1fbc252a871afcec7752fb2807b14,morphisms.tex,morphisms-lemma-reduction-universal-homeomorphism,054M,split,reviewed_existing,component,The target identifies each reduction arrow as a universal homeomorphism,D000193,,
S000737,ega:I.5.1.7,the same-underlying-space assertion uses stability of reduction homeomorphisms under base change,french_admitted,F33.json,2652207F96F697935BC81C5D63B292DE4D956905D69CB92572225E320BB27F4C,a04446e57ec1fbc252a871afcec7752fb2807b14,morphisms.tex,morphisms-lemma-base-change-universal-homeomorphism,0CEU,split,reviewed_existing,component,The target preserves each reduction homeomorphism under the required fibre-product base change,D000193,,
S000738,ega:I.5.1.7,the composite product inclusion has the same underlying space as X times S Y,french_admitted,F33.json,2652207F96F697935BC81C5D63B292DE4D956905D69CB92572225E320BB27F4C,a04446e57ec1fbc252a871afcec7752fb2807b14,morphisms.tex,morphisms-lemma-composition-universal-homeomorphism,0CEV,split,reviewed_existing,component,The target composes the two base-changed reduction universal homeomorphisms,D000193,,
S000739,ega:I.5.1.7,canonical comparison of the two products and their same-space closed immersion into X times S Y,french_admitted,F33.json,2652207F96F697935BC81C5D63B292DE4D956905D69CB92572225E320BB27F4C,LOCAL_WORKTREE,morphisms.tex,morphisms-lemma-reductions-fibre-product,,equivalent,integrated_local,full_statement,The local lemma states the canonical isomorphism and the closed universal-homeomorphism inclusion exactly,D000193,No official tag is assigned and upstream acceptance is not claimed,
S000740,ega:I.5.1.8,the reduction of X times S Y is canonically the reduction of the product of the three reductions,french_admitted,F33.json,2652207F96F697935BC81C5D63B292DE4D956905D69CB92572225E320BB27F4C,a04446e57ec1fbc252a871afcec7752fb2807b14,formal-spaces.tex,formal-spaces-lemma-reduction-fibre-products,0CB9,entailed_by_stronger,reviewed_existing,full_statement,The target proves the same formula for all formal algebraic spaces and hence for schemes,D000194,,
S000741,ega:I.5.1.8:proof,both sides are identified as the unique reduced closed structure on the same product space,french_admitted,F33.json,2652207F96F697935BC81C5D63B292DE4D956905D69CB92572225E320BB27F4C,a04446e57ec1fbc252a871afcec7752fb2807b14,schemes.tex,schemes-lemma-reduced-closed-subscheme,01J3,split,reviewed_existing,covered_derived,The target uniqueness converts the same-space comparison of Proposition 5.1.7 into the canonical isomorphism,D000194,,
S000742,ega:I.5.1.8:proof,the outer red on each side denotes the reduced induced structure on the full space,french_admitted,F33.json,2652207F96F697935BC81C5D63B292DE4D956905D69CB92572225E320BB27F4C,a04446e57ec1fbc252a871afcec7752fb2807b14,schemes.tex,schemes-definition-reduced-induced-scheme,01J4,split,reviewed_existing,component,The target definition fixes the two reduction objects used by the corollary,D000194,,
S000743,ega:I.5.1.8:proof,the following paragraph warns that a product of reduced schemes need not be reduced,french_admitted,F33.json,2652207F96F697935BC81C5D63B292DE4D956905D69CB92572225E320BB27F4C,a04446e57ec1fbc252a871afcec7752fb2807b14,varieties.tex,varieties-example-not-geometrically-reduced,020F,split,reviewed_existing,component,The target gives an explicit reduced variety and reduced extension field with nonreduced product,D000194,,
S000744,ega:I.5.1.8:proof,the warning permits failure in general without asserting failure over every base,french_admitted,F33.json,2652207F96F697935BC81C5D63B292DE4D956905D69CB92572225E320BB27F4C,a04446e57ec1fbc252a871afcec7752fb2807b14,varieties.tex,varieties-lemma-geometrically-reduced-any-base-change,035Z,partial,reviewed_existing,covered_derived,Clause four proves the positive boundary that products of reduced schemes over a perfect field are reduced,D000194,,
S000745,ega:I.5.1.9,the sufficiency direction says a finite-order thickening of an affine scheme is affine,french_admitted,F33.json,2652207F96F697935BC81C5D63B292DE4D956905D69CB92572225E320BB27F4C,a04446e57ec1fbc252a871afcec7752fb2807b14,more-morphisms.tex,more-morphisms-lemma-thickening-affine-scheme,06AD,entailed_by_stronger,reviewed_existing,component,The target drops the finite-order hypothesis and proves affineness for every thickening,D000195,,
S000746,ega:I.5.1.9,the necessity direction says the closed subscheme X0 of affine X is affine,french_admitted,F33.json,2652207F96F697935BC81C5D63B292DE4D956905D69CB92572225E320BB27F4C,a04446e57ec1fbc252a871afcec7752fb2807b14,schemes.tex,schemes-lemma-closed-immersion-affine-case,01IH,split,reviewed_existing,component,The target identifies every closed subscheme of an affine scheme with an affine quotient spectrum,D000195,,
S000747,ega:I.5.1.9,the schemes Xk are the closed thickenings defined by the powers J to the k plus one,french_admitted,F33.json,2652207F96F697935BC81C5D63B292DE4D956905D69CB92572225E320BB27F4C,a04446e57ec1fbc252a871afcec7752fb2807b14,more-morphisms.tex,more-morphisms-definition-thickening,04EX,split,reviewed_existing,component,The target definitions identify the nilpotent and square-zero stages used by the source induction,D000195,The target definition carries the D000200 closed-subscheme correction,
S000748,ega:I.5.1.9,the proof filters X by the Xk and reduces by induction to J squared equal to zero,french_admitted,F33.json,2652207F96F697935BC81C5D63B292DE4D956905D69CB92572225E320BB27F4C,a04446e57ec1fbc252a871afcec7752fb2807b14,more-morphisms.tex,more-morphisms-definition-thickening,04EX,split,reviewed_existing,covered_unlabelled,The unlabelled paragraph following the target definition gives the same filtration by first-order thickenings,D000195,The target paragraph carries the D000201 thickening correction,
S000749,ega:I.5.1.9,the square-zero algebra extension by J reconstructs the thickened scheme,french_admitted,F33.json,2652207F96F697935BC81C5D63B292DE4D956905D69CB92572225E320BB27F4C,a04446e57ec1fbc252a871afcec7752fb2807b14,more-morphisms.tex,more-morphisms-lemma-first-order-thickening,05YV,split,reviewed_existing,covered_derived,The target reconstructs every first-order thickening from the square-zero sheaf-algebra extension,D000195,,
S000750,ega:I.5.1.9,on affine X0 the quasi-coherent module J is associated to K and has stalks Kx,french_admitted,F33.json,2652207F96F697935BC81C5D63B292DE4D956905D69CB92572225E320BB27F4C,a04446e57ec1fbc252a871afcec7752fb2807b14,schemes.tex,schemes-lemma-quasi-coherent-affine,01IA,split,reviewed_existing,component,The target canonically identifies a quasi-coherent module on an affine scheme with its global-section module,D000195,,
S000751,ega:I.5.1.9,the identity map on A defines the canonical morphism f from X to Spec A,french_admitted,F33.json,2652207F96F697935BC81C5D63B292DE4D956905D69CB92572225E320BB27F4C,a04446e57ec1fbc252a871afcec7752fb2807b14,schemes.tex,schemes-lemma-morphism-into-affine,01I1,split,reviewed_existing,component,The target bijection constructs the morphism from the global-sections ring homomorphism,D000195,,
S000752,ega:I.5.1.9,isomorphisms on the ideal and quotient terms force theta sharp to be an isomorphism,french_admitted,F33.json,2652207F96F697935BC81C5D63B292DE4D956905D69CB92572225E320BB27F4C,a04446e57ec1fbc252a871afcec7752fb2807b14,homology.tex,homology-lemma-five-lemma,05QB,split,reviewed_existing,covered_derived,Apply the target five lemma to the two short exact sequences of stalks used by the source,D000195,,
S000753,ega:I.5.1.9,vanishing of H1 on affine X0 supplies exactness and closes the affineness proof,french_admitted,F33.json,2652207F96F697935BC81C5D63B292DE4D956905D69CB92572225E320BB27F4C,a04446e57ec1fbc252a871afcec7752fb2807b14,coherent.tex,coherent-lemma-quasi-coherent-affine-cohomology-zero,01XB,entailed_by_stronger,reviewed_existing,component,The target vanishes all positive cohomology of quasi-coherent modules on affine opens,D000195,,
S000754,ega:I.5.1.9.1,the displayed sequence is the global-sections sequence of a square-zero thickening,french_admitted,F33.json,2652207F96F697935BC81C5D63B292DE4D956905D69CB92572225E320BB27F4C,a04446e57ec1fbc252a871afcec7752fb2807b14,more-morphisms.tex,more-morphisms-lemma-first-order-thickening,05YV,split,reviewed_existing,covered_derived,The target proof constructs the same short exact sheaf sequence and its global-section extension,D000195,,
S000755,ega:I.5.1.9.1,H1 vanishing makes the map from A to A0 surjective and the displayed sequence exact,french_admitted,F33.json,2652207F96F697935BC81C5D63B292DE4D956905D69CB92572225E320BB27F4C,a04446e57ec1fbc252a871afcec7752fb2807b14,coherent.tex,coherent-lemma-quasi-coherent-affine-cohomology-zero,01XB,split,reviewed_existing,covered_derived,The target vanishing removes the connecting obstruction in the global-sections long exact sequence,D000195,,
S000756,ega:I.5.1.9:diagram:xymatrix:1,the ring square compares A to sections on V and A0 to sections on the closed square-zero stage,french_admitted,F33.json,2652207F96F697935BC81C5D63B292DE4D956905D69CB92572225E320BB27F4C,a04446e57ec1fbc252a871afcec7752fb2807b14,more-morphisms.tex,more-morphisms-lemma-first-order-thickening,05YV,split,reviewed_existing,covered_derived,The target square-zero construction supplies the vertical quotient maps in the commutative ring square,D000195,,
S000757,ega:I.5.1.9:diagram:xymatrix:1,the top map in the ring square is induced by restricting the canonical morphism to affine V,french_admitted,F33.json,2652207F96F697935BC81C5D63B292DE4D956905D69CB92572225E320BB27F4C,a04446e57ec1fbc252a871afcec7752fb2807b14,schemes.tex,schemes-lemma-morphism-into-affine,01I1,split,reviewed_existing,covered_derived,The target identifies morphisms into Spec A with their maps on global sections and restrictions,D000195,,
S000758,ega:I.5.1.9:diagram:xymatrix:2,the scheme square compares f with its restriction f0 between the square-zero closed subschemes,french_admitted,F33.json,2652207F96F697935BC81C5D63B292DE4D956905D69CB92572225E320BB27F4C,a04446e57ec1fbc252a871afcec7752fb2807b14,more-morphisms.tex,more-morphisms-lemma-first-order-thickening,05YV,split,reviewed_existing,covered_derived,The target reconstructs both vertical first-order thickenings from their square-zero ideals,D000195,,
S000759,ega:I.5.1.9:diagram:xymatrix:2,the horizontal arrows f and f0 are determined by the corresponding global-section maps,french_admitted,F33.json,2652207F96F697935BC81C5D63B292DE4D956905D69CB92572225E320BB27F4C,a04446e57ec1fbc252a871afcec7752fb2807b14,schemes.tex,schemes-lemma-morphism-into-affine,01I1,split,reviewed_existing,covered_derived,The target functoriality of morphisms into affine schemes supplies both horizontal arrows and commutativity,D000195,,
S000760,ega:I.5.1.9.2,H1 of a quasi-coherent module on an affine scheme is zero,french_admitted,F33.json,2652207F96F697935BC81C5D63B292DE4D956905D69CB92572225E320BB27F4C,a04446e57ec1fbc252a871afcec7752fb2807b14,coherent.tex,coherent-lemma-quasi-coherent-affine-cohomology-zero,01XB,entailed_by_stronger,reviewed_existing,full_statement,The target proves vanishing in every positive degree and specializes exactly to H1,D000196,,
S000761,ega:I.5.1.9.2:proof,H1 is canonically identified with extension classes of OY by F,french_admitted,F33.json,2652207F96F697935BC81C5D63B292DE4D956905D69CB92572225E320BB27F4C,a04446e57ec1fbc252a871afcec7752fb2807b14,cohomology.tex,cohomology-lemma-h1-extensions,0B3A,equivalent,reviewed_existing,component,The target gives the same canonical bijection and identifies the extension attached to a cohomology class,D000196,,
S000762,ega:I.5.1.9.2:proof,after G is known quasi-coherent the proof writes F and G as associated A modules and splits the extension,french_admitted,F33.json,2652207F96F697935BC81C5D63B292DE4D956905D69CB92572225E320BB27F4C,a04446e57ec1fbc252a871afcec7752fb2807b14,schemes.tex,schemes-lemma-quasi-coherent-affine,01IA,split,reviewed_existing,covered_unlabelled,The target supplies the associated modules while extension closure and splitting over the free rank-one module A are elementary unlabelled steps,D000196,The diplomatic Y to V correction is controlled separately by D000198 and D000199,
S000763,ega:I.5.1.10,the sufficiency direction treats X as a finite-order thickening of its affine reduction,french_admitted,F33.json,2652207F96F697935BC81C5D63B292DE4D956905D69CB92572225E320BB27F4C,a04446e57ec1fbc252a871afcec7752fb2807b14,more-morphisms.tex,more-morphisms-lemma-thickening-affine-scheme,06AD,entailed_by_stronger,reviewed_existing,component,The target proves the conclusion for every thickening and therefore without global nilpotence,D000197,,
S000764,ega:I.5.1.10,X red is the unique reduced closed subscheme with the full underlying space,french_admitted,F33.json,2652207F96F697935BC81C5D63B292DE4D956905D69CB92572225E320BB27F4C,a04446e57ec1fbc252a871afcec7752fb2807b14,schemes.tex,schemes-lemma-reduced-closed-subscheme,01J3,split,reviewed_existing,component,The target gives the full-support reduced closed structure used in the criterion,D000197,,
S000765,ega:I.5.1.10,the notation X red means the reduction of X,french_admitted,F33.json,2652207F96F697935BC81C5D63B292DE4D956905D69CB92572225E320BB27F4C,a04446e57ec1fbc252a871afcec7752fb2807b14,schemes.tex,schemes-definition-reduced-induced-scheme,01J4,split,reviewed_existing,component,The target definition identifies the source object exactly,D000197,,
S000766,ega:I.5.1.10,the necessity direction makes X red affine as a closed subscheme of affine X,french_admitted,F33.json,2652207F96F697935BC81C5D63B292DE4D956905D69CB92572225E320BB27F4C,a04446e57ec1fbc252a871afcec7752fb2807b14,schemes.tex,schemes-lemma-closed-immersion-affine-case,01IH,split,reviewed_existing,component,The target realizes the reduction closed immersion as an affine quotient spectrum,D000197,,
S000767,ega:I.5.1.10,the hypothesis requires one global exponent for the nilradical,french_admitted,F33.json,2652207F96F697935BC81C5D63B292DE4D956905D69CB92572225E320BB27F4C,a04446e57ec1fbc252a871afcec7752fb2807b14,algebra.tex,algebra-example-locally-nilpotent-not-nilpotent,0EGG,partial,reviewed_existing,covered_derived,The target example separates locally nilpotent from nilpotent ideals while 06AD shows the affine criterion needs only the thickening condition,D000197,,
S000768,ega:I.5.2.1,the locally closed support Y is closed in the canonical open X minus its boundary and carries the reduced induced structure,french_admitted,F33.json,2652207F96F697935BC81C5D63B292DE4D956905D69CB92572225E320BB27F4C,a04446e57ec1fbc252a871afcec7752fb2807b14,schemes.tex,schemes-remark-reduced-induced-locally-closed,0F2L,split,reviewed_existing,component,The target starts from a locally closed subset and explicitly applies the reduced induced closed structure inside X minus its boundary,D000206,Prescheme in EGA is scheme in modern Stacks terminology,
S000769,ega:I.5.2.1,there exists exactly one reduced subprescheme with underlying space Y,french_admitted,F33.json,2652207F96F697935BC81C5D63B292DE4D956905D69CB92572225E320BB27F4C,a04446e57ec1fbc252a871afcec7752fb2807b14,schemes.tex,schemes-lemma-reduced-closed-subscheme,01J3,split,reviewed_existing,component,Apply the unique reduced closed structure theorem to Y inside the canonical open supplied by 0F2L,D000206,S000768 and this edge jointly cover the full statement,
S000770,ega:I.5.2.1:proof,uniqueness follows from uniqueness of the reduced closed structure in the canonical open,french_admitted,F33.json,2652207F96F697935BC81C5D63B292DE4D956905D69CB92572225E320BB27F4C,a04446e57ec1fbc252a871afcec7752fb2807b14,schemes.tex,schemes-lemma-reduced-closed-subscheme,01J3,equivalent,reviewed_existing,component,The target gives exactly the uniqueness invoked from EGA I 5.1.2 after passage to X minus the boundary,D000206,,
S000771,ega:I.5.2.1:proof,on an affine open the largest ideal with vanishing set U intersect Y is radical,french_admitted,F33.json,2652207F96F697935BC81C5D63B292DE4D956905D69CB92572225E320BB27F4C,a04446e57ec1fbc252a871afcec7752fb2807b14,algebra.tex,algebra-lemma-Zariski-topology,00E0,split,reviewed_existing,component,The radical and intersection-of-primes clauses identify the largest ideal defining the prescribed closed subset,D000206,,
S000772,ega:I.5.2.1:proof,the quotient by the radical vanishing ideal defines a reduced affine subscheme,french_admitted,F33.json,2652207F96F697935BC81C5D63B292DE4D956905D69CB92572225E320BB27F4C,a04446e57ec1fbc252a871afcec7752fb2807b14,schemes.tex,schemes-lemma-affine-reduced,01J2,split,reviewed_existing,component,The target converts reducedness of the quotient ring into reducedness of its affine spectrum,D000206,,
S000773,ega:I.5.2.1:proof,the affine reduced structures restrict compatibly and glue to the desired subprescheme,french_admitted,F33.json,2652207F96F697935BC81C5D63B292DE4D956905D69CB92572225E320BB27F4C,a04446e57ec1fbc252a871afcec7752fb2807b14,schemes.tex,schemes-lemma-reduced-closed-subscheme,01J3,split,reviewed_existing,covered_unlabelled,The target constructs one global ideal sheaf and proves its standard-open localization so the historical compatibility and implicit gluing are automatic,D000206,There is no separate gluing tag,
S000774,ega:I.5.2.2,a morphism from reduced X whose set theoretic image lies in closed Z factors through Z,french_admitted,F33.json,2652207F96F697935BC81C5D63B292DE4D956905D69CB92572225E320BB27F4C,a04446e57ec1fbc252a871afcec7752fb2807b14,schemes.tex,schemes-lemma-map-into-reduction,0356,entailed_by_stronger,reviewed_existing,full_statement,The target states the identical factorization as an if and only if and adds the reduction special case,D000207,No separation or quasi-compactness hypothesis occurs on either side,
S000775,ega:I.5.2.2:proof,the inverse image of the closed subscheme Z is a closed subscheme of X,french_admitted,F33.json,2652207F96F697935BC81C5D63B292DE4D956905D69CB92572225E320BB27F4C,a04446e57ec1fbc252a871afcec7752fb2807b14,schemes.tex,schemes-lemma-fibre-product-immersion,01JU,split,reviewed_existing,component,The target proves closed immersions are preserved by base change and also identifies the pulled-back ideal,D000207,,
S000776,ega:I.5.2.2:proof,the inverse image closed subscheme has all of X as its underlying space,french_admitted,F33.json,2652207F96F697935BC81C5D63B292DE4D956905D69CB92572225E320BB27F4C,a04446e57ec1fbc252a871afcec7752fb2807b14,morphisms.tex,morphisms-lemma-base-change-surjective,01S1,split,reviewed_existing,covered_unlabelled,The proof-level identity q inverse of f of T equals the base-changed image specializes to f inverse of the support of Z equals X,D000207,The exact image identity is in the target proof rather than its displayed statement,
S000777,ega:I.5.2.2:proof,full underlying support puts every local defining ideal element in every prime,french_admitted,F33.json,2652207F96F697935BC81C5D63B292DE4D956905D69CB92572225E320BB27F4C,a04446e57ec1fbc252a871afcec7752fb2807b14,algebra.tex,algebra-lemma-Zariski-topology,00E0,split,reviewed_existing,component,The intersection-of-primes formula identifies such an element as nilpotent,D000207,,
S000778,ega:I.5.2.2:proof,reducedness of X forces the full-support pulled-back ideal to vanish,french_admitted,F33.json,2652207F96F697935BC81C5D63B292DE4D956905D69CB92572225E320BB27F4C,a04446e57ec1fbc252a871afcec7752fb2807b14,schemes.tex,schemes-lemma-reduced,01J1,split,reviewed_existing,component,On every affine open the target makes the section ring reduced so the nilpotent defining sections from 00E0 vanish,D000207,,
S000779,ega:I.5.2.2:proof,after the pullback is identified with X the final morphism to Z is the pullback factorization,french_admitted,F33.json,2652207F96F697935BC81C5D63B292DE4D956905D69CB92572225E320BB27F4C,a04446e57ec1fbc252a871afcec7752fb2807b14,categories.tex,categories-definition-fibre-products,001V,equivalent,reviewed_existing,component,The universal property supplies g and its equality after composition with the closed immersion exactly as in the source proof,D000207,,
S000780,ega:I.5.2.3,a reduced immersed subscheme is the open subscheme of the reduced closed structure on its topological closure,french_admitted,F33.json,2652207F96F697935BC81C5D63B292DE4D956905D69CB92572225E320BB27F4C,a04446e57ec1fbc252a871afcec7752fb2807b14,morphisms.tex,morphisms-lemma-factor-reduced-immersion,03DQ,equivalent,reviewed_existing,full_statement,The target defines the intermediate closure with its reduced induced closed structure and gives exactly the open-then-closed factorization,D000208,,
S000781,ega:I.5.2.3:proof,the reduced source factors through the reduced closed structure on its set theoretic closure,french_admitted,F33.json,2652207F96F697935BC81C5D63B292DE4D956905D69CB92572225E320BB27F4C,a04446e57ec1fbc252a871afcec7752fb2807b14,schemes.tex,schemes-lemma-map-into-reduction,0356,entailed_by_stronger,reviewed_existing,component,The target factors every map from a reduced scheme through a closed subscheme exactly when its point image is contained there,D000208,,
S000782,ega:I.5.2.3:proof,the immersion admits an open ambient chart in which the source is a closed subscheme,french_admitted,F33.json,2652207F96F697935BC81C5D63B292DE4D956905D69CB92572225E320BB27F4C,a04446e57ec1fbc252a871afcec7752fb2807b14,schemes.tex,schemes-definition-immersion,01IO,split,reviewed_existing,covered_derived,The target factorization supplies the open chart and closed immersion while the closure-intersection equality is elementary topology,D000208,,
S000783,ega:I.5.2.3:proof,the source and the open restriction of the reduced closure agree because both are reduced closed subschemes with the same support,french_admitted,F33.json,2652207F96F697935BC81C5D63B292DE4D956905D69CB92572225E320BB27F4C,a04446e57ec1fbc252a871afcec7752fb2807b14,schemes.tex,schemes-lemma-reduced-closed-subscheme,01J3,entailed_by_stronger,reviewed_existing,component,The target gives uniqueness of the reduced closed structure for every closed subset and applies on the chosen open chart,D000208,,
S000784,ega:I.5.2.4,reducedness and set theoretic containment make the restriction of f to X prime factor through Y prime,french_admitted,F33.json,2652207F96F697935BC81C5D63B292DE4D956905D69CB92572225E320BB27F4C,a04446e57ec1fbc252a871afcec7752fb2807b14,schemes.tex,schemes-lemma-map-into-reduction,0356,entailed_by_stronger,reviewed_existing,component,Apply the target to the reduced scheme X prime and the closed subscheme Y prime of Y,D000209,,
S000785,ega:I.5.2.4,the ideal written f star K O_X is the image of f star K in O_X and defines the closed inverse image of Y prime,french_admitted,F33.json,2652207F96F697935BC81C5D63B292DE4D956905D69CB92572225E320BB27F4C,a04446e57ec1fbc252a871afcec7752fb2807b14,schemes.tex,schemes-lemma-fibre-product-immersion,01JU,equivalent,reviewed_existing,component,The target gives exactly the image-ideal convention for the base change X times Y Y prime,D000209,,
S000786,ega:I.5.2.4,factorization of X prime through the closed inverse image forces f star K O_X to be contained in J,french_admitted,F33.json,2652207F96F697935BC81C5D63B292DE4D956905D69CB92572225E320BB27F4C,a04446e57ec1fbc252a871afcec7752fb2807b14,morphisms.tex,morphisms-lemma-closed-immersion-ideals,01QP,entailed_by_stronger,reviewed_existing,covered_derived,The target equivalence reverses closed-subscheme order into the exact ideal inclusion direction,D000209,,
S000787,ega:I.5.2.4:proof,the first cited step factors the restriction f on X prime through Y prime,french_admitted,F33.json,2652207F96F697935BC81C5D63B292DE4D956905D69CB92572225E320BB27F4C,a04446e57ec1fbc252a871afcec7752fb2807b14,schemes.tex,schemes-lemma-map-into-reduction,0356,entailed_by_stronger,reviewed_existing,component,This is the exact modern factorization theorem used in place of source Proposition 5.2.2,D000209,,
S000788,ega:I.5.2.4:proof,the 4.4.6 step turns factorization through Y prime into vanishing of K on X prime and hence containment in J,french_admitted,F33.json,2652207F96F697935BC81C5D63B292DE4D956905D69CB92572225E320BB27F4C,a04446e57ec1fbc252a871afcec7752fb2807b14,schemes.tex,schemes-lemma-characterize-closed-subspace,01HP,entailed_by_stronger,reviewed_existing,covered_derived,The target gives the factorization-versus-zero-map equivalence and O_X modulo J converts zero into the ambient ideal inclusion,D000209,,
S000789,ega:I.5.3.1,the diagonal is the unique S morphism whose two projection composites are the identity,french_admitted,F33.json,2652207F96F697935BC81C5D63B292DE4D956905D69CB92572225E320BB27F4C,a04446e57ec1fbc252a871afcec7752fb2807b14,schemes.tex,schemes-section-separation-axioms,01KH,equivalent,reviewed_existing,covered_unlabelled,The target section prose gives exactly the diagonal and its universal characterization before the first labelled lemma,D000210,,
S000790,ega:I.5.3.1.1,both projections composed with the diagonal equal the identity of X,french_admitted,F33.json,2652207F96F697935BC81C5D63B292DE4D956905D69CB92572225E320BB27F4C,a04446e57ec1fbc252a871afcec7752fb2807b14,schemes.tex,schemes-section-separation-axioms,01KH,equivalent,reviewed_existing,covered_unlabelled,The two projection equations occur verbatim in the unlabelled target prose,D000210,,
S000791,ega:I.5.3.1.2,the pairing of f and g equals their product followed by the diagonal of T,french_admitted,F33.json,2652207F96F697935BC81C5D63B292DE4D956905D69CB92572225E320BB27F4C,LOCAL_WORKTREE,schemes.tex,schemes-lemma-diagonal-identities,,equivalent,integrated_local,full_statement,Item one of the local lemma states the exact identity for morphisms over a common base,D000210,No official tag is assigned and upstream acceptance is not claimed,
S000792,ega:I.5.3.1.2,the pairing identity is determined by its two fibre product projections,french_admitted,F33.json,2652207F96F697935BC81C5D63B292DE4D956905D69CB92572225E320BB27F4C,a04446e57ec1fbc252a871afcec7752fb2807b14,categories.tex,categories-definition-fibre-products,001V,split,reviewed_existing,covered_derived,Fibre-product uniqueness identifies the two sides after both projection composites are f and g,D000210,,
S000793,ega:I.5.3.1,the preceding construction and results through 5.3.8 are valid in any category with the required products,french_admitted,F33.json,2652207F96F697935BC81C5D63B292DE4D956905D69CB92572225E320BB27F4C,a04446e57ec1fbc252a871afcec7752fb2807b14,categories.tex,categories-definition-products,001S,partial,reviewed_existing,component,The target supplies products and their universal property in an arbitrary category while later numbered claims remain outside this checkpoint,D000210,Only the bounded 5.3.1 through 5.3.4 portion is reviewed here,
S000794,ega:I.5.3.2,the diagonal of a product is the product of the two diagonals under the canonical interchange isomorphism,french_admitted,F33.json,2652207F96F697935BC81C5D63B292DE4D956905D69CB92572225E320BB27F4C,LOCAL_WORKTREE,schemes.tex,schemes-lemma-diagonal-identities,,equivalent,integrated_local,full_statement,Item two of the local lemma states the exact scheme identity with every base made explicit,D000211,No official tag is assigned and upstream acceptance is not claimed,
S000795,ega:I.5.3.2,the diagonal of a product is the product of the two diagonals,french_admitted,F33.json,2652207F96F697935BC81C5D63B292DE4D956905D69CB92572225E320BB27F4C,a04446e57ec1fbc252a871afcec7752fb2807b14,spaces.tex,spaces-lemma-product-spaces,02X0,entailed_by_stronger,reviewed_existing,covered_unlabelled,The proof states the same identity for algebraic spaces while proving their product is algebraic,D000211,,
S000796,ega:I.5.3.2,the two four-factor products are canonically identified by rearranging their projections,french_admitted,F33.json,2652207F96F697935BC81C5D63B292DE4D956905D69CB92572225E320BB27F4C,a04446e57ec1fbc252a871afcec7752fb2807b14,categories.tex,categories-definition-products,001S,split,reviewed_existing,covered_derived,The product universal property constructs the canonical interchange isomorphism and its inverse,D000211,,
S000797,ega:I.5.3.2:proof,the first projection of the product of diagonals is the product of the first projections,french_admitted,F33.json,2652207F96F697935BC81C5D63B292DE4D956905D69CB92572225E320BB27F4C,a04446e57ec1fbc252a871afcec7752fb2807b14,categories.tex,categories-lemma-functorial-limit,002L,split,reviewed_existing,covered_derived,Functoriality of the product limit gives the displayed projection calculation and the second projection is identical,D000211,,
S000798,ega:I.5.3.2:proof,matching both projections identifies the product of diagonals with the diagonal of the product,french_admitted,F33.json,2652207F96F697935BC81C5D63B292DE4D956905D69CB92572225E320BB27F4C,a04446e57ec1fbc252a871afcec7752fb2807b14,categories.tex,categories-definition-products,001S,split,reviewed_existing,covered_derived,Uniqueness in the product universal property closes the historical two-projection proof,D000211,,
S000799,ega:I.5.3.4,arbitrary base change carries the diagonal to the diagonal of the base changed scheme,french_admitted,F33.json,2652207F96F697935BC81C5D63B292DE4D956905D69CB92572225E320BB27F4C,LOCAL_WORKTREE,schemes.tex,schemes-lemma-diagonal-identities,,equivalent,integrated_local,full_statement,Item three of the local lemma states the exact canonical base-change identity,D000213,No official tag is assigned and upstream acceptance is not claimed,
S000800,ega:I.5.3.4,the diagonal after arbitrary scheme base change is the base change of the original diagonal,french_admitted,F33.json,2652207F96F697935BC81C5D63B292DE4D956905D69CB92572225E320BB27F4C,a04446e57ec1fbc252a871afcec7752fb2807b14,schemes.tex,schemes-lemma-separated-permanence,01KU,entailed_by_stronger,reviewed_existing,covered_unlabelled,The proof establishes this identity for the diagonal of every morphism before applying it to separatedness,D000213,,
S000801,ega:I.5.3.4,the diagonal after base extension is canonically identified with the base changed diagonal,french_admitted,F33.json,2652207F96F697935BC81C5D63B292DE4D956905D69CB92572225E320BB27F4C,a04446e57ec1fbc252a871afcec7752fb2807b14,categories.tex,categories-lemma-base-change-diagonal,04YR,entailed_by_stronger,reviewed_existing,covered_unlabelled,The proof promotes the assertion to every two one category with fibre products and the scheme case is the locally discrete specialization,D000213,,
S000802,ega:I.5.3.4:proof,base change preserves the product used as the target of the diagonal,french_admitted,F33.json,2652207F96F697935BC81C5D63B292DE4D956905D69CB92572225E320BB27F4C,a04446e57ec1fbc252a871afcec7752fb2807b14,categories.tex,categories-lemma-adjoint-exact,0038,entailed_by_stronger,reviewed_existing,covered_derived,The right-adjoint pullback functor preserves every existing limit and specializes to the cited binary product comparison,D000213,This reuses the already reviewed 3.3.10 dependency bundle under D000102,
S000803,ega:I.5.3.4:proof,the iterated pullback target is canonically the product of the two base changed copies of X,french_admitted,F33.json,2652207F96F697935BC81C5D63B292DE4D956905D69CB92572225E320BB27F4C,a04446e57ec1fbc252a871afcec7752fb2807b14,categories.tex,categories-lemma-composition-representable,001Y,split,reviewed_existing,covered_unlabelled,The proof of the target gives the same reassociation of successive pullbacks used in the cited 3.3.10 identification,D000213,This reuses the already reviewed 3.3.10 dependency bundle under D000102,
S000804,ega:I.5.3.5,the canonical comparison X times_S Y to X times_T Y is the pullback of Delta S over T along f times_T g,french_admitted,F33.json,2652207F96F697935BC81C5D63B292DE4D956905D69CB92572225E320BB27F4C,a04446e57ec1fbc252a871afcec7752fb2807b14,schemes.tex,schemes-lemma-fibre-product-after-map,01KR,equivalent,reviewed_existing,covered_unlabelled,After renaming the target bases its proof diagram is exactly the source square and declares it a fibre product,D000214,The tagged statement adds immersion consequences while the exact source assertion is proof-level,
S000805,ega:I.5.3.5.1,the displayed square with pi comma p q sub T comma f times_T g and Delta S over T is cartesian and hence commutative,french_admitted,F33.json,2652207F96F697935BC81C5D63B292DE4D956905D69CB92572225E320BB27F4C,a04446e57ec1fbc252a871afcec7752fb2807b14,schemes.tex,schemes-lemma-fibre-product-after-map,01KR,equivalent,reviewed_existing,covered_unlabelled,Every object and arrow has the same mathematical role after the base-name renaming,D000214,This is semantic coverage only and does not certify the separate diagram unit,
S000806,ega:I.5.3.5:proof,the fibre square is verified on every test scheme by the corresponding pullback of sets,french_admitted,F33.json,2652207F96F697935BC81C5D63B292DE4D956905D69CB92572225E320BB27F4C,a04446e57ec1fbc252a871afcec7752fb2807b14,categories.tex,categories-definition-fibre-products,001V,entailed_by_stronger,reviewed_existing,covered_derived,Apply the arbitrary-category Hom-set universal property in the slice of schemes over T and reuse the reviewed point-functor bundle D000114,D000214,Do not substitute the two-categorical tag 04Z1 for this ordinary universal-property proof,
S000807,ega:I.5.3.6,the comparison morphism is the base change of Delta S over T along f times_T g,french_admitted,F33.json,2652207F96F697935BC81C5D63B292DE4D956905D69CB92572225E320BB27F4C,a04446e57ec1fbc252a871afcec7752fb2807b14,schemes.tex,schemes-lemma-fibre-product-after-map,01KR,equivalent,reviewed_existing,covered_unlabelled,The proof fibre square makes its top arrow exactly this base change,D000215,,
S000808,ega:I.5.3.6,with P equal to S times_T S the base changed morphism is identity on X times_T Y times_P Delta_S,french_admitted,F33.json,2652207F96F697935BC81C5D63B292DE4D956905D69CB92572225E320BB27F4C,a04446e57ec1fbc252a871afcec7752fb2807b14,schemes.tex,schemes-definition-base-change,01JX,entailed_by_stronger,reviewed_existing,covered_derived,The general identity-times-map definition specializes with base P source X times_T Y and map Delta_S,D000215,The canonical projection identification reuses D000095,
S000809,ega:I.5.3.1,the preceding construction and results through 5.3.8 are valid in any category with the required products,french_admitted,F33.json,2652207F96F697935BC81C5D63B292DE4D956905D69CB92572225E320BB27F4C,a04446e57ec1fbc252a871afcec7752fb2807b14,categories.tex,categories-definition-products,001S,partial,reviewed_existing,component,The product universal property is the common categorical engine and the reviewed 5.3.5 through 5.3.8 edges now close every later numbered specialization,D000210,Tag 001S alone remains a component while the companion fibre product and monomorphism rows close the forward scope,S000793
S000810,ega:I.5.3.7,the displayed square identifies X with Y times over Y times_S Y of X times_S Y,french_admitted,F33.json,2652207F96F697935BC81C5D63B292DE4D956905D69CB92572225E320BB27F4C,a04446e57ec1fbc252a871afcec7752fb2807b14,schemes.tex,schemes-lemma-fibre-product-after-map,01KR,entailed_by_stronger,reviewed_existing,covered_unlabelled,The proof states the general cartesian square and specializes with T equal to Y and the second morphism equal to 1_Y,D000217,The labelled target adds immersion consequences that are not attributed to the source corollary,
S000811,ega:I.5.3.7,the top arrow is the canonical semi diagonal from X to X times_S Y determined by 1_X and f,french_admitted,F33.json,2652207F96F697935BC81C5D63B292DE4D956905D69CB92572225E320BB27F4C,a04446e57ec1fbc252a871afcec7752fb2807b14,schemes.tex,schemes-lemma-semi-diagonal,01KS,entailed_by_stronger,reviewed_existing,covered_unlabelled,The proof identifies this morphism as X equal to X times_Y Y mapping to X times_S Y,D000217,The conditional closed and quasi compact conclusions require extra hypotheses and are not imported,
S000812,ega:I.5.3.7:proof,the source proof specializes 5.3.5 and canonically identifies X times_Y Y with X,french_admitted,F33.json,2652207F96F697935BC81C5D63B292DE4D956905D69CB92572225E320BB27F4C,a04446e57ec1fbc252a871afcec7752fb2807b14,categories.tex,categories-definition-fibre-products,001V,split,reviewed_existing,covered_derived,Fibre product existence and uniqueness identify the specialized object and all four displayed morphisms,D000217,,
S000813,ega:I.5.3.8,a scheme morphism is a monomorphism if and only if its diagonal is an isomorphism,french_admitted,F33.json,2652207F96F697935BC81C5D63B292DE4D956905D69CB92572225E320BB27F4C,a04446e57ec1fbc252a871afcec7752fb2807b14,schemes.tex,schemes-lemma-monomorphism,01L3,equivalent,reviewed_existing,full_statement,The target states the same equivalence for an arbitrary scheme morphism with no additional hypothesis,D000218,The printed proof slip is separately controlled under I000063,
S000814,ega:I.5.3.8,the monomorphism diagonal criterion is valid in every category with fibre products,french_admitted,F33.json,2652207F96F697935BC81C5D63B292DE4D956905D69CB92572225E320BB27F4C,a04446e57ec1fbc252a871afcec7752fb2807b14,categories.tex,categories-lemma-characterize-mono-epi,08LR,entailed_by_stronger,reviewed_existing,full_statement,The target proves the arbitrary category criterion by identifying X with X times_Y X through the canonical diagonal square,D000218,,
S000815,ega:I.5.3.8:proof,monicity means every Y scheme test object has at most one morphism to X over Y,french_admitted,F33.json,2652207F96F697935BC81C5D63B292DE4D956905D69CB92572225E320BB27F4C,a04446e57ec1fbc252a871afcec7752fb2807b14,categories.tex,categories-definition-mono-epi,003B,split,reviewed_existing,component,Apply categorical left cancellation in the slice over Y so the Hom set into X is subterminal,D000218,Read at most one rather than one element under the producer correction record,
S000816,ega:I.5.3.8:proof,the Hom set into X times_Y X is the product of two copies of the Hom set into X over Y,french_admitted,F33.json,2652207F96F697935BC81C5D63B292DE4D956905D69CB92572225E320BB27F4C,a04446e57ec1fbc252a871afcec7752fb2807b14,categories.tex,categories-definition-fibre-products,001V,split,reviewed_existing,covered_derived,The fibre product universal property turns the scheme diagonal into the set diagonal and closes the at most one argument,D000218,,
S000817,ega:I.5.3.9,the diagonal morphism of a scheme over S is an immersion,french_admitted,F33.json,2652207F96F697935BC81C5D63B292DE4D956905D69CB92572225E320BB27F4C,a04446e57ec1fbc252a871afcec7752fb2807b14,schemes.tex,schemes-lemma-diagonal-immersion,01KJ,equivalent,reviewed_existing,full_statement,The target states the same theorem for every scheme over an arbitrary base with no extra hypothesis,D000225,The published proof correction is tracked separately under D000226,
S000818,ega:I.5.3.9:proof,the published affine local repair proves the diagonal is locally a closed immersion,french_admitted,F33.json,2652207F96F697935BC81C5D63B292DE4D956905D69CB92572225E320BB27F4C,a04446e57ec1fbc252a871afcec7752fb2807b14,schemes.tex,schemes-lemma-diagonal-immersion,01KJ,split,reviewed_existing,covered_unlabelled,The target proof covers the product by affine product opens and reduces to the surjective multiplication map exactly as published Err_III 10,D000226,The printed proof remains diplomatic and is not treated as complete,
S000819,ega:I.5.3.10,the canonical map from X times_S Y to X times_T Y is an immersion,french_admitted,F33.json,2652207F96F697935BC81C5D63B292DE4D956905D69CB92572225E320BB27F4C,a04446e57ec1fbc252a871afcec7752fb2807b14,schemes.tex,schemes-lemma-fibre-product-after-map,01KR,entailed_by_stronger,reviewed_existing,full_statement,The target gives the exact immersion and adds closed and quasi compact conclusions under stronger separation hypotheses,D000227,,
S000820,ega:I.5.3.10:proof,the canonical comparison is the pullback of the diagonal of S over T,french_admitted,F33.json,2652207F96F697935BC81C5D63B292DE4D956905D69CB92572225E320BB27F4C,a04446e57ec1fbc252a871afcec7752fb2807b14,schemes.tex,schemes-lemma-fibre-product-after-map,01KR,split,reviewed_existing,covered_unlabelled,The target proof states the exact cartesian square and derives the comparison from diagonal immersion and base change,D000227,The known duplicate diagram arrow is retained in the pinned reference and documented separately for the local mirror; it does not affect semantic coverage,
S000821,ega:I.5.3.11,the graph morphism of an S morphism is an immersion,french_admitted,F33.json,2652207F96F697935BC81C5D63B292DE4D956905D69CB92572225E320BB27F4C,a04446e57ec1fbc252a871afcec7752fb2807b14,schemes.tex,schemes-lemma-semi-diagonal,01KS,entailed_by_stronger,reviewed_existing,full_statement,The target proves the same graph immersion and adds closed and quasi compact conclusions under stronger hypotheses,D000228,,
S000822,ega:I.5.3.11:proof,the graph result is the specialization X equal to X times_Y Y of the canonical comparison,french_admitted,F33.json,2652207F96F697935BC81C5D63B292DE4D956905D69CB92572225E320BB27F4C,a04446e57ec1fbc252a871afcec7752fb2807b14,schemes.tex,schemes-lemma-semi-diagonal,01KS,split,reviewed_existing,covered_unlabelled,The target proof makes exactly this specialization of the fibre product after map lemma,D000228,,
S000823,ega:I.5.3.11,a subscheme G of X times_S Y is a graph exactly when its first projection is an isomorphism and then f equals p2 after the inverse,french_admitted,F33.json,2652207F96F697935BC81C5D63B292DE4D956905D69CB92572225E320BB27F4C,a04446e57ec1fbc252a871afcec7752fb2807b14,categories.tex,categories-definition-fibre-products,001V,split,reviewed_existing,covered_derived,The fibre product universal property identifies a morphism to X times_S Y by its two projections and recovers the unique graph map,D000228,There is no dedicated labelled graph characterization theorem,
S000824,ega:I.5.3.11,for X equal to S every S section is an immersion because it identifies with its graph,french_admitted,F33.json,2652207F96F697935BC81C5D63B292DE4D956905D69CB92572225E320BB27F4C,a04446e57ec1fbc252a871afcec7752fb2807b14,schemes.tex,schemes-lemma-section-immersion,01KT,entailed_by_stronger,reviewed_existing,covered_derived,The target proves every section is an immersion and adds closed and quasi compact refinements under stronger hypotheses,D000228,The literal graph and image terminology remains a residual,
S000825,ega:I.5.3.12,arbitrary base change carries the graph of f to the graph of the base changed morphism,french_admitted,F33.json,2652207F96F697935BC81C5D63B292DE4D956905D69CB92572225E320BB27F4C,LOCAL_WORKTREE,schemes.tex,schemes-lemma-diagonal-identities,,equivalent,integrated_local,full_statement,Item four of the local lemma states the exact graph base change identity under the canonical product isomorphism,D000229,After 01KS the same morphism identity gives the inverse image statement for the associated graph subpreschemes; no official tag or upstream acceptance is claimed,
S000826,ega:I.5.3.12,the inverse image f prime is the ordinary base change of f along S prime to S,french_admitted,F33.json,2652207F96F697935BC81C5D63B292DE4D956905D69CB92572225E320BB27F4C,a04446e57ec1fbc252a871afcec7752fb2807b14,schemes.tex,schemes-definition-base-change,01JX,equivalent,reviewed_existing,component,The target defines the exact base changed morphism used in the source statement,D000229,,
S000827,ega:I.5.3.12:proof,the graph identity is functorial under the base change functor,french_admitted,F33.json,2652207F96F697935BC81C5D63B292DE4D956905D69CB92572225E320BB27F4C,a04446e57ec1fbc252a871afcec7752fb2807b14,categories.tex,categories-lemma-functorial-limit,002L,split,reviewed_existing,covered_derived,The functorial limit lemma gives the induced base change map and reuses the 3.3.10.1 naturality bundle S000335 and D000102,D000229,,
S000828,ega:I.5.3.12:proof,the base changed graph is uniquely determined by the identity and f prime projections,french_admitted,F33.json,2652207F96F697935BC81C5D63B292DE4D956905D69CB92572225E320BB27F4C,a04446e57ec1fbc252a871afcec7752fb2807b14,categories.tex,categories-definition-fibre-products,001V,split,reviewed_existing,covered_derived,The two projection identities determine the same map to X prime times over S prime Y prime,D000229,,
S000829,ega:I.5.3.13,if g composed with f is an immersion then f is an immersion,french_admitted,F33.json,2652207F96F697935BC81C5D63B292DE4D956905D69CB92572225E320BB27F4C,a04446e57ec1fbc252a871afcec7752fb2807b14,morphisms.tex,morphisms-lemma-immersion-permanence,07RK,equivalent,reviewed_existing,component,Item one of the target is exactly the ordinary immersion cancellation clause,D000230,,
S000830,ega:I.5.3.13,if g composed with f is a local immersion then f is a local immersion,french_admitted,F33.json,2652207F96F697935BC81C5D63B292DE4D956905D69CB92572225E320BB27F4C,a04446e57ec1fbc252a871afcec7752fb2807b14,morphisms.tex,morphisms-lemma-immersion-permanence,07RK,split,reviewed_existing,covered_derived,Apply item one on each source neighbourhood where the composite is an immersion and retain the EGA local immersion terminology,D000230,Stacks has no single labelled scheme level definition of local immersion,
S000831,ega:I.5.3.13:proof,the first factor in the displayed factorization of f is the graph immersion Gamma_f,french_admitted,F33.json,2652207F96F697935BC81C5D63B292DE4D956905D69CB92572225E320BB27F4C,a04446e57ec1fbc252a871afcec7752fb2807b14,schemes.tex,schemes-lemma-semi-diagonal,01KS,split,reviewed_existing,component,The graph lemma supplies the first immersion factor over Z,D000230,,
S000832,ega:I.5.3.13:proof,the second projection is the base change of g composed with f along Y to Z,french_admitted,F33.json,2652207F96F697935BC81C5D63B292DE4D956905D69CB92572225E320BB27F4C,a04446e57ec1fbc252a871afcec7752fb2807b14,schemes.tex,schemes-lemma-base-change-immersion,01JY,split,reviewed_existing,component,The target supplies immersion preservation for this projection after the stated fibre product identification,D000230,,
S000833,ega:I.5.3.13:proof,the corrected final step composes the graph immersion with the projection immersion,french_admitted,F33.json,2652207F96F697935BC81C5D63B292DE4D956905D69CB92572225E320BB27F4C,a04446e57ec1fbc252a871afcec7752fb2807b14,schemes.tex,schemes-lemma-composition-immersion,02V0,split,reviewed_existing,component,The target is exactly EGA 4.2.5 and the published erratum replaces the printed 4.2.4 citation by 4.2.5,D000231,,
S000834,ega:I.5.3.14,if j is an immersion then the pairing of j and g over S is an immersion,french_admitted,F33.json,2652207F96F697935BC81C5D63B292DE4D956905D69CB92572225E320BB27F4C,a04446e57ec1fbc252a871afcec7752fb2807b14,morphisms.tex,morphisms-lemma-immersion-permanence,07RK,entailed_by_stronger,reviewed_existing,component,Apply the general cancellation theorem to the first projection composed with the pairing which equals j,D000232,,
S000835,ega:I.5.3.14,if j is a local immersion then the pairing of j and g over S is a local immersion,french_admitted,F33.json,2652207F96F697935BC81C5D63B292DE4D956905D69CB92572225E320BB27F4C,a04446e57ec1fbc252a871afcec7752fb2807b14,morphisms.tex,morphisms-lemma-immersion-permanence,07RK,split,reviewed_existing,covered_derived,Apply the ordinary cancellation clause on source neighbourhoods where j is an immersion,D000232,Stacks has no exact labelled local immersion package,
S000836,ega:I.5.3.14:proof,the first projection composed with the pairing of j and g is j and cancellation gives the conclusion,french_admitted,F33.json,2652207F96F697935BC81C5D63B292DE4D956905D69CB92572225E320BB27F4C,a04446e57ec1fbc252a871afcec7752fb2807b14,morphisms.tex,morphisms-lemma-immersion-permanence,07RK,split,reviewed_existing,covered_derived,The target proves the same cancellation from an immersed composite in greater generality,D000232,,
S000837,ega:I.5.3.15,for every S morphism f the identity (f times_S f) composed with Delta_X equals Delta_Y composed with f,french_admitted,F33.json,2652207F96F697935BC81C5D63B292DE4D956905D69CB92572225E320BB27F4C,LOCAL_WORKTREE,schemes.tex,schemes-lemma-diagonal-identities,,equivalent,integrated_local,full_statement,Item five states the exact naturality identity with every base explicit,D000235,No official tag is assigned and upstream acceptance is not claimed,
S000838,ega:I.5.3.15,the diagonal naturality identity is forced by its two projections to Y,french_admitted,F33.json,2652207F96F697935BC81C5D63B292DE4D956905D69CB92572225E320BB27F4C,a04446e57ec1fbc252a871afcec7752fb2807b14,categories.tex,categories-definition-fibre-products,001V,split,reviewed_existing,covered_derived,Both sides have projection composites f and f so fibre-product uniqueness identifies them,D000235,,
S000839,ega:I.5.3.15.1,the displayed commutative square is the labelled relation (f times_S f) composed with Delta_X equals Delta_Y composed with f,french_admitted,F33.json,2652207F96F697935BC81C5D63B292DE4D956905D69CB92572225E320BB27F4C,a04446e57ec1fbc252a871afcec7752fb2807b14,categories.tex,categories-definition-fibre-products,001V,split,reviewed_existing,covered_derived,Both sides have projections f and f so 001V gives the displayed relation,D000235,The exact citable parent identity remains in local S000837,
S000840,ega:I.5.3.15:proof,immediate verification of the naturality square by the product projections,french_admitted,F33.json,2652207F96F697935BC81C5D63B292DE4D956905D69CB92572225E320BB27F4C,a04446e57ec1fbc252a871afcec7752fb2807b14,categories.tex,categories-definition-fibre-products,001V,split,reviewed_existing,covered_derived,The universal property gives the omitted verification after both projection composites are checked,D000235,,
S000841,ega:I.5.3.16,the diagonal Delta_X identifies X with an immersed subscheme of X times_S X,french_admitted,F33.json,2652207F96F697935BC81C5D63B292DE4D956905D69CB92572225E320BB27F4C,a04446e57ec1fbc252a871afcec7752fb2807b14,schemes.tex,schemes-lemma-diagonal-immersion,01KJ,split,reviewed_existing,component,The target supplies the diagonal immersion used for the source subscheme language,D000236,,
S000842,ega:I.5.3.16:proof,the factors f times_S id_X and id_Y times_S f of f times_S f are base changes of the subscheme immersion f,french_admitted,F33.json,2652207F96F697935BC81C5D63B292DE4D956905D69CB92572225E320BB27F4C,a04446e57ec1fbc252a871afcec7752fb2807b14,schemes.tex,schemes-lemma-base-change-immersion,01JY,split,reviewed_existing,component,D000163 supplies the two-factor decomposition and 01JY preserves immersion under each base change,D000236,,
S000843,ega:I.5.3.16:proof,composition of the two base changed factors makes f times_S f an immersion,french_admitted,F33.json,2652207F96F697935BC81C5D63B292DE4D956905D69CB92572225E320BB27F4C,a04446e57ec1fbc252a871afcec7752fb2807b14,schemes.tex,schemes-lemma-composition-immersion,02V0,split,reviewed_existing,covered_derived,Composition completes the product-immersion step cited from 4.3.1,D000236,,
S000844,ega:I.5.3.16,the open parts of the product immersion have underlying image p1 inverse X intersect p2 inverse X,french_admitted,F33.json,2652207F96F697935BC81C5D63B292DE4D956905D69CB92572225E320BB27F4C,a04446e57ec1fbc252a871afcec7752fb2807b14,schemes.tex,schemes-lemma-open-fibre-product,01JR,split,reviewed_existing,component,The target identifies a compatible product of opens with the exact inverse-image intersection,D000236,The target permits a more general base open,
S000845,ega:I.5.3.16,closed factors of the product immersion are the two scheme theoretic inverse images,french_admitted,F33.json,2652207F96F697935BC81C5D63B292DE4D956905D69CB92572225E320BB27F4C,a04446e57ec1fbc252a871afcec7752fb2807b14,schemes.tex,schemes-lemma-fibre-product-immersion,01JU,split,reviewed_existing,component,The target supplies the closed pullback factors and their defining ideals,D000236,,
S000846,ega:I.5.3.16,the general subscheme immersion factors as a closed immersion followed by an open immersion,french_admitted,F33.json,2652207F96F697935BC81C5D63B292DE4D956905D69CB92572225E320BB27F4C,a04446e57ec1fbc252a871afcec7752fb2807b14,schemes.tex,schemes-definition-immersion,01IO,split,reviewed_existing,component,The definition reduces the product-image calculation to its open and closed cases,D000236,,
S000847,ega:I.5.3.16:proof,the naturality square factors Delta_X through Delta_Y along f times_S f,french_admitted,F33.json,2652207F96F697935BC81C5D63B292DE4D956905D69CB92572225E320BB27F4C,a04446e57ec1fbc252a871afcec7752fb2807b14,categories.tex,categories-definition-fibre-products,001V,split,reviewed_existing,covered_derived,The relation from 5.3.15 is the unique map equality determined by the two product projections,D000236,,
S000848,ega:I.5.3.16:proof,on the diagonal the two inverse-image conditions p1 in X and p2 in X are equal,french_admitted,F33.json,2652207F96F697935BC81C5D63B292DE4D956905D69CB92572225E320BB27F4C,a04446e57ec1fbc252a871afcec7752fb2807b14,categories.tex,categories-definition-fibre-products,001V,split,reviewed_existing,covered_derived,Both diagonal projections are the identity so either condition on the common point implies the other,D000236,,
S000849,ega:I.5.3.17,f1 and f2 send y to a common x and induce the same homomorphism k(x) to k(y),french_admitted,F33.json,2652207F96F697935BC81C5D63B292DE4D956905D69CB92572225E320BB27F4C,a04446e57ec1fbc252a871afcec7752fb2807b14,schemes.tex,schemes-section-points,01J5,split,reviewed_existing,covered_unlabelled,The fixed-field point classification identifies a Spec(k(y)) map by its image x and its residue-field map k(x) to k(y),D000237,,
S000850,ega:I.5.3.17:proof,equality of the residue-field homomorphisms gives equality of the maps Spec(k(y)) to Spec(k(x)),french_admitted,F33.json,2652207F96F697935BC81C5D63B292DE4D956905D69CB92572225E320BB27F4C,a04446e57ec1fbc252a871afcec7752fb2807b14,schemes.tex,schemes-section-points,01J5,split,reviewed_existing,covered_unlabelled,The fixed source field and common image point make the two contravariant spectrum maps identical,D000237,,
S000851,ega:I.5.3.17:proof,after the two field-valued maps are identified their pair lies in the diagonal equalizer,french_admitted,F33.json,2652207F96F697935BC81C5D63B292DE4D956905D69CB92572225E320BB27F4C,a04446e57ec1fbc252a871afcec7752fb2807b14,schemes.tex,schemes-lemma-where-are-they-equal,01KM,split,reviewed_existing,covered_derived,Apply the equalizer description only after 01J5 has proved equality of the two maps,D000237,The target constructs the full largest locally closed equalizer,
S000852,ega:I.5.3.17:proof,the individual residue-field squares give the product square by 001V and then D000235 applied to Spec(k(x))->X carries its diagonal into Delta_X/S,french_admitted,F33.json,2652207F96F697935BC81C5D63B292DE4D956905D69CB92572225E320BB27F4C,LOCAL_WORKTREE,schemes.tex,schemes-lemma-diagonal-identities,,split,integrated_local,covered_derived,The individual residue-field squares give the product square by 001V and then D000235 applied to Spec(k(x))->X carries its diagonal into Delta_X/S,D000237,No official tag is assigned and upstream acceptance is not claimed,
S000853,ega:I.5.4.1,a morphism f from X to Y is separated exactly when its diagonal X to X times_Y X is a closed immersion,french_admitted,F33.json,2652207F96F697935BC81C5D63B292DE4D956905D69CB92572225E320BB27F4C,a04446e57ec1fbc252a871afcec7752fb2807b14,schemes.tex,schemes-definition-separated,01KK,equivalent,reviewed_existing,component,Item one gives the source definition verbatim after the modern replacement of prescheme by scheme,D000250,,
S000854,ega:I.5.4.1,a prescheme X is separated when X to Spec Z is separated,french_admitted,F33.json,2652207F96F697935BC81C5D63B292DE4D956905D69CB92572225E320BB27F4C,a04446e57ec1fbc252a871afcec7752fb2807b14,schemes.tex,schemes-definition-separated,01KK,equivalent,reviewed_existing,component,Item three gives the exact absolute separatedness convention in modern scheme terminology,D000250,The historical assertion that such an X is called a scheme is retained only as a terminology residual,
S000855,ega:I.5.4.1,the diagonal of every relative scheme is an immersion,french_admitted,F33.json,2652207F96F697935BC81C5D63B292DE4D956905D69CB92572225E320BB27F4C,a04446e57ec1fbc252a871afcec7752fb2807b14,schemes.tex,schemes-lemma-diagonal-immersion,01KJ,equivalent,reviewed_existing,component,This supplies the immersion premise used by the source closed-image criterion,D000250,,
S000856,ega:I.5.4.1,separatedness is equivalent to the diagonal image being closed in the underlying product space,french_admitted,F33.json,2652207F96F697935BC81C5D63B292DE4D956905D69CB92572225E320BB27F4C,a04446e57ec1fbc252a871afcec7752fb2807b14,schemes.tex,schemes-lemma-immersion-when-closed,01IQ,split,reviewed_existing,covered_derived,Apply the closed-image criterion to the diagonal immersion supplied by 01KJ,D000250,,
S000857,ega:I.5.4.2,if S to T is separated then X times_S Y to X times_T Y is a closed immersion,french_admitted,F33.json,2652207F96F697935BC81C5D63B292DE4D956905D69CB92572225E320BB27F4C,a04446e57ec1fbc252a871afcec7752fb2807b14,schemes.tex,schemes-lemma-fibre-product-after-map,01KR,entailed_by_stronger,reviewed_existing,full_statement,Exchange the target lemma names T and S and use its separated clause for the exact canonical comparison,D000251,The target also proves immersion without separation and a quasi-compact refinement,
S000858,ega:I.5.4.2:proof,the canonical comparison square is the pullback of Delta_S_over_T along f times_T g,french_admitted,F33.json,2652207F96F697935BC81C5D63B292DE4D956905D69CB92572225E320BB27F4C,a04446e57ec1fbc252a871afcec7752fb2807b14,schemes.tex,schemes-lemma-fibre-product-after-map,01KR,split,reviewed_existing,covered_unlabelled,The proof displays the exact fibre-product square used by the French base-extension argument,D000251,,
S000859,ega:I.5.4.2:proof,a base change of the closed diagonal Delta_S_over_T is a closed immersion,french_admitted,F33.json,2652207F96F697935BC81C5D63B292DE4D956905D69CB92572225E320BB27F4C,a04446e57ec1fbc252a871afcec7752fb2807b14,schemes.tex,schemes-lemma-fibre-product-immersion,01JU,split,reviewed_existing,component,Item one supplies the closed-immersion base-change step cited from EGA I 4.3.2,D000251,,
S000860,ega:I.5.4.3,the graph of an S-morphism X to a target Y separated over S is a closed immersion,french_admitted,F33.json,2652207F96F697935BC81C5D63B292DE4D956905D69CB92572225E320BB27F4C,a04446e57ec1fbc252a871afcec7752fb2807b14,schemes.tex,schemes-lemma-semi-diagonal,01KS,entailed_by_stronger,reviewed_existing,full_statement,The closed clause is the exact graph assertion after identifying the semi-diagonal with Gamma_f,D000252,The target also proves unconditional immersion and a quasi-compact refinement,
S000861,ega:I.5.4.3:proof,the closed graph assertion is the specialization of the product comparison with intermediate base Y,french_admitted,F33.json,2652207F96F697935BC81C5D63B292DE4D956905D69CB92572225E320BB27F4C,a04446e57ec1fbc252a871afcec7752fb2807b14,schemes.tex,schemes-lemma-semi-diagonal,01KS,split,reviewed_existing,covered_unlabelled,The proof says this is the special case of 01KR with X equal X times_Y Y exactly as in the French source,D000252,,
S000862,ega:I.5.4.4,if g is separated and g composed_with f is a closed immersion then f is a closed immersion,french_admitted,F33.json,2652207F96F697935BC81C5D63B292DE4D956905D69CB92572225E320BB27F4C,a04446e57ec1fbc252a871afcec7752fb2807b14,morphisms.tex,morphisms-lemma-immersion-permanence,07RK,equivalent,reviewed_existing,full_statement,Item three is exactly the source cancellation statement under the same separatedness hypothesis,D000253,,
S000863,ega:I.5.4.4:proof,the comparison map from X to Y times_Z X is a closed graph section when g is separated,french_admitted,F33.json,2652207F96F697935BC81C5D63B292DE4D956905D69CB92572225E320BB27F4C,a04446e57ec1fbc252a871afcec7752fb2807b14,schemes.tex,schemes-lemma-semi-diagonal,01KS,split,reviewed_existing,component,The closed semi-diagonal supplies the graph factor used in the source proof comparison with 5.3.13,D000253,,
S000864,ega:I.5.4.4:proof,the projection Y times_Z X to Y is a base change of the closed immersion g composed_with f,french_admitted,F33.json,2652207F96F697935BC81C5D63B292DE4D956905D69CB92572225E320BB27F4C,a04446e57ec1fbc252a871afcec7752fb2807b14,morphisms.tex,morphisms-lemma-base-change-closed-immersion,01QR,split,reviewed_existing,component,The target supplies the closed base-change factor in the source graph proof,D000253,,
S000865,ega:I.5.4.4:proof,composition of the closed graph factor with the closed base-change projection is a closed immersion,french_admitted,F33.json,2652207F96F697935BC81C5D63B292DE4D956905D69CB92572225E320BB27F4C,a04446e57ec1fbc252a871afcec7752fb2807b14,morphisms.tex,morphisms-lemma-composition-closed-immersion,01QS,split,reviewed_existing,component,Composition completes the proof route described by the source cross-reference,D000253,,
S000866,ega:I.5.4.5,if Z is separated over S and j is a closed immersion then the pairing (j and g)_S is a closed immersion,french_admitted,F33.json,2652207F96F697935BC81C5D63B292DE4D956905D69CB92572225E320BB27F4C,a04446e57ec1fbc252a871afcec7752fb2807b14,morphisms.tex,morphisms-lemma-immersion-permanence,07RK,split,reviewed_existing,covered_derived,Apply item three to (j and g)_S followed by p1 after 01KU makes p1 separated and 001V identifies the composite with j,D000254,,
S000867,ega:I.5.4.5:proof,the first projection p1 from Y times_S Z to Y is separated because Z to S is separated,french_admitted,F33.json,2652207F96F697935BC81C5D63B292DE4D956905D69CB92572225E320BB27F4C,a04446e57ec1fbc252a871afcec7752fb2807b14,schemes.tex,schemes-lemma-separated-permanence,01KU,split,reviewed_existing,component,Item three preserves separatedness under the base change Y to S,D000254,,
S000868,ega:I.5.4.5:proof,the first projection composed_with the pairing (j and g)_S equals j,french_admitted,F33.json,2652207F96F697935BC81C5D63B292DE4D956905D69CB92572225E320BB27F4C,a04446e57ec1fbc252a871afcec7752fb2807b14,categories.tex,categories-definition-fibre-products,001V,split,reviewed_existing,covered_derived,The defining projection identity supplies the closed composite needed for 07RK,D000254,,
S000869,ega:I.5.4.6,every section of a separated morphism X to S is a closed immersion,french_admitted,F33.json,2652207F96F697935BC81C5D63B292DE4D956905D69CB92572225E320BB27F4C,a04446e57ec1fbc252a871afcec7752fb2807b14,schemes.tex,schemes-lemma-section-immersion,01KT,entailed_by_stronger,reviewed_existing,full_statement,The closed clause gives the exact source corollary in modern terminology,D000255,The target also proves unconditional immersion and a quasi-compact refinement,
S000870,ega:I.5.4.6:proof,the section identity makes psi an S-morphism and the pairing (id_S and psi)_S identifies with psi,french_admitted,F33.json,2652207F96F697935BC81C5D63B292DE4D956905D69CB92572225E320BB27F4C,a04446e57ec1fbc252a871afcec7752fb2807b14,categories.tex,categories-definition-fibre-products,001V,split,reviewed_existing,covered_derived,Instantiate 5.4.5 with j equal id_S and g equal psi after phi composed_with psi equals id_S; the fibre-product projection identities identify the resulting pairing with psi,D000255,,
S000871,ega:I.5.4.7,two sections of a separated morphism over an integral source that agree at its generic point agree globally,french_admitted,F33.json,2652207F96F697935BC81C5D63B292DE4D956905D69CB92572225E320BB27F4C,a04446e57ec1fbc252a871afcec7752fb2807b14,schemes.tex,schemes-lemma-where-are-they-equal,01KM,split,reviewed_existing,covered_derived,The closed equalizer from 01KM contains the generic point and 004X 0356 and 001V complete the source argument,D000256,,
S000872,ega:I.5.4.7:proof,the two section-induced homomorphisms k(x) to k(s) are the same inverse of the structural homomorphism k(s) to k(x),french_admitted,F33.json,2652207F96F697935BC81C5D63B292DE4D956905D69CB92572225E320BB27F4C,a04446e57ec1fbc252a871afcec7752fb2807b14,schemes.tex,schemes-section-points,01J5,split,reviewed_existing,covered_unlabelled,The field-valued point discussion identifies both residue maps and the section identities force the same inverse,D000256,,
S000873,ega:I.5.4.7:proof,the generic point s lies in the closed equalizer of f and g; equivalently h(s) for h=(f and g)_S lies on the diagonal,french_admitted,F33.json,2652207F96F697935BC81C5D63B292DE4D956905D69CB92572225E320BB27F4C,a04446e57ec1fbc252a871afcec7752fb2807b14,schemes.tex,schemes-lemma-where-are-they-equal,01KM,split,reviewed_existing,covered_derived,After 01J5 identifies the two field-valued maps the equalizer description gives s in the equalizer and hence h(s) on the diagonal,D000256,,
S000874,ega:I.5.4.7:proof,the closure of the generic point s of the integral scheme S is all of S,french_admitted,F33.json,2652207F96F697935BC81C5D63B292DE4D956905D69CB92572225E320BB27F4C,a04446e57ec1fbc252a871afcec7752fb2807b14,topology.tex,topology-definition-generic-point,004X,equivalent,reviewed_existing,component,The definition of generic point gives exactly S equal the closure of the singleton s,D000256,,
S000875,ega:I.5.4.7:proof,the pairing h from reduced S factors through the closed diagonal once its set-theoretic image lies there,french_admitted,F33.json,2652207F96F697935BC81C5D63B292DE4D956905D69CB92572225E320BB27F4C,a04446e57ec1fbc252a871afcec7752fb2807b14,schemes.tex,schemes-lemma-map-into-reduction,0356,entailed_by_stronger,reviewed_existing,component,The target gives the needed factorization for every reduced source and every closed subscheme,D000256,Integrality supplies reducedness and the target is stronger than this specialization,
S000876,ega:I.5.4.7:proof,factorization of (f and g)_S through the diagonal implies f equals g,french_admitted,F33.json,2652207F96F697935BC81C5D63B292DE4D956905D69CB92572225E320BB27F4C,a04446e57ec1fbc252a871afcec7752fb2807b14,categories.tex,categories-definition-fibre-products,001V,split,reviewed_existing,covered_derived,Both projections of the diagonal are the identity so the two components of the factored pairing coincide,D000256,,
S000877,ega:I.5.4.8,for f equal id_Y the graph morphism into Y times_S Y identifies with Delta_Y_over_S,french_admitted,F33.json,2652207F96F697935BC81C5D63B292DE4D956905D69CB92572225E320BB27F4C,a04446e57ec1fbc252a871afcec7752fb2807b14,categories.tex,categories-definition-fibre-products,001V,split,reviewed_existing,covered_derived,The graph of the identity and the diagonal are the unique maps having both product projections equal id_Y,D000257,,
S000878,ega:I.5.4.8,in the middle 5.4.5 application set its base S equal Y its Z-object equal Y times_Z Y with structure p1 j equal id_Y and g equal Delta_Y_over_Z; in the final test Delta_Y_over_S is a section of p1,french_admitted,F33.json,2652207F96F697935BC81C5D63B292DE4D956905D69CB92572225E320BB27F4C,a04446e57ec1fbc252a871afcec7752fb2807b14,categories.tex,categories-definition-fibre-products,001V,split,reviewed_existing,covered_derived,The identity p1 composed_with Delta_Y equals id_Y makes the middle pairing (id_Y and Delta_Y)_Y equal Delta_Y under Y times_Y (Y times_Z Y) equal Y times_Z Y and gives the final section identity by the same projections,D000257,,
S000879,ega:I.5.4.8,closedness of each identified diagonal implies the corresponding morphism Y to its base is separated,french_admitted,F33.json,2652207F96F697935BC81C5D63B292DE4D956905D69CB92572225E320BB27F4C,a04446e57ec1fbc252a871afcec7752fb2807b14,schemes.tex,schemes-definition-separated,01KK,equivalent,reviewed_existing,component,Apply item one only after the assumed graph pairing or section conclusion has made the relevant diagonal a closed immersion,D000257,,
S000880,ega:I.5.5.1,monomorphisms are separated,french_admitted,F33.json,2652207F96F697935BC81C5D63B292DE4D956905D69CB92572225E320BB27F4C,a04446e57ec1fbc252a871afcec7752fb2807b14,schemes.tex,schemes-lemma-monomorphism-separated,01L4,equivalent,reviewed_existing,component,The target is exactly clause one,D000258,,
S000881,ega:I.5.5.1,in particular immersions are separated,french_admitted,F33.json,2652207F96F697935BC81C5D63B292DE4D956905D69CB92572225E320BB27F4C,a04446e57ec1fbc252a871afcec7752fb2807b14,schemes.tex,schemes-lemma-immersions-monomorphisms,01L7,equivalent,reviewed_existing,component,Immersions are monomorphisms and hence separated,D000258,,
S000882,ega:I.5.5.1,composition of separated morphisms is separated,french_admitted,F33.json,2652207F96F697935BC81C5D63B292DE4D956905D69CB92572225E320BB27F4C,a04446e57ec1fbc252a871afcec7752fb2807b14,schemes.tex,schemes-lemma-separated-permanence,01KU,split,reviewed_existing,component,The composition clause is item one of the target permanence bundle,D000258,,
S000883,ega:I.5.5.1,the fibre product of separated S-morphisms is separated over S,french_admitted,F33.json,2652207F96F697935BC81C5D63B292DE4D956905D69CB92572225E320BB27F4C,a04446e57ec1fbc252a871afcec7752fb2807b14,schemes.tex,schemes-lemma-separated-permanence,01KU,split,reviewed_existing,component,The product clause is item two of the target permanence bundle,D000258,,
S000884,ega:I.5.5.1,arbitrary base change preserves separatedness,french_admitted,F33.json,2652207F96F697935BC81C5D63B292DE4D956905D69CB92572225E320BB27F4C,a04446e57ec1fbc252a871afcec7752fb2807b14,schemes.tex,schemes-lemma-separated-permanence,01KU,split,reviewed_existing,component,The base-change clause is item three of the target permanence bundle,D000258,,
S000885,ega:I.5.5.1,if g composed_with f is separated then f is separated,french_admitted,F33.json,2652207F96F697935BC81C5D63B292DE4D956905D69CB92572225E320BB27F4C,a04446e57ec1fbc252a871afcec7752fb2807b14,schemes.tex,schemes-lemma-compose-after-separated,01KV,entailed_by_stronger,reviewed_existing,component,The target cancellation clause requires no additional hypothesis on g,D000258,,
S000886,ega:I.5.5.1,the reduction inclusion is a universal homeomorphism,french_admitted,F33.json,2652207F96F697935BC81C5D63B292DE4D956905D69CB92572225E320BB27F4C,a04446e57ec1fbc252a871afcec7752fb2807b14,morphisms.tex,morphisms-lemma-reduction-universal-homeomorphism,054M,split,reviewed_existing,covered_derived,This supplies the underlying-space identity in the reduction equivalence,D000258,,
S000887,ega:I.5.5.1,base changes of reduction universal homeomorphisms preserve the underlying-space identity,french_admitted,F33.json,2652207F96F697935BC81C5D63B292DE4D956905D69CB92572225E320BB27F4C,a04446e57ec1fbc252a871afcec7752fb2807b14,morphisms.tex,morphisms-lemma-base-change-universal-homeomorphism,0CEU,split,reviewed_existing,covered_derived,Apply the base-change theorem to the reduction maps in the diagonal square,D000258,,
S000888,ega:I.5.5.1,composites of those base changes preserve the underlying-space identity,french_admitted,F33.json,2652207F96F697935BC81C5D63B292DE4D956905D69CB92572225E320BB27F4C,a04446e57ec1fbc252a871afcec7752fb2807b14,morphisms.tex,morphisms-lemma-composition-universal-homeomorphism,0CEV,split,reviewed_existing,covered_derived,Composition supplies the right vertical universal homeomorphism,D000258,,
S000889,ega:I.5.5.1,the forward reduction implication uses separated reduction inclusions,french_admitted,F33.json,2652207F96F697935BC81C5D63B292DE4D956905D69CB92572225E320BB27F4C,a04446e57ec1fbc252a871afcec7752fb2807b14,schemes.tex,schemes-lemma-monomorphism-separated,01L4,split,reviewed_existing,covered_derived,Reduction inclusions are monomorphisms and hence separated,D000258,,
S000890,ega:I.5.5.1,the forward reduction implication composes separated maps,french_admitted,F33.json,2652207F96F697935BC81C5D63B292DE4D956905D69CB92572225E320BB27F4C,a04446e57ec1fbc252a871afcec7752fb2807b14,schemes.tex,schemes-lemma-separated-permanence,01KU,split,reviewed_existing,covered_derived,Composition makes the map to the unreduced target separated,D000258,,
S000891,ega:I.5.5.1,the forward reduction implication cancels the target reduction inclusion,french_admitted,F33.json,2652207F96F697935BC81C5D63B292DE4D956905D69CB92572225E320BB27F4C,a04446e57ec1fbc252a871afcec7752fb2807b14,schemes.tex,schemes-lemma-compose-after-separated,01KV,split,reviewed_existing,covered_derived,Cancellation yields separatedness of the reduced morphism,D000258,,
S000892,ega:I.5.5.1,the converse reduction implication uses that the diagonal is always an immersion,french_admitted,F33.json,2652207F96F697935BC81C5D63B292DE4D956905D69CB92572225E320BB27F4C,a04446e57ec1fbc252a871afcec7752fb2807b14,schemes.tex,schemes-lemma-diagonal-immersion,01KJ,split,reviewed_existing,covered_derived,The diagonal immersion reduces closedness to its underlying image,D000258,,
S000893,ega:I.5.5.1,a closed underlying diagonal image makes that immersion a closed immersion,french_admitted,F33.json,2652207F96F697935BC81C5D63B292DE4D956905D69CB92572225E320BB27F4C,a04446e57ec1fbc252a871afcec7752fb2807b14,schemes.tex,schemes-lemma-immersion-when-closed,01IQ,split,reviewed_existing,covered_derived,The closed-image criterion completes the converse reduction implication,D000258,,
S000894,ega:I.5.5.1,the canonical reduction fibre-product identifications and square follow from product projections,french_admitted,F33.json,2652207F96F697935BC81C5D63B292DE4D956905D69CB92572225E320BB27F4C,a04446e57ec1fbc252a871afcec7752fb2807b14,categories.tex,categories-definition-fibre-products,001V,split,reviewed_existing,covered_derived,The universal property supplies every comparison and commutativity identity,D000258,,
S000895,ega:I.5.5.1:proof,a monomorphism has isomorphic diagonal,french_admitted,F33.json,2652207F96F697935BC81C5D63B292DE4D956905D69CB92572225E320BB27F4C,a04446e57ec1fbc252a871afcec7752fb2807b14,schemes.tex,schemes-lemma-monomorphism,01L3,split,reviewed_existing,component,The diagonal characterization proves clause one,D000258,,
S000896,ega:I.5.5.1:proof,the comparison X times_Y X to X times_Z X is closed when Y to Z is separated,french_admitted,F33.json,2652207F96F697935BC81C5D63B292DE4D956905D69CB92572225E320BB27F4C,a04446e57ec1fbc252a871afcec7752fb2807b14,schemes.tex,schemes-lemma-fibre-product-after-map,01KR,split,reviewed_existing,component,The closed comparison is the second arrow in the composition proof,D000258,,
S000897,ega:I.5.5.1:proof,the composition diagonal factorization is closed after both factors are closed,french_admitted,F33.json,2652207F96F697935BC81C5D63B292DE4D956905D69CB92572225E320BB27F4C,a04446e57ec1fbc252a871afcec7752fb2807b14,schemes.tex,schemes-lemma-separated-permanence,01KU,split,reviewed_existing,covered_unlabelled,The target proof uses the same factorization without a separate label,D000258,,
S000898,ega:I.5.5.1:proof,the product and base-change diagonal identifications prove clauses three and four,french_admitted,F33.json,2652207F96F697935BC81C5D63B292DE4D956905D69CB92572225E320BB27F4C,a04446e57ec1fbc252a871afcec7752fb2807b14,schemes.tex,schemes-lemma-separated-permanence,01KU,split,reviewed_existing,covered_unlabelled,The proof establishes the exact product and base-change identities,D000258,,
S000899,ega:I.5.5.1:proof,the cancellation clause factors f through its graph,french_admitted,F33.json,2652207F96F697935BC81C5D63B292DE4D956905D69CB92572225E320BB27F4C,a04446e57ec1fbc252a871afcec7752fb2807b14,schemes.tex,schemes-lemma-semi-diagonal,01KS,split,reviewed_existing,component,The graph factor is the first arrow in the proof of clause five,D000258,,
S000900,ega:I.5.5.1:proof,the second graph projection is a product base change of g composed_with f,french_admitted,F33.json,2652207F96F697935BC81C5D63B292DE4D956905D69CB92572225E320BB27F4C,a04446e57ec1fbc252a871afcec7752fb2807b14,schemes.tex,schemes-lemma-separated-permanence,01KU,split,reviewed_existing,covered_unlabelled,The proof uses this projection identity to finish cancellation,D000258,,
S000901,ega:I.5.5.1:proof,the natural reduction-diagonal square is determined by fibre-product projections,french_admitted,F33.json,2652207F96F697935BC81C5D63B292DE4D956905D69CB92572225E320BB27F4C,a04446e57ec1fbc252a871afcec7752fb2807b14,categories.tex,categories-definition-fibre-products,001V,split,reviewed_existing,covered_derived,Projection equalities give the commutative square used in clause six,D000258,,
S000902,ega:I.5.5.1:proof,the left vertical reduction map is a universal homeomorphism,french_admitted,F33.json,2652207F96F697935BC81C5D63B292DE4D956905D69CB92572225E320BB27F4C,a04446e57ec1fbc252a871afcec7752fb2807b14,morphisms.tex,morphisms-lemma-reduction-universal-homeomorphism,054M,split,reviewed_existing,component,This is the left vertical arrow of the reduction square,D000258,,
S000903,ega:I.5.5.1:proof,the right vertical map is assembled from base changes of reduction maps,french_admitted,F33.json,2652207F96F697935BC81C5D63B292DE4D956905D69CB92572225E320BB27F4C,a04446e57ec1fbc252a871afcec7752fb2807b14,morphisms.tex,morphisms-lemma-base-change-universal-homeomorphism,0CEU,split,reviewed_existing,covered_derived,Each factor is a base change of a reduction universal homeomorphism,D000258,,
S000904,ega:I.5.5.1:proof,the right vertical composite is a universal homeomorphism,french_admitted,F33.json,2652207F96F697935BC81C5D63B292DE4D956905D69CB92572225E320BB27F4C,a04446e57ec1fbc252a871afcec7752fb2807b14,morphisms.tex,morphisms-lemma-composition-universal-homeomorphism,0CEV,split,reviewed_existing,covered_derived,Composition completes the underlying-space comparison,D000258,,
S000905,ega:I.5.5.1:proof,the unreduced diagonal is an immersion,french_admitted,F33.json,2652207F96F697935BC81C5D63B292DE4D956905D69CB92572225E320BB27F4C,a04446e57ec1fbc252a871afcec7752fb2807b14,schemes.tex,schemes-lemma-diagonal-immersion,01KJ,split,reviewed_existing,component,This supplies the immersion needed after transferring the closed image,D000258,,
S000906,ega:I.5.5.1:proof,transfer of the closed diagonal image yields a closed immersion,french_admitted,F33.json,2652207F96F697935BC81C5D63B292DE4D956905D69CB92572225E320BB27F4C,a04446e57ec1fbc252a871afcec7752fb2807b14,schemes.tex,schemes-lemma-immersion-when-closed,01IQ,split,reviewed_existing,covered_derived,The closed-image criterion completes the reduction proof,D000258,,
S000907,ega:I.5.5.1.1,the factorization Delta_X_over_Z equals j composed_with Delta_X_over_Y,french_admitted,F33.json,2652207F96F697935BC81C5D63B292DE4D956905D69CB92572225E320BB27F4C,a04446e57ec1fbc252a871afcec7752fb2807b14,categories.tex,categories-definition-fibre-products,001V,split,reviewed_existing,covered_derived,Both composites have the same two product projections,D000258,,
S000908,ega:I.5.5.1:diagram:xymatrix:1,the three-object diagonal factorization triangle,french_admitted,F33.json,2652207F96F697935BC81C5D63B292DE4D956905D69CB92572225E320BB27F4C,a04446e57ec1fbc252a871afcec7752fb2807b14,schemes.tex,schemes-lemma-separated-permanence,01KU,split,reviewed_existing,covered_unlabelled,The proof displays the exact triangle while D48 leaves visual certification pending,D000258,Semantic graph only; operational visual promotion is referred under D000277,
S000909,ega:I.5.5.1:diagram:xymatrix:2,the commutative reduction-diagonal square,french_admitted,F33.json,2652207F96F697935BC81C5D63B292DE4D956905D69CB92572225E320BB27F4C,a04446e57ec1fbc252a871afcec7752fb2807b14,categories.tex,categories-definition-fibre-products,001V,split,reviewed_existing,covered_derived,The universal property gives the exact square while D48 leaves visual certification pending,D000258,Semantic graph only; operational visual promotion is referred under D000277,
S000910,ega:I.5.5.1:diagram:xymatrix:2,both vertical arrows are underlying-space homeomorphisms,french_admitted,F33.json,2652207F96F697935BC81C5D63B292DE4D956905D69CB92572225E320BB27F4C,a04446e57ec1fbc252a871afcec7752fb2807b14,morphisms.tex,morphisms-lemma-reduction-universal-homeomorphism,054M,split,reviewed_existing,covered_derived,The reduction and product-reduction maps have the same underlying spaces,D000258,Semantic graph only; operational visual promotion is referred under D000277,
S000911,ega:I.5.5.2,restriction to every locally closed subscheme is separated,french_admitted,F33.json,2652207F96F697935BC81C5D63B292DE4D956905D69CB92572225E320BB27F4C,a04446e57ec1fbc252a871afcec7752fb2807b14,schemes.tex,schemes-lemma-subscheme-of-separated-scheme,01L8,equivalent,reviewed_existing,full_statement,The target is exactly the modern locally closed subscheme formulation,D000259,,
S000912,ega:I.5.5.2:proof,the subscheme immersion is separated,french_admitted,F33.json,2652207F96F697935BC81C5D63B292DE4D956905D69CB92572225E320BB27F4C,a04446e57ec1fbc252a871afcec7752fb2807b14,schemes.tex,schemes-lemma-immersions-monomorphisms,01L7,split,reviewed_existing,component,Immersion separatedness supplies the first proof factor,D000259,,
S000913,ega:I.5.5.2:proof,composition with the separated ambient morphism remains separated,french_admitted,F33.json,2652207F96F697935BC81C5D63B292DE4D956905D69CB92572225E320BB27F4C,a04446e57ec1fbc252a871afcec7752fb2807b14,schemes.tex,schemes-lemma-separated-permanence,01KU,split,reviewed_existing,covered_derived,Composition completes the source one-line proof,D000259,,
S000914,ega:I.5.5.3,the projection X times_S Y to X is separated when Y to S is separated,french_admitted,F33.json,2652207F96F697935BC81C5D63B292DE4D956905D69CB92572225E320BB27F4C,a04446e57ec1fbc252a871afcec7752fb2807b14,schemes.tex,schemes-lemma-separated-permanence,01KU,entailed_by_stronger,reviewed_existing,full_statement,The projection is the base change of Y to S,D000260,The target proves arbitrary base-change permanence,
S000915,ega:I.5.5.3:proof,the projection is the base change of Y to S,french_admitted,F33.json,2652207F96F697935BC81C5D63B292DE4D956905D69CB92572225E320BB27F4C,a04446e57ec1fbc252a871afcec7752fb2807b14,schemes.tex,schemes-lemma-separated-permanence,01KU,split,reviewed_existing,covered_unlabelled,The target proof uses the same cartesian projection identification,D000260,,
S000916,ega:I.5.5.4,the closed pieces X_k and their images Y_k carry unique reduced closed structures,french_admitted,F33.json,2652207F96F697935BC81C5D63B292DE4D956905D69CB92572225E320BB27F4C,a04446e57ec1fbc252a871afcec7752fb2807b14,schemes.tex,schemes-lemma-reduced-closed-subscheme,01J3,split,reviewed_existing,component,The target gives the unique reduced closed subscheme structure on each closed subset,D000261,,
S000917,ega:I.5.5.4,the map from reduced X_k factors through reduced Y_k under set-theoretic containment,french_admitted,F33.json,2652207F96F697935BC81C5D63B292DE4D956905D69CB92572225E320BB27F4C,a04446e57ec1fbc252a871afcec7752fb2807b14,schemes.tex,schemes-lemma-map-into-reduction,0356,split,reviewed_existing,component,Reduced-source factorization supplies the induced component morphism,D000261,,
S000918,ega:I.5.5.4:proof,necessity restricts a separated map to X_k,french_admitted,F33.json,2652207F96F697935BC81C5D63B292DE4D956905D69CB92572225E320BB27F4C,a04446e57ec1fbc252a871afcec7752fb2807b14,schemes.tex,schemes-lemma-subscheme-of-separated-scheme,01L8,split,reviewed_existing,component,Restriction to the closed subscheme preserves separatedness over Y,D000261,,
S000919,ega:I.5.5.4:proof,necessity cancels Y_k to Y from the separated composite,french_admitted,F33.json,2652207F96F697935BC81C5D63B292DE4D956905D69CB92572225E320BB27F4C,a04446e57ec1fbc252a871afcec7752fb2807b14,schemes.tex,schemes-lemma-compose-after-separated,01KV,split,reviewed_existing,component,Cancellation gives separatedness of X_k to Y_k,D000261,,
S000920,ega:I.5.5.4:proof,sufficiency composes separated f_k with the closed immersion Y_k to Y,french_admitted,F33.json,2652207F96F697935BC81C5D63B292DE4D956905D69CB92572225E320BB27F4C,a04446e57ec1fbc252a871afcec7752fb2807b14,schemes.tex,schemes-lemma-separated-permanence,01KU,split,reviewed_existing,covered_derived,The composite X_k to Y is separated,D000261,,
S000921,ega:I.5.5.4:proof,the products X_k times_Y X_k immerse as closed subschemes of X times_Y X,french_admitted,F33.json,2652207F96F697935BC81C5D63B292DE4D956905D69CB92572225E320BB27F4C,a04446e57ec1fbc252a871afcec7752fb2807b14,schemes.tex,schemes-lemma-fibre-product-immersion,01JU,split,reviewed_existing,component,The product inclusion is built from two closed base changes,D000261,,
S000922,ega:I.5.5.4:proof,the product inclusions and diagonal restrictions satisfy the canonical projection identities,french_admitted,F33.json,2652207F96F697935BC81C5D63B292DE4D956905D69CB92572225E320BB27F4C,a04446e57ec1fbc252a871afcec7752fb2807b14,categories.tex,categories-definition-fibre-products,001V,split,reviewed_existing,covered_derived,The universal property identifies every restricted diagonal square,D000261,,
S000923,ega:I.5.5.4:proof,base changes of the closed piece immersions remain closed immersions,french_admitted,F33.json,2652207F96F697935BC81C5D63B292DE4D956905D69CB92572225E320BB27F4C,a04446e57ec1fbc252a871afcec7752fb2807b14,morphisms.tex,morphisms-lemma-base-change-closed-immersion,01QR,split,reviewed_existing,covered_derived,Each factor of the product inclusion is closed,D000261,,
S000924,ega:I.5.5.4:proof,composition of the two closed product factors is a closed immersion,french_admitted,F33.json,2652207F96F697935BC81C5D63B292DE4D956905D69CB92572225E320BB27F4C,a04446e57ec1fbc252a871afcec7752fb2807b14,morphisms.tex,morphisms-lemma-composition-closed-immersion,01QS,split,reviewed_existing,covered_derived,Composition gives the full closed product inclusion,D000261,,
S000925,ega:I.5.5.4:proof,the ambient diagonal is an immersion,french_admitted,F33.json,2652207F96F697935BC81C5D63B292DE4D956905D69CB92572225E320BB27F4C,a04446e57ec1fbc252a871afcec7752fb2807b14,schemes.tex,schemes-lemma-diagonal-immersion,01KJ,split,reviewed_existing,component,Closedness is reduced to the underlying image,D000261,,
S000926,ega:I.5.5.4:proof,the finite closed union of diagonal-piece images makes the ambient diagonal closed,french_admitted,F33.json,2652207F96F697935BC81C5D63B292DE4D956905D69CB92572225E320BB27F4C,a04446e57ec1fbc252a871afcec7752fb2807b14,schemes.tex,schemes-lemma-immersion-when-closed,01IQ,split,reviewed_existing,covered_derived,Finiteness makes the union closed and the immersion criterion finishes the proof,D000261,,
S000927,ega:I.5.5.4:proof,the image of each irreducible component is irreducible,french_admitted,F33.json,2652207F96F697935BC81C5D63B292DE4D956905D69CB92572225E320BB27F4C,a04446e57ec1fbc252a871afcec7752fb2807b14,topology.tex,topology-lemma-image-irreducible-space,0379,split,reviewed_existing,component,Continuous images preserve irreducibility,D000261,,
S000928,ega:I.5.5.4:proof,each irreducible image lies in an irreducible component of Y,french_admitted,F33.json,2652207F96F697935BC81C5D63B292DE4D956905D69CB92572225E320BB27F4C,a04446e57ec1fbc252a871afcec7752fb2807b14,topology.tex,topology-lemma-irreducible,004W,split,reviewed_existing,component,Maximal irreducible closed subsets contain the image closures,D000261,,
S000929,ega:I.5.5.4:proof,the reduced irreducible component schemes are integral,french_admitted,F33.json,2652207F96F697935BC81C5D63B292DE4D956905D69CB92572225E320BB27F4C,a04446e57ec1fbc252a871afcec7752fb2807b14,properties.tex,properties-lemma-characterize-integral,01ON,split,reviewed_existing,component,Reduced plus irreducible is exactly integrality,D000261,,
S000930,ega:I.5.5.5,separatedness is local on the target for open covers,french_admitted,F33.json,2652207F96F697935BC81C5D63B292DE4D956905D69CB92572225E320BB27F4C,a04446e57ec1fbc252a871afcec7752fb2807b14,descent.tex,descent-lemma-descending-property-separated,02KU,entailed_by_stronger,reviewed_existing,full_statement,The target proves the stronger fpqc-local statement and explicitly includes Zariski locality,D000262,,
S000931,ega:I.5.5.5,the exact iff quantification is locality on a target open cover,french_admitted,F33.json,2652207F96F697935BC81C5D63B292DE4D956905D69CB92572225E320BB27F4C,a04446e57ec1fbc252a871afcec7752fb2807b14,descent.tex,descent-definition-property-morphisms-local,02KO,split,reviewed_existing,component,The definition gives both directions and the unrestricted open-cover quantifier,D000262,,
S000932,ega:I.5.5.5:proof,closed immersion of the diagonal is local on its target,french_admitted,F33.json,2652207F96F697935BC81C5D63B292DE4D956905D69CB92572225E320BB27F4C,a04446e57ec1fbc252a871afcec7752fb2807b14,schemes.tex,schemes-lemma-closed-local-target,01HL,split,reviewed_existing,component,This supplies the closed-local step in the source proof,D000262,,
S000933,ega:I.5.5.5:proof,the pairwise open products cover the global fibre product,french_admitted,F33.json,2652207F96F697935BC81C5D63B292DE4D956905D69CB92572225E320BB27F4C,a04446e57ec1fbc252a871afcec7752fb2807b14,schemes.tex,schemes-lemma-affine-covering-fibre-product,01JS,split,reviewed_existing,component,The target supplies the product-cover step,D000262,,
S000934,ega:I.5.5.5:proof,products over target opens identify with open subschemes of the global product,french_admitted,F33.json,2652207F96F697935BC81C5D63B292DE4D956905D69CB92572225E320BB27F4C,a04446e57ec1fbc252a871afcec7752fb2807b14,schemes.tex,schemes-lemma-open-fibre-product,01JR,split,reviewed_existing,component,The target gives the open-product identification,D000262,,
S000935,ega:I.5.5.5:proof,the restricted products and overlap products are canonically identified by their projections,french_admitted,F33.json,2652207F96F697935BC81C5D63B292DE4D956905D69CB92572225E320BB27F4C,a04446e57ec1fbc252a871afcec7752fb2807b14,categories.tex,categories-definition-fibre-products,001V,split,reviewed_existing,covered_derived,The universal property identifies the local and global squares,D000262,,
S000936,ega:I.5.5.5:proof,affine-open target reduction follows from 5.5.5 after correcting the printed 5.5.4 citation,french_admitted,F33.json,2652207F96F697935BC81C5D63B292DE4D956905D69CB92572225E320BB27F4C,a04446e57ec1fbc252a871afcec7752fb2807b14,descent.tex,descent-lemma-descending-property-separated,02KU,split,reviewed_existing,covered_derived,The Zariski-local consequence is exactly the required corrected dependency,D000262,,
S000937,ega:I.5.5.6,affine intersections plus generation by both chart rings characterize separatedness,french_admitted,F33.json,2652207F96F697935BC81C5D63B292DE4D956905D69CB92572225E320BB27F4C,a04446e57ec1fbc252a871afcec7752fb2807b14,schemes.tex,schemes-lemma-characterize-separated,01KP,entailed_by_stronger,reviewed_existing,full_statement,The target allows nonaffine bases through a common affine base open,D000263,,
S000938,ega:I.5.5.6:proof,the product U_alpha times_Y U_beta is affine with tensor-product coordinate ring,french_admitted,F33.json,2652207F96F697935BC81C5D63B292DE4D956905D69CB92572225E320BB27F4C,a04446e57ec1fbc252a871afcec7752fb2807b14,schemes.tex,schemes-lemma-fibre-product-affines,01JQ,split,reviewed_existing,component,The target gives the affine product and coordinate tensor,D000263,,
S000939,ega:I.5.5.6:proof,the pairwise products cover X times_Y X,french_admitted,F33.json,2652207F96F697935BC81C5D63B292DE4D956905D69CB92572225E320BB27F4C,a04446e57ec1fbc252a871afcec7752fb2807b14,schemes.tex,schemes-lemma-affine-covering-fibre-product,01JS,split,reviewed_existing,component,The chosen affine cover induces the target product cover,D000263,,
S000940,ega:I.5.5.6:proof,closedness of Delta_X is tested on the pairwise open target cover,french_admitted,F33.json,2652207F96F697935BC81C5D63B292DE4D956905D69CB92572225E320BB27F4C,a04446e57ec1fbc252a871afcec7752fb2807b14,schemes.tex,schemes-lemma-closed-local-target,01HL,split,reviewed_existing,component,Closed immersion is local on the target,D000263,,
S000941,ega:I.5.5.6:proof,the inverse image of each product under Delta_X is U_alpha intersect U_beta,french_admitted,F33.json,2652207F96F697935BC81C5D63B292DE4D956905D69CB92572225E320BB27F4C,a04446e57ec1fbc252a871afcec7752fb2807b14,categories.tex,categories-definition-fibre-products,001V,split,reviewed_existing,covered_derived,The two diagonal projections identify the inverse image with the intersection,D000263,,
S000942,ega:I.5.5.6:proof,a closed immersion into an affine target is an affine quotient and surjective ring map,french_admitted,F33.json,2652207F96F697935BC81C5D63B292DE4D956905D69CB92572225E320BB27F4C,a04446e57ec1fbc252a871afcec7752fb2807b14,morphisms.tex,morphisms-lemma-closed-immersion,01QO,split,reviewed_existing,component,The affine criterion translates diagonal closedness into ring surjectivity,D000263,,
S000943,ega:I.5.5.6:proof,a closed subscheme of an affine scheme is affine,french_admitted,F33.json,2652207F96F697935BC81C5D63B292DE4D956905D69CB92572225E320BB27F4C,a04446e57ec1fbc252a871afcec7752fb2807b14,schemes.tex,schemes-lemma-closed-immersion-affine-case,01IH,split,reviewed_existing,component,This proves necessity of the affine-intersection clause,D000263,,
S000944,ega:I.5.5.6:proof,a surjective affine ring map constructs a closed immersion,french_admitted,F33.json,2652207F96F697935BC81C5D63B292DE4D956905D69CB92572225E320BB27F4C,a04446e57ec1fbc252a871afcec7752fb2807b14,schemes.tex,schemes-example-closed-immersion-affines,01IG,split,reviewed_existing,component,This proves sufficiency from the multiplication-map surjectivity,D000263,,
S000945,ega:I.5.5.6:proof,ring generation is equivalent to surjectivity of the multiplication map,french_admitted,F33.json,2652207F96F697935BC81C5D63B292DE4D956905D69CB92572225E320BB27F4C,a04446e57ec1fbc252a871afcec7752fb2807b14,schemes.tex,schemes-lemma-characterize-separated,01KP,split,reviewed_existing,covered_unlabelled,The target proof gives the exact generation criterion after factoring through the base tensor,D000263,,
S000946,ega:I.5.5.7,every affine scheme is separated,french_admitted,F33.json,2652207F96F697935BC81C5D63B292DE4D956905D69CB92572225E320BB27F4C,a04446e57ec1fbc252a871afcec7752fb2807b14,schemes.tex,schemes-lemma-affine-separated,01KN,equivalent,reviewed_existing,full_statement,The target is the exact modern theorem,D000264,,
S000947,ega:I.5.5.8,absolute separatedness of X implies separatedness of f from X to Y,french_admitted,F33.json,2652207F96F697935BC81C5D63B292DE4D956905D69CB92572225E320BB27F4C,a04446e57ec1fbc252a871afcec7752fb2807b14,schemes.tex,schemes-lemma-compose-after-separated,01KV,entailed_by_stronger,reviewed_existing,component,Apply cancellation to X to Y to Spec Z; the target needs no affine hypothesis on Y,D000265,,
S000948,ega:I.5.5.8,an affine Y is absolutely separated,french_admitted,F33.json,2652207F96F697935BC81C5D63B292DE4D956905D69CB92572225E320BB27F4C,a04446e57ec1fbc252a871afcec7752fb2807b14,schemes.tex,schemes-lemma-affine-separated,01KN,equivalent,reviewed_existing,component,Affine separatedness supplies the base premise for the converse,D000265,,
S000949,ega:I.5.5.8,separated f and separated Y imply absolutely separated X,french_admitted,F33.json,2652207F96F697935BC81C5D63B292DE4D956905D69CB92572225E320BB27F4C,a04446e57ec1fbc252a871afcec7752fb2807b14,schemes.tex,schemes-lemma-separated-permanence,01KU,split,reviewed_existing,component,Composition with Y to Spec Z gives the converse,D000265,,
S000950,ega:I.5.5.8:proof,the affine-pair criterion becomes independent of f when the whole base Y is affine,french_admitted,F33.json,2652207F96F697935BC81C5D63B292DE4D956905D69CB92572225E320BB27F4C,a04446e57ec1fbc252a871afcec7752fb2807b14,schemes.tex,schemes-lemma-characterize-separated,01KP,split,reviewed_existing,covered_unlabelled,The same affine intersection and generation criterion applies over the global affine base,D000265,,
S000951,ega:I.5.5.9,restriction to U preserves separatedness and composition with separated U gives absolute separatedness of its inverse image,french_admitted,F33.json,2652207F96F697935BC81C5D63B292DE4D956905D69CB92572225E320BB27F4C,a04446e57ec1fbc252a871afcec7752fb2807b14,schemes.tex,schemes-lemma-separated-permanence,01KU,split,reviewed_existing,covered_derived,Base change gives the restriction and composition gives absolute separatedness,D000266,,
S000952,ega:I.5.5.9,absolute separatedness of each inverse image over an affine U implies its restricted map to U is separated,french_admitted,F33.json,2652207F96F697935BC81C5D63B292DE4D956905D69CB92572225E320BB27F4C,a04446e57ec1fbc252a871afcec7752fb2807b14,schemes.tex,schemes-lemma-compose-after-separated,01KV,entailed_by_stronger,reviewed_existing,component,Cancellation gives each restricted separated morphism,D000266,,
S000953,ega:I.5.5.9,separated restrictions over an affine cover imply f separated,french_admitted,F33.json,2652207F96F697935BC81C5D63B292DE4D956905D69CB92572225E320BB27F4C,a04446e57ec1fbc252a871afcec7752fb2807b14,descent.tex,descent-lemma-descending-property-separated,02KU,entailed_by_stronger,reviewed_existing,full_statement,The target proves separatedness fpqc local on the base and explicitly includes Zariski target locality,D000266,,
S000954,ega:I.5.5.9:proof,necessity uses base change and composition,french_admitted,F33.json,2652207F96F697935BC81C5D63B292DE4D956905D69CB92572225E320BB27F4C,a04446e57ec1fbc252a871afcec7752fb2807b14,schemes.tex,schemes-lemma-separated-permanence,01KU,split,reviewed_existing,covered_derived,The two permanence clauses reproduce the necessity proof,D000266,,
S000955,ega:I.5.5.9:proof,sufficiency uses target-open locality printed as 5.5.4 but uniquely Proposition 5.5.5,french_admitted,F33.json,2652207F96F697935BC81C5D63B292DE4D956905D69CB92572225E320BB27F4C,a04446e57ec1fbc252a871afcec7752fb2807b14,descent.tex,descent-lemma-descending-property-separated,02KU,entailed_by_stronger,reviewed_existing,covered_derived,The pinned proof explicitly states Zariski locality after 5.5.8 gives separated restrictions,D000266,,
S000956,ega:I.5.5.9:proof,every morphism between affine schemes is separated,french_admitted,F33.json,2652207F96F697935BC81C5D63B292DE4D956905D69CB92572225E320BB27F4C,a04446e57ec1fbc252a871afcec7752fb2807b14,schemes.tex,schemes-lemma-affine-separated,01KN,entailed_by_stronger,reviewed_existing,full_statement,The target allows affine source and arbitrary target,D000266,,
S000957,ega:I.5.5.10,for affine U in X and affine V in Y the intersection U with the inverse image of V is affine when Y is separated,french_admitted,F33.json,2652207F96F697935BC81C5D63B292DE4D956905D69CB92572225E320BB27F4C,a04446e57ec1fbc252a871afcec7752fb2807b14,morphisms.tex,morphisms-lemma-affine-permanence,01SG,entailed_by_stronger,reviewed_existing,full_statement,Item four says U to Y is affine and hence every affine inverse image is affine,D000267,,
S000958,ega:I.5.5.10:proof,the graph Gamma_f is closed in X times_Z Y because Y is separated,french_admitted,F33.json,2652207F96F697935BC81C5D63B292DE4D956905D69CB92572225E320BB27F4C,a04446e57ec1fbc252a871afcec7752fb2807b14,schemes.tex,schemes-lemma-semi-diagonal,01KS,entailed_by_stronger,reviewed_existing,component,The closed semi-diagonal supplies the graph factor,D000267,,
S000959,ega:I.5.5.10:proof,the product U times_Z V is affine,french_admitted,F33.json,2652207F96F697935BC81C5D63B292DE4D956905D69CB92572225E320BB27F4C,a04446e57ec1fbc252a871afcec7752fb2807b14,schemes.tex,schemes-lemma-fibre-product-affines,01JQ,equivalent,reviewed_existing,component,The affine fibre-product theorem is exact,D000267,,
S000960,ega:I.5.5.10:proof,a closed subspace of affine U times_Z V is affine,french_admitted,F33.json,2652207F96F697935BC81C5D63B292DE4D956905D69CB92572225E320BB27F4C,a04446e57ec1fbc252a871afcec7752fb2807b14,schemes.tex,schemes-lemma-closed-subspace-scheme,01IN,split,reviewed_existing,component,Item three identifies the closed subspace with an affine quotient,D000267,,
S000961,ega:I.5.5.10:proof,projection of the graph intersection identifies with U intersect the inverse image of V,french_admitted,F33.json,2652207F96F697935BC81C5D63B292DE4D956905D69CB92572225E320BB27F4C,a04446e57ec1fbc252a871afcec7752fb2807b14,categories.tex,categories-definition-fibre-products,001V,split,reviewed_existing,covered_derived,Graph projection identities give the source identification,D000267,,
S000962,ega:I.5.5.11,the projective line over K is separated by the two-chart criterion,french_admitted,F33.json,2652207F96F697935BC81C5D63B292DE4D956905D69CB92572225E320BB27F4C,a04446e57ec1fbc252a871afcec7752fb2807b14,schemes.tex,schemes-example-projective-line-separated,01KQ,equivalent,reviewed_existing,component,The target is the exact example,D000268,,
S000963,ega:I.5.5.11,the doubled affine line is two copies of Spec K[s] glued on D(s) and its induced map q to Spec K[s] is surjective,french_admitted,F33.json,2652207F96F697935BC81C5D63B292DE4D956905D69CB92572225E320BB27F4C,a04446e57ec1fbc252a871afcec7752fb2807b14,schemes.tex,schemes-example-affine-space-zero-doubled,01JD,entailed_by_stronger,reviewed_existing,component,The n equal one construction gives q and each chart maps isomorphically to the affine base,D000268,,
S000964,ega:I.5.5.11,for the doubled line the overlap D(s) is affine but the ring-generation map fails,french_admitted,F33.json,2652207F96F697935BC81C5D63B292DE4D956905D69CB92572225E320BB27F4C,a04446e57ec1fbc252a871afcec7752fb2807b14,schemes.tex,schemes-lemma-characterize-separated,01KP,split,reviewed_existing,covered_derived,"Both chart images are K[s] inside K[s,s^{-1}] and do not generate s^{-1}",D000268,,
S000965,ega:I.5.5.11,the doubled affine line is nonseparated,french_admitted,F33.json,2652207F96F697935BC81C5D63B292DE4D956905D69CB92572225E320BB27F4C,a04446e57ec1fbc252a871afcec7752fb2807b14,morphisms.tex,morphisms-remark-affine-s-opens-cover-family,0FXT,equivalent,reviewed_existing,component,The target records the same nonseparated example,D000268,,
S000966,ega:I.5.5.11,the doubled affine line and doubled affine plane are reduced from their reduced affine two-chart covers,french_admitted,F33.json,2652207F96F697935BC81C5D63B292DE4D956905D69CB92572225E320BB27F4C,a04446e57ec1fbc252a871afcec7752fb2807b14,properties.tex,properties-lemma-characterize-reduced,01OL,split,reviewed_existing,covered_derived,Reducedness is local and each affine chart is reduced,D000268,,
S000967,ega:I.5.5.11,both doubled-origin examples are irreducible because their two irreducible affine charts meet in a nonempty open,french_admitted,F33.json,2652207F96F697935BC81C5D63B292DE4D956905D69CB92572225E320BB27F4C,a04446e57ec1fbc252a871afcec7752fb2807b14,properties.tex,properties-lemma-characterize-irreducible,01OM,split,reviewed_existing,covered_derived,The chart criterion proves irreducibility in both examples,D000268,,
S000968,ega:I.5.5.11,each doubled-origin example is integral because it is reduced and irreducible,french_admitted,F33.json,2652207F96F697935BC81C5D63B292DE4D956905D69CB92572225E320BB27F4C,a04446e57ec1fbc252a871afcec7752fb2807b14,properties.tex,properties-lemma-characterize-integral,01ON,split,reviewed_existing,covered_derived,The target characterizes integral schemes as reduced and irreducible,D000268,,
S000969,ega:I.5.5.11,the corrected fibres of q have one point away from (s) and two points over (s),french_admitted,F33.json,2652207F96F697935BC81C5D63B292DE4D956905D69CB92572225E320BB27F4C,a04446e57ec1fbc252a871afcec7752fb2807b14,schemes.tex,schemes-example-affine-space-zero-doubled,01JD,split,reviewed_existing,covered_derived,Only the prime (s) is absent from D(s) so all other chart points are identified,D000268,,
S000970,ega:I.5.5.11,"the punctured affine plane U=D(s) union D(t) is nonaffine and Gamma(U)=K[s,t]",french_admitted,F33.json,2652207F96F697935BC81C5D63B292DE4D956905D69CB92572225E320BB27F4C,a04446e57ec1fbc252a871afcec7752fb2807b14,schemes.tex,schemes-example-not-affine,01IL,equivalent,reviewed_existing,component,The target is the exact punctured-plane calculation,D000268,,
S000971,ega:I.5.5.11,the doubled affine plane is two affine planes glued by the identity along the punctured plane,french_admitted,F33.json,2652207F96F697935BC81C5D63B292DE4D956905D69CB92572225E320BB27F4C,a04446e57ec1fbc252a871afcec7752fb2807b14,schemes.tex,schemes-example-affine-space-zero-doubled,01JD,entailed_by_stronger,reviewed_existing,component,The n equal two construction gives the source example,D000268,,
S000972,ega:I.5.5.11,the corrected doubled-plane verdict is that the affine-intersection condition fails while the ring-generation condition holds,french_admitted,F33.json,2652207F96F697935BC81C5D63B292DE4D956905D69CB92572225E320BB27F4C,a04446e57ec1fbc252a871afcec7752fb2807b14,schemes.tex,schemes-lemma-characterize-separated,01KP,split,reviewed_existing,covered_derived,Combine 01IL with the two identity restriction maps whose images equal the full overlap ring,D000268,,
S000973,ega:I.5.5.12,preservation of property P under arbitrary base change is clause four,french_admitted,F33.json,2652207F96F697935BC81C5D63B292DE4D956905D69CB92572225E320BB27F4C,a04446e57ec1fbc252a871afcec7752fb2807b14,schemes.tex,schemes-definition-preserved-by-base-change,01JZ,equivalent,reviewed_existing,component,The target definition is exact,D000269,,
S000974,ega:I.5.5.12,under identity and composition assumptions the product and base-change clauses are equivalent,french_admitted,F33.json,2652207F96F697935BC81C5D63B292DE4D956905D69CB92572225E320BB27F4C,a04446e57ec1fbc252a871afcec7752fb2807b14,categories.tex,categories-definition-fibre-products,001V,split,reviewed_existing,covered_derived,Identity has P because it is a closed immersion and product maps factor as two base changes,D000269,,
S000975,ega:I.5.5.12,if g is separated then the graph Gamma_f into X times_Z Y is a closed immersion,french_admitted,F33.json,2652207F96F697935BC81C5D63B292DE4D956905D69CB92572225E320BB27F4C,a04446e57ec1fbc252a871afcec7752fb2807b14,schemes.tex,schemes-lemma-semi-diagonal,01KS,entailed_by_stronger,reviewed_existing,component,The closed graph supplies the first factor in clause five,D000269,,
S000976,ega:I.5.5.12,p2 equals the product of g composed_with f and id_Y while f equals p2 composed_with Gamma_f,french_admitted,F33.json,2652207F96F697935BC81C5D63B292DE4D956905D69CB92572225E320BB27F4C,a04446e57ec1fbc252a871afcec7752fb2807b14,categories.tex,categories-definition-fibre-products,001V,split,reviewed_existing,covered_derived,These projection identities prove clause five under the property axioms,D000269,,
S000977,ega:I.5.5.12,the canonical reduction arrows X_red to X and Y_red to Y are closed immersions,french_admitted,F33.json,2652207F96F697935BC81C5D63B292DE4D956905D69CB92572225E320BB27F4C,a04446e57ec1fbc252a871afcec7752fb2807b14,schemes.tex,schemes-definition-reduced-induced-scheme,01J4,equivalent,reviewed_existing,component,The definition constructs the reductions as closed induced subschemes,D000269,,
S000978,ega:I.5.5.12,the map f induces f_red and the reduction square commutes,french_admitted,F33.json,2652207F96F697935BC81C5D63B292DE4D956905D69CB92572225E320BB27F4C,a04446e57ec1fbc252a871afcec7752fb2807b14,schemes.tex,schemes-lemma-map-into-reduction,0356,entailed_by_stronger,reviewed_existing,covered_derived,Factor f composed_with i_X uniquely through Y_red to obtain i_Y composed_with f_red equal f composed_with i_X,D000269,,
S000979,ega:I.5.5.12,the right reduction immersion is separated and derived clause five cancels it from the property composite,french_admitted,F33.json,2652207F96F697935BC81C5D63B292DE4D956905D69CB92572225E320BB27F4C,a04446e57ec1fbc252a871afcec7752fb2807b14,schemes.tex,schemes-lemma-immersions-monomorphisms,01L7,entailed_by_stronger,reviewed_existing,component,Tag 01L7 supplies separatedness only after 01J4 establishes closedness,D000269,,
S000980,ega:I.5.5.12,without g separated the graph Gamma_f is still an immersion,french_admitted,F33.json,2652207F96F697935BC81C5D63B292DE4D956905D69CB92572225E320BB27F4C,a04446e57ec1fbc252a871afcec7752fb2807b14,schemes.tex,schemes-lemma-semi-diagonal,01KS,entailed_by_stronger,reviewed_existing,component,The unconditional immersion clause proves the weakened cancellation statement,D000269,,
S000981,ega:I.5.5.12,the same product identity and graph factorization prove the immersion variant,french_admitted,F33.json,2652207F96F697935BC81C5D63B292DE4D956905D69CB92572225E320BB27F4C,a04446e57ec1fbc252a871afcec7752fb2807b14,categories.tex,categories-definition-fibre-products,001V,split,reviewed_existing,covered_derived,The factorization is unchanged when closed immersion is weakened to immersion,D000269,,
S000982,ega:I.5.5.12:diagram:xymatrix:1,the four-arrow commutative reduction square,french_admitted,F33.json,2652207F96F697935BC81C5D63B292DE4D956905D69CB92572225E320BB27F4C,a04446e57ec1fbc252a871afcec7752fb2807b14,schemes.tex,schemes-lemma-map-into-reduction,0356,split,reviewed_existing,component,Factorization supplies the top arrow and commutativity while D48 leaves visual certification pending,D000270,Semantic graph only; operational visual promotion is referred under I000095,
S000983,ega:I.5.5.12:diagram:xymatrix:1,the two vertical reduction arrows are closed immersions,french_admitted,F33.json,2652207F96F697935BC81C5D63B292DE4D956905D69CB92572225E320BB27F4C,a04446e57ec1fbc252a871afcec7752fb2807b14,schemes.tex,schemes-definition-reduced-induced-scheme,01J4,equivalent,reviewed_existing,component,The reduction definition supplies closedness while D48 leaves visual certification pending,D000270,Tag 01L7 is used only later for separatedness,
S000984,ega:I.5.5.13,clause five follows using only precomposition by a closed immersion,french_admitted,F33.json,2652207F96F697935BC81C5D63B292DE4D956905D69CB92572225E320BB27F4C,a04446e57ec1fbc252a871afcec7752fb2807b14,schemes.tex,schemes-lemma-semi-diagonal,01KS,split,reviewed_existing,covered_derived,The closed graph is the only closed precomposition before the shared product factor,D000271,,
S000985,ega:I.5.5.13,the reduction clause uses closed reduction arrows then the already derived cancellation clause,french_admitted,F33.json,2652207F96F697935BC81C5D63B292DE4D956905D69CB92572225E320BB27F4C,a04446e57ec1fbc252a871afcec7752fb2807b14,schemes.tex,schemes-lemma-map-into-reduction,0356,split,reviewed_existing,covered_derived,First prove the composite i_Y f_red equals f i_X has P and then cancel separated i_Y,D000271,,
S000986,ega:I.5.5.13,the immersion variant follows using only precomposition by an immersion,french_admitted,F33.json,2652207F96F697935BC81C5D63B292DE4D956905D69CB92572225E320BB27F4C,a04446e57ec1fbc252a871afcec7752fb2807b14,schemes.tex,schemes-lemma-semi-diagonal,01KS,split,reviewed_existing,covered_derived,The unconditional graph immersion is the only weakened precomposition,D000271,,
S000987,ega:I.6.1.1,locally Noetherian means an arbitrary affine open cover with Noetherian coordinate rings,french_admitted,F33.json,2652207F96F697935BC81C5D63B292DE4D956905D69CB92572225E320BB27F4C,a04446e57ec1fbc252a871afcec7752fb2807b14,properties.tex,properties-lemma-locally-Noetherian,01OW,equivalent,reviewed_existing,component,Item three is the exact affine-cover formulation and item one is the modern pointwise formulation,D000278,,
S000988,ega:I.6.1.1,Noetherian means a finite affine open cover with Noetherian coordinate rings,french_admitted,F33.json,2652207F96F697935BC81C5D63B292DE4D956905D69CB92572225E320BB27F4C,a04446e57ec1fbc252a871afcec7752fb2807b14,properties.tex,properties-definition-noetherian,01OV,equivalent,reviewed_existing,full_statement,Local Noetherianity plus quasi-compactness gives a finite affine subcover and every such finite cover gives both target conditions,D000278,Use 01OW for the affine-cover locality and do not conflate 01OV with 01OW,
S000989,ega:I.6.1.1,the following unnumbered lines 15-17 say the structure sheaf on a locally Noetherian scheme is coherent,french_admitted,F33.json,2652207F96F697935BC81C5D63B292DE4D956905D69CB92572225E320BB27F4C,a04446e57ec1fbc252a871afcec7752fb2807b14,coherent.tex,coherent-lemma-coherent-Noetherian,01XZ,equivalent,reviewed_existing,full_statement,The final sentence of the target states exactly that O_X is coherent,D000278,This binds the unnumbered French prose rather than only the generated definition unit,
S000990,ega:I.6.1.1,the following unnumbered lines 17-28 say every quasi-coherent submodule or quotient of a coherent module is coherent,french_admitted,F33.json,2652207F96F697935BC81C5D63B292DE4D956905D69CB92572225E320BB27F4C,a04446e57ec1fbc252a871afcec7752fb2807b14,coherent.tex,coherent-lemma-coherent-Noetherian-quasi-coherent-sub-quotient,01Y1,equivalent,reviewed_existing,full_statement,The target has the same locally Noetherian hypothesis and both quasi-coherent submodule and quotient quantifiers,D000278,This binds the unnumbered French prose,
S000991,ega:I.6.1.1,the following unnumbered lines 28-29 say every quasi-coherent ideal sheaf is coherent,french_admitted,F33.json,2652207F96F697935BC81C5D63B292DE4D956905D69CB92572225E320BB27F4C,a04446e57ec1fbc252a871afcec7752fb2807b14,coherent.tex,coherent-lemma-coherent-Noetherian-quasi-coherent-sub-quotient,01Y1,split,reviewed_existing,covered_derived,Apply the submodule clause to the quasi-coherent ideal inside coherent O_X using 01XZ,D000278,This is the explicit ideal-sheaf corollary in the unnumbered prose,
S000992,ega:I.6.1.1,the following unnumbered lines 31-34 give finite Noetherian-open unions and arbitrary locally-Noetherian-open unions,french_admitted,F33.json,2652207F96F697935BC81C5D63B292DE4D956905D69CB92572225E320BB27F4C,a04446e57ec1fbc252a871afcec7752fb2807b14,properties.tex,properties-lemma-locally-Noetherian,01OW,split,reviewed_existing,covered_derived,Item four gives arbitrary open locality and the finite case becomes Noetherian by quasi-compactness and 01OV,D000278,This binds both parenthesized alternatives in the unnumbered French prose,
S000993,ega:I.6.1.2,X is Noetherian if and only if it is locally Noetherian and its underlying space is quasi-compact,french_admitted,F33.json,2652207F96F697935BC81C5D63B292DE4D956905D69CB92572225E320BB27F4C,a04446e57ec1fbc252a871afcec7752fb2807b14,properties.tex,properties-definition-noetherian,01OV,equivalent,reviewed_existing,full_statement,Item two is the exact modern formulation and affine quasi-compactness 00E8 identifies it with the source finite-cover definition,D000279,,
S000994,ega:I.6.1.2,a Noetherian scheme has a Noetherian underlying topological space,french_admitted,F33.json,2652207F96F697935BC81C5D63B292DE4D956905D69CB92572225E320BB27F4C,a04446e57ec1fbc252a871afcec7752fb2807b14,properties.tex,properties-lemma-Noetherian-topology,01OZ,equivalent,reviewed_existing,full_statement,The parenthesized target states both the Noetherian and locally Noetherian topological conclusions,D000279,Use only the Noetherian specialization here,
S000995,ega:I.6.1.2:proof,each affine member with a Noetherian coordinate ring has Noetherian spectrum,french_admitted,F33.json,2652207F96F697935BC81C5D63B292DE4D956905D69CB92572225E320BB27F4C,a04446e57ec1fbc252a871afcec7752fb2807b14,algebra.tex,algebra-lemma-Noetherian-topology,00FQ,equivalent,reviewed_existing,component,The target is the exact affine topological step in the source proof,D000279,,
S000996,ega:I.6.1.2:proof,a finite union of Noetherian subspaces is Noetherian,french_admitted,F33.json,2652207F96F697935BC81C5D63B292DE4D956905D69CB92572225E320BB27F4C,a04446e57ec1fbc252a871afcec7752fb2807b14,topology.tex,topology-lemma-finite-union-Noetherian,0053,equivalent,reviewed_existing,component,The target has the same finite-family quantifier and induced-topology conclusion,D000279,,
S000997,ega:I.6.1.3,for affine X locally Noetherian is equivalent to its coordinate ring being Noetherian,french_admitted,F33.json,2652207F96F697935BC81C5D63B292DE4D956905D69CB92572225E320BB27F4C,a04446e57ec1fbc252a871afcec7752fb2807b14,properties.tex,properties-lemma-locally-Noetherian,01OW,equivalent,reviewed_existing,component,Items one and two give the equivalence for every affine open and hence for X itself,D000280,,
S000998,ega:I.6.1.3,for affine X Noetherian is equivalent to locally Noetherian,french_admitted,F33.json,2652207F96F697935BC81C5D63B292DE4D956905D69CB92572225E320BB27F4C,a04446e57ec1fbc252a871afcec7752fb2807b14,properties.tex,properties-definition-noetherian,01OV,split,reviewed_existing,covered_derived,Every affine spectrum is quasi-compact by 00E8 so the target definition makes the two source conditions equivalent,D000280,,
S000999,ega:I.6.1.3:proof,on an affine scheme every quasi-coherent ideal sheaf is associated to its global ideal,french_admitted,F33.json,2652207F96F697935BC81C5D63B292DE4D956905D69CB92572225E320BB27F4C,a04446e57ec1fbc252a871afcec7752fb2807b14,schemes.tex,schemes-lemma-quasi-coherent-affine,01IA,split,reviewed_existing,component,The target identifies every quasi-coherent sheaf on Spec A with the sheaf associated to its global A-module; an included subsheaf of O_X gives an ideal,D000280,This realizes the source ideal-to-sheaf correspondence on X and each affine V_i,
S001000,ega:I.6.1.3:proof,restriction of each quasi-coherent ideal sheaf to an affine cover remains quasi-coherent,french_admitted,F33.json,2652207F96F697935BC81C5D63B292DE4D956905D69CB92572225E320BB27F4C,a04446e57ec1fbc252a871afcec7752fb2807b14,modules.tex,modules-lemma-pullback-quasi-coherent,01BG,entailed_by_stronger,reviewed_existing,component,The target preserves quasi-coherence under pullback by every morphism and hence under each canonical open immersion V_i to X,D000280,,
S001001,ega:I.6.1.3:proof,each ascending ideal chain on a Noetherian affine member stabilizes and one maximum index works on the finite cover,french_admitted,F33.json,2652207F96F697935BC81C5D63B292DE4D956905D69CB92572225E320BB27F4C,a04446e57ec1fbc252a871afcec7752fb2807b14,algebra.tex,algebra-lemma-Noetherian-basic,00IK,equivalent,reviewed_existing,component,The target gives ACC for submodules of a finite module; take the finite module A_i and then the maximum of the finitely many stabilization indices,D000280,,
S001002,ega:I.6.1.3,the following unnumbered lines 81-83 say every ascending sequence of coherent ideal sheaves on a Noetherian scheme stabilizes,french_admitted,F33.json,2652207F96F697935BC81C5D63B292DE4D956905D69CB92572225E320BB27F4C,a04446e57ec1fbc252a871afcec7752fb2807b14,coherent.tex,coherent-lemma-acc-coherent,01Y8,entailed_by_stronger,reviewed_existing,full_statement,Take F equal O_X; the target handles every ascending chain of quasi-coherent submodules and coherent ideals are quasi-coherent,D000280,This explicitly binds the unnumbered post-proof assertion,
S001003,ega:I.6.1.4,every subprescheme of a Noetherian or locally Noetherian prescheme is respectively Noetherian or locally Noetherian,french_admitted,F33.json,2652207F96F697935BC81C5D63B292DE4D956905D69CB92572225E320BB27F4C,a04446e57ec1fbc252a871afcec7752fb2807b14,properties.tex,properties-lemma-locally-closed-in-Noetherian,02IK,equivalent,reviewed_existing,full_statement,Under the historical definition subprescheme means a locally closed subscheme and the target has both parenthesized alternatives exactly,D000281,,
S001004,ega:I.6.1.4:proof,a subprescheme factors as a closed subscheme of an open subscheme,french_admitted,F33.json,2652207F96F697935BC81C5D63B292DE4D956905D69CB92572225E320BB27F4C,a04446e57ec1fbc252a871afcec7752fb2807b14,schemes.tex,schemes-definition-immersion,01IO,equivalent,reviewed_existing,component,Item five is the exact modern closed-then-open factorization of an immersion,D000281,,
S001005,ega:I.6.1.4:proof,a closed subscheme of Spec A is Spec of a quotient A modulo an ideal,french_admitted,F33.json,2652207F96F697935BC81C5D63B292DE4D956905D69CB92572225E320BB27F4C,a04446e57ec1fbc252a871afcec7752fb2807b14,schemes.tex,schemes-lemma-closed-immersion-affine-case,01IH,equivalent,reviewed_existing,component,The target gives the unique quotient ideal and affine identification used in the closed case,D000281,,
S001006,ega:I.6.1.4:proof,quotients and localizations of a Noetherian ring are Noetherian,french_admitted,F33.json,2652207F96F697935BC81C5D63B292DE4D956905D69CB92572225E320BB27F4C,a04446e57ec1fbc252a871afcec7752fb2807b14,algebra.tex,algebra-lemma-Noetherian-permanence,00FN,split,reviewed_existing,component,The statement gives localization permanence and its proof explicitly gives quotient permanence,D000281,,
S001007,ega:I.6.1.4:proof,a standard open D(f) in Spec A is affine with coordinate ring A_f,french_admitted,F33.json,2652207F96F697935BC81C5D63B292DE4D956905D69CB92572225E320BB27F4C,a04446e57ec1fbc252a871afcec7752fb2807b14,schemes.tex,schemes-lemma-standard-open-affine,01I3,equivalent,reviewed_existing,component,The proof identifies D(f) with Spec(A_f) exactly as in the source,D000281,,
S001008,ega:I.6.1.5,an affine scheme Spec B is Noetherian exactly when its coordinate ring B is Noetherian,french_admitted,F33.json,2652207F96F697935BC81C5D63B292DE4D956905D69CB92572225E320BB27F4C,a04446e57ec1fbc252a871afcec7752fb2807b14,properties.tex,properties-lemma-locally-Noetherian,01OW,split,reviewed_existing,component,For affine Spec B item two identifies local Noetherianity with B Noetherian and affine quasi-compactness then identifies Noetherianity by 01OV,D000282,This source-specific edge completes the passage from the tensor counterexample to the product warning and does not reuse the 6.1.3 edge as topical coverage,
S001009,ega:I.6.1.5,the product of affine S-schemes is affine with tensor-product coordinate ring,french_admitted,F33.json,2652207F96F697935BC81C5D63B292DE4D956905D69CB92572225E320BB27F4C,a04446e57ec1fbc252a871afcec7752fb2807b14,schemes.tex,schemes-lemma-fibre-product-affines,01JQ,equivalent,reviewed_existing,component,For X=Spec A and Y=Spec B over S=Spec R the target proof identifies the product with Spec(A tensor_R B),D000282,This covers the geometric-to-algebraic reduction but not by itself the non-Noetherian warning,
S001010,ega:I.6.1.5,for K over k the diagonal ideal J in K tensor_k K has conormal module J modulo J squared isomorphic to Omega_K_over_k,french_admitted,F33.json,2652207F96F697935BC81C5D63B292DE4D956905D69CB92572225E320BB27F4C,a04446e57ec1fbc252a871afcec7752fb2807b14,algebra.tex,algebra-lemma-differentials-diagonal,00RW,equivalent,reviewed_existing,component,Apply the target to k mapping to K and the multiplication kernel J,D000282,This begins the explicit typed counterexample because no single pinned target states the warning,
S001011,ega:I.6.1.5,finite rational function stages have free differential modules with the variable differentials as basis,french_admitted,F33.json,2652207F96F697935BC81C5D63B292DE4D956905D69CB92572225E320BB27F4C,a04446e57ec1fbc252a871afcec7752fb2807b14,algebra.tex,algebra-lemma-differentials-polynomial-ring,00RX,split,reviewed_existing,component,For k[x_1 through x_n] the target gives the free basis before passage to the fraction field,D000282,,
S001012,ega:I.6.1.5,localization carries the polynomial differential basis to each finite rational function field,french_admitted,F33.json,2652207F96F697935BC81C5D63B292DE4D956905D69CB92572225E320BB27F4C,a04446e57ec1fbc252a871afcec7752fb2807b14,algebra.tex,algebra-lemma-differentials-localize,00RT,split,reviewed_existing,component,Item two gives Omega_k(x_1 through x_n)_over_k as the localization of the finite free polynomial differential module,D000282,,
S001013,ega:I.6.1.5,differentials commute with the directed union K equals the colimit of k(x_1 through x_n),french_admitted,F33.json,2652207F96F697935BC81C5D63B292DE4D956905D69CB92572225E320BB27F4C,a04446e57ec1fbc252a871afcec7752fb2807b14,algebra.tex,algebra-lemma-colimit-differentials,031G,equivalent,reviewed_existing,component,The target yields Omega_K_over_k equal to the direct limit and hence the direct sum of K dx_i which is not finite,D000282,If K tensor_k K were Noetherian then its ideal J and therefore J modulo J squared would be finite; 00RW gives the contradiction,
S001014,ega:I.6.1.6,the nilradical sheaf of a Noetherian scheme is killed by one global power,french_admitted,F33.json,2652207F96F697935BC81C5D63B292DE4D956905D69CB92572225E320BB27F4C,a04446e57ec1fbc252a871afcec7752fb2807b14,coherent.tex,coherent-lemma-power-ideal-kills-sheaf,01Y9,entailed_by_stronger,reviewed_existing,full_statement,Take F=O_X and I=N_X defining X_red; its support is all X so the target gives N_X^n=0,D000283,The target is a more general if-and-only-if for coherent F and quasi-coherent ideals,
S001015,ega:I.6.1.6:proof,a Noetherian scheme has a finite affine cover by spectra of Noetherian rings,french_admitted,F33.json,2652207F96F697935BC81C5D63B292DE4D956905D69CB92572225E320BB27F4C,a04446e57ec1fbc252a871afcec7752fb2807b14,properties.tex,properties-definition-noetherian,01OV,split,reviewed_existing,component,Quasi-compactness gives a finite subcover from the Noetherian affine cover supplied by 01OW,D000283,This is the finite-family dependency needed to take one maximum exponent,
S001016,ega:I.6.1.6:proof,the nilradical of each Noetherian affine coordinate ring is nilpotent,french_admitted,F33.json,2652207F96F697935BC81C5D63B292DE4D956905D69CB92572225E320BB27F4C,a04446e57ec1fbc252a871afcec7752fb2807b14,algebra.tex,algebra-lemma-Noetherian-power,00IM,equivalent,reviewed_existing,component,Set I=0 and J equal to the nilradical in the target; a finite affine cover lets the source take the maximum of the resulting exponents,D000283,,
S001017,ega:I.6.1.7,the notation X_red is the reduced closed subscheme on the full underlying space of X,french_admitted,F33.json,2652207F96F697935BC81C5D63B292DE4D956905D69CB92572225E320BB27F4C,a04446e57ec1fbc252a871afcec7752fb2807b14,schemes.tex,schemes-definition-reduced-induced-scheme,01J4,equivalent,reviewed_existing,component,The target defines X_red as the reduced induced scheme structure on X itself,D000284,,
S001018,ega:I.6.1.7:proof,the reduction arrow X_red to X is a thickening,french_admitted,F33.json,2652207F96F697935BC81C5D63B292DE4D956905D69CB92572225E320BB27F4C,a04446e57ec1fbc252a871afcec7752fb2807b14,more-morphisms.tex,more-morphisms-definition-thickening,04EX,split,reviewed_existing,component,By 01J4 the reduction is closed with the same underlying topological space and therefore satisfies item one exactly,D000284,,
S001019,ega:I.6.1.7,if X_red is affine then X is affine,french_admitted,F33.json,2652207F96F697935BC81C5D63B292DE4D956905D69CB92572225E320BB27F4C,a04446e57ec1fbc252a871afcec7752fb2807b14,more-morphisms.tex,more-morphisms-lemma-thickening-affine-scheme,06AD,entailed_by_stronger,reviewed_existing,component,The target proves affineness for every thickening and therefore needs neither Noetherianity nor the global nilpotence supplied by 6.1.6,D000284,,
S001020,ega:I.6.1.7,if X is affine then its reduction X_red is affine,french_admitted,F33.json,2652207F96F697935BC81C5D63B292DE4D956905D69CB92572225E320BB27F4C,a04446e57ec1fbc252a871afcec7752fb2807b14,schemes.tex,schemes-lemma-closed-immersion-affine-case,01IH,equivalent,reviewed_existing,component,The reduction is a closed subscheme by 01J4 and the target identifies it with an affine quotient spectrum,D000284,,
S001021,ega:I.6.1.8,an open neighbourhood with finitely many irreducible components yields eventual connectedness of every smaller open neighbourhood,french_admitted,F33.json,2652207F96F697935BC81C5D63B292DE4D956905D69CB92572225E320BB27F4C,a04446e57ec1fbc252a871afcec7752fb2807b14,topology.tex,topology-lemma-locally-Noetherian-locally-connected,04MF,partial,reviewed_existing,component,Tag 04MF proves local connectedness only under the stronger locally Noetherian hypothesis and states only the weaker basis conclusion,D000285,Do not promote this edge to full statement coverage,
S001022,ega:I.6.1.8:proof,removing the finitely many irreducible components not containing x leaves an open neighbourhood,french_admitted,F33.json,2652207F96F697935BC81C5D63B292DE4D956905D69CB92572225E320BB27F4C,a04446e57ec1fbc252a871afcec7752fb2807b14,topology.tex,topology-lemma-irreducible,004W,split,reviewed_existing,covered_derived,Tag 004W makes irreducible components closed and covering so the finite removed union is closed in U,D000285,The false global-complement aside is excluded under D000291,
S001023,ega:I.6.1.8:proof,the irreducible components of an open W are traces of the components of U meeting W,french_admitted,F33.json,2652207F96F697935BC81C5D63B292DE4D956905D69CB92572225E320BB27F4C,a04446e57ec1fbc252a871afcec7752fb2807b14,topology.tex,topology-lemma-irreducible,004W,split,reviewed_existing,covered_derived,Maximal extension and closure from 004W give the trace correspondence together with the elementary irreducibility of a nonempty open trace,D000285,The correspondence is proof-derived rather than a separately labelled Stacks assertion,
S001024,ega:I.6.1.8:proof,each irreducible component of W is connected,french_admitted,F33.json,2652207F96F697935BC81C5D63B292DE4D956905D69CB92572225E320BB27F4C,a04446e57ec1fbc252a871afcec7752fb2807b14,topology.tex,topology-definition-irreducible-components,004V,equivalent,reviewed_existing,component,The prose following Tag 004V states that an irreducible space is connected,D000285,,
S001025,ega:I.6.1.8:proof,the components of W all contain x and their union W is connected,french_admitted,F33.json,2652207F96F697935BC81C5D63B292DE4D956905D69CB92572225E320BB27F4C,a04446e57ec1fbc252a871afcec7752fb2807b14,topology.tex,topology-lemma-connected-components,004T,split,reviewed_existing,covered_derived,The proof of 004T proves that a union of connected subsets with nonempty common intersection is connected,D000285,Apply the proof claim with common point x,
S001026,ega:I.6.1.9,a locally Noetherian topological space is locally connected,french_admitted,F33.json,2652207F96F697935BC81C5D63B292DE4D956905D69CB92572225E320BB27F4C,a04446e57ec1fbc252a871afcec7752fb2807b14,topology.tex,topology-lemma-locally-Noetherian-locally-connected,04MF,equivalent,reviewed_existing,full_statement,Tag 04MF is the exact modern statement,D000286,,
S001027,ega:I.6.1.9,connected components of a locally Noetherian space are open,french_admitted,F33.json,2652207F96F697935BC81C5D63B292DE4D956905D69CB92572225E320BB27F4C,a04446e57ec1fbc252a871afcec7752fb2807b14,topology.tex,topology-lemma-locally-connected,04ME,equivalent,reviewed_existing,component,Tag 04ME states that connected components of every locally connected space are open,D000286,Combine with S001026,
S001028,ega:I.6.1.10,irreducible components are closed and cover X,french_admitted,F33.json,2652207F96F697935BC81C5D63B292DE4D956905D69CB92572225E320BB27F4C,a04446e57ec1fbc252a871afcec7752fb2807b14,topology.tex,topology-lemma-irreducible,004W,split,reviewed_existing,component,Tag 004W supplies the closedness and covering facts used throughout clauses a through d,D000287,,
S001029,ega:I.6.1.10,connected components are closed unique and pairwise disjoint,french_admitted,F33.json,2652207F96F697935BC81C5D63B292DE4D956905D69CB92572225E320BB27F4C,a04446e57ec1fbc252a871afcec7752fb2807b14,topology.tex,topology-lemma-connected-components,004T,split,reviewed_existing,component,Tag 004T supplies the component facts used in clauses b and c,D000287,,
S001030,ega:I.6.1.10,local Noetherianity supplies locally finite irreducible decompositions,french_admitted,F33.json,2652207F96F697935BC81C5D63B292DE4D956905D69CB92572225E320BB27F4C,a04446e57ec1fbc252a871afcec7752fb2807b14,topology.tex,topology-lemma-Noetherian,0052,split,reviewed_existing,component,Tag 0052 states that every Noetherian subspace is Noetherian and has finitely many irreducible components,D000287,Only the implication d to a needs this input,
S001031,ega:I.6.1.10,components through x correspond to minimal primes of the local ring,french_admitted,F33.json,2652207F96F697935BC81C5D63B292DE4D956905D69CB92572225E320BB27F4C,a04446e57ec1fbc252a871afcec7752fb2807b14,algebra.tex,algebra-lemma-irreducible-components-containing-x,00ET,equivalent,reviewed_existing,component,Tag 00ET gives the exact affine correspondence after identifying the stalk with a localization,D000287,This covers the core of d equivalent e without Noetherianity,
S001032,ega:I.6.1.10,irreducible components of an affine spectrum are indexed by minimal primes,french_admitted,F33.json,2652207F96F697935BC81C5D63B292DE4D956905D69CB92572225E320BB27F4C,a04446e57ec1fbc252a871afcec7752fb2807b14,algebra.tex,algebra-lemma-irreducible,00ES,split,reviewed_existing,component,Tag 00ES identifies the components of Spec R with V of the minimal primes,D000287,,
S001033,ega:I.6.1.10,an affine local spectrum is irreducible exactly when its nilradical is prime,french_admitted,F33.json,2652207F96F697935BC81C5D63B292DE4D956905D69CB92572225E320BB27F4C,a04446e57ec1fbc252a871afcec7752fb2807b14,algebra.tex,algebra-lemma-Zariski-topology,00E0,split,reviewed_existing,covered_derived,Tag 00E0 identifies a radical with the intersection of containing primes so one minimal prime is equivalent to a prime nilradical,D000287,Use together with 00ES,
S001034,ega:I.6.1.10:proof,an open irreducible component is connected and clopen,french_admitted,F33.json,2652207F96F697935BC81C5D63B292DE4D956905D69CB92572225E320BB27F4C,a04446e57ec1fbc252a871afcec7752fb2807b14,topology.tex,topology-definition-irreducible-components,004V,split,reviewed_existing,covered_derived,The prose after 004V gives irreducible implies connected and 004W supplies closedness,D000287,This is the implication a to b,
S001035,ega:I.6.1.10:proof,maximal connected subsets are closed unique and disjoint,french_admitted,F33.json,2652207F96F697935BC81C5D63B292DE4D956905D69CB92572225E320BB27F4C,a04446e57ec1fbc252a871afcec7752fb2807b14,topology.tex,topology-lemma-connected-components,004T,split,reviewed_existing,covered_derived,Tag 004T supports b to c and the maximality argument c to b and c to d,D000287,,
S001036,ega:I.6.1.10:proof,a Noetherian neighbourhood has finitely many irreducible components,french_admitted,F33.json,2652207F96F697935BC81C5D63B292DE4D956905D69CB92572225E320BB27F4C,a04446e57ec1fbc252a871afcec7752fb2807b14,topology.tex,topology-lemma-Noetherian,0052,split,reviewed_existing,covered_derived,Finite local decompositions reduce d to a to a finite closed-union complement,D000287,,
S001037,ega:I.6.1.10:proof,pairwise disjoint closed irreducible components in a finite decomposition are open,french_admitted,F33.json,2652207F96F697935BC81C5D63B292DE4D956905D69CB92572225E320BB27F4C,a04446e57ec1fbc252a871afcec7752fb2807b14,topology.tex,topology-lemma-irreducible,004W,split,reviewed_existing,covered_derived,Closedness from 004W and finiteness from 0052 make each component the complement of the union of the others locally,D000287,,
S001038,ega:I.6.1.10:proof,unique irreducible component through x is equivalent to a unique minimal prime of O_x,french_admitted,F33.json,2652207F96F697935BC81C5D63B292DE4D956905D69CB92572225E320BB27F4C,a04446e57ec1fbc252a871afcec7752fb2807b14,algebra.tex,algebra-lemma-irreducible-components-containing-x,00ET,equivalent,reviewed_existing,covered_derived,Tag 00ET absorbs the localization and minimal-prime step in the source proof,D000287,,
S001039,ega:I.6.1.10:proof,a local ring has a unique minimal prime exactly when its nilradical is prime,french_admitted,F33.json,2652207F96F697935BC81C5D63B292DE4D956905D69CB92572225E320BB27F4C,a04446e57ec1fbc252a871afcec7752fb2807b14,algebra.tex,algebra-lemma-Zariski-topology,00E0,split,reviewed_existing,covered_derived,The nilradical is the intersection of all primes and is prime precisely when it is itself the unique minimal prime,D000287,This is weaker than any unibranch condition,
S001040,ega:I.6.1.11,connected and nonempty is the Stacks notion connected,french_admitted,F33.json,2652207F96F697935BC81C5D63B292DE4D956905D69CB92572225E320BB27F4C,a04446e57ec1fbc252a871afcec7752fb2807b14,topology.tex,topology-definition-connected-components,004S,equivalent,reviewed_existing,component,Tag 004S builds nonemptiness into connected whereas EGA states it separately here,D000288,Do not transfer this convention silently to 6.1.12,
S001041,ega:I.6.1.11,irreducible components are closed and cover a nonempty space,french_admitted,F33.json,2652207F96F697935BC81C5D63B292DE4D956905D69CB92572225E320BB27F4C,a04446e57ec1fbc252a871afcec7752fb2807b14,topology.tex,topology-lemma-irreducible,004W,split,reviewed_existing,component,Tag 004W supplies the component decomposition used by the criterion,D000288,,
S001042,ega:I.6.1.11,connected components are unique and disjoint,french_admitted,F33.json,2652207F96F697935BC81C5D63B292DE4D956905D69CB92572225E320BB27F4C,a04446e57ec1fbc252a871afcec7752fb2807b14,topology.tex,topology-lemma-connected-components,004T,split,reviewed_existing,component,Tag 004T supplies uniqueness and disjointness of connected components,D000288,,
S001043,ega:I.6.1.11,disjoint irreducible components are equivalent to irreducible local spectra for schemes,french_admitted,F33.json,2652207F96F697935BC81C5D63B292DE4D956905D69CB92572225E320BB27F4C,a04446e57ec1fbc252a871afcec7752fb2807b14,algebra.tex,algebra-lemma-irreducible-components-containing-x,00ET,equivalent,reviewed_existing,component,Tag 00ET translates one component through each point into one minimal prime of each stalk,D000288,This clause does not require local Noetherianity,
S001044,ega:I.6.1.11,an affine spectrum is irreducible exactly when it has one minimal prime,french_admitted,F33.json,2652207F96F697935BC81C5D63B292DE4D956905D69CB92572225E320BB27F4C,a04446e57ec1fbc252a871afcec7752fb2807b14,algebra.tex,algebra-lemma-irreducible,00ES,split,reviewed_existing,covered_derived,Tag 00ES identifies irreducible components with minimal primes,D000288,Combine with 00E0 for the nilradical formulation,
S001045,ega:I.6.1.11:proof,local Noetherianity reduces the component argument to a finite decomposition,french_admitted,F33.json,2652207F96F697935BC81C5D63B292DE4D956905D69CB92572225E320BB27F4C,a04446e57ec1fbc252a871afcec7752fb2807b14,topology.tex,topology-lemma-Noetherian,0052,split,reviewed_existing,covered_derived,Tag 0052 supplies finite irreducible components on Noetherian neighbourhoods,D000288,,
S001046,ega:I.6.1.11:proof,disjoint irreducible components coincide with connected components,french_admitted,F33.json,2652207F96F697935BC81C5D63B292DE4D956905D69CB92572225E320BB27F4C,a04446e57ec1fbc252a871afcec7752fb2807b14,topology.tex,topology-lemma-connected-components,004T,split,reviewed_existing,covered_derived,Connected-component maximality combines with the 6.1.10 component argument,D000288,,
S001047,ega:I.6.1.11:proof,a nonempty connected space with a single irreducible component is irreducible,french_admitted,F33.json,2652207F96F697935BC81C5D63B292DE4D956905D69CB92572225E320BB27F4C,a04446e57ec1fbc252a871afcec7752fb2807b14,topology.tex,topology-lemma-irreducible,004W,split,reviewed_existing,covered_derived,The covering by irreducible components from 004W makes the unique component equal to X,D000288,,
S001048,ega:I.6.1.12,the corrected right side requires X to be nonempty and connected,french_admitted,F33.json,2652207F96F697935BC81C5D63B292DE4D956905D69CB92572225E320BB27F4C,a04446e57ec1fbc252a871afcec7752fb2807b14,topology.tex,topology-definition-connected-components,004S,equivalent,reviewed_existing,component,Tag 004S includes nonemptiness in connected so it matches only the D000292 corrected EGA statement,D000289,The printed source omits nonempty,
S001049,ega:I.6.1.12,reducedness is equivalent to all local rings being reduced,french_admitted,F33.json,2652207F96F697935BC81C5D63B292DE4D956905D69CB92572225E320BB27F4C,a04446e57ec1fbc252a871afcec7752fb2807b14,schemes.tex,schemes-definition-reduced,01J0,equivalent,reviewed_existing,component,Tag 01J0 is the exact stalkwise definition,D000289,,
S001050,ega:I.6.1.12,domain stalks have irreducible local spectra and unique components through their points,french_admitted,F33.json,2652207F96F697935BC81C5D63B292DE4D956905D69CB92572225E320BB27F4C,a04446e57ec1fbc252a871afcec7752fb2807b14,algebra.tex,algebra-lemma-irreducible-components-containing-x,00ET,split,reviewed_existing,covered_derived,A domain has the unique minimal prime zero and 00ET translates this to one component through the point,D000289,,
S001051,ega:I.6.1.12,integral schemes are exactly reduced irreducible schemes,french_admitted,F33.json,2652207F96F697935BC81C5D63B292DE4D956905D69CB92572225E320BB27F4C,a04446e57ec1fbc252a871afcec7752fb2807b14,properties.tex,properties-lemma-characterize-integral,01ON,equivalent,reviewed_existing,component,Tag 01ON supplies the final conjunction after reducedness and irreducibility,D000289,,
S001052,ega:I.6.1.12,scheme stalks on an affine chart are localizations of its coordinate ring,french_admitted,F33.json,2652207F96F697935BC81C5D63B292DE4D956905D69CB92572225E320BB27F4C,a04446e57ec1fbc252a871afcec7752fb2807b14,schemes.tex,schemes-lemma-spec-sheaves,01HV,split,reviewed_existing,covered_derived,Tag 01HV item six identifies O at p with R localized at p,D000289,,
S001053,ega:I.6.1.12,local Noetherianity makes disjoint irreducible components locally finite and open,french_admitted,F33.json,2652207F96F697935BC81C5D63B292DE4D956905D69CB92572225E320BB27F4C,a04446e57ec1fbc252a871afcec7752fb2807b14,topology.tex,topology-lemma-Noetherian,0052,split,reviewed_existing,covered_derived,Tag 0052 supplies the finite-component step inherited from 6.1.10 and 6.1.11,D000289,,
S001054,ega:I.6.1.13,a locally Noetherian scheme has an affine neighbourhood whose ring injects into O_x,french_admitted,F33.json,2652207F96F697935BC81C5D63B292DE4D956905D69CB92572225E320BB27F4C,a04446e57ec1fbc252a871afcec7752fb2807b14,properties.tex,properties-lemma-ring-affine-open-injective-local-ring,0BX3,split,reviewed_existing,covered_derived,Clause two of 0BX3 supplies a shorter modern affine proof of all three conclusions,D000290,The source instead uses components and coherent nilradical sheaves,
S001055,ega:I.6.1.13,prime nilradical descends along the injective affine neighbourhood ring map,french_admitted,F33.json,2652207F96F697935BC81C5D63B292DE4D956905D69CB92572225E320BB27F4C,a04446e57ec1fbc252a871afcec7752fb2807b14,algebra.tex,algebra-lemma-Zariski-topology,00E0,split,reviewed_existing,covered_derived,Under the injection from 0BX3 the nilradical is the inverse image of the prime nilradical of O_x,D000290,,
S001056,ega:I.6.1.13,an affine ring with prime nilradical has irreducible spectrum,french_admitted,F33.json,2652207F96F697935BC81C5D63B292DE4D956905D69CB92572225E320BB27F4C,a04446e57ec1fbc252a871afcec7752fb2807b14,algebra.tex,algebra-lemma-irreducible,00ES,split,reviewed_existing,covered_derived,Tag 00ES identifies the unique minimal prime with the unique irreducible component,D000290,,
S001057,ega:I.6.1.13,a reduced subring gives a reduced affine neighbourhood,french_admitted,F33.json,2652207F96F697935BC81C5D63B292DE4D956905D69CB92572225E320BB27F4C,a04446e57ec1fbc252a871afcec7752fb2807b14,schemes.tex,schemes-lemma-affine-reduced,01J2,split,reviewed_existing,covered_derived,The affine ring injected into a reduced O_x is reduced and 01J2 makes its spectrum reduced,D000290,,
S001058,ega:I.6.1.13,a domain subring gives an integral affine neighbourhood,french_admitted,F33.json,2652207F96F697935BC81C5D63B292DE4D956905D69CB92572225E320BB27F4C,a04446e57ec1fbc252a871afcec7752fb2807b14,properties.tex,properties-definition-integral,01OK,split,reviewed_existing,covered_derived,The nonzero affine ring injected into the domain O_x is a domain and its spectrum is integral,D000290,Nonzeroness follows because O_x is a domain under the nonzero-ring convention,
S001059,ega:I.6.1.13:proof,prime nilradical means x lies on a unique irreducible component,french_admitted,F33.json,2652207F96F697935BC81C5D63B292DE4D956905D69CB92572225E320BB27F4C,a04446e57ec1fbc252a871afcec7752fb2807b14,algebra.tex,algebra-lemma-irreducible-components-containing-x,00ET,equivalent,reviewed_existing,covered_derived,Tag 00ET gives components through x versus minimal primes of O_x,D000290,,
S001060,ega:I.6.1.13:proof,irreducible components of X form a locally finite family,french_admitted,F33.json,2652207F96F697935BC81C5D63B292DE4D956905D69CB92572225E320BB27F4C,a04446e57ec1fbc252a871afcec7752fb2807b14,divisors.tex,divisors-lemma-components-locally-finite,0BE1,entailed_by_stronger,reviewed_existing,covered_derived,Tag 0BE1 proves local finiteness for the components of every closed subscheme Z and specializes to Z equals X,D000290,,
S001061,ega:I.6.1.13:proof,the complement of all other components is an irreducible open contained in the unique component through x,french_admitted,F33.json,2652207F96F697935BC81C5D63B292DE4D956905D69CB92572225E320BB27F4C,a04446e57ec1fbc252a871afcec7752fb2807b14,topology.tex,topology-lemma-irreducible,004W,split,reviewed_existing,covered_derived,Closed components from 004W plus local finiteness from 0BE1 give the open complement and its inclusion in the remaining component,D000290,Closedness of a locally finite union and irreducibility of a nonempty open trace are elementary unlabelled steps,
S001062,ega:I.6.1.13:proof,the nilradical ideal sheaf is quasi-coherent,french_admitted,F33.json,2652207F96F697935BC81C5D63B292DE4D956905D69CB92572225E320BB27F4C,a04446e57ec1fbc252a871afcec7752fb2807b14,schemes.tex,schemes-lemma-reduced-closed-subscheme,01J3,split,reviewed_existing,covered_derived,The proof of 01J3 constructs the quasi-coherent radical ideal and for T equals X it is the nilradical sheaf,D000290,This fact is proof-level within the tag,
S001063,ega:I.6.1.13:proof,the quasi-coherent nilradical submodule of O_X is coherent,french_admitted,F33.json,2652207F96F697935BC81C5D63B292DE4D956905D69CB92572225E320BB27F4C,a04446e57ec1fbc252a871afcec7752fb2807b14,coherent.tex,coherent-lemma-coherent-Noetherian-quasi-coherent-sub-quotient,01Y1,equivalent,reviewed_existing,covered_derived,Tag 01Y1 makes every quasi-coherent submodule of a coherent sheaf coherent on a locally Noetherian scheme,D000290,,
S001064,ega:I.6.1.13:proof,a coherent sheaf with zero stalk at x vanishes on a neighbourhood of x,french_admitted,F33.json,2652207F96F697935BC81C5D63B292DE4D956905D69CB92572225E320BB27F4C,a04446e57ec1fbc252a871afcec7752fb2807b14,coherent.tex,coherent-lemma-local-isomorphism,01Y3,equivalent,reviewed_existing,covered_derived,Tag 01Y3 item one is the exact neighbourhood-vanishing step,D000290,,
S001065,ega:I.6.1.13:proof,vanishing of the nilradical stalks on U makes U reduced,french_admitted,F33.json,2652207F96F697935BC81C5D63B292DE4D956905D69CB92572225E320BB27F4C,a04446e57ec1fbc252a871afcec7752fb2807b14,schemes.tex,schemes-definition-reduced,01J0,equivalent,reviewed_existing,covered_derived,Tag 01J0 identifies reducedness with reduced local rings,D000290,,
S001066,ega:I.6.1.13:proof,the simultaneous irreducible and reduced neighbourhood is integral,french_admitted,F33.json,2652207F96F697935BC81C5D63B292DE4D956905D69CB92572225E320BB27F4C,a04446e57ec1fbc252a871afcec7752fb2807b14,properties.tex,properties-lemma-characterize-integral,01ON,equivalent,reviewed_existing,covered_derived,Tag 01ON is exactly integral if and only if reduced and irreducible,D000290,Intersect the two neighbourhoods obtained in the first two cases,
S001067,ega:I.6.2.1,affine clause in the definition of an Artinian scheme,french_admitted,F33.json,2652207F96F697935BC81C5D63B292DE4D956905D69CB92572225E320BB27F4C,a04446e57ec1fbc252a871afcec7752fb2807b14,schemes.tex,schemes-definition-affine-scheme,01HW,equivalent,reviewed_existing,component,Tag 01HW gives the affine-scheme half of the compound source definition,D000294,Together with S001068 this exhausts the definition,
S001068,ega:I.6.2.1,coordinate ring in an Artinian scheme is Artinian,french_admitted,F33.json,2652207F96F697935BC81C5D63B292DE4D956905D69CB92572225E320BB27F4C,a04446e57ec1fbc252a871afcec7752fb2807b14,algebra.tex,algebra-definition-artinian,00J5,equivalent,reviewed_existing,component,Tag 00J5 gives the descending-chain definition used for the affine coordinate ring,D000294,Together with S001067 this exhausts the definition,
S001069,ega:I.6.2.2,affine Artinian rings are exactly Noetherian dimension-zero rings and finite products of Artinian local rings,french_admitted,F33.json,2652207F96F697935BC81C5D63B292DE4D956905D69CB92572225E320BB27F4C,a04446e57ec1fbc252a871afcec7752fb2807b14,algebra.tex,algebra-proposition-dimension-zero-ring,00KJ,equivalent,reviewed_existing,component,Tag 00KJ gives the exact affine ring equivalences including finite discrete spectrum and finite local-product decomposition,D000295,The scheme statement still needs the topology-to-affineness joins below,
S001070,ega:I.6.2.2,Noetherian scheme means locally Noetherian and quasi-compact,french_admitted,F33.json,2652207F96F697935BC81C5D63B292DE4D956905D69CB92572225E320BB27F4C,a04446e57ec1fbc252a871afcec7752fb2807b14,properties.tex,properties-definition-noetherian,01OV,equivalent,reviewed_existing,component,Tag 01OV supplies both local Noetherianity and quasi-compactness used in the converse,D000295,,
S001071,ega:I.6.2.2:proof,the T1 condition makes every irreducible closed subset a singleton through sobriety,french_admitted,F33.json,2652207F96F697935BC81C5D63B292DE4D956905D69CB92572225E320BB27F4C,a04446e57ec1fbc252a871afcec7752fb2807b14,schemes.tex,schemes-lemma-scheme-sober,01IS,split,reviewed_existing,covered_derived,Tag 01IS supplies a generic point whose closure is the irreducible subset and T1 makes that closure a singleton,D000295,,
S001072,ega:I.6.2.2:proof,singleton irreducible closed subsets force scheme dimension zero,french_admitted,F33.json,2652207F96F697935BC81C5D63B292DE4D956905D69CB92572225E320BB27F4C,a04446e57ec1fbc252a871afcec7752fb2807b14,properties.tex,properties-definition-dimension,04MT,split,reviewed_existing,covered_derived,Tag 04MT computes dimension from chains of irreducible closed subsets on the sober underlying space,D000295,,
S001073,ega:I.6.2.2,a locally Noetherian dimension-zero scheme is a disjoint union of spectra of Artinian local rings,french_admitted,F33.json,2652207F96F697935BC81C5D63B292DE4D956905D69CB92572225E320BB27F4C,a04446e57ec1fbc252a871afcec7752fb2807b14,properties.tex,properties-lemma-locally-Noetherian-dimension-0,0AAX,split,reviewed_existing,component,Tag 0AAX supplies the structural decomposition in the more general locally Noetherian setting,D000295,Quasi-compactness from 01OV makes the discrete family finite,
S001074,ega:I.6.2.2:proof,a scheme with finite discrete underlying space is affine,french_admitted,F33.json,2652207F96F697935BC81C5D63B292DE4D956905D69CB92572225E320BB27F4C,a04446e57ec1fbc252a871afcec7752fb2807b14,schemes.tex,schemes-lemma-scheme-finite-discrete-affine,02O0,split,reviewed_existing,covered_derived,Tag 02O0 is the exact affineness step after quasi-compact discreteness gives finiteness,D000295,,
S001075,ega:I.6.2.2:proof,global sections of the finite disjoint union are the product of the local rings,french_admitted,F33.json,2652207F96F697935BC81C5D63B292DE4D956905D69CB92572225E320BB27F4C,a04446e57ec1fbc252a871afcec7752fb2807b14,schemes.tex,schemes-lemma-disjoint-union-affines,01I5,split,reviewed_existing,covered_derived,Iterating Tag 01I5 identifies the finite disjoint union with the spectrum of the product of its affine local components,D000295,,
S001076,ega:I.6.2.2,an Artinian ring is Noetherian with maximal prime ideals and is the finite product of its localizations,french_admitted,F33.json,2652207F96F697935BC81C5D63B292DE4D956905D69CB92572225E320BB27F4C,a04446e57ec1fbc252a871afcec7752fb2807b14,algebra.tex,algebra-lemma-artinian-finite-length,00JB,equivalent,reviewed_existing,component,Tag 00JB gives exactly the source structural assertion used for the forward implication,D000295,,
S001077,ega:I.6.3.1,finite type means locally finite type and quasi-compact,french_admitted,F37ZW.json,0A56D886058B8203C34A9CDAA52B2CBF4EF4E6ED871C053CB7ADAA0F766690A0,a04446e57ec1fbc252a871afcec7752fb2807b14,morphisms.tex,morphisms-definition-finite-type,01T1,equivalent,reviewed_existing,component,Tag 01T1 gives the modern decomposition of the historical definition,D000296,,
S001078,ega:I.6.3.1,finite generation on affine source and target charts,french_admitted,F37ZW.json,0A56D886058B8203C34A9CDAA52B2CBF4EF4E6ED871C053CB7ADAA0F766690A0,a04446e57ec1fbc252a871afcec7752fb2807b14,morphisms.tex,morphisms-lemma-locally-finite-type-characterize,01T2,split,reviewed_existing,component,Tag 01T2 is the exact affine-chart criterion for local finite type,D000296,,
S001079,ega:I.6.3.1,finite affine covering of each affine inverse image,french_admitted,F37ZW.json,0A56D886058B8203C34A9CDAA52B2CBF4EF4E6ED871C053CB7ADAA0F766690A0,a04446e57ec1fbc252a871afcec7752fb2807b14,schemes.tex,schemes-lemma-quasi-compact-affine,01K4,split,reviewed_existing,component,Tag 01K4 converts quasi-compactness into a finite affine covering,D000296,,
S001080,ega:I.6.3.2,finite type supplies local finite type and quasi-compactness,french_admitted,F37ZW.json,0A56D886058B8203C34A9CDAA52B2CBF4EF4E6ED871C053CB7ADAA0F766690A0,a04446e57ec1fbc252a871afcec7752fb2807b14,morphisms.tex,morphisms-definition-finite-type,01T1,split,reviewed_existing,component,These are the two ingredients required for property P over arbitrary affine W,D000297,,
S001081,ega:I.6.3.2,finite generation holds on every affine chart over W,french_admitted,F37ZW.json,0A56D886058B8203C34A9CDAA52B2CBF4EF4E6ED871C053CB7ADAA0F766690A0,a04446e57ec1fbc252a871afcec7752fb2807b14,morphisms.tex,morphisms-lemma-locally-finite-type-characterize,01T2,split,reviewed_existing,component,Tag 01T2 makes the finite-generation condition independent of the original target cover,D000297,,
S001082,ega:I.6.3.2,the inverse image of W has a finite affine cover,french_admitted,F37ZW.json,0A56D886058B8203C34A9CDAA52B2CBF4EF4E6ED871C053CB7ADAA0F766690A0,a04446e57ec1fbc252a871afcec7752fb2807b14,schemes.tex,schemes-lemma-quasi-compact-affine,01K4,split,reviewed_existing,component,Quasi-compactness of the inverse image gives the finite affine family in property P,D000297,,
S001083,ega:I.6.3.2.1,finite type survives localization along g,french_admitted,F37ZW.json,0A56D886058B8203C34A9CDAA52B2CBF4EF4E6ED871C053CB7ADAA0F766690A0,a04446e57ec1fbc252a871afcec7752fb2807b14,algebra.tex,algebra-lemma-base-change-finiteness,05G5,equivalent,reviewed_existing,component,The localized algebra is the base change of the original finite-type algebra,D000297,,
S001084,ega:I.6.3.2.1:proof,the inverse image of D(g) on Spec A(Z_j) is D(g_j),french_admitted,F37ZW.json,0A56D886058B8203C34A9CDAA52B2CBF4EF4E6ED871C053CB7ADAA0F766690A0,a04446e57ec1fbc252a871afcec7752fb2807b14,algebra.tex,algebra-lemma-spec-functorial,00E2,split,reviewed_existing,component,Tag 00E2 gives the exact standard-open inverse-image identity,D000297,,
S001085,ega:I.6.3.2.1:proof,sections on D(g) and D(g_j) are localizations,french_admitted,F37ZW.json,0A56D886058B8203C34A9CDAA52B2CBF4EF4E6ED871C053CB7ADAA0F766690A0,a04446e57ec1fbc252a871afcec7752fb2807b14,algebra.tex,algebra-lemma-standard-open,00E4,split,reviewed_existing,component,Tag 00E4 identifies the two coordinate rings with their localizations,D000297,,
S001086,ega:I.6.3.2.1:proof:2,target-local finite-generation conclusion,french_admitted,F37ZW.json,0A56D886058B8203C34A9CDAA52B2CBF4EF4E6ED871C053CB7ADAA0F766690A0,a04446e57ec1fbc252a871afcec7752fb2807b14,morphisms.tex,morphisms-lemma-locally-finite-type-characterize,01T2,split,reviewed_existing,component,Tag 01T2 subsumes the source-order refinement argument,D000297,This stable unit is logically the proof of proposition 6.3.2,
S001087,ega:I.6.3.2.1:proof:2,finite refinement of the quasi-compact affine target cover,french_admitted,F37ZW.json,0A56D886058B8203C34A9CDAA52B2CBF4EF4E6ED871C053CB7ADAA0F766690A0,a04446e57ec1fbc252a871afcec7752fb2807b14,schemes.tex,schemes-lemma-quasi-compact-affine,01K4,split,reviewed_existing,component,Tag 01K4 supplies the finite-cover extraction used twice in the proof,D000297,Apply the direct published D(g_i) subset W correction,
S001088,ega:I.6.3.3,finite generation of A(X) over A(Y) is the affine local finite type criterion,french_admitted,F37ZW.json,0A56D886058B8203C34A9CDAA52B2CBF4EF4E6ED871C053CB7ADAA0F766690A0,a04446e57ec1fbc252a871afcec7752fb2807b14,morphisms.tex,morphisms-lemma-locally-finite-type-characterize,01T2,split,reviewed_existing,component,Use U equal X and V equal Y,D000298,,
S001089,ega:I.6.3.3,a morphism between affine schemes is quasi-compact,french_admitted,F37ZW.json,0A56D886058B8203C34A9CDAA52B2CBF4EF4E6ED871C053CB7ADAA0F766690A0,a04446e57ec1fbc252a871afcec7752fb2807b14,morphisms.tex,morphisms-lemma-affine-separated,01S7,split,reviewed_existing,component,The scheme morphism induced by the coordinate-ring map is affine and hence quasi-compact,D000298,,
S001090,ega:I.6.3.3,local finite type plus quasi-compact gives finite type,french_admitted,F37ZW.json,0A56D886058B8203C34A9CDAA52B2CBF4EF4E6ED871C053CB7ADAA0F766690A0,a04446e57ec1fbc252a871afcec7752fb2807b14,morphisms.tex,morphisms-definition-finite-type,01T1,split,reviewed_existing,component,Combining 01T2 and 01S7 proves both directions,D000298,,
S001091,ega:I.6.3.3:proof,finite generation descends from a finite standard-open cover,french_admitted,F37ZW.json,0A56D886058B8203C34A9CDAA52B2CBF4EF4E6ED871C053CB7ADAA0F766690A0,a04446e57ec1fbc252a871afcec7752fb2807b14,algebra.tex,algebra-lemma-cover-upstairs,00EP,equivalent,reviewed_existing,covered_derived,Tag 00EP is the algebraic gluing result proved explicitly by EGA,D000298,,
S001092,ega:I.6.3.3:proof,coordinate rings of the standard opens are B localized at g_i,french_admitted,F37ZW.json,0A56D886058B8203C34A9CDAA52B2CBF4EF4E6ED871C053CB7ADAA0F766690A0,a04446e57ec1fbc252a871afcec7752fb2807b14,algebra.tex,algebra-lemma-standard-open,00E4,split,reviewed_existing,covered_derived,This identifies the source proof with the hypotheses of 00EP,D000298,,
S001093,ega:I.6.3.4,clause i closed immersions are finite type,french_admitted,F37ZW.json,0A56D886058B8203C34A9CDAA52B2CBF4EF4E6ED871C053CB7ADAA0F766690A0,a04446e57ec1fbc252a871afcec7752fb2807b14,morphisms.tex,morphisms-lemma-immersion-locally-finite-type,01T5,equivalent,reviewed_existing,component,Tag 01T5 states the exact clause,D000299,,
S001094,ega:I.6.3.4,clause ii composition of finite type morphisms,french_admitted,F37ZW.json,0A56D886058B8203C34A9CDAA52B2CBF4EF4E6ED871C053CB7ADAA0F766690A0,a04446e57ec1fbc252a871afcec7752fb2807b14,morphisms.tex,morphisms-lemma-composition-finite-type,01T3,equivalent,reviewed_existing,component,Tag 01T3 states the exact clause,D000299,,
S001095,ega:I.6.3.4,clause iii each product factor is a finite type base change,french_admitted,F37ZW.json,0A56D886058B8203C34A9CDAA52B2CBF4EF4E6ED871C053CB7ADAA0F766690A0,a04446e57ec1fbc252a871afcec7752fb2807b14,morphisms.tex,morphisms-lemma-base-change-finite-type,01T4,split,reviewed_existing,component,Express f times g as two successive base-changed morphisms,D000299,,
S001096,ega:I.6.3.4,clause iii composition of the two base-changed factors,french_admitted,F37ZW.json,0A56D886058B8203C34A9CDAA52B2CBF4EF4E6ED871C053CB7ADAA0F766690A0,a04446e57ec1fbc252a871afcec7752fb2807b14,morphisms.tex,morphisms-lemma-composition-finite-type,01T3,split,reviewed_existing,covered_derived,Composition finishes the product-morphism clause,D000299,,
S001097,ega:I.6.3.4,clause iv finite type is stable under base change,french_admitted,F37ZW.json,0A56D886058B8203C34A9CDAA52B2CBF4EF4E6ED871C053CB7ADAA0F766690A0,a04446e57ec1fbc252a871afcec7752fb2807b14,morphisms.tex,morphisms-lemma-base-change-finite-type,01T4,equivalent,reviewed_existing,component,Tag 01T4 states the exact clause,D000299,,
S001098,ega:I.6.3.4,clause v local finite type cancels through the target morphism,french_admitted,F37ZW.json,0A56D886058B8203C34A9CDAA52B2CBF4EF4E6ED871C053CB7ADAA0F766690A0,a04446e57ec1fbc252a871afcec7752fb2807b14,morphisms.tex,morphisms-lemma-permanence-finite-type,01T8,split,reviewed_existing,component,The local part needs no separatedness assumption,D000299,,
S001099,ega:I.6.3.4,clause v quasi-compactness cancels because separated implies quasi-separated,french_admitted,F37ZW.json,0A56D886058B8203C34A9CDAA52B2CBF4EF4E6ED871C053CB7ADAA0F766690A0,a04446e57ec1fbc252a871afcec7752fb2807b14,schemes.tex,schemes-lemma-quasi-compact-permanence,03GI,split,reviewed_existing,component,Tag 03GI supplies the quasi-compact part under the weaker quasi-separated hypothesis,D000299,,
S001100,ega:I.6.3.4,clause v combines local finite type and quasi-compactness,french_admitted,F37ZW.json,0A56D886058B8203C34A9CDAA52B2CBF4EF4E6ED871C053CB7ADAA0F766690A0,a04446e57ec1fbc252a871afcec7752fb2807b14,morphisms.tex,morphisms-definition-finite-type,01T1,split,reviewed_existing,covered_derived,Tags 01T8 and 03GI together prove the clause,D000299,,
S001101,ega:I.6.3.4,clause vi construction of f_red,french_admitted,F37ZW.json,0A56D886058B8203C34A9CDAA52B2CBF4EF4E6ED871C053CB7ADAA0F766690A0,a04446e57ec1fbc252a871afcec7752fb2807b14,schemes.tex,schemes-lemma-map-into-reduction,0356,split,reviewed_existing,component,Tag 0356 gives the canonical factorization through the target reduction,D000299,,
S001102,ega:I.6.3.4,clause vi local finite type of f_red,french_admitted,F37ZW.json,0A56D886058B8203C34A9CDAA52B2CBF4EF4E6ED871C053CB7ADAA0F766690A0,a04446e57ec1fbc252a871afcec7752fb2807b14,morphisms.tex,morphisms-lemma-permanence-finite-type,01T8,split,reviewed_existing,covered_derived,Apply cancellation to X_red mapping through Y_red to Y,D000299,,
S001103,ega:I.6.3.4,clause vi quasi-compactness of f_red,french_admitted,F37ZW.json,0A56D886058B8203C34A9CDAA52B2CBF4EF4E6ED871C053CB7ADAA0F766690A0,a04446e57ec1fbc252a871afcec7752fb2807b14,schemes.tex,schemes-lemma-quasi-compact-permanence,03GI,split,reviewed_existing,covered_derived,The reduction immersion of Y is separated and hence quasi-separated,D000299,,
S001104,ega:I.6.3.4,clause vi finite type conclusion for f_red,french_admitted,F37ZW.json,0A56D886058B8203C34A9CDAA52B2CBF4EF4E6ED871C053CB7ADAA0F766690A0,a04446e57ec1fbc252a871afcec7752fb2807b14,morphisms.tex,morphisms-definition-finite-type,01T1,split,reviewed_existing,covered_derived,The preceding local and quasi-compact parts finish the clause,D000299,,
S001105,ega:I.6.3.4:proof,quotient algebras are finite type,french_admitted,F37ZW.json,0A56D886058B8203C34A9CDAA52B2CBF4EF4E6ED871C053CB7ADAA0F766690A0,a04446e57ec1fbc252a871afcec7752fb2807b14,algebra.tex,algebra-definition-finite-type,00F3,split,reviewed_existing,component,This is the ring step in the closed-immersion proof,D000299,,
S001106,ega:I.6.3.4:proof,finite type algebras compose,french_admitted,F37ZW.json,0A56D886058B8203C34A9CDAA52B2CBF4EF4E6ED871C053CB7ADAA0F766690A0,a04446e57ec1fbc252a871afcec7752fb2807b14,algebra.tex,algebra-lemma-compose-finite-type,00F4,equivalent,reviewed_existing,component,Tag 00F4 is the algebra step in clause ii,D000299,,
S001107,ega:I.6.3.4:proof,finite type algebras survive tensor-product base change,french_admitted,F37ZW.json,0A56D886058B8203C34A9CDAA52B2CBF4EF4E6ED871C053CB7ADAA0F766690A0,a04446e57ec1fbc252a871afcec7752fb2807b14,algebra.tex,algebra-lemma-base-change-finiteness,05G5,equivalent,reviewed_existing,component,Tag 05G5 is the algebra step in clause iv,D000299,,
S001108,ega:I.6.3.5,immersions are locally finite type,french_admitted,F37ZW.json,0A56D886058B8203C34A9CDAA52B2CBF4EF4E6ED871C053CB7ADAA0F766690A0,a04446e57ec1fbc252a871afcec7752fb2807b14,morphisms.tex,morphisms-lemma-immersion-locally-finite-type,01T5,split,reviewed_existing,component,Only quasi-compactness remains under either source hypothesis,D000300,,
S001109,ega:I.6.3.5:proof,an affine target open is quasi-compact,french_admitted,F37ZW.json,0A56D886058B8203C34A9CDAA52B2CBF4EF4E6ED871C053CB7ADAA0F766690A0,a04446e57ec1fbc252a871afcec7752fb2807b14,schemes.tex,schemes-lemma-quasi-compact-affine,01K4,split,reviewed_existing,component,This permits 04ZB to turn a locally Noetherian affine target open into a Noetherian space,D000300,,
S001110,ega:I.6.3.5:proof,quasi-compact locally Noetherian target opens are Noetherian,french_admitted,F37ZW.json,0A56D886058B8203C34A9CDAA52B2CBF4EF4E6ED871C053CB7ADAA0F766690A0,a04446e57ec1fbc252a871afcec7752fb2807b14,topology.tex,topology-lemma-quasi-compact-locally-Noetherian-Noetherian,04ZB,split,reviewed_existing,component,This exactly handles the underlying-space hypothesis on Y,D000300,,
S001111,ega:I.6.3.5:proof,the locally closed image or inverse image is a Noetherian subspace,french_admitted,F37ZW.json,0A56D886058B8203C34A9CDAA52B2CBF4EF4E6ED871C053CB7ADAA0F766690A0,a04446e57ec1fbc252a871afcec7752fb2807b14,topology.tex,topology-lemma-Noetherian,0052,split,reviewed_existing,component,Every subset of a Noetherian space is Noetherian,D000300,,
S001112,ega:I.6.3.5:proof,the Noetherian source subspace is quasi-compact,french_admitted,F37ZW.json,0A56D886058B8203C34A9CDAA52B2CBF4EF4E6ED871C053CB7ADAA0F766690A0,a04446e57ec1fbc252a871afcec7752fb2807b14,topology.tex,topology-lemma-Noetherian-quasi-compact,04ZA,split,reviewed_existing,component,This proves quasi-compactness under either topological branch,D000300,,
S001113,ega:I.6.3.5,local finite type plus the topological quasi-compactness gives finite type,french_admitted,F37ZW.json,0A56D886058B8203C34A9CDAA52B2CBF4EF4E6ED871C053CB7ADAA0F766690A0,a04446e57ec1fbc252a871afcec7752fb2807b14,morphisms.tex,morphisms-definition-finite-type,01T1,split,reviewed_existing,covered_derived,Tags 01T5 and 04ZA complete the source statement without strengthening its hypotheses,D000300,,
S001114,ega:I.6.3.6:proof,the graph is an immersion as a section of a projection,french_admitted,F37ZW.json,0A56D886058B8203C34A9CDAA52B2CBF4EF4E6ED871C053CB7ADAA0F766690A0,a04446e57ec1fbc252a871afcec7752fb2807b14,schemes.tex,schemes-lemma-section-immersion,01KT,equivalent,reviewed_existing,component,Tag 01KT is the exact graph-immersion construction,D000301,,
S001115,ega:I.6.3.6:proof,the projection X times_Z Y to Y is finite type,french_admitted,F37ZW.json,0A56D886058B8203C34A9CDAA52B2CBF4EF4E6ED871C053CB7ADAA0F766690A0,a04446e57ec1fbc252a871afcec7752fb2807b14,morphisms.tex,morphisms-lemma-base-change-finite-type,01T4,split,reviewed_existing,component,The projection is the base change of g composed with f,D000301,,
S001116,ega:I.6.3.6:proof,the graph immersion is locally finite type,french_admitted,F37ZW.json,0A56D886058B8203C34A9CDAA52B2CBF4EF4E6ED871C053CB7ADAA0F766690A0,a04446e57ec1fbc252a871afcec7752fb2807b14,morphisms.tex,morphisms-lemma-immersion-locally-finite-type,01T5,split,reviewed_existing,component,This is common to both Noetherian branches,D000301,,
S001117,ega:I.6.3.6:proof,if X is Noetherian the graph morphism is quasi-compact,french_admitted,F37ZW.json,0A56D886058B8203C34A9CDAA52B2CBF4EF4E6ED871C053CB7ADAA0F766690A0,a04446e57ec1fbc252a871afcec7752fb2807b14,properties.tex,properties-lemma-morphism-Noetherian-schemes-quasi-compact,01P0,split,reviewed_existing,component,Tag 01P0 handles the first branch,D000301,,
S001118,ega:I.6.3.6:proof,if X times_Z Y is locally Noetherian the graph immersion is quasi-compact,french_admitted,F37ZW.json,0A56D886058B8203C34A9CDAA52B2CBF4EF4E6ED871C053CB7ADAA0F766690A0,a04446e57ec1fbc252a871afcec7752fb2807b14,properties.tex,properties-lemma-immersion-into-noetherian,01OX,split,reviewed_existing,component,Tag 01OX handles the second branch,D000301,,
S001119,ega:I.6.3.6:proof,the graph is finite type under either branch,french_admitted,F37ZW.json,0A56D886058B8203C34A9CDAA52B2CBF4EF4E6ED871C053CB7ADAA0F766690A0,a04446e57ec1fbc252a871afcec7752fb2807b14,morphisms.tex,morphisms-definition-finite-type,01T1,split,reviewed_existing,component,Combine 01T5 with 01P0 or 01OX,D000301,,
S001120,ega:I.6.3.6,the graph followed by the projection is f,french_admitted,F37ZW.json,0A56D886058B8203C34A9CDAA52B2CBF4EF4E6ED871C053CB7ADAA0F766690A0,a04446e57ec1fbc252a871afcec7752fb2807b14,morphisms.tex,morphisms-lemma-composition-finite-type,01T3,split,reviewed_existing,covered_derived,Composition of the two finite-type factors proves the corollary,D000301,,
S001121,ega:I.6.3.7,finite type over a locally Noetherian or Noetherian base preserves that property,french_admitted,F37ZW.json,0A56D886058B8203C34A9CDAA52B2CBF4EF4E6ED871C053CB7ADAA0F766690A0,a04446e57ec1fbc252a871afcec7752fb2807b14,morphisms.tex,morphisms-lemma-finite-type-noetherian,01T6,equivalent,reviewed_existing,full_statement,Tag 01T6 states the exact proposition,D000302,,
S001122,ega:I.6.3.7:proof,a finite type algebra over a Noetherian ring is Noetherian,french_admitted,F37ZW.json,0A56D886058B8203C34A9CDAA52B2CBF4EF4E6ED871C053CB7ADAA0F766690A0,a04446e57ec1fbc252a871afcec7752fb2807b14,algebra.tex,algebra-lemma-Noetherian-permanence,00FN,equivalent,reviewed_existing,component,Tag 00FN is the affine ring input used by the source proof,D000302,,
S001123,ega:I.6.3.8,a base change of X remains finite type over S prime,french_admitted,F37ZW.json,0A56D886058B8203C34A9CDAA52B2CBF4EF4E6ED871C053CB7ADAA0F766690A0,a04446e57ec1fbc252a871afcec7752fb2807b14,morphisms.tex,morphisms-lemma-base-change-finite-type,01T4,split,reviewed_existing,component,This is the first step of the corollary,D000303,,
S001124,ega:I.6.3.8,the finite type base change is Noetherian over a Noetherian base,french_admitted,F37ZW.json,0A56D886058B8203C34A9CDAA52B2CBF4EF4E6ED871C053CB7ADAA0F766690A0,a04446e57ec1fbc252a871afcec7752fb2807b14,morphisms.tex,morphisms-lemma-finite-type-noetherian,01T6,split,reviewed_existing,component,This completes the stated base-change consequence,D000303,,
S001125,ega:I.6.3.8:proof,the product projection is a finite type base change of the finite type factor,french_admitted,F37ZW.json,0A56D886058B8203C34A9CDAA52B2CBF4EF4E6ED871C053CB7ADAA0F766690A0,a04446e57ec1fbc252a871afcec7752fb2807b14,morphisms.tex,morphisms-lemma-base-change-finite-type,01T4,split,reviewed_existing,component,Exchange X and Y for the symmetric case,D000303,,
S001126,ega:I.6.3.8:proof,the product is Noetherian over the Noetherian factor,french_admitted,F37ZW.json,0A56D886058B8203C34A9CDAA52B2CBF4EF4E6ED871C053CB7ADAA0F766690A0,a04446e57ec1fbc252a871afcec7752fb2807b14,morphisms.tex,morphisms-lemma-finite-type-noetherian,01T6,split,reviewed_existing,covered_derived,Apply 01T6 to the product projection,D000303,,
S001127,ega:I.6.3.9:proof,X becomes Noetherian after localizing on the locally Noetherian base S,french_admitted,F37ZW.json,0A56D886058B8203C34A9CDAA52B2CBF4EF4E6ED871C053CB7ADAA0F766690A0,a04446e57ec1fbc252a871afcec7752fb2807b14,morphisms.tex,morphisms-lemma-finite-type-noetherian,01T6,split,reviewed_existing,component,Finite type over each Noetherian base open gives a Noetherian source,D000304,,
S001128,ega:I.6.3.9,the S-morphism f is locally finite type because X is locally finite type over S,french_admitted,F37ZW.json,0A56D886058B8203C34A9CDAA52B2CBF4EF4E6ED871C053CB7ADAA0F766690A0,a04446e57ec1fbc252a871afcec7752fb2807b14,morphisms.tex,morphisms-lemma-permanence-finite-type,01T8,split,reviewed_existing,component,Apply 01T8 to X mapping through Y to S,D000304,,
S001129,ega:I.6.3.9:proof,the morphism from Noetherian X is quasi-compact,french_admitted,F37ZW.json,0A56D886058B8203C34A9CDAA52B2CBF4EF4E6ED871C053CB7ADAA0F766690A0,a04446e57ec1fbc252a871afcec7752fb2807b14,properties.tex,properties-lemma-morphism-Noetherian-schemes-quasi-compact,01P0,split,reviewed_existing,component,This supplies the global finiteness component after localizing on S,D000304,,
S001130,ega:I.6.3.9,local finite type and quasi-compactness imply finite type,french_admitted,F37ZW.json,0A56D886058B8203C34A9CDAA52B2CBF4EF4E6ED871C053CB7ADAA0F766690A0,a04446e57ec1fbc252a871afcec7752fb2807b14,morphisms.tex,morphisms-definition-finite-type,01T1,split,reviewed_existing,covered_derived,Tags 01T8 and 01P0 complete the corollary,D000304,,
S001131,ega:I.6.3.10:proof,field-valued morphisms represent points and algebraic closure extensions represent each y,french_admitted,F37ZW.json,0A56D886058B8203C34A9CDAA52B2CBF4EF4E6ED871C053CB7ADAA0F766690A0,a04446e57ec1fbc252a871afcec7752fb2807b14,schemes.tex,schemes-lemma-characterize-points,01J9,split,reviewed_existing,component,This proves sufficiency by lifting an algebraic-closure-valued representative of every point,D000305,,
S001132,ega:I.6.3.10:diagram:xymatrix:1,the triangle records an Omega-valued lift over the point y,french_admitted,F37ZW.json,0A56D886058B8203C34A9CDAA52B2CBF4EF4E6ED871C053CB7ADAA0F766690A0,a04446e57ec1fbc252a871afcec7752fb2807b14,schemes.tex,schemes-lemma-characterize-points,01J9,split,reviewed_existing,covered_derived,The diagram is the field-valued representative used in the sufficiency argument,D000305,Visual certification remains separate under D000306,
S001133,ega:I.6.3.10:proof,the pullback X_Omega is the scheme fibre product,french_admitted,F37ZW.json,0A56D886058B8203C34A9CDAA52B2CBF4EF4E6ED871C053CB7ADAA0F766690A0,a04446e57ec1fbc252a871afcec7752fb2807b14,schemes.tex,schemes-definition-fibre-product,01JP,equivalent,reviewed_existing,component,Tag 01JP supplies the universal cartesian square used in the necessary direction,D000305,,
S001134,ega:I.6.3.10:diagram:xymatrix:2,the square defining X_Omega over Spec Omega is cartesian,french_admitted,F37ZW.json,0A56D886058B8203C34A9CDAA52B2CBF4EF4E6ED871C053CB7ADAA0F766690A0,a04446e57ec1fbc252a871afcec7752fb2807b14,schemes.tex,schemes-definition-fibre-product,01JP,equivalent,reviewed_existing,covered_derived,Tag 01JP is the exact semantic graph,D000305,Visual certification remains separate under D000306,
S001135,ega:I.6.3.10:diagram:xymatrix:2,the vertical base-changed morphism remains finite type,french_admitted,F37ZW.json,0A56D886058B8203C34A9CDAA52B2CBF4EF4E6ED871C053CB7ADAA0F766690A0,a04446e57ec1fbc252a871afcec7752fb2807b14,morphisms.tex,morphisms-lemma-base-change-finite-type,01T4,split,reviewed_existing,component,This supplies the finiteness input on X_Omega,D000305,,
S001136,ega:I.6.3.10:diagram:xymatrix:2,the vertical base-changed morphism remains surjective,french_admitted,F37ZW.json,0A56D886058B8203C34A9CDAA52B2CBF4EF4E6ED871C053CB7ADAA0F766690A0,a04446e57ec1fbc252a871afcec7752fb2807b14,morphisms.tex,morphisms-lemma-base-change-surjective,01S1,split,reviewed_existing,component,Surjectivity makes X_Omega nonempty,D000305,,
S001137,ega:I.6.3.10:proof,a surjective locally finite type morphism lifts the finite type point of Spec Omega,french_admitted,F37ZW.json,0A56D886058B8203C34A9CDAA52B2CBF4EF4E6ED871C053CB7ADAA0F766690A0,a04446e57ec1fbc252a871afcec7752fb2807b14,morphisms.tex,morphisms-lemma-finite-type-points-surjective-morphism,06EB,entailed_by_stronger,reviewed_existing,component,This proves the necessary direction with only local finite type,D000305,,
S001138,ega:I.6.3.10:proof,a finite type point over Spec Omega has finite residue extension,french_admitted,F37ZW.json,0A56D886058B8203C34A9CDAA52B2CBF4EF4E6ED871C053CB7ADAA0F766690A0,a04446e57ec1fbc252a871afcec7752fb2807b14,morphisms.tex,morphisms-lemma-point-finite-type,01TA,split,reviewed_existing,component,Since Omega is algebraically closed the finite residue extension equals Omega and gives an Omega-rational point,D000305,,
S001139,ega:I.6.3.10:proof,the historical affine proof uses Hilbert Nullstellensatz,french_admitted,F37ZW.json,0A56D886058B8203C34A9CDAA52B2CBF4EF4E6ED871C053CB7ADAA0F766690A0,a04446e57ec1fbc252a871afcec7752fb2807b14,algebra.tex,algebra-theorem-nullstellensatz,00FV,equivalent,reviewed_existing,component,Tag 00FV supplies the maximal ideal and Omega-valued homomorphism used verbatim in substance,D000305,,
S001140,ega:I.6.4.1,an algebraic K-prescheme is finite type over Spec K,french_admitted,F37ZW.json,0A56D886058B8203C34A9CDAA52B2CBF4EF4E6ED871C053CB7ADAA0F766690A0,a04446e57ec1fbc252a871afcec7752fb2807b14,varieties.tex,varieties-definition-algebraic-scheme,06LG,equivalent,reviewed_existing,full_statement,Tag 06LG states the exact modern finite type definition,D000307,The historical prescheme word is retained as provenance,
S001141,ega:I.6.4.1,the historical algebraic K-scheme qualifier is separatedness over K,french_admitted,F37ZW.json,0A56D886058B8203C34A9CDAA52B2CBF4EF4E6ED871C053CB7ADAA0F766690A0,a04446e57ec1fbc252a871afcec7752fb2807b14,schemes.tex,schemes-definition-separated,01KK,split,reviewed_existing,component,Separatedness of the structure morphism is the modern form of the source scheme qualifier,D000307,,
S001142,ega:I.6.4.1,every algebraic K-prescheme is Noetherian,french_admitted,F37ZW.json,0A56D886058B8203C34A9CDAA52B2CBF4EF4E6ED871C053CB7ADAA0F766690A0,a04446e57ec1fbc252a871afcec7752fb2807b14,morphisms.tex,morphisms-lemma-finite-type-noetherian,01T6,equivalent,reviewed_existing,component,Finite type over the Noetherian scheme Spec K gives the exact consequence,D000307,,
S001143,ega:I.6.4.2,a point is closed exactly when its residue field is finite over K,french_admitted,F37ZW.json,0A56D886058B8203C34A9CDAA52B2CBF4EF4E6ED871C053CB7ADAA0F766690A0,a04446e57ec1fbc252a871afcec7752fb2807b14,morphisms.tex,morphisms-lemma-closed-point-fibre-locally-finite-type,01TF,equivalent,reviewed_existing,full_statement,Apply Tag 01TF to the structure morphism whose only fibre is X,D000308,,
S001144,ega:I.6.4.2:proof,the closed point direction is Hilbert Nullstellensatz,french_admitted,F37ZW.json,0A56D886058B8203C34A9CDAA52B2CBF4EF4E6ED871C053CB7ADAA0F766690A0,a04446e57ec1fbc252a871afcec7752fb2807b14,algebra.tex,algebra-theorem-nullstellensatz,00FV,equivalent,reviewed_existing,component,The maximal quotient of a finite type K-algebra is finite over K,D000308,,
S001145,ega:I.6.4.2:proof,a finite algebraic K-subalgebra of a residue field is a field,french_admitted,F37ZW.json,0A56D886058B8203C34A9CDAA52B2CBF4EF4E6ED871C053CB7ADAA0F766690A0,a04446e57ec1fbc252a871afcec7752fb2807b14,fields.tex,fields-lemma-subalgebra-algebraic-extension-field,0BID,equivalent,reviewed_existing,component,This is the converse affine step for A modulo the point prime,D000308,,
S001146,ega:I.6.4.3,a finite algebraic extension of algebraically closed K equals K,french_admitted,F37ZW.json,0A56D886058B8203C34A9CDAA52B2CBF4EF4E6ED871C053CB7ADAA0F766690A0,a04446e57ec1fbc252a871afcec7752fb2807b14,fields.tex,fields-definition-algebraically-closed,09GQ,split,reviewed_existing,component,Combine the closed point criterion S001143 with the defining property of algebraically closed K,D000309,,
S001147,ega:I.6.4.3,closed points over algebraically closed K canonically identify with K-valued points,french_admitted,F37ZW.json,0A56D886058B8203C34A9CDAA52B2CBF4EF4E6ED871C053CB7ADAA0F766690A0,a04446e57ec1fbc252a871afcec7752fb2807b14,schemes.tex,schemes-lemma-characterize-points,01J9,split,reviewed_existing,covered_derived,Field-valued representatives and the equality kappa x equals K give the canonical bijection,D000309,,
S001148,ega:I.6.4.4,dimension zero algebraic K-schemes are finite affine spectra of finite dimensional K-algebras,french_admitted,F37ZW.json,0A56D886058B8203C34A9CDAA52B2CBF4EF4E6ED871C053CB7ADAA0F766690A0,a04446e57ec1fbc252a871afcec7752fb2807b14,varieties.tex,varieties-lemma-algebraic-scheme-dim-0,06LH,entailed_by_stronger,reviewed_existing,full_statement,Tag 06LH gives the scheme-level structural equivalence in a stronger locally algebraic form,D000310,,
S001149,ega:I.6.4.4,the finite type affine ring conditions are equivalent,french_admitted,F37ZW.json,0A56D886058B8203C34A9CDAA52B2CBF4EF4E6ED871C053CB7ADAA0F766690A0,a04446e57ec1fbc252a871afcec7752fb2807b14,algebra.tex,algebra-lemma-finite-type-algebra-finite-nr-primes,0ALW,equivalent,reviewed_existing,component,Tag 0ALW packages dimension zero finitely many primes Artinianity discreteness and finite K-dimension,D000310,The empty scheme is covered by the zero-ring case,
S001150,ega:I.6.4.4,finite discrete schemes are affine and correspond to finite product rings,french_admitted,F37ZW.json,0A56D886058B8203C34A9CDAA52B2CBF4EF4E6ED871C053CB7ADAA0F766690A0,a04446e57ec1fbc252a871afcec7752fb2807b14,schemes.tex,schemes-lemma-scheme-finite-discrete-affine,02O0,equivalent,reviewed_existing,component,This supplies the scheme-theoretic finite discrete affine equivalence,D000310,,
S001151,ega:I.6.4.4:proof,a finite type K-scheme is Jacobson,french_admitted,F37ZW.json,0A56D886058B8203C34A9CDAA52B2CBF4EF4E6ED871C053CB7ADAA0F766690A0,a04446e57ec1fbc252a871afcec7752fb2807b14,varieties.tex,varieties-lemma-locally-finite-type-Jacobson,0478,split,reviewed_existing,component,This is the Jacobson input for the closed-point argument,D000310,,
S001152,ega:I.6.4.4:proof,a finite Jacobson space is discrete,french_admitted,F37ZW.json,0A56D886058B8203C34A9CDAA52B2CBF4EF4E6ED871C053CB7ADAA0F766690A0,a04446e57ec1fbc252a871afcec7752fb2807b14,topology.tex,topology-lemma-finite-jacobson,07JU,equivalent,reviewed_existing,component,Tag 07JU is the exact topological implication used by the proof,D000310,,
S001153,ega:I.6.4.4:proof,the affine proof uses the finite type algebra equivalence,french_admitted,F37ZW.json,0A56D886058B8203C34A9CDAA52B2CBF4EF4E6ED871C053CB7ADAA0F766690A0,a04446e57ec1fbc252a871afcec7752fb2807b14,algebra.tex,algebra-lemma-finite-type-algebra-finite-nr-primes,0ALW,equivalent,reviewed_existing,covered_unlabelled,The target proof contains the same prime Artinian and finite-dimensional chain,D000310,,
S001154,ega:I.6.4.4:proof,the discrete finite scheme is affine with finite product coordinate ring,french_admitted,F37ZW.json,0A56D886058B8203C34A9CDAA52B2CBF4EF4E6ED871C053CB7ADAA0F766690A0,a04446e57ec1fbc252a871afcec7752fb2807b14,schemes.tex,schemes-lemma-scheme-finite-discrete-affine,02O0,equivalent,reviewed_existing,component,This closes the scheme-level implication in the source proof,D000310,,
S001155,ega:I.6.4.5,a finite K-scheme is finite over Spec K,french_admitted,F37ZW.json,0A56D886058B8203C34A9CDAA52B2CBF4EF4E6ED871C053CB7ADAA0F766690A0,a04446e57ec1fbc252a871afcec7752fb2807b14,morphisms.tex,morphisms-definition-integral,01WH,split,reviewed_existing,component,The affine finite-module condition is the modern finite-morphism formulation,D000311,The target label is the section containing the finite morphism definition,
S001156,ega:I.6.4.5,the rank of a finite K-scheme is the degree of its coordinate algebra over K,french_admitted,F37ZW.json,0A56D886058B8203C34A9CDAA52B2CBF4EF4E6ED871C053CB7ADAA0F766690A0,a04446e57ec1fbc252a871afcec7752fb2807b14,morphisms.tex,morphisms-section-universally-bounded,03J3,equivalent,reviewed_existing,covered_unlabelled,The opening prose defines the same invariant under the modern name degree,D000311,EGA calls the integer rank,
S001157,ega:I.6.4.5,the disjoint union of finite affine K-schemes has product coordinate algebra,french_admitted,F37ZW.json,0A56D886058B8203C34A9CDAA52B2CBF4EF4E6ED871C053CB7ADAA0F766690A0,a04446e57ec1fbc252a871afcec7752fb2807b14,schemes.tex,schemes-lemma-disjoint-union-affines,01I5,split,reviewed_existing,component,This identifies the coordinate algebra in formula 6.4.5.1,D000311,,
S001158,ega:I.6.4.5,rank is additive for the product coordinate algebra,french_admitted,F37ZW.json,0A56D886058B8203C34A9CDAA52B2CBF4EF4E6ED871C053CB7ADAA0F766690A0,a04446e57ec1fbc252a871afcec7752fb2807b14,more-algebra.tex,more-algebra-lemma-rank-additive,0H9W,split,reviewed_existing,covered_derived,Apply the rank lemma over K to the finite product decomposition,D000311,,
S001159,ega:I.6.4.5,the product of affine K-schemes has tensor product coordinate algebra,french_admitted,F37ZW.json,0A56D886058B8203C34A9CDAA52B2CBF4EF4E6ED871C053CB7ADAA0F766690A0,a04446e57ec1fbc252a871afcec7752fb2807b14,schemes.tex,schemes-lemma-fibre-product-affines,01JQ,split,reviewed_existing,component,This identifies the coordinate algebra in formula 6.4.5.2,D000311,,
S001160,ega:I.6.4.5,rank of a tensor product is the product of ranks,french_admitted,F37ZW.json,0A56D886058B8203C34A9CDAA52B2CBF4EF4E6ED871C053CB7ADAA0F766690A0,a04446e57ec1fbc252a871afcec7752fb2807b14,more-algebra.tex,more-algebra-lemma-rank-tensor,0H9X,equivalent,reviewed_existing,covered_derived,Apply the tensor-rank identity over K to obtain formula 6.4.5.2,D000311,,
S001161,ega:I.6.4.6,field base change preserves a finite scheme and its degree,french_admitted,F37ZW.json,0A56D886058B8203C34A9CDAA52B2CBF4EF4E6ED871C053CB7ADAA0F766690A0,a04446e57ec1fbc252a871afcec7752fb2807b14,morphisms.tex,morphisms-lemma-base-change-finite-locally-free,02KD,equivalent,reviewed_existing,full_statement,Finite schemes over fields are finite locally free and base change retains their degree,D000312,,
S001162,ega:I.6.4.6,the preserved degree controls every base changed fibre,french_admitted,F37ZW.json,0A56D886058B8203C34A9CDAA52B2CBF4EF4E6ED871C053CB7ADAA0F766690A0,a04446e57ec1fbc252a871afcec7752fb2807b14,morphisms.tex,morphisms-lemma-finite-locally-free-universally-bounded,0CC2,entailed_by_stronger,reviewed_existing,component,The stronger universal statement records the same constant degree after base change,D000312,,
S001163,ega:I.6.4.6:proof,scalar extension preserves the module rank of the coordinate algebra,french_admitted,F37ZW.json,0A56D886058B8203C34A9CDAA52B2CBF4EF4E6ED871C053CB7ADAA0F766690A0,a04446e57ec1fbc252a871afcec7752fb2807b14,more-algebra.tex,more-algebra-lemma-dominant-pullback-rank,0H9Y,equivalent,reviewed_existing,full_statement,Apply the rank identity to the field extension K into K prime,D000312,,
S001164,ega:I.6.4.7,the separable-degree sum equals the number of geometric fibre points,french_admitted,F37ZW.json,0A56D886058B8203C34A9CDAA52B2CBF4EF4E6ED871C053CB7ADAA0F766690A0,a04446e57ec1fbc252a871afcec7752fb2807b14,more-morphisms.tex,more-morphisms-section-weightings,0F38,equivalent,reviewed_existing,full_statement,Take the structure morphism and the constant weighting one in the displayed formula,D000313,The Stacks integral notation packages the same integer,
S001165,ega:I.6.4.7,geometric points are field-valued representatives of points of the geometric fibre,french_admitted,F37ZW.json,0A56D886058B8203C34A9CDAA52B2CBF4EF4E6ED871C053CB7ADAA0F766690A0,a04446e57ec1fbc252a871afcec7752fb2807b14,schemes.tex,schemes-lemma-characterize-points,01J9,split,reviewed_existing,covered_derived,The point-representative correspondence identifies the geometric-fibre points with the source valued points,D000313,,
S001166,ega:I.6.4.7:proof,the number of embeddings into an algebraic closure is the separable degree,french_admitted,F37ZW.json,0A56D886058B8203C34A9CDAA52B2CBF4EF4E6ED871C053CB7ADAA0F766690A0,a04446e57ec1fbc252a871afcec7752fb2807b14,fields.tex,fields-lemma-separable-degree,09HJ,equivalent,reviewed_existing,component,Tag 09HJ is the exact field-theoretic count used by the proof,D000313,,
S001167,ega:I.6.4.7:proof,the point count decomposes over residue fields,french_admitted,F37ZW.json,0A56D886058B8203C34A9CDAA52B2CBF4EF4E6ED871C053CB7ADAA0F766690A0,a04446e57ec1fbc252a871afcec7752fb2807b14,more-morphisms.tex,more-morphisms-section-weightings,0F38,equivalent,reviewed_existing,covered_unlabelled,The unlabelled target proof gives the same local decomposition and embedding count,D000313,,
S001168,ega:I.6.4.8,the geometric number is the integral of the constant weighting one,french_admitted,F37ZW.json,0A56D886058B8203C34A9CDAA52B2CBF4EF4E6ED871C053CB7ADAA0F766690A0,a04446e57ec1fbc252a871afcec7752fb2807b14,more-morphisms.tex,more-morphisms-section-weightings,0F38,equivalent,reviewed_existing,covered_unlabelled,The target invariant is the same separable-degree sum and geometric point count,D000314,,
S001169,ega:I.6.4.8,the geometric number is invariant under arbitrary field extension,french_admitted,F37ZW.json,0A56D886058B8203C34A9CDAA52B2CBF4EF4E6ED871C053CB7ADAA0F766690A0,a04446e57ec1fbc252a871afcec7752fb2807b14,more-morphisms.tex,more-morphisms-lemma-weighting-check-after-etale-base-change,0F39,equivalent,reviewed_existing,full_statement,The lemma states the required cartesian base-change law,D000314,,
S001170,ega:I.6.4.8,geometric point number is additive on disjoint unions,french_admitted,F37ZW.json,0A56D886058B8203C34A9CDAA52B2CBF4EF4E6ED871C053CB7ADAA0F766690A0,a04446e57ec1fbc252a871afcec7752fb2807b14,schemes.tex,schemes-lemma-disjoint-union-affines,01I5,split,reviewed_existing,covered_derived,After algebraically closed base change the point set is a disjoint union,D000314,,
S001171,ega:I.6.4.8,geometric point number is multiplicative on products,french_admitted,F37ZW.json,0A56D886058B8203C34A9CDAA52B2CBF4EF4E6ED871C053CB7ADAA0F766690A0,a04446e57ec1fbc252a871afcec7752fb2807b14,schemes.tex,schemes-lemma-fibre-products,01JM,split,reviewed_existing,covered_derived,The fibre-product universal property identifies valued points of the product with pairs,D000314,,
S001172,ega:I.6.4.9,surjectivity is detected on algebraically closed valued points,french_admitted,F37ZW.json,0A56D886058B8203C34A9CDAA52B2CBF4EF4E6ED871C053CB7ADAA0F766690A0,a04446e57ec1fbc252a871afcec7752fb2807b14,spaces-morphisms.tex,spaces-morphisms-lemma-locally-finite-type-surjective-geometric-points,0487,partial,reviewed_existing,component,Tag 0487 gives necessity and a stronger all-fields criterion but not alone the one-fixed-Omega converse,D000315,,
S001173,ega:I.6.4.9:proof,the morphism between algebraic K-schemes is finite type,french_admitted,F37ZW.json,0A56D886058B8203C34A9CDAA52B2CBF4EF4E6ED871C053CB7ADAA0F766690A0,a04446e57ec1fbc252a871afcec7752fb2807b14,morphisms.tex,morphisms-definition-finite-type,01T1,split,reviewed_existing,component,Use finite affine presentations over K to verify the definition,D000315,,
S001174,ega:I.6.4.9:proof,finite type is checked by finite type affine coordinate maps,french_admitted,F37ZW.json,0A56D886058B8203C34A9CDAA52B2CBF4EF4E6ED871C053CB7ADAA0F766690A0,a04446e57ec1fbc252a871afcec7752fb2807b14,morphisms.tex,morphisms-lemma-locally-finite-type-characterize,01T2,split,reviewed_existing,component,This supplies the affine-local finite generation step,D000315,,
S001175,ega:I.6.4.9:proof,point residue fields have finite transcendence degree over K,french_admitted,F37ZW.json,0A56D886058B8203C34A9CDAA52B2CBF4EF4E6ED871C053CB7ADAA0F766690A0,a04446e57ec1fbc252a871afcec7752fb2807b14,fields.tex,fields-lemma-transcendence-degree,030F,split,reviewed_existing,covered_derived,Finite generation of the point field gives the required finite transcendence degree,D000315,,
S001176,ega:I.6.4.9:proof,a finitely generated point field embeds into the fixed large algebraically closed Omega,french_admitted,F37ZW.json,0A56D886058B8203C34A9CDAA52B2CBF4EF4E6ED871C053CB7ADAA0F766690A0,a04446e57ec1fbc252a871afcec7752fb2807b14,fields.tex,fields-lemma-map-into-algebraic-closure,09GU,split,reviewed_existing,covered_derived,The infinite transcendence degree hypothesis supplies room for a K-embedding into Omega,D000315,,
S001177,ega:I.6.4.9:proof,the residue embedding produces the required Omega-valued representative,french_admitted,F37ZW.json,0A56D886058B8203C34A9CDAA52B2CBF4EF4E6ED871C053CB7ADAA0F766690A0,a04446e57ec1fbc252a871afcec7752fb2807b14,schemes.tex,schemes-lemma-characterize-points,01J9,split,reviewed_existing,covered_derived,Field-valued representatives convert the embedding into the pointwise lift,D000315,,
S001178,ega:I.6.4.10,the modern all-fields theorem supplies the surjectivity comparison,french_admitted,F37ZW.json,0A56D886058B8203C34A9CDAA52B2CBF4EF4E6ED871C053CB7ADAA0F766690A0,a04446e57ec1fbc252a871afcec7752fb2807b14,spaces-morphisms.tex,spaces-morphisms-lemma-locally-finite-type-surjective-geometric-points,0487,partial,reviewed_existing,component,Its quantifier ranges over all algebraically closed fields rather than the single fixed Omega,D000316,,
S001179,ega:I.6.4.10,the image of the finite type morphism is constructible,french_admitted,F37ZW.json,0A56D886058B8203C34A9CDAA52B2CBF4EF4E6ED871C053CB7ADAA0F766690A0,a04446e57ec1fbc252a871afcec7752fb2807b14,morphisms.tex,morphisms-lemma-chevalley,054J,split,reviewed_existing,component,Chevalley applies after the finite type morphism between Noetherian schemes is recognized as finite presentation by Tag 01TX,D000316,Tag 01TX is a dependency recorded here and not a duplicate semantic edge,
S001180,ega:I.6.4.10,the algebraic target is Jacobson,french_admitted,F37ZW.json,0A56D886058B8203C34A9CDAA52B2CBF4EF4E6ED871C053CB7ADAA0F766690A0,a04446e57ec1fbc252a871afcec7752fb2807b14,varieties.tex,varieties-lemma-locally-finite-type-Jacobson,0478,split,reviewed_existing,component,A nonempty constructible complement therefore contains a closed point,D000316,,
S001181,ega:I.6.4.10,closed points determine constructible subsets of a Jacobson space,french_admitted,F37ZW.json,0A56D886058B8203C34A9CDAA52B2CBF4EF4E6ED871C053CB7ADAA0F766690A0,a04446e57ec1fbc252a871afcec7752fb2807b14,topology.tex,topology-lemma-jacobson-equivalent-constructible,005Y,split,reviewed_existing,covered_derived,If every closed point lies in the image then the constructible image is all of Y,D000316,,
S001182,ega:I.6.4.10,a closed point has finite residue field over K,french_admitted,F37ZW.json,0A56D886058B8203C34A9CDAA52B2CBF4EF4E6ED871C053CB7ADAA0F766690A0,a04446e57ec1fbc252a871afcec7752fb2807b14,morphisms.tex,morphisms-lemma-closed-point-fibre-locally-finite-type,01TF,split,reviewed_existing,component,The residue field is finite algebraic over K,D000316,,
S001183,ega:I.6.4.10,the finite residue field embeds into every algebraically closed extension Omega over K,french_admitted,F37ZW.json,0A56D886058B8203C34A9CDAA52B2CBF4EF4E6ED871C053CB7ADAA0F766690A0,a04446e57ec1fbc252a871afcec7752fb2807b14,fields.tex,fields-lemma-map-into-algebraic-closure,09GU,split,reviewed_existing,covered_derived,Apply the algebraic embedding lemma inside the fixed algebraically closed K-field Omega,D000316,,
S001184,ega:I.6.4.10,the residue embedding yields a fixed-Omega valued point,french_admitted,F37ZW.json,0A56D886058B8203C34A9CDAA52B2CBF4EF4E6ED871C053CB7ADAA0F766690A0,a04446e57ec1fbc252a871afcec7752fb2807b14,schemes.tex,schemes-lemma-characterize-points,01J9,split,reviewed_existing,covered_derived,The field-valued point correspondence completes the converse for arbitrary Omega,D000316,,
S001185,ega:I.6.4.11,the fibre of a finite type morphism is algebraic over the residue field,french_admitted,F37ZW.json,0A56D886058B8203C34A9CDAA52B2CBF4EF4E6ED871C053CB7ADAA0F766690A0,a04446e57ec1fbc252a871afcec7752fb2807b14,morphisms.tex,morphisms-lemma-base-change-finite-type,01T4,equivalent,reviewed_existing,component,Base change along Spec kappa y preserves finite type,D000317,,
S001186,ega:I.6.4.11,every point residue field is finitely generated over the fibre base field,french_admitted,F37ZW.json,0A56D886058B8203C34A9CDAA52B2CBF4EF4E6ED871C053CB7ADAA0F766690A0,a04446e57ec1fbc252a871afcec7752fb2807b14,morphisms.tex,morphisms-lemma-locally-finite-type-characterize,01T2,split,reviewed_existing,covered_derived,Choose an affine finite type fibre neighbourhood and pass from its quotient domain to its fraction field,D000317,Do not replace finite generation by the false finite extension claim,
S001187,ega:I.6.4.11:proof,the fibre is the base change along its residue-field point,french_admitted,F37ZW.json,0A56D886058B8203C34A9CDAA52B2CBF4EF4E6ED871C053CB7ADAA0F766690A0,a04446e57ec1fbc252a871afcec7752fb2807b14,schemes.tex,schemes-definition-fibre,01K0,equivalent,reviewed_existing,component,This is the exact identity f inverse y equals X times Y Spec kappa y,D000317,,
S001188,ega:I.6.4.11:proof,finite type is preserved by the fibre base change,french_admitted,F37ZW.json,0A56D886058B8203C34A9CDAA52B2CBF4EF4E6ED871C053CB7ADAA0F766690A0,a04446e57ec1fbc252a871afcec7752fb2807b14,morphisms.tex,morphisms-lemma-base-change-finite-type,01T4,equivalent,reviewed_existing,component,This proves the first clause directly and the affine characterization gives the residue-field clause,D000317,,
S001189,ega:I.6.4.12,the base changed fibre is scalar extension of the original fibre,french_admitted,F37ZW.json,0A56D886058B8203C34A9CDAA52B2CBF4EF4E6ED871C053CB7ADAA0F766690A0,a04446e57ec1fbc252a871afcec7752fb2807b14,schemes.tex,schemes-lemma-fibre-products,01JM,split,reviewed_existing,component,Fibre-product transitivity identifies the two fibres canonically,D000318,,
S001190,ega:I.6.4.12,the degree of the finite fibre is preserved,french_admitted,F37ZW.json,0A56D886058B8203C34A9CDAA52B2CBF4EF4E6ED871C053CB7ADAA0F766690A0,a04446e57ec1fbc252a871afcec7752fb2807b14,morphisms.tex,morphisms-lemma-base-change-finite-locally-free,02KD,equivalent,reviewed_existing,component,Finite schemes over fields are finite locally free and retain degree,D000318,,
S001191,ega:I.6.4.12,the module rank of the finite fibre is preserved,french_admitted,F37ZW.json,0A56D886058B8203C34A9CDAA52B2CBF4EF4E6ED871C053CB7ADAA0F766690A0,a04446e57ec1fbc252a871afcec7752fb2807b14,more-algebra.tex,more-algebra-lemma-dominant-pullback-rank,0H9Y,equivalent,reviewed_existing,component,Scalar extension preserves the rank of the coordinate algebra,D000318,,
S001192,ega:I.6.4.12,the geometric number of fibre points is preserved,french_admitted,F37ZW.json,0A56D886058B8203C34A9CDAA52B2CBF4EF4E6ED871C053CB7ADAA0F766690A0,a04446e57ec1fbc252a871afcec7752fb2807b14,more-morphisms.tex,more-morphisms-lemma-weighting-check-after-etale-base-change,0F39,equivalent,reviewed_existing,component,Apply the arbitrary cartesian base-change law to the constant weighting one,D000318,,
S001193,ega:I.6.4.12:proof,associativity of fibre products gives the scalar-extension identification,french_admitted,F37ZW.json,0A56D886058B8203C34A9CDAA52B2CBF4EF4E6ED871C053CB7ADAA0F766690A0,a04446e57ec1fbc252a871afcec7752fb2807b14,schemes.tex,schemes-lemma-fibre-products,01JM,split,reviewed_existing,covered_derived,The universal property identifies the iterated fibres before applying the three invariance rows,D000318,,
S001194,ega:I.6.4.13,finite type morphisms are interpreted as algebraic families,french_admitted,F37ZW.json,0A56D886058B8203C34A9CDAA52B2CBF4EF4E6ED871C053CB7ADAA0F766690A0,a04446e57ec1fbc252a871afcec7752fb2807b14,morphisms.tex,morphisms-definition-finite-type,01T1,partial,reviewed_existing,component,The precise mathematical core of the expository paragraph is the finite type condition,D000319,The family language is retained as historical exposition,
S001195,ega:I.6.4.13,change of parameter scheme is fibre-product base change,french_admitted,F37ZW.json,0A56D886058B8203C34A9CDAA52B2CBF4EF4E6ED871C053CB7ADAA0F766690A0,a04446e57ec1fbc252a871afcec7752fb2807b14,schemes.tex,schemes-definition-fibre-product,01JP,partial,reviewed_existing,component,The localization and completion examples instantiate the fibre-product construction,D000319,The examples are explanatory and do not assert a separate theorem,
S001196,ega:I.6.5.1,finite type over S supplies local finite type at y,french_admitted,F37ZW.json,0A56D886058B8203C34A9CDAA52B2CBF4EF4E6ED871C053CB7ADAA0F766690A0,a04446e57ec1fbc252a871afcec7752fb2807b14,morphisms.tex,morphisms-definition-finite-type,01T1,split,reviewed_existing,component,The finite type hypothesis contains the locally finite type hypothesis used by 0BX6,D000320,,
S001197,ega:I.6.5.1,clause i equality of two morphisms on a neighbourhood from equality on the local ring,french_admitted,F37ZW.json,0A56D886058B8203C34A9CDAA52B2CBF4EF4E6ED871C053CB7ADAA0F766690A0,a04446e57ec1fbc252a871afcec7752fb2807b14,morphisms.tex,morphisms-lemma-morphism-defined-local-ring,0BX6,entailed_by_stronger,reviewed_existing,full_statement,Item 1a gives the identical neighbourhood-equality conclusion under only local finite type,D000320,The target is stronger because it does not require global finite type,
S001198,ega:I.6.5.1,clause ii locally Noetherian base and finite type imply finite presentation,french_admitted,F37ZW.json,0A56D886058B8203C34A9CDAA52B2CBF4EF4E6ED871C053CB7ADAA0F766690A0,a04446e57ec1fbc252a871afcec7752fb2807b14,morphisms.tex,morphisms-lemma-noetherian-finite-type-finite-presentation,01TX,split,reviewed_existing,component,Item 2 converts the historical hypotheses into finite presentation over S,D000320,,
S001199,ega:I.6.5.1,clause ii realizes every compatible local algebra map by a morphism near x,french_admitted,F37ZW.json,0A56D886058B8203C34A9CDAA52B2CBF4EF4E6ED871C053CB7ADAA0F766690A0,a04446e57ec1fbc252a871afcec7752fb2807b14,morphisms.tex,morphisms-lemma-morphism-defined-local-ring,0BX6,equivalent,reviewed_existing,full_statement,After S001198 item 2a gives the exact open-neighbourhood realization with the prescribed stalk map,D000320,,
S001200,ega:I.6.5.1:proof,Noetherian finite type algebras have finitely generated relation ideals,french_admitted,F37ZW.json,0A56D886058B8203C34A9CDAA52B2CBF4EF4E6ED871C053CB7ADAA0F766690A0,a04446e57ec1fbc252a871afcec7752fb2807b14,algebra.tex,algebra-lemma-Noetherian-finite-type-is-finite-presentation,00FP,split,reviewed_existing,component,The finite Q_j family in the historical proof is precisely the finite-presentation consequence,D000320,,
S001201,ega:I.6.5.1:proof,a finitely presented algebra map descends from the stalk to one localization,french_admitted,F37ZW.json,0A56D886058B8203C34A9CDAA52B2CBF4EF4E6ED871C053CB7ADAA0F766690A0,a04446e57ec1fbc252a871afcec7752fb2807b14,algebra.tex,algebra-lemma-characterize-finite-presentation,00QO,split,reviewed_existing,component,Finite presentation is the exact compactness input for descending the map through a localization,D000320,,
S001202,ega:I.6.5.1:proof,localization at a prime is the filtered colimit of principal localizations,french_admitted,F37ZW.json,0A56D886058B8203C34A9CDAA52B2CBF4EF4E6ED871C053CB7ADAA0F766690A0,a04446e57ec1fbc252a871afcec7752fb2807b14,algebra.tex,algebra-lemma-localization-colimit,00CR,split,reviewed_existing,component,The common denominators g and h implement the localization-colimit descent,D000320,,
S001203,ega:I.6.5.1:proof,the finite-generator and finite-relation constructions prove both clauses,french_admitted,F37ZW.json,0A56D886058B8203C34A9CDAA52B2CBF4EF4E6ED871C053CB7ADAA0F766690A0,a04446e57ec1fbc252a871afcec7752fb2807b14,morphisms.tex,morphisms-lemma-morphism-defined-local-ring,0BX6,split,reviewed_existing,covered_derived,The pinned proof uses the same common-denominator argument for clause i and finite-presentation descent for clause ii,D000320,The historical Q_j P_j h realization is more explicit but adds no theorem,
S001204,ega:I.6.5.1.1,the numbered commutative square is embedded in the proof of 0BX6,french_admitted,F37ZW.json,0A56D886058B8203C34A9CDAA52B2CBF4EF4E6ED871C053CB7ADAA0F766690A0,a04446e57ec1fbc252a871afcec7752fb2807b14,morphisms.tex,morphisms-lemma-morphism-defined-local-ring,0BX6,equivalent,reviewed_existing,covered_unlabelled,The target proof displays the same square after renaming C B_hg C_y B_x to B A_g B_q A_p,D000320,The target display has no separate tag,
S001205,ega:I.6.5.1:diagram:xymatrix:1,the localization-lifting square commutes and realizes the prescribed stalk map,french_admitted,F37ZW.json,0A56D886058B8203C34A9CDAA52B2CBF4EF4E6ED871C053CB7ADAA0F766690A0,a04446e57ec1fbc252a871afcec7752fb2807b14,morphisms.tex,morphisms-lemma-morphism-defined-local-ring,0BX6,equivalent,reviewed_existing,covered_unlabelled,The unnumbered square in the target proof is graph-isomorphic to diagram 6.5.1.1,D000320,Semantic identity is certified separately from visual provenance,
S001206,ega:I.6.5.2,the prescribed local algebra map is realized on some neighbourhood of x,french_admitted,F37ZW.json,0A56D886058B8203C34A9CDAA52B2CBF4EF4E6ED871C053CB7ADAA0F766690A0,a04446e57ec1fbc252a871afcec7752fb2807b14,morphisms.tex,morphisms-lemma-morphism-defined-local-ring,0BX6,split,reviewed_existing,component,Item 2a gives the realizing S-morphism; finite type is imposed only after a further affine shrink,D000322,Reuses S001199 without claiming the first returned neighbourhood is finite type,
S001207,ega:I.6.5.2,after restricting S and shrinking the realization domain to an affine neighbourhood it is Noetherian,french_admitted,F37ZW.json,0A56D886058B8203C34A9CDAA52B2CBF4EF4E6ED871C053CB7ADAA0F766690A0,a04446e57ec1fbc252a871afcec7752fb2807b14,morphisms.tex,morphisms-lemma-finite-type-noetherian,01T6,split,reviewed_existing,component,Finite type X over locally Noetherian S is locally Noetherian; an affine neighbourhood inside the realization open is Noetherian,D000322,The affine shrink is existential and preserves the stalk map at x,
S001208,ega:I.6.5.2,the affine realization domain is locally of finite type over S so its S-morphism to Y is locally of finite type,french_admitted,F37ZW.json,0A56D886058B8203C34A9CDAA52B2CBF4EF4E6ED871C053CB7ADAA0F766690A0,a04446e57ec1fbc252a871afcec7752fb2807b14,morphisms.tex,morphisms-lemma-permanence-finite-type,01T8,split,reviewed_existing,component,The open restriction of X to S remains locally finite type and 01T8 transfers local finite type to f,D000322,,
S001209,ega:I.6.5.2,the Noetherian realization domain makes f quasi-compact,french_admitted,F37ZW.json,0A56D886058B8203C34A9CDAA52B2CBF4EF4E6ED871C053CB7ADAA0F766690A0,a04446e57ec1fbc252a871afcec7752fb2807b14,properties.tex,properties-lemma-morphism-Noetherian-schemes-quasi-compact,01P0,split,reviewed_existing,component,Tag 01P0 applies to every morphism whose source is Noetherian,D000322,,
S001210,ega:I.6.5.2,local finite type and quasi-compactness make the chosen f finite type,french_admitted,F37ZW.json,0A56D886058B8203C34A9CDAA52B2CBF4EF4E6ED871C053CB7ADAA0F766690A0,a04446e57ec1fbc252a871afcec7752fb2807b14,morphisms.tex,morphisms-definition-finite-type,01T1,split,reviewed_existing,covered_derived,S001207-S001209 establish the two defining conditions for the existentially chosen f,D000322,This is an existential choice after shrinking and not a property of every realization,
S001211,ega:I.6.5.2:proof,the citation of 6.3.6 invokes the graph-factorization finite-type criterion already mapped in source order,french_admitted,F37ZW.json,0A56D886058B8203C34A9CDAA52B2CBF4EF4E6ED871C053CB7ADAA0F766690A0,a04446e57ec1fbc252a871afcec7752fb2807b14,morphisms.tex,morphisms-lemma-composition-finite-type,01T3,split,reviewed_existing,covered_derived,D000301 and S001114-S001120 map the cited corollary through 01KT 01T4 01T5 01P0 01OX and terminal composition 01T3,D000322,R000755 preserves the complete dependency; 01T3 alone is not claimed to be 6.3.6,
S001212,ega:I.6.5.3,the hypotheses of 6.5.1(ii) give an affine-neighbourhood realization of the prescribed local algebra map,french_admitted,F37ZW.json,0A56D886058B8203C34A9CDAA52B2CBF4EF4E6ED871C053CB7ADAA0F766690A0,a04446e57ec1fbc252a871afcec7752fb2807b14,morphisms.tex,morphisms-lemma-morphism-defined-local-ring,0BX6,split,reviewed_existing,component,D000320 S001198-S001199 supplies 01TX then item 2a of 0BX6; this corollary adds injectivity but not a new existence theorem,D000323,Reuse the prior cross-route rather than duplicating its finite-presentation proof,
S001213,ega:I.6.5.3,the realizing algebra map can be chosen injective when Y is integral and phi is injective,french_admitted,F37ZW.json,0A56D886058B8203C34A9CDAA52B2CBF4EF4E6ED871C053CB7ADAA0F766690A0,a04446e57ec1fbc252a871afcec7752fb2807b14,morphisms.tex,morphisms-lemma-morphism-defined-local-ring,0BX6,split,reviewed_existing,covered_derived,In the proof square the bottom map gamma has i_x gamma equal to phi i_y; D000186 and 01OK plus the unlabelled paragraph after 00CO make i_y injective,D000323,No single target tag states the whole corollary and no root theorem is warranted,
S001214,ega:I.6.5.3:proof,the citation of 5.1.4 allows the affine coordinate ring C of integral Y to be chosen a domain,french_admitted,F37ZW.json,0A56D886058B8203C34A9CDAA52B2CBF4EF4E6ED871C053CB7ADAA0F766690A0,a04446e57ec1fbc252a871afcec7752fb2807b14,properties.tex,properties-definition-integral,01OK,split,reviewed_existing,covered_derived,D000186 S000696-S000703 and R000458-R000459 map the cited affine criterion; 01OK supplies the modern integral affine-domain condition,D000323,Y is nonempty at y; do not confuse this with the integral-source alternative in 0BX6,
S001215,ega:I.6.5.3:proof,the localization map i_y from C to C_y is injective,french_admitted,F37ZW.json,0A56D886058B8203C34A9CDAA52B2CBF4EF4E6ED871C053CB7ADAA0F766690A0,a04446e57ec1fbc252a871afcec7752fb2807b14,algebra.tex,algebra-definition-localization,00CO,split,reviewed_existing,covered_unlabelled,The 403-byte paragraph after 00CO proves injectivity when the multiplicative set contains no zerodivisors; this applies to a prime localization of the domain C,D000323,00CO labels only the preceding definition and the injection result is adjacent unlabelled text,
S001216,ega:I.6.5.3:proof,the localization-lifting square commutes with i_x gamma equal to phi i_y,french_admitted,F37ZW.json,0A56D886058B8203C34A9CDAA52B2CBF4EF4E6ED871C053CB7ADAA0F766690A0,a04446e57ec1fbc252a871afcec7752fb2807b14,morphisms.tex,morphisms-lemma-morphism-defined-local-ring,0BX6,split,reviewed_existing,covered_unlabelled,The 96-byte square in the proof of 0BX6 is the square already mapped by D000320 S001204-S001205,D000323,Reuse V000045 because this source unit only cites the earlier square and adds no diagram,
S001217,ega:I.6.5.3:proof,injectivity of i_y and phi forces gamma to be injective,french_admitted,F37ZW.json,0A56D886058B8203C34A9CDAA52B2CBF4EF4E6ED871C053CB7ADAA0F766690A0,a04446e57ec1fbc252a871afcec7752fb2807b14,morphisms.tex,morphisms-lemma-morphism-defined-local-ring,0BX6,split,reviewed_existing,covered_derived,The composite phi i_y is injective and commutativity identifies it with i_x gamma; an injective composite implies gamma injective,D000323,This is an elementary diagram chase and not a separately tagged theorem,
S001218,ega:I.6.5.4,a local immersion at x forces the local-ring homomorphism to be surjective,french_admitted,F37ZW.json,0A56D886058B8203C34A9CDAA52B2CBF4EF4E6ED871C053CB7ADAA0F766690A0,a04446e57ec1fbc252a871afcec7752fb2807b14,schemes.tex,schemes-definition-closed-immersion-locally-ringed-spaces,01HK,split,reviewed_existing,component,A local-immersion chart is a closed immersion into a target open and its structure-sheaf map is surjective; S001227 applies the stalk criterion,D000324,Reuses D000173 without treating local immersion as a globally named target property,
S001219,ega:I.6.5.4,the pointwise local-immersion chart is a closed immersion followed by an open immersion,french_admitted,F37ZW.json,0A56D886058B8203C34A9CDAA52B2CBF4EF4E6ED871C053CB7ADAA0F766690A0,a04446e57ec1fbc252a871afcec7752fb2807b14,schemes.tex,schemes-definition-immersion,01IO,split,reviewed_existing,covered_derived,D000173 S000645-S000646 supplies the exact EGA pointwise chart packaging,D000324,Stacks names the resulting immersion but not the source-point local-immersion predicate,
S001220,ega:I.6.5.4,for finite-type f surjectivity of the stalk map spreads to a closed-immersion chart,french_admitted,F37ZW.json,0A56D886058B8203C34A9CDAA52B2CBF4EF4E6ED871C053CB7ADAA0F766690A0,a04446e57ec1fbc252a871afcec7752fb2807b14,morphisms.tex,morphisms-definition-finite-type,01T1,split,reviewed_existing,covered_derived,Finite generation permits one common principal localization before 00CR 00CP and 01IG produce the chart,D000324,No single official tag states the full pointwise equivalence,
S001221,ega:I.6.5.4,a local isomorphism at x forces the local-ring homomorphism to be an isomorphism,french_admitted,F37ZW.json,0A56D886058B8203C34A9CDAA52B2CBF4EF4E6ED871C053CB7ADAA0F766690A0,a04446e57ec1fbc252a871afcec7752fb2807b14,schemes.tex,schemes-definition-immersion-locally-ringed-spaces,01HE,split,reviewed_existing,component,An open-immersion chart is a homeomorphism onto an open with an isomorphism of structure sheaves; S001227 applies the stalk criterion,D000324,Reuses D000174 while retaining the source-point quantifier,
S001222,ega:I.6.5.4,with locally Noetherian Y an isomorphism of local rings yields mutually inverse local charts,french_admitted,F37ZW.json,0A56D886058B8203C34A9CDAA52B2CBF4EF4E6ED871C053CB7ADAA0F766690A0,a04446e57ec1fbc252a871afcec7752fb2807b14,morphisms.tex,morphisms-lemma-morphism-defined-local-ring,0BX6,split,reviewed_existing,covered_derived,D000320 S001198-S001199 first uses 01TX to obtain finite presentation and then realizes the inverse stalk map by 0BX6; uniqueness makes both composites identities after shrinking,D000324,Local Noetherianity is retained exactly because it supplies the finite-presentation gate,
S001223,ega:I.6.5.4:proof,the local-isomorphism implication is the prior local-morphism realization and uniqueness theorem,french_admitted,F37ZW.json,0A56D886058B8203C34A9CDAA52B2CBF4EF4E6ED871C053CB7ADAA0F766690A0,a04446e57ec1fbc252a871afcec7752fb2807b14,morphisms.tex,morphisms-lemma-morphism-defined-local-ring,0BX6,split,reviewed_existing,covered_derived,D000320 S001198-S001205 supplies 01TX before 0BX6 and then equality of the two composites near x and y,D000324,The proof treats clause ii before clause i but changes no dependency,
S001224,ega:I.6.5.4:proof,finite algebra generators and stalk surjectivity descend to one principal localization,french_admitted,F37ZW.json,0A56D886058B8203C34A9CDAA52B2CBF4EF4E6ED871C053CB7ADAA0F766690A0,a04446e57ec1fbc252a871afcec7752fb2807b14,algebra.tex,algebra-lemma-localization-colimit,00CR,split,reviewed_existing,component,The finitely many generator equalities admit common denominators and a common principal open containing x,D000324,This is the same finite localization descent mechanism already used in D000320,
S001225,ega:I.6.5.4:proof,invertibility of the image of h gives the unique factorization from B_h to A_g,french_admitted,F37ZW.json,0A56D886058B8203C34A9CDAA52B2CBF4EF4E6ED871C053CB7ADAA0F766690A0,a04446e57ec1fbc252a871afcec7752fb2807b14,algebra.tex,algebra-proposition-universal-property-localization,00CP,split,reviewed_existing,component,The source factorization B to B_h to A_g is exactly the universal property after phi(h) becomes a unit,D000324,The explicit formulas then prove surjectivity of gamma,
S001226,ega:I.6.5.4:proof,surjective gamma presents D(g) as a closed subscheme of D(h),french_admitted,F37ZW.json,0A56D886058B8203C34A9CDAA52B2CBF4EF4E6ED871C053CB7ADAA0F766690A0,a04446e57ec1fbc252a871afcec7752fb2807b14,schemes.tex,schemes-example-closed-immersion-affines,01IG,split,reviewed_existing,component,Writing A_g as B_h modulo the kernel of gamma identifies the restricted morphism with the quotient-spectrum closed immersion,D000324,This completes the local-immersion chart without a new root theorem,
S001227,ega:I.6.5.4,surjectivity and bijectivity of the chart sheaf maps are detected on stalks,french_admitted,F37ZW.json,0A56D886058B8203C34A9CDAA52B2CBF4EF4E6ED871C053CB7ADAA0F766690A0,a04446e57ec1fbc252a871afcec7752fb2807b14,sheaves.tex,sheaves-lemma-characterize-epi-mono,0H7H,split,reviewed_existing,component,D000156 S000562-S000565 identifies sheaf surjections and isomorphisms from their exact stalk maps,D000324,This supplies the stalk-detection step that 01HK and 01HE do not themselves state,
S001228,ega:I.6.5.5,the finite-type local-immersion-at-some-point criterion reduces to the generic-point stalk criterion,french_admitted,F37ZW.json,0A56D886058B8203C34A9CDAA52B2CBF4EF4E6ED871C053CB7ADAA0F766690A0,a04446e57ec1fbc252a871afcec7752fb2807b14,schemes.tex,schemes-definition-immersion,01IO,split,reviewed_existing,covered_derived,D000324 gives the equivalence at x and S001229 shows that every nonempty local chart contains x,D000325,This is a source-order corollary and not a new root theorem,
S001229,ega:I.6.5.5:proof,every nonempty open subset of irreducible X contains its generic point x,french_admitted,F37ZW.json,0A56D886058B8203C34A9CDAA52B2CBF4EF4E6ED871C053CB7ADAA0F766690A0,a04446e57ec1fbc252a871afcec7752fb2807b14,topology.tex,topology-definition-generic-point,004X,split,reviewed_existing,covered_derived,The equality X equals the closure of x forces x into every nonempty open subset,D000325,Irreducibility includes nonemptiness and the generic point is unique for schemes,
S001230,ega:I.6.5.5,for irreducible X and Y the image y of x is generic if and only if f is dominant,french_admitted,F37ZW.json,0A56D886058B8203C34A9CDAA52B2CBF4EF4E6ED871C053CB7ADAA0F766690A0,a04446e57ec1fbc252a871afcec7752fb2807b14,morphisms.tex,morphisms-lemma-dominant-finite-number-irreducible-components,01RM,equivalent,reviewed_existing,component,Each irreducible scheme has one irreducible component so the finite-component criterion is exactly the parenthetical equivalence,D000325,Do not generalize this reverse implication to sources with uncontrolled irreducible components,
S001231,ega:I.6.5.5,the generic-point and generic-local-ring conditions say exactly that f is birational,french_admitted,F37ZW.json,0A56D886058B8203C34A9CDAA52B2CBF4EF4E6ED871C053CB7ADAA0F766690A0,a04446e57ec1fbc252a871afcec7752fb2807b14,morphisms.tex,morphisms-definition-birational,01RO,equivalent,reviewed_existing,component,For irreducible X and Y the component bijection is y generic and the second defining condition is the displayed local-ring isomorphism,D000325,This is birational morphism terminology and not the distinct rational-map definition 0A20,
S001232,ega:I.6.5.5,finite type over locally Noetherian Y supplies local finite presentation,french_admitted,F37ZW.json,0A56D886058B8203C34A9CDAA52B2CBF4EF4E6ED871C053CB7ADAA0F766690A0,a04446e57ec1fbc252a871afcec7752fb2807b14,morphisms.tex,morphisms-lemma-noetherian-finite-type-finite-presentation,01TX,split,reviewed_existing,component,D000324 already pins this gate before local-ring realization and it also enables the dense-open birational theorem,D000325,The locally Noetherian hypothesis must not be silently dropped,
S001233,ega:I.6.5.5,a birational locally finitely presented morphism restricts to an isomorphism on dense nonempty opens,french_admitted,F37ZW.json,0A56D886058B8203C34A9CDAA52B2CBF4EF4E6ED871C053CB7ADAA0F766690A0,a04446e57ec1fbc252a871afcec7752fb2807b14,morphisms.tex,morphisms-lemma-birational-birational,0BAC,entailed_by_stronger,reviewed_existing,component,S001231 and S001232 satisfy the second hypothesis of 0BAC whose dense-open isomorphism is stronger than local isomorphism at some point,D000325,The source proof instead takes the shorter direct route through 6.5.4,
S001234,ega:I.6.5.5:proof,both clauses reuse the already mapped stalk criteria of 6.5.4 at the generic point,french_admitted,F37ZW.json,0A56D886058B8203C34A9CDAA52B2CBF4EF4E6ED871C053CB7ADAA0F766690A0,a04446e57ec1fbc252a871afcec7752fb2807b14,morphisms.tex,morphisms-lemma-morphism-defined-local-ring,0BX6,split,reviewed_existing,covered_derived,D000324 S001218-S001227 is the exact cited route and D000320 supplies realization and uniqueness,D000325,No duplicate localization proof or visual artifact is required,
S001235,ega:I.6.6.1,quasi-compact morphism definition,french_admitted,F37ZW.json,0A56D886058B8203C34A9CDAA52B2CBF4EF4E6ED871C053CB7ADAA0F766690A0,a04446e57ec1fbc252a871afcec7752fb2807b14,schemes.tex,schemes-definition-quasi-compact,01K3,equivalent,reviewed_existing,full_statement,The target defines a scheme morphism to be quasi-compact exactly when the underlying map has quasi-compact inverse images of quasi-compact opens,D000326,Topology tag 005A supplies the underlying topological definition,
S001236,ega:I.6.6.1,quasi-compactness can be tested on a quasi-compact open basis,french_admitted,F37ZW.json,0A56D886058B8203C34A9CDAA52B2CBF4EF4E6ED871C053CB7ADAA0F766690A0,a04446e57ec1fbc252a871afcec7752fb2807b14,schemes.tex,schemes-lemma-quasi-compact-affine,01K4,split,reviewed_existing,covered_derived,The proof that a quasi-compact open is a finite union of basis members converts basiswise quasi-compact inverse images to the definition,D000326,The numbered target states the affine-basis specialization and uses the same finite-union argument,
S001237,ega:I.6.6.1,a quasi-compact scheme is equivalently a finite union of affine opens,french_admitted,F37ZW.json,0A56D886058B8203C34A9CDAA52B2CBF4EF4E6ED871C053CB7ADAA0F766690A0,a04446e57ec1fbc252a871afcec7752fb2807b14,schemes.tex,schemes-lemma-quasi-compact-affine,01K4,split,reviewed_existing,component,The target proof repeatedly replaces quasi-compact inverse images by finite unions of affine opens and conversely,D000326,This is the source parenthetical rather than an additional morphism property,
S001238,ega:I.6.6.1,for affine U in X and affine V in affine Y the intersection U with the inverse image of V is affine,french_admitted,F37ZW.json,0A56D886058B8203C34A9CDAA52B2CBF4EF4E6ED871C053CB7ADAA0F766690A0,a04446e57ec1fbc252a871afcec7752fb2807b14,morphisms.tex,morphisms-lemma-affine-permanence,01SG,entailed_by_stronger,reviewed_existing,component,Item four makes U to Y affine because the affine target is separated and hence every affine inverse image is affine,D000326,This reuses the exact EGA I 5.5.10 route already fixed by D000267,
S001239,ega:I.6.6.1,if X is quasi-compact and Y affine then every morphism from X to Y is quasi-compact,french_admitted,F37ZW.json,0A56D886058B8203C34A9CDAA52B2CBF4EF4E6ED871C053CB7ADAA0F766690A0,a04446e57ec1fbc252a871afcec7752fb2807b14,schemes.tex,schemes-lemma-quasi-compact-affine,01K4,split,reviewed_existing,covered_derived,A finite affine cover of X together with S001238 makes each affine target inverse image a finite union of affines and 01K4 concludes,D000326,No standalone omnibus theorem is needed,
S001240,ega:I.6.6.1,restriction of a quasi-compact morphism over every target open remains quasi-compact,french_admitted,F37ZW.json,0A56D886058B8203C34A9CDAA52B2CBF4EF4E6ED871C053CB7ADAA0F766690A0,a04446e57ec1fbc252a871afcec7752fb2807b14,schemes.tex,schemes-lemma-quasi-compact-affine,01K4,split,reviewed_existing,covered_derived,Every affine open of V is also an affine open of Y so condition two of 01K4 is inherited by the restriction,D000326,The source calls this clear and adds no stronger hypothesis,
S001241,ega:I.6.6.1,quasi-compactness is local on an arbitrary open cover of the target,french_admitted,F37ZW.json,0A56D886058B8203C34A9CDAA52B2CBF4EF4E6ED871C053CB7ADAA0F766690A0,a04446e57ec1fbc252a871afcec7752fb2807b14,schemes.tex,schemes-lemma-quasi-compact-affine,01K4,split,reviewed_existing,covered_derived,Refine every cover member by affine opens and condition three of 01K4 turns quasi-compact restrictions into quasi-compactness of f,D000326,This proves the converse locality clause without a new root label,
S001242,ega:I.6.6.2,the source definition requires a finite-type restriction on neighbourhoods of every point,french_admitted,F37ZW.json,0A56D886058B8203C34A9CDAA52B2CBF4EF4E6ED871C053CB7ADAA0F766690A0,a04446e57ec1fbc252a871afcec7752fb2807b14,morphisms.tex,morphisms-definition-finite-type,01T1,split,reviewed_existing,component,After reading the unbound y as f(x) the source finite-type neighbourhood gives finite type at x and conversely 01T2 supplies a finite-type affine restriction,D000327,Proposed I000103 is routed pending successor adjudication and authority is unchanged,
S001243,ega:I.6.6.2,the pointwise finite-type-neighbourhood definition is equivalent to the affine local finite-type criterion,french_admitted,F37ZW.json,0A56D886058B8203C34A9CDAA52B2CBF4EF4E6ED871C053CB7ADAA0F766690A0,a04446e57ec1fbc252a871afcec7752fb2807b14,morphisms.tex,morphisms-lemma-locally-finite-type-characterize,01T2,equivalent,reviewed_existing,full_statement,Conditions one through four identify pointwise affine finite generation with open-local finite-type restrictions and close both directions of the source definition,D000327,Do not replace local finite type by finite presentation,
S001244,ega:I.6.6.2,restriction over every open target subset remains locally of finite type,french_admitted,F37ZW.json,0A56D886058B8203C34A9CDAA52B2CBF4EF4E6ED871C053CB7ADAA0F766690A0,a04446e57ec1fbc252a871afcec7752fb2807b14,morphisms.tex,morphisms-lemma-locally-finite-type-characterize,01T2,entailed_by_stronger,reviewed_existing,component,The moreover clause proves local finite type for every pair of open subschemes U and V with f(U) contained in V and hence for U equal to the inverse image of W,D000327,This is the literal 6.3.2 consequence in a stronger form,
S001245,ega:I.6.6.2,a scheme locally of finite type over a locally Noetherian scheme is locally Noetherian,french_admitted,F37ZW.json,0A56D886058B8203C34A9CDAA52B2CBF4EF4E6ED871C053CB7ADAA0F766690A0,a04446e57ec1fbc252a871afcec7752fb2807b14,morphisms.tex,morphisms-lemma-finite-type-noetherian,01T6,equivalent,reviewed_existing,full_statement,The local locally branch of 01T6 is exactly the cited 6.3.7 consequence,D000327,Use the local branch and do not introduce the finite-presentation upgrade 01TX,
S001246,ega:I.6.6.3,finite type is equivalent to quasi-compact and locally of finite type,french_admitted,F37ZW.json,0A56D886058B8203C34A9CDAA52B2CBF4EF4E6ED871C053CB7ADAA0F766690A0,a04446e57ec1fbc252a871afcec7752fb2807b14,morphisms.tex,morphisms-definition-finite-type,01T1,equivalent,reviewed_existing,full_statement,Item three of 01T1 is exactly the proposition,D000328,The theorem is already definitional in the modern target and needs no duplicate root label,
S001247,ega:I.6.6.3:proof,local finite type supplies finite-type neighbourhood restrictions around every point over affine U,french_admitted,F37ZW.json,0A56D886058B8203C34A9CDAA52B2CBF4EF4E6ED871C053CB7ADAA0F766690A0,a04446e57ec1fbc252a871afcec7752fb2807b14,morphisms.tex,morphisms-lemma-locally-finite-type-characterize,01T2,split,reviewed_existing,component,The characterization and moreover clause of 01T2 supply the compatible local finite-type charts used in the converse,D000328,Read LF1060 provisionally as a neighbourhood of y=f(x) under pending I000104,
S001248,ega:I.6.6.3:proof,after shrinking W(x) to D(g) the local chart V(x) is finite type over U,french_admitted,F37ZW.json,0A56D886058B8203C34A9CDAA52B2CBF4EF4E6ED871C053CB7ADAA0F766690A0,a04446e57ec1fbc252a871afcec7752fb2807b14,morphisms.tex,morphisms-lemma-composition-finite-type,01T3,split,reviewed_existing,covered_derived,The chart map to D(g) is finite type and D(g) to U comes from the finite-type localization A to A[1/g] so 01T3 composes them,D000328,This is the source proof component rather than a second statement of the proposition,
S001249,ega:I.6.6.3:proof,quasi-compactness of the affine inverse image extracts a finite family of local finite-type charts,french_admitted,F37ZW.json,0A56D886058B8203C34A9CDAA52B2CBF4EF4E6ED871C053CB7ADAA0F766690A0,a04446e57ec1fbc252a871afcec7752fb2807b14,schemes.tex,schemes-lemma-quasi-compact-affine,01K4,split,reviewed_existing,component,The 01K3 hypothesis and 01K4 affine criterion identify f^{-1}(U) as quasi-compact and hence permit the finite subcover that closes 01T1,D000328,Keep both quasi-compact tags in the proof route although only 01K4 carries this finite-affine-cover edge,
S001250,ega:I.6.6.4,(i) a closed immersion is quasi-compact,french_admitted,F37ZW.json,0A56D886058B8203C34A9CDAA52B2CBF4EF4E6ED871C053CB7ADAA0F766690A0,a04446e57ec1fbc252a871afcec7752fb2807b14,schemes.tex,schemes-lemma-closed-immersion-quasi-compact,01K7,equivalent,reviewed_existing,component,The closed-immersion branch is exactly 01K7,D000329,No hypothesis on either underlying space is needed,
S001251,ega:I.6.6.4,(i) immersion quasi-compactness under either topological Noetherian hypothesis,french_admitted,F37ZW.json,0A56D886058B8203C34A9CDAA52B2CBF4EF4E6ED871C053CB7ADAA0F766690A0,a04446e57ec1fbc252a871afcec7752fb2807b14,topology.tex,topology-lemma-Noetherian-quasi-compact,04ZA,split,reviewed_existing,covered_derived,Reuse D000300: 01K4 and 04ZB make affine target opens Noetherian under the target-space hypothesis; 0052 makes their immersed subspaces Noetherian; the source-space hypothesis uses 0052 directly; 04ZA gives quasi-compactness,D000329,The hypotheses concern underlying spaces and must not be strengthened to Noetherian schemes,
S001252,ega:I.6.6.4,(ii) composition of quasi-compact morphisms,french_admitted,F37ZW.json,0A56D886058B8203C34A9CDAA52B2CBF4EF4E6ED871C053CB7ADAA0F766690A0,a04446e57ec1fbc252a871afcec7752fb2807b14,schemes.tex,schemes-lemma-composition-quasi-compact,01K6,equivalent,reviewed_existing,component,The statement of 01K6 is exactly the composition clause,D000329,,
S001253,ega:I.6.6.4,(iii) quasi-compactness survives arbitrary extension of the base scheme,french_admitted,F37ZW.json,0A56D886058B8203C34A9CDAA52B2CBF4EF4E6ED871C053CB7ADAA0F766690A0,a04446e57ec1fbc252a871afcec7752fb2807b14,schemes.tex,schemes-lemma-quasi-compact-preserved-base-change,01K5,equivalent,reviewed_existing,component,The unchanged official statement 01K5 is exactly the base-change clause; the local mirror now supplies its omitted proof via 01K4 and 01JS,D000329,Only the proof is completed; the statement and official tag are preserved without an upstream endorsement claim,
S001254,ega:I.6.6.4,(iv) product of two quasi-compact S-morphisms,french_admitted,F37ZW.json,0A56D886058B8203C34A9CDAA52B2CBF4EF4E6ED871C053CB7ADAA0F766690A0,a04446e57ec1fbc252a871afcec7752fb2807b14,schemes.tex,schemes-lemma-quasi-compact-preserved-base-change,01K5,split,reviewed_existing,covered_derived,Factor f times_S g through X-prime times_S Y as the base change of f followed by the base change of g; 01K5 and 01K6 apply as in D000269,D000329,This is a two-base-change derivation rather than a separate product lemma,
S001255,ega:I.6.6.4,(v) cancellation when the second morphism is separated,french_admitted,F37ZW.json,0A56D886058B8203C34A9CDAA52B2CBF4EF4E6ED871C053CB7ADAA0F766690A0,a04446e57ec1fbc252a871afcec7752fb2807b14,schemes.tex,schemes-lemma-quasi-compact-permanence,03GI,entailed_by_stronger,reviewed_existing,component,03GI gives quasi-compactness of f when g composed with f is quasi-compact and g is quasi-separated; separated morphisms satisfy that weaker hypothesis,D000329,The historical separated hypothesis is sufficient but is not necessary in the target,
S001256,ega:I.6.6.4,(v) cancellation when the underlying source space is locally Noetherian,french_admitted,F37ZW.json,0A56D886058B8203C34A9CDAA52B2CBF4EF4E6ED871C053CB7ADAA0F766690A0,a04446e57ec1fbc252a871afcec7752fb2807b14,topology.tex,topology-lemma-quasi-compact-locally-Noetherian-Noetherian,04ZB,split,reviewed_existing,covered_derived,For quasi-compact open U in Y use 04Z9 and 01IV to cover g(U) by finitely many affine opens V_j of Z; their inverse images under gf are quasi-compact locally Noetherian opens and hence Noetherian by 04ZB; 0053 and 0052 make f inverse U Noetherian and 04ZA makes it quasi-compact,D000329,No separation assumption on g and no scheme-theoretic Noetherian hypothesis are introduced,
S001257,ega:I.6.6.4,(vi) quasi-compactness is invariant under reduction of source and target,french_admitted,F37ZW.json,0A56D886058B8203C34A9CDAA52B2CBF4EF4E6ED871C053CB7ADAA0F766690A0,a04446e57ec1fbc252a871afcec7752fb2807b14,schemes.tex,schemes-definition-quasi-compact,01K3,split,reviewed_existing,covered_derived,01J4 leaves both underlying spaces unchanged and 0356 identifies the underlying continuous map of f_red with that of f; 01K3 therefore gives the biconditional,D000329,This uses only underlying topology and does not require the reduction square to be cartesian,
S001258,ega:I.6.6.4:proof,base change is covered by finitely many affine fibre-product charts above each target chart,french_admitted,F37ZW.json,0A56D886058B8203C34A9CDAA52B2CBF4EF4E6ED871C053CB7ADAA0F766690A0,a04446e57ec1fbc252a871afcec7752fb2807b14,schemes.tex,schemes-lemma-affine-covering-fibre-product,01JS,split,reviewed_existing,component,01K4 makes each affine target inverse image a finite affine union; 01JS gives the finite affine cover after base change and 01K4 detects quasi-compactness on the resulting target cover,D000329,Both dependencies precede 01K5 and the completed proof requires no Noetherianity separation finite-type or flatness hypothesis,
S001259,ega:I.6.6.4,following paragraph: quasi-compactness on a binary disjoint union is equivalent to quasi-compactness of both restrictions,french_admitted,F37ZW.json,0A56D886058B8203C34A9CDAA52B2CBF4EF4E6ED871C053CB7ADAA0F766690A0,a04446e57ec1fbc252a871afcec7752fb2807b14,schemes.tex,schemes-definition-quasi-compact,01K3,split,reviewed_existing,covered_derived,For every quasi-compact target open its inverse image is the disjoint union of the two restriction inverse images; the reverse direction is a finite union and the forward direction uses closed component inclusions with 005C,D000329,Keep the two-summand scope; the sufficiency direction is not asserted for arbitrary infinite sums,
S001260,ega:I.6.6.5,quasi-compact dominance iff each target component generic point has a source component generic point in its fibre,french_admitted,F37ZW.json,0A56D886058B8203C34A9CDAA52B2CBF4EF4E6ED871C053CB7ADAA0F766690A0,a04446e57ec1fbc252a871afcec7752fb2807b14,morphisms.tex,morphisms-lemma-quasi-compact-dominant,01RL,split,reviewed_existing,covered_derived,01RL gives dominance iff each target component generic point is in the image; S001262 and S001263 upgrade an arbitrary preimage to a source component generic point,D000330,Whole-source coverage is by composition and not literal identity with the weaker image wording in 01RL,
S001261,ega:I.6.6.5:proof,sufficiency does not require quasi-compactness,french_admitted,F37ZW.json,0A56D886058B8203C34A9CDAA52B2CBF4EF4E6ED871C053CB7ADAA0F766690A0,a04446e57ec1fbc252a871afcec7752fb2807b14,morphisms.tex,morphisms-lemma-generic-points-in-image-dominant,01RK,entailed_by_stronger,reviewed_existing,component,01RK assumes only that every target component generic point has some preimage and proves dominance without quasi-compactness,D000330,The source generic-preimage condition implies the weaker hypothesis of 01RK,
S001262,ega:I.6.6.5,a preimage of a target component generic point lies in a source irreducible component,french_admitted,F37ZW.json,0A56D886058B8203C34A9CDAA52B2CBF4EF4E6ED871C053CB7ADAA0F766690A0,a04446e57ec1fbc252a871afcec7752fb2807b14,topology.tex,topology-lemma-irreducible,004W,split,reviewed_existing,covered_derived,Choose a source component C containing a preimage x of y using 004W; if eta is generic in C then continuity puts y in the closure of f(eta) and maximality of the target component forces equality of their closures,D000330,The generic point and uniqueness needed to finish this upgrade are supplied separately by 01IS,
S001263,ega:I.6.6.5,sobriety finishes the generic-preimage upgrade,french_admitted,F37ZW.json,0A56D886058B8203C34A9CDAA52B2CBF4EF4E6ED871C053CB7ADAA0F766690A0,a04446e57ec1fbc252a871afcec7752fb2807b14,schemes.tex,schemes-lemma-scheme-sober,01IS,split,reviewed_existing,covered_derived,01IS gives a generic eta of the source component chosen by 004W; equality of the closures of y and f(eta) then implies f(eta)=y by uniqueness of generic points,D000330,This bridge needs neither quasi-compactness nor reducedness integrality affineness finite type or Noetherianity,
S001264,ega:I.6.6.5:proof,quasi-compact inverse images of affine target opens admit finite affine coverings,french_admitted,F37ZW.json,0A56D886058B8203C34A9CDAA52B2CBF4EF4E6ED871C053CB7ADAA0F766690A0,a04446e57ec1fbc252a871afcec7752fb2807b14,schemes.tex,schemes-lemma-quasi-compact-affine,01K4,equivalent,reviewed_existing,component,01K4 gives the affine-target criterion and its proof expresses each quasi-compact inverse image as a finite union of affine opens,D000330,The French proof selects one chart closure through y; 01RL instead uses the finite disjoint union of the charts,
S001265,ega:I.6.6.5:proof,affine dominance implies injectivity for a reduced target and hits every minimal target prime,french_admitted,F37ZW.json,0A56D886058B8203C34A9CDAA52B2CBF4EF4E6ED871C053CB7ADAA0F766690A0,a04446e57ec1fbc252a871afcec7752fb2807b14,algebra.tex,algebra-lemma-image-dense-generic-points,00FL,entailed_by_stronger,reviewed_existing,component,00FL equates dense spectral image with a kernel consisting of nilpotent elements and with hitting every minimal target prime; a reduced target ring makes this kernel zero,D000330,00FL applies to arbitrary ring maps and does not require reduced source or target; minimal source-prime lifting is recorded separately at 0CAN,
S001266,ega:I.6.6.5:proof,each minimal target prime in the spectral image lifts to a minimal source prime,french_admitted,F37ZW.json,0A56D886058B8203C34A9CDAA52B2CBF4EF4E6ED871C053CB7ADAA0F766690A0,a04446e57ec1fbc252a871afcec7752fb2807b14,algebra.tex,algebra-lemma-minimal-prime-image-minimal-prime,0CAN,entailed_by_stronger,reviewed_existing,component,After 00FL supplies a prime over each minimal target prime 0CAN chooses a minimal prime inside it whose contraction remains that target prime,D000330,0CAN holds for every ring map; it is a supplemental derivation edge and is not an explicit citation inside 00FL or 01RL,
S001267,ega:I.6.6.6,(i) a source-local closed immersion has finite-type neighbourhoods,french_admitted,F37ZW.json,0A56D886058B8203C34A9CDAA52B2CBF4EF4E6ED871C053CB7ADAA0F766690A0,a04446e57ec1fbc252a871afcec7752fb2807b14,morphisms.tex,morphisms-lemma-immersion-locally-finite-type,01T5,split,reviewed_existing,covered_derived,At each x choose the EGA 4.5.1 closed immersion U to V; 01T5 makes that restriction finite type,D000331,Local immersion does not mean a globally injective immersion; use 01T2 and 01T1 for locality,
S001268,ega:I.6.6.6,(i) affine refinement and source-target locality,french_admitted,F37ZW.json,0A56D886058B8203C34A9CDAA52B2CBF4EF4E6ED871C053CB7ADAA0F766690A0,a04446e57ec1fbc252a871afcec7752fb2807b14,morphisms.tex,morphisms-lemma-locally-finite-type-characterize,01T2,split,reviewed_existing,component,Refine U to the inverse image of an affine V neighbourhood and then to an affine source neighbourhood; the induced finite-type ring map is detected by 01T2,D000331,Together with 01T1 this proves the pointwise condition without global quasi-compactness,
S001269,ega:I.6.6.6,(i) finite-type-at-a-point is exactly the local condition,french_admitted,F37ZW.json,0A56D886058B8203C34A9CDAA52B2CBF4EF4E6ED871C053CB7ADAA0F766690A0,a04446e57ec1fbc252a871afcec7752fb2807b14,morphisms.tex,morphisms-definition-finite-type,01T1,split,reviewed_existing,component,The affine refinements supplied by 01T2 at every source point satisfy the finite-type-at-x definition,D000331,Keep arbitrary noninjective local immersions within scope,
S001270,ega:I.6.6.6,(ii) composition and (iv) the product factorization,french_admitted,F37ZW.json,0A56D886058B8203C34A9CDAA52B2CBF4EF4E6ED871C053CB7ADAA0F766690A0,a04446e57ec1fbc252a871afcec7752fb2807b14,morphisms.tex,morphisms-lemma-composition-finite-type,01T3,split,reviewed_existing,component,The locally-finite-type clause directly proves (ii); after factoring the product into two base changes it proves (iv) with 01T4,D000331,The entire six-clause proposition is not one literal statement match,
S001271,ega:I.6.6.6,(iii) arbitrary common-base extension and (iv) product factors,french_admitted,F37ZW.json,0A56D886058B8203C34A9CDAA52B2CBF4EF4E6ED871C053CB7ADAA0F766690A0,a04446e57ec1fbc252a871afcec7752fb2807b14,morphisms.tex,morphisms-lemma-base-change-finite-type,01T4,split,reviewed_existing,component,Base change preserves local finite type; each factor in X times Y to X-prime times Y to X-prime times Y-prime is such a base change,D000331,No finite-type hypothesis is added on the change-of-base map,
S001272,ega:I.6.6.6,(iii) and (iv) canonical fibre-product identifications,french_admitted,F37ZW.json,0A56D886058B8203C34A9CDAA52B2CBF4EF4E6ED871C053CB7ADAA0F766690A0,a04446e57ec1fbc252a871afcec7752fb2807b14,schemes.tex,schemes-definition-fibre-product,01JP,split,reviewed_existing,component,The universal property identifies common-base extension with base change along Y times S-prime to Y and identifies the two product factors,D000331,These are canonical identifications not new finiteness assumptions,
S001273,ega:I.6.6.6,(v) left-factor cancellation and (vi) reduction cancellation,french_admitted,F37ZW.json,0A56D886058B8203C34A9CDAA52B2CBF4EF4E6ED871C053CB7ADAA0F766690A0,a04446e57ec1fbc252a871afcec7752fb2807b14,morphisms.tex,morphisms-lemma-permanence-finite-type,01T8,split,reviewed_existing,component,Taking the common base to be Z gives local finite type of X to Y whenever X to Z is locally finite type; apply again to X_red to Y_red to Y,D000331,There is no condition on Y to Z,
S001274,ega:I.6.6.6,(vi) the source reduction is a closed subscheme,french_admitted,F37ZW.json,0A56D886058B8203C34A9CDAA52B2CBF4EF4E6ED871C053CB7ADAA0F766690A0,a04446e57ec1fbc252a871afcec7752fb2807b14,schemes.tex,schemes-lemma-reduced-closed-subscheme,01J3,split,reviewed_existing,component,Apply the unique reduced closed-subscheme construction to the whole underlying space of X,D000331,With 01J4 this identifies the closed immersion used before 01T5 and 01T3,
S001275,ega:I.6.6.6,(vi) reduction denotes the reduced induced structure on the whole space,french_admitted,F37ZW.json,0A56D886058B8203C34A9CDAA52B2CBF4EF4E6ED871C053CB7ADAA0F766690A0,a04446e57ec1fbc252a871afcec7752fb2807b14,schemes.tex,schemes-definition-reduced-induced-scheme,01J4,split,reviewed_existing,component,The reduction definition identifies X_red and Y_red with the closed reduced structures on their entire underlying spaces,D000331,No cartesian reduction square is assumed,
S001276,ega:I.6.6.6,(vi) factor the reduced source map through target reduction,french_admitted,F37ZW.json,0A56D886058B8203C34A9CDAA52B2CBF4EF4E6ED871C053CB7ADAA0F766690A0,a04446e57ec1fbc252a871afcec7752fb2807b14,schemes.tex,schemes-lemma-map-into-reduction,0356,split,reviewed_existing,covered_derived,X_red is reduced so f composed with X_red to X factors through Y_red by 0356; 01T5 and 01T3 make the composite locally finite type and 01T8 gives the reduced map,D000331,Do not cite 0HCT as pinned official: it is absent from the a044 baseline,
S001277,ega:I.6.6.6:proof,the unwrapped proof is local on source and target,french_admitted,F37ZW.json,0A56D886058B8203C34A9CDAA52B2CBF4EF4E6ED871C053CB7ADAA0F766690A0,a04446e57ec1fbc252a871afcec7752fb2807b14,morphisms.tex,morphisms-lemma-locally-finite-type-characterize,01T2,split,reviewed_existing,component,The French proof chooses neighbourhoods at x and f(x); 01T2 supplies the affine local criterion for its composition and base-change reductions,D000331,The discovery-only English proof environment does not change French source topology,
S001278,ega:I.6.6.6:proof,reduction to the case Y equals the common base,french_admitted,F37ZW.json,0A56D886058B8203C34A9CDAA52B2CBF4EF4E6ED871C053CB7ADAA0F766690A0,a04446e57ec1fbc252a871afcec7752fb2807b14,schemes.tex,schemes-definition-fibre-product,01JP,split,reviewed_existing,component,Associativity of the fibre product identifies common-base extension with ordinary base change; apply 01T4 on the chosen local charts,D000331,The historical proof invokes previously treated permanence assertions rather than asserting a new global finite-type result,
S001279,ega:I.6.6.7,locally Noetherian fibre product under local finite-type hypotheses,french_admitted,F37ZW.json,0A56D886058B8203C34A9CDAA52B2CBF4EF4E6ED871C053CB7ADAA0F766690A0,a04446e57ec1fbc252a871afcec7752fb2807b14,morphisms.tex,morphisms-lemma-finite-type-noetherian,01T6,split,reviewed_existing,covered_derived,First apply 01T6 to X over S; apply it again to X times_S Y over X after 01T4 gives the projection locally finite type,D000332,No quasi-compactness is required on X Y or S,
S001280,ega:I.6.6.7:proof,the projection is a base change of Y to S,french_admitted,F37ZW.json,0A56D886058B8203C34A9CDAA52B2CBF4EF4E6ED871C053CB7ADAA0F766690A0,a04446e57ec1fbc252a871afcec7752fb2807b14,morphisms.tex,morphisms-lemma-base-change-finite-type,01T4,split,reviewed_existing,component,The projection X times_S Y to X is locally finite type by base change; the two local-Noetherian consequences are exactly 01T6,D000332,This is componentwise proof coverage rather than a newly needed theorem,
S001281,ega:I.6.6.8,extension of 6.3.10: a surjective map has nonempty geometric fibres,french_admitted,F37ZW.json,0A56D886058B8203C34A9CDAA52B2CBF4EF4E6ED871C053CB7ADAA0F766690A0,a04446e57ec1fbc252a871afcec7752fb2807b14,morphisms.tex,morphisms-lemma-base-change-surjective,01S1,split,reviewed_existing,covered_derived,Base change a surjective f along any point valued in an algebraically closed field Omega; the resulting fibre is nonempty,D000333,This first extension quantifies over every algebraically closed Omega,
S001282,ega:I.6.6.8,extension of 6.3.10: the geometric fibre remains locally finite type,french_admitted,F37ZW.json,0A56D886058B8203C34A9CDAA52B2CBF4EF4E6ED871C053CB7ADAA0F766690A0,a04446e57ec1fbc252a871afcec7752fb2807b14,morphisms.tex,morphisms-lemma-base-change-finite-type,01T4,split,reviewed_existing,component,Base change preserves local finite type so the nonempty geometric fibre has a finite-type affine chart,D000333,No global quasi-compactness or global finite-type assumption is introduced,
S001283,ega:I.6.6.8,extensions of 6.3.10 and 6.4.9: finite-type affine charts,french_admitted,F37ZW.json,0A56D886058B8203C34A9CDAA52B2CBF4EF4E6ED871C053CB7ADAA0F766690A0,a04446e57ec1fbc252a871afcec7752fb2807b14,morphisms.tex,morphisms-lemma-locally-finite-type-characterize,01T2,split,reviewed_existing,component,A nonempty geometric fibre chart has a nonzero finite-type Omega-algebra; an affine K-chart around any y gives a finitely generated residue field extension,D000333,These are local charts even when the entire scheme is not quasi-compact,
S001284,ega:I.6.6.8,extension of 6.3.10: a rational point in the nonempty fibre,french_admitted,F37ZW.json,0A56D886058B8203C34A9CDAA52B2CBF4EF4E6ED871C053CB7ADAA0F766690A0,a04446e57ec1fbc252a871afcec7752fb2807b14,algebra.tex,algebra-theorem-nullstellensatz,00FV,split,reviewed_existing,component,Choose a maximal ideal in the nonzero finite-type Omega-algebra; Nullstellensatz gives a finite residue extension and algebraic closedness makes it Omega,D000333,Do not rely on the inherited defective converse proof of 0487,
S001285,ega:I.6.6.8,extensions of 6.3.10 and 6.4.9: representatives of underlying points,french_admitted,F37ZW.json,0A56D886058B8203C34A9CDAA52B2CBF4EF4E6ED871C053CB7ADAA0F766690A0,a04446e57ec1fbc252a871afcec7752fb2807b14,schemes.tex,schemes-lemma-characterize-points,01J9,split,reviewed_existing,component,Each underlying y has its canonical residue-field point; extend this field to an algebraic closure for 6.3.10 or embed it into the fixed Omega for 6.4.9 and lift the resulting point,D000333,The reverse implication for every algebraically closed field needs no finiteness assumption,
S001286,ega:I.6.6.8,extension of 6.4.2: closed points and finite residue extensions,french_admitted,F37ZW.json,0A56D886058B8203C34A9CDAA52B2CBF4EF4E6ED871C053CB7ADAA0F766690A0,a04446e57ec1fbc252a871afcec7752fb2807b14,morphisms.tex,morphisms-lemma-closed-point-fibre-locally-finite-type,01TF,equivalent,reviewed_existing,component,Specialize the fibre closed-point equivalence to X over Spec(K); the single fibre is X itself,D000333,This is exactly the second assertion of the remark and is not the fixed-Omega surjectivity assertion,
S001287,ega:I.6.6.8,extension of 6.4.9: the K-morphism itself is locally finite type,french_admitted,F37ZW.json,0A56D886058B8203C34A9CDAA52B2CBF4EF4E6ED871C053CB7ADAA0F766690A0,a04446e57ec1fbc252a871afcec7752fb2807b14,morphisms.tex,morphisms-lemma-permanence-finite-type,01T8,split,reviewed_existing,component,Since X is locally finite type over K its K-morphism to Y is locally finite type; the forward geometric-point lifting argument applies,D000333,Both X and Y retain their local finite-type hypotheses from this extension,
S001288,ega:I.6.6.8,extension of 6.4.9: a finite transcendence basis of each residue field,french_admitted,F37ZW.json,0A56D886058B8203C34A9CDAA52B2CBF4EF4E6ED871C053CB7ADAA0F766690A0,a04446e57ec1fbc252a871afcec7752fb2807b14,fields.tex,fields-lemma-transcendence-degree,030F,split,reviewed_existing,covered_derived,Choose the transcendence basis from the finite field-generating set of kappa(y) over K; infinite transcendence degree of Omega provides independent images for this finite basis,D000333,This is one fixed algebraically closed Omega over K of infinite transcendence degree,
S001289,ega:I.6.6.8,extension of 6.4.9: algebraic generators extend the field embedding,french_admitted,F37ZW.json,0A56D886058B8203C34A9CDAA52B2CBF4EF4E6ED871C053CB7ADAA0F766690A0,a04446e57ec1fbc252a871afcec7752fb2807b14,fields.tex,fields-lemma-map-into-algebraic-closure,09GU,split,reviewed_existing,component,After embedding the rational function field choose roots of minimal polynomials successively in Omega; the root-extension proof of 09GU supplies this argument,D000333,09GU literally targets an algebraic closure; 00BF supplies the arbitrary algebraically closed codomain statement,
S001290,ega:I.6.6.8,extension of 6.4.9: the algebraically closed codomain may be Omega,french_admitted,F37ZW.json,0A56D886058B8203C34A9CDAA52B2CBF4EF4E6ED871C053CB7ADAA0F766690A0,a04446e57ec1fbc252a871afcec7752fb2807b14,algebra.tex,algebra-item-extend-into-algebraically-closed,00BF,split,reviewed_existing,component,Apply the extension-into-an-algebraically-closed-field assertion over the embedded rational function field to obtain kappa(y) to Omega over K,D000333,Preserve the infinite-transcendence hypothesis of this historical derivation; no official tag or copied proof is created,
S001291,ega:I.7.1.1,equivalence of morphisms on topologically dense open domains,french_admitted,F37ZW.json,0A56D886058B8203C34A9CDAA52B2CBF4EF4E6ED871C053CB7ADAA0F766690A0,a04446e57ec1fbc252a871afcec7752fb2807b14,morphisms.tex,morphisms-definition-rational-map,01RS,equivalent,reviewed_existing,full_statement,An open witness dense in U intersect V is dense in X and conversely; intersecting witnesses proves transitivity,D000334,No schematic density or reducedness is required,
S001292,ega:I.7.1.2,rational maps are equivalence classes on dense open domains,french_admitted,F37ZW.json,0A56D886058B8203C34A9CDAA52B2CBF4EF4E6ED871C053CB7ADAA0F766690A0,a04446e57ec1fbc252a871afcec7752fb2807b14,morphisms.tex,morphisms-definition-rational-map,01RS,split,reviewed_existing,component,Item two is the exact quotient definition after the density equivalence established in D000334,D000335,Historical preschemes correspond to modern schemes without a separation assumption,
S001293,ega:I.7.1.2,S-rational maps admit an S-morphism representative,french_admitted,F37ZW.json,0A56D886058B8203C34A9CDAA52B2CBF4EF4E6ED871C053CB7ADAA0F766690A0,a04446e57ec1fbc252a871afcec7752fb2807b14,morphisms.tex,morphisms-definition-rational-map,01RS,split,reviewed_existing,component,Item three retains the existential representative condition over the base S,D000335,Do not require every representative to be an S-morphism,
S001294,ega:I.7.1.2,rational S-sections are rational S-maps from S,french_admitted,F37ZW.json,0A56D886058B8203C34A9CDAA52B2CBF4EF4E6ED871C053CB7ADAA0F766690A0,a04446e57ec1fbc252a871afcec7752fb2807b14,morphisms.tex,morphisms-definition-rational-map,01RS,split,reviewed_existing,covered_unlabelled,Specialize the source scheme of an S-rational map to S; the section terminology is a source alias,D000335,No independent tagged rational-section definition is asserted,
S001295,ega:I.7.1.2,rational functions are rational sections of the affine line over X,french_admitted,F37ZW.json,0A56D886058B8203C34A9CDAA52B2CBF4EF4E6ED871C053CB7ADAA0F766690A0,a04446e57ec1fbc252a871afcec7752fb2807b14,morphisms.tex,morphisms-definition-rational-function,01RT,split,reviewed_existing,component,The paragraph following the target identifies absolute affine-line maps with relative affine-line maps over any base; take the base to be X,D000335,Use 01JP and 01M0 for the relative affine-line identification,
S001296,ega:I.7.1.2,restriction to an arbitrary open is well defined,french_admitted,F37ZW.json,0A56D886058B8203C34A9CDAA52B2CBF4EF4E6ED871C053CB7ADAA0F766690A0,a04446e57ec1fbc252a871afcec7752fb2807b14,morphisms.tex,morphisms-definition-rational-map,01RS,split,reviewed_existing,covered_derived,If representatives agree on a dense open T inside V intersect W then their restrictions agree on U intersect T which is dense open in U,D000335,Original printed p155 and French line36 overclaim full-overlap equality; the independently verified proof repair remains a proposed source-edition correction,
S001297,ega:I.7.1.2,canonical maps from morphisms and sections to rational classes,french_admitted,F37ZW.json,0A56D886058B8203C34A9CDAA52B2CBF4EF4E6ED871C053CB7ADAA0F766690A0,a04446e57ec1fbc252a871afcec7752fb2807b14,morphisms.tex,morphisms-definition-rational-map,01RS,split,reviewed_existing,covered_derived,A global morphism has dense domain X and hence defines its equivalence class; specialize this quotient map to sections,D000335,These canonical maps need not be injective,
S001298,ega:I.7.1.2,S-rational maps correspond to rational sections of X times_S Y over X,french_admitted,F37ZW.json,0A56D886058B8203C34A9CDAA52B2CBF4EF4E6ED871C053CB7ADAA0F766690A0,a04446e57ec1fbc252a871afcec7752fb2807b14,schemes.tex,schemes-definition-fibre-product,01JP,entailed_by_stronger,reviewed_existing,component,For every dense open U of X the universal property identifies f with the pair of its inclusion into X and f; the natural bijection commutes with restriction and descends to classes,D000335,Reuse the admitted I.3.3.14 graph and section correspondence D000109,
S001299,ega:I.7.1.2,the relative affine line is the required base change,french_admitted,F37ZW.json,0A56D886058B8203C34A9CDAA52B2CBF4EF4E6ED871C053CB7ADAA0F766690A0,a04446e57ec1fbc252a871afcec7752fb2807b14,constructions.tex,constructions-definition-affine-n-space,01M0,split,reviewed_existing,component,The base-change identity following the definition with n equal to one identifies affine one-space over X with X times_SpecZ SpecZ[T],D000335,This supplies notation rather than a new construction,
S001300,ega:I.7.1.3,structural-sheaf sections are represented naturally by the affine line,french_admitted,F37ZW.json,0A56D886058B8203C34A9CDAA52B2CBF4EF4E6ED871C053CB7ADAA0F766690A0,a04446e57ec1fbc252a871afcec7752fb2807b14,schemes.tex,schemes-example-global-sections,01JH,split,reviewed_existing,component,The natural representation for every scheme U identifies maps U to SpecZ[T] with sections of O_U and commutes with open restrictions,D000336,Reuse D000110 without promoting English discovery to authority,
S001301,ega:I.7.1.3,rational functions identify with equivalence classes of dense-open sections,french_admitted,F37ZW.json,0A56D886058B8203C34A9CDAA52B2CBF4EF4E6ED871C053CB7ADAA0F766690A0,a04446e57ec1fbc252a871afcec7752fb2807b14,morphisms.tex,morphisms-definition-rational-function,01RT,split,reviewed_existing,covered_derived,Apply the restriction-natural 01JH bijection on every dense open and use the same dense equality witnesses on both sides,D000336,No finite number of irreducible components is assumed,
S001302,ega:I.7.1.3,the dense-open section classes form the ring R(X),french_admitted,F37ZW.json,0A56D886058B8203C34A9CDAA52B2CBF4EF4E6ED871C053CB7ADAA0F766690A0,a04446e57ec1fbc252a871afcec7752fb2807b14,morphisms.tex,morphisms-definition-ring-of-rational-functions,01RU,split,reviewed_existing,component,Restrict two representatives to their common dense open and add or multiply sections there; the ring laws and independence follow under further restriction,D000336,Do not replace this ring by meromorphic functions defined with schematic-density domains,
S001303,ega:I.7.1.1,equivalence of morphisms on topologically dense open domains,french_admitted,F37ZW.json,0A56D886058B8203C34A9CDAA52B2CBF4EF4E6ED871C053CB7ADAA0F766690A0,a04446e57ec1fbc252a871afcec7752fb2807b14,morphisms.tex,morphisms-definition-rational-map,01RS,equivalent,reviewed_existing,full_statement,An open witness dense in U intersect V is dense in X and conversely; intersecting witnesses proves transitivity,D000337,No schematic density or reducedness is required; complete raw environment binding supersedes the normalized-web locator only,S001291
S001304,ega:I.7.1.2,rational maps are equivalence classes on dense open domains,french_admitted,F37ZW.json,0A56D886058B8203C34A9CDAA52B2CBF4EF4E6ED871C053CB7ADAA0F766690A0,a04446e57ec1fbc252a871afcec7752fb2807b14,morphisms.tex,morphisms-definition-rational-map,01RS,split,reviewed_existing,component,Item two is the exact quotient definition after the density equivalence established in D000334,D000338,Historical preschemes correspond to modern schemes without a separation assumption; complete raw environment binding supersedes the normalized-web locator only,S001292
S001305,ega:I.7.1.2,S-rational maps admit an S-morphism representative,french_admitted,F37ZW.json,0A56D886058B8203C34A9CDAA52B2CBF4EF4E6ED871C053CB7ADAA0F766690A0,a04446e57ec1fbc252a871afcec7752fb2807b14,morphisms.tex,morphisms-definition-rational-map,01RS,split,reviewed_existing,component,Item three retains the existential representative condition over the base S,D000338,Do not require every representative to be an S-morphism; complete raw environment binding supersedes the normalized-web locator only,S001293
S001306,ega:I.7.1.2,rational S-sections are rational S-maps from S,french_admitted,F37ZW.json,0A56D886058B8203C34A9CDAA52B2CBF4EF4E6ED871C053CB7ADAA0F766690A0,a04446e57ec1fbc252a871afcec7752fb2807b14,morphisms.tex,morphisms-definition-rational-map,01RS,split,reviewed_existing,covered_unlabelled,Specialize the source scheme of an S-rational map to S; the section terminology is a source alias,D000338,No independent tagged rational-section definition is asserted; complete raw environment binding supersedes the normalized-web locator only,S001294
S001307,ega:I.7.1.2,rational functions are rational sections of the affine line over X,french_admitted,F37ZW.json,0A56D886058B8203C34A9CDAA52B2CBF4EF4E6ED871C053CB7ADAA0F766690A0,a04446e57ec1fbc252a871afcec7752fb2807b14,morphisms.tex,morphisms-definition-rational-function,01RT,split,reviewed_existing,component,The paragraph following the target identifies absolute affine-line maps with relative affine-line maps over any base; take the base to be X,D000338,Use 01JP and 01M0 for the relative affine-line identification; complete raw environment binding supersedes the normalized-web locator only,S001295
S001308,ega:I.7.1.2,restriction to an arbitrary open is well defined,french_admitted,F37ZW.json,0A56D886058B8203C34A9CDAA52B2CBF4EF4E6ED871C053CB7ADAA0F766690A0,a04446e57ec1fbc252a871afcec7752fb2807b14,morphisms.tex,morphisms-definition-rational-map,01RS,split,reviewed_existing,covered_derived,If representatives agree on a dense open T inside V intersect W then their restrictions agree on U intersect T which is dense open in U,D000338,Original printed p155 and French raw line40 overclaim full-overlap equality; the independently verified proof repair remains a proposed source-edition correction; complete raw environment binding supersedes the normalized-web locator only,S001296
S001309,ega:I.7.1.2,canonical maps from morphisms and sections to rational classes,french_admitted,F37ZW.json,0A56D886058B8203C34A9CDAA52B2CBF4EF4E6ED871C053CB7ADAA0F766690A0,a04446e57ec1fbc252a871afcec7752fb2807b14,morphisms.tex,morphisms-definition-rational-map,01RS,split,reviewed_existing,covered_derived,A global morphism has dense domain X and hence defines its equivalence class; specialize this quotient map to sections,D000338,These canonical maps need not be injective; complete raw environment binding supersedes the normalized-web locator only,S001297
S001310,ega:I.7.1.2,S-rational maps correspond to rational sections of X times_S Y over X,french_admitted,F37ZW.json,0A56D886058B8203C34A9CDAA52B2CBF4EF4E6ED871C053CB7ADAA0F766690A0,a04446e57ec1fbc252a871afcec7752fb2807b14,schemes.tex,schemes-definition-fibre-product,01JP,entailed_by_stronger,reviewed_existing,component,For every dense open U of X the universal property identifies f with the pair of its inclusion into X and f; the natural bijection commutes with restriction and descends to classes,D000338,Reuse the admitted I.3.3.14 graph and section correspondence D000109; complete raw environment binding supersedes the normalized-web locator only,S001298
S001311,ega:I.7.1.2,the relative affine line is the required base change,french_admitted,F37ZW.json,0A56D886058B8203C34A9CDAA52B2CBF4EF4E6ED871C053CB7ADAA0F766690A0,a04446e57ec1fbc252a871afcec7752fb2807b14,constructions.tex,constructions-definition-affine-n-space,01M0,split,reviewed_existing,component,The base-change identity following the definition with n equal to one identifies affine one-space over X with X times_SpecZ SpecZ[T],D000338,This supplies notation rather than a new construction; complete raw environment binding supersedes the normalized-web locator only,S001299
S001312,ega:I.7.1.3,structural-sheaf sections are represented naturally by the affine line,french_admitted,F37ZW.json,0A56D886058B8203C34A9CDAA52B2CBF4EF4E6ED871C053CB7ADAA0F766690A0,a04446e57ec1fbc252a871afcec7752fb2807b14,schemes.tex,schemes-example-global-sections,01JH,split,reviewed_existing,component,The natural representation for every scheme U identifies maps U to SpecZ[T] with sections of O_U and commutes with open restrictions,D000339,Reuse D000110 without promoting English discovery to authority; complete raw environment binding supersedes the normalized-web locator only,S001300
S001313,ega:I.7.1.3,rational functions identify with equivalence classes of dense-open sections,french_admitted,F37ZW.json,0A56D886058B8203C34A9CDAA52B2CBF4EF4E6ED871C053CB7ADAA0F766690A0,a04446e57ec1fbc252a871afcec7752fb2807b14,morphisms.tex,morphisms-definition-rational-function,01RT,split,reviewed_existing,covered_derived,Apply the restriction-natural 01JH bijection on every dense open and use the same dense equality witnesses on both sides,D000339,No finite number of irreducible components is assumed; complete raw environment binding supersedes the normalized-web locator only,S001301
S001314,ega:I.7.1.3,the dense-open section classes form the ring R(X),french_admitted,F37ZW.json,0A56D886058B8203C34A9CDAA52B2CBF4EF4E6ED871C053CB7ADAA0F766690A0,a04446e57ec1fbc252a871afcec7752fb2807b14,morphisms.tex,morphisms-definition-ring-of-rational-functions,01RU,split,reviewed_existing,component,Restrict two representatives to their common dense open and add or multiply sections there; the ring laws and independence follow under further restriction,D000339,Do not replace this ring by meromorphic functions defined with schematic-density domains; complete raw environment binding supersedes the normalized-web locator only,S001302
S001315,ega:I.7.1.4,generic point exists uniquely,french_admitted,F37ZW.json,0A56D886058B8203C34A9CDAA52B2CBF4EF4E6ED871C053CB7ADAA0F766690A0,a04446e57ec1fbc252a871afcec7752fb2807b14,schemes.tex,schemes-lemma-scheme-sober,01IS,split,reviewed_existing,component,Schemes are sober; irreducibility supplies a unique generic point,D000340,Existing coverage only; complete independent derivation in ega/i719.md,
S001316,ega:I.7.1.4,nonempty opens are generic-point neighbourhoods,french_admitted,F37ZW.json,0A56D886058B8203C34A9CDAA52B2CBF4EF4E6ED871C053CB7ADAA0F766690A0,a04446e57ec1fbc252a871afcec7752fb2807b14,topology.tex,topology-definition-generic-point,004X,split,reviewed_existing,component,The complement of an open missing the generic point contains its closure; hence every nonempty open contains the generic point,D000340,Existing coverage only; complete independent derivation in ega/i719.md,
S001317,ega:I.7.1.4,rational maps are morphism germs,french_admitted,F37ZW.json,0A56D886058B8203C34A9CDAA52B2CBF4EF4E6ED871C053CB7ADAA0F766690A0,a04446e57ec1fbc252a871afcec7752fb2807b14,sheaves.tex,sheaves-section-stalks,0078,split,reviewed_existing,covered_derived,Apply the stalk equivalence relation to the presheaf of morphisms into Y or of S-morphisms; dense opens and equality witnesses are exactly generic-point neighbourhoods,D000340,Existing coverage only; complete independent derivation in ega/i719.md,
S001318,ega:I.7.1.4,the germ and rational-map quotients use the same witnesses,french_admitted,F37ZW.json,0A56D886058B8203C34A9CDAA52B2CBF4EF4E6ED871C053CB7ADAA0F766690A0,a04446e57ec1fbc252a871afcec7752fb2807b14,morphisms.tex,morphisms-definition-rational-map,01RS,split,reviewed_existing,component,The pinned definition uses topologically dense opens with a dense equality witness inside the overlap; no target finiteness or reducedness is assumed,D000340,Existing coverage only; complete independent derivation in ega/i719.md,
S001319,ega:I.7.1.5,R(X) equals the generic local ring,french_admitted,F37ZW.json,0A56D886058B8203C34A9CDAA52B2CBF4EF4E6ED871C053CB7ADAA0F766690A0,a04446e57ec1fbc252a871afcec7752fb2807b14,morphisms.tex,morphisms-lemma-integral-scheme-rational-functions,01RV,entailed_by_stronger,reviewed_existing,component,Specialize the finite-component product formula to the single generic point; prior S000122 supplies the earlier generic-stalk comparison,D000341,Existing coverage only; complete independent derivation in ega/i719.md,
S001320,ega:I.7.1.5,an affine generic prime is the unique minimal prime,french_admitted,F37ZW.json,0A56D886058B8203C34A9CDAA52B2CBF4EF4E6ED871C053CB7ADAA0F766690A0,a04446e57ec1fbc252a871afcec7752fb2807b14,algebra.tex,algebra-lemma-irreducible,00ES,split,reviewed_existing,component,On a nonempty affine neighbourhood irreducibility makes the generic prime the nilradical,D000341,Existing coverage only; complete independent derivation in ega/i719.md,
S001321,ega:I.7.1.5,the generic stalk is localization at that prime,french_admitted,F37ZW.json,0A56D886058B8203C34A9CDAA52B2CBF4EF4E6ED871C053CB7ADAA0F766690A0,a04446e57ec1fbc252a871afcec7752fb2807b14,schemes.tex,schemes-lemma-spec-sheaves,01HV,split,reviewed_existing,component,Clause6 identifies the generic local ring with the affine ring localized at its minimal prime,D000341,Existing coverage only; complete independent derivation in ega/i719.md,
S001322,ega:I.7.1.5,generic local ring has dimension zero,french_admitted,F37ZW.json,0A56D886058B8203C34A9CDAA52B2CBF4EF4E6ED871C053CB7ADAA0F766690A0,a04446e57ec1fbc252a871afcec7752fb2807b14,algebra.tex,algebra-lemma-minimal-prime-reduced-ring,00EU,split,reviewed_existing,covered_derived,Every element of the maximal ideal is nilpotent; every prime contains this ideal and is contained in it; therefore there is exactly one prime,D000341,Existing coverage only; complete independent derivation in ega/i719.md,
S001323,ega:I.7.1.5,locally Noetherian source gives Noetherian affine neighbourhoods,french_admitted,F37ZW.json,0A56D886058B8203C34A9CDAA52B2CBF4EF4E6ED871C053CB7ADAA0F766690A0,a04446e57ec1fbc252a871afcec7752fb2807b14,properties.tex,properties-lemma-locally-Noetherian,01OW,split,reviewed_existing,component,Apply the affine characterization on a neighbourhood of the generic point; source Noetherianity is retained,D000341,Existing coverage only; complete independent derivation in ega/i719.md,
S001324,ega:I.7.1.5,the generic localization is Noetherian,french_admitted,F37ZW.json,0A56D886058B8203C34A9CDAA52B2CBF4EF4E6ED871C053CB7ADAA0F766690A0,a04446e57ec1fbc252a871afcec7752fb2807b14,algebra.tex,algebra-lemma-Noetherian-permanence,00FN,split,reviewed_existing,component,Localization preserves Noetherianity,D000341,Existing coverage only; complete independent derivation in ega/i719.md,
S001325,ega:I.7.1.5,the Noetherian generic local ring is Artinian,french_admitted,F37ZW.json,0A56D886058B8203C34A9CDAA52B2CBF4EF4E6ED871C053CB7ADAA0F766690A0,a04446e57ec1fbc252a871afcec7752fb2807b14,algebra.tex,algebra-lemma-Noetherian-dimension-0,00KH,split,reviewed_existing,covered_derived,A Noetherian ring of dimension zero is Artinian; use the preceding dimension and localization steps,D000341,Existing coverage only; complete independent derivation in ega/i719.md,
S001326,ega:I.7.1.5,integral source has a rational-function field,french_admitted,F37ZW.json,0A56D886058B8203C34A9CDAA52B2CBF4EF4E6ED871C053CB7ADAA0F766690A0,a04446e57ec1fbc252a871afcec7752fb2807b14,morphisms.tex,morphisms-lemma-integral-scheme-rational-functions,01RV,split,reviewed_existing,component,The integral-field clause is direct same-hypothesis coverage; it is not classified as stronger than the source field assertion,D000341,Existing coverage only; complete independent derivation in ega/i719.md,
S001327,ega:I.7.1.5,affine integral case is the fraction field of A(X),french_admitted,F37ZW.json,0A56D886058B8203C34A9CDAA52B2CBF4EF4E6ED871C053CB7ADAA0F766690A0,a04446e57ec1fbc252a871afcec7752fb2807b14,fields.tex,fields-example-quotient-field,09FJ,split,reviewed_existing,covered_derived,Localization of the domain A at its zero prime consists of fractions a/b with b nonzero; the affine qualification is essential,D000341,Existing coverage only; complete independent derivation in ega/i719.md,
S001328,ega:I.7.1.5,entire integral local-stalk inclusion and fraction-field tail,french_admitted,F37ZW.json,0A56D886058B8203C34A9CDAA52B2CBF4EF4E6ED871C053CB7ADAA0F766690A0,a04446e57ec1fbc252a871afcec7752fb2807b14,algebra.tex,algebra-item-localization-localization,00C9,split,reviewed_existing,covered_derived,For z corresponding to q on an affine neighbourhood A use A_q inside Frac(A) and iterated localization; map a section germ at z to its generic germ; equality near z proves independence and uniqueness,D000341,Existing coverage only; complete independent derivation in ega/i719.md,
S001329,ega:I.7.1.5:proof,complete unwrapped proof starts from the sheaf stalk definition,french_admitted,F37ZW.json,0A56D886058B8203C34A9CDAA52B2CBF4EF4E6ED871C053CB7ADAA0F766690A0,a04446e57ec1fbc252a871afcec7752fb2807b14,sheaves.tex,sheaves-section-stalks,0078,split,reviewed_existing,covered_derived,Generic-point neighbourhoods coincide with nonempty opens so the stalk colimit is the dense-open rational-function colimit,D000341,Existing coverage only; complete independent derivation in ega/i719.md,
S001330,ega:I.7.1.5:proof,proof-owned nilpotence and Artinian conclusion,french_admitted,F37ZW.json,0A56D886058B8203C34A9CDAA52B2CBF4EF4E6ED871C053CB7ADAA0F766690A0,a04446e57ec1fbc252a871afcec7752fb2807b14,algebra.tex,algebra-lemma-Noetherian-dimension-0,00KH,split,reviewed_existing,covered_derived,In Noetherian A its nilradical p has finitely many generators a_i with a_i to n_i zero; p to 1 plus sum(n_i minus 1) is zero; localizing yields the Artinian conclusion,D000341,Existing coverage only; complete independent derivation in ega/i719.md,
S001331,ega:I.7.1.6,finite-component removal and dense disjoint open reduction,french_admitted,F37ZW.json,0A56D886058B8203C34A9CDAA52B2CBF4EF4E6ED871C053CB7ADAA0F766690A0,a04446e57ec1fbc252a871afcec7752fb2807b14,morphisms.tex,morphisms-lemma-rational-map-finite-presentation,0BX8,split,reviewed_existing,covered_unlabelled,Use only proof LF12641-12651: remove pairwise component intersections; each resulting open contains its generic point and the union is dense,D000342,Existing coverage only; complete independent derivation in ega/i719.md,
S001332,ega:I.7.1.6,arbitrary componentwise morphisms glue on disjoint open union,french_admitted,F37ZW.json,0A56D886058B8203C34A9CDAA52B2CBF4EF4E6ED871C053CB7ADAA0F766690A0,a04446e57ec1fbc252a871afcec7752fb2807b14,schemes.tex,schemes-lemma-glue,01JB,split,reviewed_existing,component,The outgoing-morphism mapping property makes agreement on empty overlaps automatic; the glued map is over S when all pieces are,D000342,Existing coverage only; complete independent derivation in ega/i719.md,
S001333,ega:I.7.1.6,topologically Noetherian implies finitely many components,french_admitted,F37ZW.json,0A56D886058B8203C34A9CDAA52B2CBF4EF4E6ED871C053CB7ADAA0F766690A0,a04446e57ec1fbc252a871afcec7752fb2807b14,topology.tex,topology-lemma-Noetherian,0052,split,reviewed_existing,component,Clause2 gives the exact parenthetical sufficient hypothesis; it does not give Artinianness of the structure rings,D000342,Existing coverage only; complete independent derivation in ega/i719.md,
S001334,ega:I.7.1.7,finite tuple of generic morphism germs determines a rational map,french_admitted,F37ZW.json,0A56D886058B8203C34A9CDAA52B2CBF4EF4E6ED871C053CB7ADAA0F766690A0,a04446e57ec1fbc252a871afcec7752fb2807b14,morphisms.tex,morphisms-lemma-rational-map-finite-presentation,0BX8,split,reviewed_existing,covered_unlabelled,The first proof paragraph contains component reduction and products; the present derivation concerns morphism germs rather than arbitrary generic local-ring maps,D000343,Existing coverage only; complete independent derivation in ega/i719.md,
S001335,ega:I.7.1.7,surjectivity and injectivity of the germ product correspondence,french_admitted,F37ZW.json,0A56D886058B8203C34A9CDAA52B2CBF4EF4E6ED871C053CB7ADAA0F766690A0,a04446e57ec1fbc252a871afcec7752fb2807b14,schemes.tex,schemes-lemma-glue,01JB,split,reviewed_existing,covered_derived,Restrict chosen representatives to disjoint component opens and glue; equal germs give equality neighbourhoods whose union is dense; the relative structure-map identities glue too,D000343,Existing coverage only; complete independent derivation in ega/i719.md,
S001336,ega:I.7.1.8,Noetherian scheme has finitely many generic components,french_admitted,F37ZW.json,0A56D886058B8203C34A9CDAA52B2CBF4EF4E6ED871C053CB7ADAA0F766690A0,a04446e57ec1fbc252a871afcec7752fb2807b14,properties.tex,properties-lemma-Noetherian-irreducible-components,0BA8,split,reviewed_existing,component,The finite-component hypothesis needed for the product is supplied by the Noetherian source,D000344,Existing coverage only; complete independent derivation in ega/i719.md,
S001337,ega:I.7.1.8,rational-function ring is the finite product of generic stalks,french_admitted,F37ZW.json,0A56D886058B8203C34A9CDAA52B2CBF4EF4E6ED871C053CB7ADAA0F766690A0,a04446e57ec1fbc252a871afcec7752fb2807b14,morphisms.tex,morphisms-lemma-integral-scheme-rational-functions,01RV,split,reviewed_existing,component,Use the unrestricted nonreduced finite-component product formula; dimension and Noetherianity of each factor are established in the preceding source unit,D000344,Existing coverage only; complete independent derivation in ega/i719.md,
S001338,ega:I.7.1.8,each generic local factor is Artinian,french_admitted,F37ZW.json,0A56D886058B8203C34A9CDAA52B2CBF4EF4E6ED871C053CB7ADAA0F766690A0,a04446e57ec1fbc252a871afcec7752fb2807b14,algebra.tex,algebra-lemma-Noetherian-dimension-0,00KH,split,reviewed_existing,covered_derived,The generic affine localization is Noetherian and has dimension zero; no reducedness is required,D000344,Existing coverage only; complete independent derivation in ega/i719.md,
S001339,ega:I.7.1.8,the finite product is Artinian with precisely these local components,french_admitted,F37ZW.json,0A56D886058B8203C34A9CDAA52B2CBF4EF4E6ED871C053CB7ADAA0F766690A0,a04446e57ec1fbc252a871afcec7752fb2807b14,algebra.tex,algebra-proposition-dimension-zero-ring,00KJ,split,reviewed_existing,covered_derived,Clause4 gives Artinianness; localization at the maximal ideal indexed by i kills the other idempotent factors and gives the ith generic stalk,D000344,Existing coverage only; complete independent derivation in ega/i719.md,
S001340,ega:I.7.1.9,parent-owned deduction takes the colimit on all dense opens,french_admitted,F37ZW.json,0A56D886058B8203C34A9CDAA52B2CBF4EF4E6ED871C053CB7ADAA0F766690A0,a04446e57ec1fbc252a871afcec7752fb2807b14,morphisms.tex,morphisms-lemma-integral-scheme-rational-functions,01RV,split,reviewed_existing,covered_unlabelled,French LF167-175 belongs to 7.1.9 despite following the 7.1.9.1 statement; the proof of 01RV identifies R(X) with the dense-open section colimit,D000345,Existing coverage only; complete independent derivation in ega/i719.md,
S001341,ega:I.7.1.9,sections and restriction maps on principal opens are affine localizations,french_admitted,F37ZW.json,0A56D886058B8203C34A9CDAA52B2CBF4EF4E6ED871C053CB7ADAA0F766690A0,a04446e57ec1fbc252a871afcec7752fb2807b14,schemes.tex,schemes-lemma-spec-sheaves,01HV,split,reviewed_existing,component,Clauses3 and5 identify Gamma(D(f)) with A_f compatibly with restriction,D000345,Existing coverage only; complete independent derivation in ega/i719.md,
S001342,ega:I.7.1.9,cofinal dense principal-open colimit is localization away from minimal primes,french_admitted,F37ZW.json,0A56D886058B8203C34A9CDAA52B2CBF4EF4E6ED871C053CB7ADAA0F766690A0,a04446e57ec1fbc252a871afcec7752fb2807b14,algebra.tex,algebra-lemma-localization-colimit,00CR,split,reviewed_existing,covered_derived,By 7.1.9.1 take the colimit over f avoiding all minimal primes; specialize the module localization colimit to M=A; all transition maps respect ring operations,D000345,Existing coverage only; complete independent derivation in ega/i719.md,
S001343,ega:I.7.1.9.1,density of D(f) is equivalent to avoiding every minimal prime,french_admitted,F37ZW.json,0A56D886058B8203C34A9CDAA52B2CBF4EF4E6ED871C053CB7ADAA0F766690A0,a04446e57ec1fbc252a871afcec7752fb2807b14,algebra.tex,algebra-lemma-irreducible,00ES,split,reviewed_existing,covered_derived,Finite-component control identifies dense opens with opens containing all generic points; the generic primes are exactly the minimal primes,D000346,Existing coverage only; complete independent derivation in ega/i719.md,
S001344,ega:I.7.1.9.1,every dense open contains a dense principal open,french_admitted,F37ZW.json,0A56D886058B8203C34A9CDAA52B2CBF4EF4E6ED871C053CB7ADAA0F766690A0,a04446e57ec1fbc252a871afcec7752fb2807b14,algebra.tex,algebra-lemma-silly,00DS,split,reviewed_existing,covered_derived,Write its complement as V(I); I lies in none of the finitely many minimal primes so finite prime avoidance selects f in I avoiding them all,D000346,Existing coverage only; complete independent derivation in ega/i719.md,
S001345,ega:I.7.1.9.1:proof,complete finite prime avoidance proof conclusion,french_admitted,F37ZW.json,0A56D886058B8203C34A9CDAA52B2CBF4EF4E6ED871C053CB7ADAA0F766690A0,a04446e57ec1fbc252a871afcec7752fb2807b14,algebra.tex,algebra-lemma-silly,00DS,split,reviewed_existing,covered_derived,French LF177-190 proves the supporting lemma; with f in I outside all minimal primes one has dense D(f) contained in U; no reducedness is used,D000346,Existing coverage only; complete independent derivation in ega/i719.md,
S001346,ega:I.7.1.10,canonical generic local morphism,french_admitted,F37ZW.json,0A56D886058B8203C34A9CDAA52B2CBF4EF4E6ED871C053CB7ADAA0F766690A0,a04446e57ec1fbc252a871afcec7752fb2807b14,schemes.tex,schemes-equation-canonical-morphism,02NA,split,reviewed_existing,component,The canonical map is induced by the identity of the generic local ring; no finiteness is needed,D000347,Existing coverage only; complete independent derivation in ega/i714.md,
S001347,ega:I.7.1.10,factor through every representative domain,french_admitted,F37ZW.json,0A56D886058B8203C34A9CDAA52B2CBF4EF4E6ED871C053CB7ADAA0F766690A0,a04446e57ec1fbc252a871afcec7752fb2807b14,schemes.tex,schemes-lemma-specialize-points,01J7,split,reviewed_existing,covered_derived,Image generalizes eta and lies in every nonempty open; opens containing eta are dense,D000347,Existing coverage only; complete independent derivation in ega/i714.md,
S001348,ega:I.7.1.10,independence of rational representative,french_admitted,F37ZW.json,0A56D886058B8203C34A9CDAA52B2CBF4EF4E6ED871C053CB7ADAA0F766690A0,a04446e57ec1fbc252a871afcec7752fb2807b14,morphisms.tex,morphisms-definition-rational-map,01RS,split,reviewed_existing,covered_derived,Both composites factor through the dense equality witness; relative structure is preserved,D000347,Existing coverage only; complete independent derivation in ega/i714.md,
S001349,ega:I.7.1.10,generic local codomain has point and stalk-map description,french_admitted,F37ZW.json,0A56D886058B8203C34A9CDAA52B2CBF4EF4E6ED871C053CB7ADAA0F766690A0,a04446e57ec1fbc252a871afcec7752fb2807b14,schemes.tex,schemes-lemma-morphism-from-spec-local-ring,01J6,split,reviewed_existing,component,Local-source classification identifies the data used by 0BX8 including base compatibility,D000347,Existing coverage only; complete independent derivation in ega/i714.md,
S001350,ega:I.7.1.11,injectivity under EGA finite-type hypothesis,french_admitted,F37ZW.json,0A56D886058B8203C34A9CDAA52B2CBF4EF4E6ED871C053CB7ADAA0F766690A0,a04446e57ec1fbc252a871afcec7752fb2807b14,morphisms.tex,morphisms-lemma-rational-map-finite-presentation,0BX8,entailed_by_stronger,reviewed_existing,component,Part1 needs only locally finite type; no Noetherian base or source is required,D000348,Existing coverage only; complete independent derivation in ega/i714.md,
S001351,ega:I.7.1.11,locally Noetherian base converts finite type to local finite presentation,french_admitted,F37ZW.json,0A56D886058B8203C34A9CDAA52B2CBF4EF4E6ED871C053CB7ADAA0F766690A0,a04446e57ec1fbc252a871afcec7752fb2807b14,morphisms.tex,morphisms-lemma-noetherian-finite-type-finite-presentation,01TX,split,reviewed_existing,component,Clause1 or2 supplies precisely the hypothesis of 0BX8 part2,D000348,Existing coverage only; complete independent derivation in ega/i714.md,
S001352,ega:I.7.1.11,existence and uniqueness of rational realization,french_admitted,F37ZW.json,0A56D886058B8203C34A9CDAA52B2CBF4EF4E6ED871C053CB7ADAA0F766690A0,a04446e57ec1fbc252a871afcec7752fb2807b14,morphisms.tex,morphisms-lemma-rational-map-finite-presentation,0BX8,entailed_by_stronger,reviewed_existing,component,Part2 gives bijection for locally finite presentation without requiring a locally Noetherian base,D000348,Existing coverage only; complete independent derivation in ega/i714.md,
S001353,ega:I.7.1.11:proof,complete source proof through EGA I6.5.1,french_admitted,F37ZW.json,0A56D886058B8203C34A9CDAA52B2CBF4EF4E6ED871C053CB7ADAA0F766690A0,a04446e57ec1fbc252a871afcec7752fb2807b14,morphisms.tex,morphisms-lemma-morphism-defined-local-ring,0BX6,entailed_by_stronger,reviewed_existing,component,Finite generators yield a common equality neighbourhood; finite presentation makes all relations hold on one neighbourhood; in irreducible X this is dense,D000348,Existing coverage only; complete independent derivation in ega/i714.md,
S001354,ega:I.7.1.12,bijection with morphisms from the generic local S-scheme,french_admitted,F37ZW.json,0A56D886058B8203C34A9CDAA52B2CBF4EF4E6ED871C053CB7ADAA0F766690A0,a04446e57ec1fbc252a871afcec7752fb2807b14,morphisms.tex,morphisms-lemma-rational-map-finite-presentation,0BX8,entailed_by_stronger,reviewed_existing,component,Use part2 after 01TX with all inherited EGA hypotheses,D000349,Existing coverage only; complete independent derivation in ega/i714.md,
S001355,ega:I.7.1.12,valued points mean morphisms in the over-category,french_admitted,F37ZW.json,0A56D886058B8203C34A9CDAA52B2CBF4EF4E6ED871C053CB7ADAA0F766690A0,a04446e57ec1fbc252a871afcec7752fb2807b14,categories.tex,categories-example-hom-functor,001O,split,reviewed_existing,covered_derived,"The representable functor on S-schemes evaluated at Spec(O_Xeta) is Mor_S(Spec(O_Xeta),Y)",D000349,Existing coverage only; complete independent derivation in ega/i714.md,
S001356,ega:I.7.1.12:proof,complete terminology-only proof using I3.4.1,french_admitted,F37ZW.json,0A56D886058B8203C34A9CDAA52B2CBF4EF4E6ED871C053CB7ADAA0F766690A0,a04446e57ec1fbc252a871afcec7752fb2807b14,categories.tex,categories-example-hom-functor,001O,split,reviewed_existing,covered_derived,Use the preceding bijection and functor-of-points definition; no new existence assertion or field-valued substitution,D000349,Existing coverage only; complete independent derivation in ega/i714.md,
S001357,ega:I.7.1.13,rational-map classification by the one-component pair,french_admitted,F37ZW.json,0A56D886058B8203C34A9CDAA52B2CBF4EF4E6ED871C053CB7ADAA0F766690A0,a04446e57ec1fbc252a871afcec7752fb2807b14,morphisms.tex,morphisms-lemma-rational-map-finite-presentation,0BX8,entailed_by_stronger,reviewed_existing,component,Part2 target is y over s with local O_Ss-algebra homomorphism; 01TX establishes its hypothesis,D000350,Existing coverage only; complete independent derivation in ega/i714.md,
S001358,ega:I.7.1.13,locality and base compatibility in both directions,french_admitted,F37ZW.json,0A56D886058B8203C34A9CDAA52B2CBF4EF4E6ED871C053CB7ADAA0F766690A0,a04446e57ec1fbc252a871afcec7752fb2807b14,schemes.tex,schemes-lemma-morphism-from-spec-local-ring,01J6,split,reviewed_existing,covered_derived,Apply local-source classification to Y and to S; equality of composites to S is exactly compatible local O_Ss-algebra data,D000350,Existing coverage only; complete independent derivation in ega/i714.md,
S001359,ega:I.7.1.13,R(X) is the generic local ring,french_admitted,F37ZW.json,0A56D886058B8203C34A9CDAA52B2CBF4EF4E6ED871C053CB7ADAA0F766690A0,a04446e57ec1fbc252a871afcec7752fb2807b14,morphisms.tex,morphisms-lemma-integral-scheme-rational-functions,01RV,split,reviewed_existing,component,Specialize to one component without reducing X; nilpotents may survive,D000350,Existing coverage only; complete independent derivation in ega/i714.md,
S001360,ega:I.7.1.13:proof,complete proof dependency on I2.4.4,french_admitted,F37ZW.json,0A56D886058B8203C34A9CDAA52B2CBF4EF4E6ED871C053CB7ADAA0F766690A0,a04446e57ec1fbc252a871afcec7752fb2807b14,schemes.tex,schemes-lemma-morphism-from-spec-local-ring,01J6,split,reviewed_existing,covered_derived,Combine I7.1.11 with local-source classification and its base compatibility; preserve the unwrapped final reference,D000350,Existing coverage only; complete independent derivation in ega/i714.md,
S001361,ega:I.7.1.14,dependence only on the generic local S-scheme,french_admitted,F37ZW.json,0A56D886058B8203C34A9CDAA52B2CBF4EF4E6ED871C053CB7ADAA0F766690A0,a04446e57ec1fbc252a871afcec7752fb2807b14,morphisms.tex,morphisms-lemma-rational-map-finite-presentation,0BX8,split,reviewed_existing,covered_derived,"The bijection identifies the set with Mor_S(G,Y) for fixed Y and inherited hypotheses",D000351,Existing coverage only; complete independent derivation in ega/i714.md,
S001362,ega:I.7.1.14,isomorphisms act by precomposition,french_admitted,F37ZW.json,0A56D886058B8203C34A9CDAA52B2CBF4EF4E6ED871C053CB7ADAA0F766690A0,a04446e57ec1fbc252a871afcec7752fb2807b14,categories.tex,categories-example-hom-functor,001O,split,reviewed_existing,component,Use contravariance in the source; the S-structure cannot be forgotten,D000351,Existing coverage only; complete independent derivation in ega/i714.md,
S001363,ega:I.7.1.14,eta occurs in the canonical local scheme at z,french_admitted,F37ZW.json,0A56D886058B8203C34A9CDAA52B2CBF4EF4E6ED871C053CB7ADAA0F766690A0,a04446e57ec1fbc252a871afcec7752fb2807b14,schemes.tex,schemes-lemma-specialize-points,01J7,split,reviewed_existing,component,eta generalizes z; its affine prime p is contained in q and becomes the generic point of Spec(A_q),D000351,Existing coverage only; complete independent derivation in ega/i714.md,
S001364,ega:I.7.1.14,generic stalks are affine localizations,french_admitted,F37ZW.json,0A56D886058B8203C34A9CDAA52B2CBF4EF4E6ED871C053CB7ADAA0F766690A0,a04446e57ec1fbc252a871afcec7752fb2807b14,schemes.tex,schemes-lemma-spec-sheaves,01HV,split,reviewed_existing,component,Clause6 identifies the stalks as A_p and (A_q)_(pA_q),D000351,Existing coverage only; complete independent derivation in ega/i714.md,
S001365,ega:I.7.1.14,canonical generic stalk identity after localization,french_admitted,F37ZW.json,0A56D886058B8203C34A9CDAA52B2CBF4EF4E6ED871C053CB7ADAA0F766690A0,a04446e57ec1fbc252a871afcec7752fb2807b14,algebra.tex,algebra-proposition-localize-twice,02C6,split,reviewed_existing,covered_derived,Iterated localization gives (A_q)_(pA_q)=A_p compatibly with the base and canonical map,D000351,Existing coverage only; complete independent derivation in ega/i714.md,
S001366,ega:I.7.1.14:proof,complete unwrapped proof and natural rational restriction,french_admitted,F37ZW.json,0A56D886058B8203C34A9CDAA52B2CBF4EF4E6ED871C053CB7ADAA0F766690A0,a04446e57ec1fbc252a871afcec7752fb2807b14,algebra.tex,algebra-proposition-localize-twice,02C6,split,reviewed_existing,covered_derived,The canonical map respects generic stalks; inverse images of dense domains contain the generic point and are dense; apply the same bijection to both sources,D000351,Existing coverage only; complete independent derivation in ega/i714.md,
S001367,ega:I.7.1.15,integral introduction identifies R(X) with the generic residue field,french_admitted,F37ZW.json,0A56D886058B8203C34A9CDAA52B2CBF4EF4E6ED871C053CB7ADAA0F766690A0,a04446e57ec1fbc252a871afcec7752fb2807b14,morphisms.tex,morphisms-lemma-integral-scheme-rational-functions,01RV,split,reviewed_existing,component,Integrality is retained; irreducibility without reducedness alone does not justify this replacement,D000352,Existing coverage only; independent derivation in ega/i716.md,
S001368,ega:I.7.1.15,K is the function field of integral X,french_admitted,F37ZW.json,0A56D886058B8203C34A9CDAA52B2CBF4EF4E6ED871C053CB7ADAA0F766690A0,a04446e57ec1fbc252a871afcec7752fb2807b14,morphisms.tex,morphisms-definition-function-field,01RW,split,reviewed_existing,component,Use the existing definition and the earlier I7.1.5 result without recounting it as a new theorem,D000352,Existing coverage only; independent derivation in ega/i716.md,
S001369,ega:I.7.1.15,generic-local bijection under stronger integral-source hypotheses,french_admitted,F37ZW.json,0A56D886058B8203C34A9CDAA52B2CBF4EF4E6ED871C053CB7ADAA0F766690A0,a04446e57ec1fbc252a871afcec7752fb2807b14,morphisms.tex,morphisms-lemma-rational-map-finite-presentation,0BX8,entailed_by_stronger,reviewed_existing,component,Part3 needs only integral X and locally finite-type Y over S; retain EGA locally Noetherian-base finite-type assumptions as historical hypotheses,D000352,Existing coverage only; independent derivation in ega/i716.md,
S001370,ega:I.7.1.15,S-maps from Spec K retain target point and base-compatible local map,french_admitted,F37ZW.json,0A56D886058B8203C34A9CDAA52B2CBF4EF4E6ED871C053CB7ADAA0F766690A0,a04446e57ec1fbc252a871afcec7752fb2807b14,schemes.tex,schemes-lemma-morphism-from-spec-local-ring,01J6,split,reviewed_existing,covered_derived,Apply local-source classification to Y and S; target point lies over s and the two base maps agree,D000352,Existing coverage only; independent derivation in ega/i716.md,
S001371,ega:I.7.1.15,the correct fibre is Y_s over kappa(s),french_admitted,F37ZW.json,0A56D886058B8203C34A9CDAA52B2CBF4EF4E6ED871C053CB7ADAA0F766690A0,a04446e57ec1fbc252a871afcec7752fb2807b14,schemes.tex,schemes-definition-fibre,01K0,split,reviewed_existing,component,The canonical map Spec K to S factors through Spec kappa(s) with its fixed structure embedding,D000352,Existing coverage only; independent derivation in ega/i716.md,
S001372,ega:I.7.1.15,S-maps to Y are kappa(s)-maps to the fibre,french_admitted,F37ZW.json,0A56D886058B8203C34A9CDAA52B2CBF4EF4E6ED871C053CB7ADAA0F766690A0,a04446e57ec1fbc252a871afcec7752fb2807b14,schemes.tex,schemes-definition-fibre-product,01JP,split,reviewed_existing,covered_derived,Apply the fibre-product universal property with the fixed map from Spec K to Spec kappa(s),D000352,Existing coverage only; independent derivation in ega/i716.md,
S001373,ega:I.7.1.15:proof,points above s are exactly fibre points,french_admitted,F37ZW.json,0A56D886058B8203C34A9CDAA52B2CBF4EF4E6ED871C053CB7ADAA0F766690A0,a04446e57ec1fbc252a871afcec7752fb2807b14,schemes.tex,schemes-lemma-fibre-topological,01K1,split,reviewed_existing,component,The fibre square on topological spaces gives the complete first source proof clause,D000352,Existing coverage only; independent derivation in ega/i716.md,
S001374,ega:I.7.1.15:proof,residue fields agree after passing to the fibre,french_admitted,F37ZW.json,0A56D886058B8203C34A9CDAA52B2CBF4EF4E6ED871C053CB7ADAA0F766690A0,a04446e57ec1fbc252a871afcec7752fb2807b14,schemes.tex,schemes-lemma-local-ring-fibre,0HA1,split,reviewed_existing,covered_derived,Quotient O_Yy by m_s O_Yy; quotient again by its maximal ideal to recover kappa(y),D000352,Existing coverage only; independent derivation in ega/i716.md,
S001375,ega:I.7.1.15:proof,alternative residue-field tensor-product identification,french_admitted,F37ZW.json,0A56D886058B8203C34A9CDAA52B2CBF4EF4E6ED871C053CB7ADAA0F766690A0,a04446e57ec1fbc252a871afcec7752fb2807b14,schemes.tex,schemes-lemma-points-fibre-product,01JT,split,reviewed_existing,component,Specialize to kappa(y) tensor over kappa(s) with kappa(s); unique prime and residue field kappa(y),D000352,Existing coverage only; independent derivation in ega/i716.md,
S001376,ega:I.7.1.15:proof,local maps to K are exactly compatible residue-field embeddings,french_admitted,F37ZW.json,0A56D886058B8203C34A9CDAA52B2CBF4EF4E6ED871C053CB7ADAA0F766690A0,a04446e57ec1fbc252a871afcec7752fb2807b14,schemes.tex,schemes-lemma-morphism-from-spec-local-ring,01J6,split,reviewed_existing,covered_derived,Locality makes kernel exactly m_y; quotient gives an injective field map; base-algebra compatibility descends to kappa(s) and conversely,D000352,Existing coverage only; independent derivation in ega/i716.md,
S001377,ega:I.7.1.16,integral algebraic-source specialization has stronger existing coverage,french_admitted,F37ZW.json,0A56D886058B8203C34A9CDAA52B2CBF4EF4E6ED871C053CB7ADAA0F766690A0,a04446e57ec1fbc252a871afcec7752fb2807b14,morphisms.tex,morphisms-lemma-rational-map-finite-presentation,0BX8,entailed_by_stronger,reviewed_existing,component,Part3 does not require finite-type X or Noetherian S; local finite type of Y suffices,D000353,Existing coverage only; independent derivation in ega/i716.md,
S001378,ega:I.7.1.16,algebraic prescheme normalizes to finite-type k-scheme,french_admitted,F37ZW.json,0A56D886058B8203C34A9CDAA52B2CBF4EF4E6ED871C053CB7ADAA0F766690A0,a04446e57ec1fbc252a871afcec7752fb2807b14,varieties.tex,varieties-definition-algebraic-scheme,06LG,split,reviewed_existing,component,No separatedness is added; target Y need not be reduced,D000353,Existing coverage only; independent derivation in ega/i716.md,
S001379,ega:I.7.1.16,base change along Spec k to itself gives Y,french_admitted,F37ZW.json,0A56D886058B8203C34A9CDAA52B2CBF4EF4E6ED871C053CB7ADAA0F766690A0,a04446e57ec1fbc252a871afcec7752fb2807b14,schemes.tex,schemes-definition-fibre-product,01JP,split,reviewed_existing,covered_derived,For S=Spec k the fibre Y_s is canonically Y; this is the source specialization with no following proof omitted,D000353,Existing coverage only; independent derivation in ega/i716.md,
S001380,ega:I.7.1.16,the value field is R(X),french_admitted,F37ZW.json,0A56D886058B8203C34A9CDAA52B2CBF4EF4E6ED871C053CB7ADAA0F766690A0,a04446e57ec1fbc252a871afcec7752fb2807b14,morphisms.tex,morphisms-definition-function-field,01RW,split,reviewed_existing,component,Integral X has the function field K with its specified extension of k,D000353,Existing coverage only; independent derivation in ega/i716.md,
S001381,ega:I.7.1.16,ring-valued notation suppresses Spec in the representable functor,french_admitted,F37ZW.json,0A56D886058B8203C34A9CDAA52B2CBF4EF4E6ED871C053CB7ADAA0F766690A0,a04446e57ec1fbc252a871afcec7752fb2807b14,categories.tex,categories-example-hom-functor,001O,split,reviewed_existing,covered_derived,"Reuse the existing I3.4.4 convention: these are Hom_k(Spec K,Y) and not only dominant rational maps",D000353,Existing coverage only; independent derivation in ega/i716.md,
S001382,ega:I.7.2.1,ordinary domain definition,french_admitted,F37ZW.json,0A56D886058B8203C34A9CDAA52B2CBF4EF4E6ED871C053CB7ADAA0F766690A0,a04446e57ec1fbc252a871afcec7752fb2807b14,morphisms.tex,morphisms-definition-domain-of-definition,0A1X,split,reviewed_existing,component,Union of all ordinary representative domains; no implicit S-qualifier,D000354,Existing-component derivation with explicit domain convention in ega/i724.md; not literal full-statement equivalence,
S001383,ega:I.7.2.1,domain is dense open without extra hypotheses,french_admitted,F37ZW.json,0A56D886058B8203C34A9CDAA52B2CBF4EF4E6ED871C053CB7ADAA0F766690A0,a04446e57ec1fbc252a871afcec7752fb2807b14,morphisms.tex,morphisms-definition-domain-of-definition,0A1X,split,reviewed_existing,covered_derived,Union of opens contains a dense representative domain; no maximal map is asserted yet,D000354,Existing-component derivation with explicit domain convention in ega/i724.md; not literal full-statement equivalence,
S001384,ega:I.7.2.2,relative maximal representative by gluing,french_admitted,F37ZW.json,0A56D886058B8203C34A9CDAA52B2CBF4EF4E6ED871C053CB7ADAA0F766690A0,a04446e57ec1fbc252a871afcec7752fb2807b14,schemes.tex,schemes-lemma-glue,01JB,split,reviewed_existing,covered_derived,For reduced X and Y separated over S glue all S-representatives on D_S; base compatibility is local,D000355,Existing-component derivation with explicit domain convention in ega/i724.md; not literal full-statement equivalence,
S001385,ega:I.7.2.2,agreement of relative representatives on overlaps,french_admitted,F37ZW.json,0A56D886058B8203C34A9CDAA52B2CBF4EF4E6ED871C053CB7ADAA0F766690A0,a04446e57ec1fbc252a871afcec7752fb2807b14,schemes.tex,schemes-lemma-where-are-they-equal,01KM,split,reviewed_existing,covered_derived,Closed relative equalizer and reducedness give equality on each overlap,D000355,Existing-component derivation with explicit domain convention in ega/i724.md; not literal full-statement equivalence,
S001386,ega:I.7.2.2,absolute maximal theorem is only a conditional comparison,french_admitted,F37ZW.json,0A56D886058B8203C34A9CDAA52B2CBF4EF4E6ED871C053CB7ADAA0F766690A0,a04446e57ec1fbc252a871afcec7752fb2807b14,morphisms.tex,morphisms-lemma-rational-map-from-reduced-to-separated,0A1Y,split,reviewed_existing,component,This target assumes Y absolutely separated; its over-S clause also assumes S separated; not full coverage of literal arbitrary-base absolute-domain wording,D000355,Existing-component derivation with explicit domain convention in ega/i724.md; not literal full-statement equivalence,
S001387,ega:I.7.2.2,parent nonextendible-map consequence,french_admitted,F37ZW.json,0A56D886058B8203C34A9CDAA52B2CBF4EF4E6ED871C053CB7ADAA0F766690A0,a04446e57ec1fbc252a871afcec7752fb2807b14,schemes.tex,schemes-lemma-glue,01JB,split,reviewed_existing,covered_derived,Nonextendible means as an S-morphism; every smaller S-representative extends from D_S; FR340-348 EN204-206 belongs to parent not lemma proof,D000355,Existing-component derivation with explicit domain convention in ega/i724.md; not literal full-statement equivalence,
S001388,ega:I.7.2.2.1,relative equalizer is inverse image of diagonal,french_admitted,F37ZW.json,0A56D886058B8203C34A9CDAA52B2CBF4EF4E6ED871C053CB7ADAA0F766690A0,a04446e57ec1fbc252a871afcec7752fb2807b14,schemes.tex,schemes-lemma-where-are-they-equal,01KM,split,reviewed_existing,component,Both compared maps are S-morphisms and Y separated over S makes the equalizer closed,D000356,Existing-component derivation with explicit domain convention in ega/i724.md; not literal full-statement equivalence,
S001389,ega:I.7.2.2.1,reducedness turns dense agreement into equality,french_admitted,F37ZW.json,0A56D886058B8203C34A9CDAA52B2CBF4EF4E6ED871C053CB7ADAA0F766690A0,a04446e57ec1fbc252a871afcec7752fb2807b14,morphisms.tex,morphisms-lemma-reduced-scheme-theoretically-dense,056D,split,reviewed_existing,covered_derived,Dense open is schematically dense in the reduced overlap,D000356,Existing-component derivation with explicit domain convention in ega/i724.md; not literal full-statement equivalence,
S001390,ega:I.7.2.2.1:proof,factorization through diagonal and final equality,french_admitted,F37ZW.json,0A56D886058B8203C34A9CDAA52B2CBF4EF4E6ED871C053CB7ADAA0F766690A0,a04446e57ec1fbc252a871afcec7752fb2807b14,schemes.tex,schemes-lemma-where-are-they-equal,01KM,split,reviewed_existing,covered_derived,Common restriction factors through diagonal; equalizer is whole overlap as a scheme and gives f_1=f_2=f,D000356,Existing-component derivation with explicit domain convention in ega/i724.md; not literal full-statement equivalence,
S001391,ega:I.7.2.2.1:proof,minimal closed subscheme is the reduced overlap,french_admitted,F37ZW.json,0A56D886058B8203C34A9CDAA52B2CBF4EF4E6ED871C053CB7ADAA0F766690A0,a04446e57ec1fbc252a871afcec7752fb2807b14,morphisms.tex,morphisms-lemma-reduced-scheme-theoretically-dense,056D,split,reviewed_existing,covered_derived,Locally V(I)=Spec(A) implies I lies in the nilradical; reducedness gives I=0,D000356,Existing-component derivation with explicit domain convention in ega/i724.md; not literal full-statement equivalence,
S001392,ega:I.7.2.3,surjectivity by restriction of the relative maximal map,french_admitted,F37ZW.json,0A56D886058B8203C34A9CDAA52B2CBF4EF4E6ED871C053CB7ADAA0F766690A0,a04446e57ec1fbc252a871afcec7752fb2807b14,schemes.tex,schemes-lemma-glue,01JB,split,reviewed_existing,covered_derived,For D_S containing U restrict the maximal S-representative; do not replace D_S by D,D000357,Existing-component derivation with explicit domain convention in ega/i724.md; not literal full-statement equivalence,
S001393,ega:I.7.2.3,injectivity by dense agreement on fixed open,french_admitted,F37ZW.json,0A56D886058B8203C34A9CDAA52B2CBF4EF4E6ED871C053CB7ADAA0F766690A0,a04446e57ec1fbc252a871afcec7752fb2807b14,schemes.tex,schemes-lemma-where-are-they-equal,01KM,split,reviewed_existing,covered_derived,Same rational class gives dense equality witness and hence equality on reduced U,D000357,Existing-component derivation with explicit domain convention in ega/i724.md; not literal full-statement equivalence,
S001394,ega:I.7.2.3:proof,first inverse construction uses dense equality,french_admitted,F37ZW.json,0A56D886058B8203C34A9CDAA52B2CBF4EF4E6ED871C053CB7ADAA0F766690A0,a04446e57ec1fbc252a871afcec7752fb2807b14,schemes.tex,schemes-lemma-where-are-they-equal,01KM,split,reviewed_existing,covered_derived,"The map from Hom_S(U,Y) to rational classes is injective by the relative closed equalizer",D000357,Existing-component derivation with explicit domain convention in ega/i724.md; not literal full-statement equivalence,
S001395,ega:I.7.2.3:proof,second inverse construction restricts the glued map,french_admitted,F37ZW.json,0A56D886058B8203C34A9CDAA52B2CBF4EF4E6ED871C053CB7ADAA0F766690A0,a04446e57ec1fbc252a871afcec7752fb2807b14,schemes.tex,schemes-lemma-glue,01JB,split,reviewed_existing,covered_derived,Restriction from D_S is inverse; source absolute-domain reading remains qualified,D000357,Existing-component derivation with explicit domain convention in ega/i724.md; not literal full-statement equivalence,
S001396,ega:I.7.2.4,historical scheme and S-scheme separatedness,french_admitted,F37ZW.json,0A56D886058B8203C34A9CDAA52B2CBF4EF4E6ED871C053CB7ADAA0F766690A0,a04446e57ec1fbc252a871afcec7752fb2807b14,schemes.tex,schemes-definition-separated,01KK,split,reviewed_existing,component,S is absolutely separated and Y to S is separated; X is a reduced modern S-scheme without absolute separatedness required,D000358,Existing-component derivation with explicit domain convention in ega/i724.md; not literal full-statement equivalence,
S001397,ega:I.7.2.4,composition gives absolute separatedness of Y,french_admitted,F37ZW.json,0A56D886058B8203C34A9CDAA52B2CBF4EF4E6ED871C053CB7ADAA0F766690A0,a04446e57ec1fbc252a871afcec7752fb2807b14,schemes.tex,schemes-lemma-separated-permanence,01KU,split,reviewed_existing,component,Compose Y to S with S to Spec Z; no finiteness hypothesis,D000358,Existing-component derivation with explicit domain convention in ega/i724.md; not literal full-statement equivalence,
S001398,ega:I.7.2.4,ordinary maximal representative and separated-base clause,french_admitted,F37ZW.json,0A56D886058B8203C34A9CDAA52B2CBF4EF4E6ED871C053CB7ADAA0F766690A0,a04446e57ec1fbc252a871afcec7752fb2807b14,morphisms.tex,morphisms-lemma-rational-map-from-reduced-to-separated,0A1Y,split,reviewed_existing,component,Reduced X and absolutely separated Y give g on D; S separated ensures g is over S,D000358,Existing-component derivation with explicit domain convention in ega/i724.md; not literal full-statement equivalence,
S001399,ega:I.7.2.4,cancellation normalizes the converse hypotheses,french_admitted,F37ZW.json,0A56D886058B8203C34A9CDAA52B2CBF4EF4E6ED871C053CB7ADAA0F766690A0,a04446e57ec1fbc252a871afcec7752fb2807b14,schemes.tex,schemes-lemma-compose-after-separated,01KV,split,reviewed_existing,component,Absolutely separated Y implies Y to S separated,D000358,Existing-component derivation with explicit domain convention in ega/i724.md; not literal full-statement equivalence,
S001400,ega:I.7.2.4:proof,structure maps agree on the maximal domain,french_admitted,F37ZW.json,0A56D886058B8203C34A9CDAA52B2CBF4EF4E6ED871C053CB7ADAA0F766690A0,a04446e57ec1fbc252a871afcec7752fb2807b14,schemes.tex,schemes-lemma-where-are-they-equal,01KM,split,reviewed_existing,covered_derived,psi composed with g and phi restricted to D agree on initial dense U; separated S and reduced D give equality,D000358,Existing-component derivation with explicit domain convention in ega/i724.md; not literal full-statement equivalence,
S001401,ega:I.7.2.4:proof,ordinary and relative domains coincide,french_admitted,F37ZW.json,0A56D886058B8203C34A9CDAA52B2CBF4EF4E6ED871C053CB7ADAA0F766690A0,a04446e57ec1fbc252a871afcec7752fb2807b14,morphisms.tex,morphisms-lemma-rational-map-from-reduced-to-separated,0A1Y,split,reviewed_existing,covered_derived,The maximal ordinary representative is an S-morphism so D is contained in D_S; reverse inclusion is automatic; D need not equal X,D000358,Existing-component derivation with explicit domain convention in ega/i724.md; not literal full-statement equivalence,
S001402,ega:I.7.2.5,ordinary versus base-preserving definition domains,french_admitted,F37ZW.json,0A56D886058B8203C34A9CDAA52B2CBF4EF4E6ED871C053CB7ADAA0F766690A0,a04446e57ec1fbc252a871afcec7752fb2807b14,morphisms.tex,morphisms-definition-domain-of-definition,0A1X,split,reviewed_existing,component,D is the union of all representative domains; D_S and D_X retain the specified base,D000359,Existing-component derivation in ega/i727.md; relative-domain qualifications remain explicit; not a new root theorem,
S001403,ega:I.7.2.5,section identity of every S-representative,french_admitted,F37ZW.json,0A56D886058B8203C34A9CDAA52B2CBF4EF4E6ED871C053CB7ADAA0F766690A0,a04446e57ec1fbc252a871afcec7752fb2807b14,morphisms.tex,morphisms-lemma-equality-of-morphisms,01RH,split,reviewed_existing,covered_derived,p composed with h and the inclusion into X agree on a dense witness and are both S-morphisms,D000359,Existing-component derivation in ega/i727.md; relative-domain qualifications remain explicit; not a new root theorem,
S001404,ega:I.7.2.5,density on the reduced representative domain,french_admitted,F37ZW.json,0A56D886058B8203C34A9CDAA52B2CBF4EF4E6ED871C053CB7ADAA0F766690A0,a04446e57ec1fbc252a871afcec7752fb2807b14,morphisms.tex,morphisms-lemma-reduced-scheme-theoretically-dense,056D,split,reviewed_existing,covered_derived,Dense W is scheme-theoretically dense in the reduced open V; no Noetherian or finiteness hypothesis,D000359,Existing-component derivation in ega/i727.md; relative-domain qualifications remain explicit; not a new root theorem,
S001405,ega:I.7.2.5,unique gluing on the relative maximal domain,french_admitted,F37ZW.json,0A56D886058B8203C34A9CDAA52B2CBF4EF4E6ED871C053CB7ADAA0F766690A0,a04446e57ec1fbc252a871afcec7752fb2807b14,schemes.tex,schemes-lemma-glue,01JB,split,reviewed_existing,covered_derived,S-representatives agree on overlaps because Y/S is separated and glue as sections; D_S=D_X,D000359,Existing-component derivation in ega/i727.md; relative-domain qualifications remain explicit; not a new root theorem,
S001406,ega:I.7.2.5:proof,section identity on the full relative domain,french_admitted,F37ZW.json,0A56D886058B8203C34A9CDAA52B2CBF4EF4E6ED871C053CB7ADAA0F766690A0,a04446e57ec1fbc252a871afcec7752fb2807b14,morphisms.tex,morphisms-lemma-equality-of-morphisms,01RH,split,reviewed_existing,covered_derived,Separatedness of X/S gives p h equal to inclusion; ordinary extensions are not implicitly over S,D000359,Existing-component derivation in ega/i727.md; relative-domain qualifications remain explicit; not a new root theorem,
S001407,ega:I.7.2.5:proof,overlap comparison is a relative equalizer,french_admitted,F37ZW.json,0A56D886058B8203C34A9CDAA52B2CBF4EF4E6ED871C053CB7ADAA0F766690A0,a04446e57ec1fbc252a871afcec7752fb2807b14,schemes.tex,schemes-lemma-where-are-they-equal,01KM,split,reviewed_existing,component,Both representatives are over S; the diagonal of Y/S is closed and reducedness gives equality on overlaps,D000359,Existing-component derivation in ega/i727.md; relative-domain qualifications remain explicit; not a new root theorem,
S001408,ega:I.7.2.6,modern scalar rational function convention,french_admitted,F37ZW.json,0A56D886058B8203C34A9CDAA52B2CBF4EF4E6ED871C053CB7ADAA0F766690A0,a04446e57ec1fbc252a871afcec7752fb2807b14,morphisms.tex,morphisms-definition-rational-function,01RT,split,reviewed_existing,component,A rational function is a rational map to A1_Z; compare EGA rational X-sections of A1_X via their scalar component,D000360,Existing-component derivation in ega/i727.md; relative-domain qualifications remain explicit; not a new root theorem,
S001409,ega:I.7.2.6,sections of the structure sheaf as morphisms,french_admitted,F37ZW.json,0A56D886058B8203C34A9CDAA52B2CBF4EF4E6ED871C053CB7ADAA0F766690A0,a04446e57ec1fbc252a871afcec7752fb2807b14,schemes.tex,schemes-example-global-sections,01JH,split,reviewed_existing,component,"For every open V morphisms V to A1_Z correspond to Gamma(V,O_V)",D000360,Existing-component derivation in ega/i727.md; relative-domain qualifications remain explicit; not a new root theorem,
S001410,ega:I.7.2.6,maximal scalar representative on a reduced source,french_admitted,F37ZW.json,0A56D886058B8203C34A9CDAA52B2CBF4EF4E6ED871C053CB7ADAA0F766690A0,a04446e57ec1fbc252a871afcec7752fb2807b14,morphisms.tex,morphisms-lemma-rational-map-from-reduced-to-separated,0A1Y,split,reviewed_existing,component,Apply only to the absolutely separated target A1_Z; no separatedness of X is required,D000360,Existing-component derivation in ega/i727.md; relative-domain qualifications remain explicit; not a new root theorem,
S001411,ega:I.7.2.6,affine scalar target is separated,french_admitted,F37ZW.json,0A56D886058B8203C34A9CDAA52B2CBF4EF4E6ED871C053CB7ADAA0F766690A0,a04446e57ec1fbc252a871afcec7752fb2807b14,schemes.tex,schemes-lemma-affine-separated,01KN,split,reviewed_existing,component,The affine target A1_Z is separated over Spec Z,D000360,Existing-component derivation in ega/i727.md; relative-domain qualifications remain explicit; not a new root theorem,
S001412,ega:I.7.2.6:proof,injectivity on the fixed dense open,french_admitted,F37ZW.json,0A56D886058B8203C34A9CDAA52B2CBF4EF4E6ED871C053CB7ADAA0F766690A0,a04446e57ec1fbc252a871afcec7752fb2807b14,morphisms.tex,morphisms-lemma-equality-of-morphisms,01RH,split,reviewed_existing,covered_derived,Two regular functions in one rational class agree on dense W; reduced U and separated A1_Z give equality,D000360,Existing-component derivation in ega/i727.md; relative-domain qualifications remain explicit; not a new root theorem,
S001413,ega:I.7.2.6:proof,surjectivity by restricting the maximal scalar representative,french_admitted,F37ZW.json,0A56D886058B8203C34A9CDAA52B2CBF4EF4E6ED871C053CB7ADAA0F766690A0,a04446e57ec1fbc252a871afcec7752fb2807b14,morphisms.tex,morphisms-lemma-rational-map-from-reduced-to-separated,0A1Y,split,reviewed_existing,covered_derived,For U contained in the ordinary scalar domain restrict the unique maximal morphism to U,D000360,Existing-component derivation in ega/i727.md; relative-domain qualifications remain explicit; not a new root theorem,
S001414,ega:I.7.2.6:proof,ordinary graph relative graph and scalar domains coincide,french_admitted,F37ZW.json,0A56D886058B8203C34A9CDAA52B2CBF4EF4E6ED871C053CB7ADAA0F766690A0,a04446e57ec1fbc252a871afcec7752fb2807b14,schemes.tex,schemes-example-global-sections,01JH,split,reviewed_existing,covered_derived,Project any ordinary graph representative to its scalar component then graph it with the actual open inclusion on the same domain; no reducedness is needed for this equality,D000360,Existing-component derivation in ega/i727.md; relative-domain qualifications remain explicit; not a new root theorem,
S001415,ega:I.7.2.7,existence and uniqueness of the reduced closure,french_admitted,F37ZW.json,0A56D886058B8203C34A9CDAA52B2CBF4EF4E6ED871C053CB7ADAA0F766690A0,a04446e57ec1fbc252a871afcec7752fb2807b14,schemes.tex,schemes-lemma-reduced-closed-subscheme,01J3,split,reviewed_existing,component,Z is the unique reduced closed subscheme supported on the closure of g(U) in X,D000361,Existing-component derivation in ega/i727.md; relative-domain qualifications remain explicit; not a new root theorem,
S001416,ega:I.7.2.7,a section of a separated morphism is closed,french_admitted,F37ZW.json,0A56D886058B8203C34A9CDAA52B2CBF4EF4E6ED871C053CB7ADAA0F766690A0,a04446e57ec1fbc252a871afcec7752fb2807b14,schemes.tex,schemes-lemma-section-immersion,01KT,split,reviewed_existing,component,The partial section is a closed immersion into f inverse of U; a global extension would be closed in X,D000361,Existing-component derivation in ega/i727.md; relative-domain qualifications remain explicit; not a new root theorem,
S001417,ega:I.7.2.7,global section extension versus isomorphism of reduced closure,french_admitted,F37ZW.json,0A56D886058B8203C34A9CDAA52B2CBF4EF4E6ED871C053CB7ADAA0F766690A0,a04446e57ec1fbc252a871afcec7752fb2807b14,schemes.tex,schemes-lemma-reduced-closed-subscheme,01J3,split,reviewed_existing,covered_derived,An isomorphism Z to Y yields the section; a global section has the same closed support and reduced structure as Z,D000361,Existing-component derivation in ega/i727.md; relative-domain qualifications remain explicit; not a new root theorem,
S001418,ega:I.7.2.7:proof,partial section and closure agree over U,french_admitted,F37ZW.json,0A56D886058B8203C34A9CDAA52B2CBF4EF4E6ED871C053CB7ADAA0F766690A0,a04446e57ec1fbc252a871afcec7752fb2807b14,schemes.tex,schemes-lemma-section-immersion,01KT,split,reviewed_existing,covered_derived,Closedness in f inverse of U identifies the restricted support; no quasi-compactness of U in Y is used,D000361,Existing-component derivation in ega/i727.md; relative-domain qualifications remain explicit; not a new root theorem,
S001419,ega:I.7.2.7:proof,restricted reduced closed structures coincide,french_admitted,F37ZW.json,0A56D886058B8203C34A9CDAA52B2CBF4EF4E6ED871C053CB7ADAA0F766690A0,a04446e57ec1fbc252a871afcec7752fb2807b14,schemes.tex,schemes-lemma-reduced-closed-subscheme,01J3,split,reviewed_existing,covered_derived,Both Z intersect f inverse of U and the image subscheme g(U) are reduced closed subschemes with the same support,D000361,Existing-component derivation in ega/i727.md; relative-domain qualifications remain explicit; not a new root theorem,
S001420,ega:I.7.2.7:proof,both closure inclusions in the necessity direction,french_admitted,F37ZW.json,0A56D886058B8203C34A9CDAA52B2CBF4EF4E6ED871C053CB7ADAA0F766690A0,a04446e57ec1fbc252a871afcec7752fb2807b14,schemes.tex,schemes-lemma-reduced-closed-subscheme,01J3,split,reviewed_existing,covered_derived,Closedness of h(Y) gives closure g(U) contained in h(Y); density of h(U) gives the reverse inclusion; uniqueness of reduced structures gives scheme equality,D000361,Existing-component derivation in ega/i727.md; relative-domain qualifications remain explicit; not a new root theorem,
S001421,ega:I.7.2.7:proof,uniqueness of a global extension,french_admitted,F37ZW.json,0A56D886058B8203C34A9CDAA52B2CBF4EF4E6ED871C053CB7ADAA0F766690A0,a04446e57ec1fbc252a871afcec7752fb2807b14,morphisms.tex,morphisms-lemma-equality-of-morphisms,01RH,split,reviewed_existing,covered_derived,Global sections are Y-morphisms from reduced Y into separated X/Y and agree on dense U,D000361,Existing-component derivation in ega/i727.md; relative-domain qualifications remain explicit; not a new root theorem,
S001422,ega:I.7.2.7:proof,scheme-theoretic image interpretation,french_admitted,F37ZW.json,0A56D886058B8203C34A9CDAA52B2CBF4EF4E6ED871C053CB7ADAA0F766690A0,a04446e57ec1fbc252a871afcec7752fb2807b14,morphisms.tex,morphisms-lemma-scheme-theoretic-image-reduced,056B,split,reviewed_existing,component,Since U is reduced its scheme-theoretic image is exactly the reduced induced structure on closure g(U); no retrocompactness added,D000361,Existing-component derivation in ega/i727.md; relative-domain qualifications remain explicit; not a new root theorem,
S001423,ega:I.7.2.8,canonical local scheme over S,french_admitted,F37ZW.json,0A56D886058B8203C34A9CDAA52B2CBF4EF4E6ED871C053CB7ADAA0F766690A0,a04446e57ec1fbc252a871afcec7752fb2807b14,schemes.tex,schemes-equation-canonical-morphism,02NA,split,reviewed_existing,covered_derived,The canonical Spec local-ring morphism factors through every neighbourhood of x and preserves the base structure,D000362,Existing-component derivation in ega/i729.md; exact ordinary versus relative distinction retained; not a new root theorem,
S001424,ega:I.7.2.8,image is precisely the generalizations of x,french_admitted,F37ZW.json,0A56D886058B8203C34A9CDAA52B2CBF4EF4E6ED871C053CB7ADAA0F766690A0,a04446e57ec1fbc252a871afcec7752fb2807b14,schemes.tex,schemes-lemma-specialize-points,01J7,split,reviewed_existing,covered_derived,The local scheme shares the generic point in the integral branch; no open-immersion assertion,D000362,Existing-component derivation in ega/i729.md; exact ordinary versus relative distinction retained; not a new root theorem,
S001425,ega:I.7.2.8,locally Noetherian scheme supplies the topological hypothesis,french_admitted,F37ZW.json,0A56D886058B8203C34A9CDAA52B2CBF4EF4E6ED871C053CB7ADAA0F766690A0,a04446e57ec1fbc252a871afcec7752fb2807b14,properties.tex,properties-lemma-Noetherian-topology,01OZ,split,reviewed_existing,covered_derived,Apply nested7.2.8.1 to every dense representative and every dense agreement open,D000362,Existing-component derivation in ega/i729.md; exact ordinary versus relative distinction retained; not a new root theorem,
S001426,ega:I.7.2.8,parent-owned induced-map construction FR480-485 EN286-287,french_admitted,F37ZW.json,0A56D886058B8203C34A9CDAA52B2CBF4EF4E6ED871C053CB7ADAA0F766690A0,a04446e57ec1fbc252a871afcec7752fb2807b14,algebra.tex,algebra-lemma-irreducible-components-containing-x,00ET,split,reviewed_existing,covered_derived,Dense inverse images make the induced rational class independent of representative; canonical j over S preserves relative representatives,D000362,Existing-component derivation in ega/i729.md; exact ordinary versus relative distinction retained; not a new root theorem,
S001427,ega:I.7.2.8.1,localization prime correspondence,french_admitted,F37ZW.json,0A56D886058B8203C34A9CDAA52B2CBF4EF4E6ED871C053CB7ADAA0F766690A0,a04446e57ec1fbc252a871afcec7752fb2807b14,algebra.tex,algebra-lemma-spec-localization,00E3,split,reviewed_existing,covered_derived,Primes of B_p are primes of B contained in p; the underlying topology is the induced topology,D000363,Existing-component derivation in ega/i729.md; exact ordinary versus relative distinction retained; not a new root theorem,
S001428,ega:I.7.2.8.1,components are minimal-prime closed sets,french_admitted,F37ZW.json,0A56D886058B8203C34A9CDAA52B2CBF4EF4E6ED871C053CB7ADAA0F766690A0,a04446e57ec1fbc252a871afcec7752fb2807b14,algebra.tex,algebra-lemma-irreducible,00ES,split,reviewed_existing,covered_derived,Minimal primes contained in p give exactly components through x,D000363,Existing-component derivation in ega/i729.md; exact ordinary versus relative distinction retained; not a new root theorem,
S001429,ega:I.7.2.8.1,component traces of the local scheme,french_admitted,F37ZW.json,0A56D886058B8203C34A9CDAA52B2CBF4EF4E6ED871C053CB7ADAA0F766690A0,a04446e57ec1fbc252a871afcec7752fb2807b14,algebra.tex,algebra-lemma-irreducible-components-containing-x,00ET,split,reviewed_existing,covered_derived,Components of Spec(B_p) are traces of the components of Spec(B) through p,D000363,Existing-component derivation in ega/i729.md; exact ordinary versus relative distinction retained; not a new root theorem,
S001430,ega:I.7.2.8.1,finite component density equivalence,french_admitted,F37ZW.json,0A56D886058B8203C34A9CDAA52B2CBF4EF4E6ED871C053CB7ADAA0F766690A0,a04446e57ec1fbc252a871afcec7752fb2807b14,topology.tex,topology-lemma-Noetherian,0052,split,reviewed_existing,covered_derived,An affine neighbourhood inside a Noetherian open has finitely many components; dense opens contain all generic points,D000363,Existing-component derivation in ega/i729.md; exact ordinary versus relative distinction retained; not a new root theorem,
S001431,ega:I.7.2.8.1:proof,both directions of minimal-prime correspondence,french_admitted,F37ZW.json,0A56D886058B8203C34A9CDAA52B2CBF4EF4E6ED871C053CB7ADAA0F766690A0,a04446e57ec1fbc252a871afcec7752fb2807b14,algebra.tex,algebra-lemma-spec-localization,00E3,split,reviewed_existing,covered_derived,A smaller prime below a contraction remains inside p; conversely a minimal prime inside p stays minimal,D000363,Existing-component derivation in ega/i729.md; exact ordinary versus relative distinction retained; not a new root theorem,
S001432,ega:I.7.2.8.1:proof,generic local rings identified not only points,french_admitted,F37ZW.json,0A56D886058B8203C34A9CDAA52B2CBF4EF4E6ED871C053CB7ADAA0F766690A0,a04446e57ec1fbc252a871afcec7752fb2807b14,algebra.tex,algebra-proposition-localize-twice,02C6,split,reviewed_existing,covered_derived,Iterated localization identifies (B_p)_(qB_p) with B_q at every corresponding generic point,D000363,Existing-component derivation in ega/i729.md; exact ordinary versus relative distinction retained; not a new root theorem,
S001433,ega:I.7.2.8.1:proof,global component traces and final dense-open clause,french_admitted,F37ZW.json,0A56D886058B8203C34A9CDAA52B2CBF4EF4E6ED871C053CB7ADAA0F766690A0,a04446e57ec1fbc252a871afcec7752fb2807b14,topology.tex,topology-lemma-Noetherian,0052,split,reviewed_existing,covered_derived,Closure of a larger irreducible trace would contradict maximality; W dense gives W intersect V dense and all relevant generic points,D000363,Existing-component derivation in ega/i729.md; exact ordinary versus relative distinction retained; not a new root theorem,
S001434,ega:I.7.2.9,local morphism must be over S,french_admitted,F37ZW.json,0A56D886058B8203C34A9CDAA52B2CBF4EF4E6ED871C053CB7ADAA0F766690A0,a04446e57ec1fbc252a871afcec7752fb2807b14,schemes.tex,schemes-lemma-morphism-from-spec-local-ring,01J6,split,reviewed_existing,covered_derived,The point y and local map O_Yy to O_Xx must form an O_Ss-algebra map,D000364,Existing-component derivation in ega/i729.md; exact ordinary versus relative distinction retained; not a new root theorem,
S001435,ega:I.7.2.9,source finite type over locally Noetherian S,french_admitted,F37ZW.json,0A56D886058B8203C34A9CDAA52B2CBF4EF4E6ED871C053CB7ADAA0F766690A0,a04446e57ec1fbc252a871afcec7752fb2807b14,morphisms.tex,morphisms-lemma-noetherian-finite-type-finite-presentation,01TX,split,reviewed_existing,covered_derived,The historical hypothesis gives locally finite presentation for the source-faithful spreading route,D000364,Existing-component derivation in ega/i729.md; exact ordinary versus relative distinction retained; not a new root theorem,
S001436,ega:I.7.2.9,relative local extension criterion and stronger route,french_admitted,F37ZW.json,0A56D886058B8203C34A9CDAA52B2CBF4EF4E6ED871C053CB7ADAA0F766690A0,a04446e57ec1fbc252a871afcec7752fb2807b14,morphisms.tex,morphisms-lemma-morphism-defined-local-ring,0BX6,split,reviewed_existing,covered_derived,Part2a spreads under local finite presentation; parts2b and2c give separate stronger coverage with locally finite type target and no Noetherian base,D000364,Existing-component derivation in ega/i729.md; exact ordinary versus relative distinction retained; not a new root theorem,
S001437,ega:I.7.2.9:proof,necessity by restricting to the canonical local scheme,french_admitted,F37ZW.json,0A56D886058B8203C34A9CDAA52B2CBF4EF4E6ED871C053CB7ADAA0F766690A0,a04446e57ec1fbc252a871afcec7752fb2807b14,schemes.tex,schemes-equation-canonical-morphism,02NA,split,reviewed_existing,covered_derived,Every neighbourhood of x contains the image of the local scheme; restricting preserves the rational S-class,D000364,Existing-component derivation in ega/i729.md; exact ordinary versus relative distinction retained; not a new root theorem,
S001438,ega:I.7.2.9:proof,integral branch includes equality of generic local morphisms,french_admitted,F37ZW.json,0A56D886058B8203C34A9CDAA52B2CBF4EF4E6ED871C053CB7ADAA0F766690A0,a04446e57ec1fbc252a871afcec7752fb2807b14,morphisms.tex,morphisms-lemma-morphism-defined-local-ring,0BX6,split,reviewed_existing,covered_derived,Part1a spreads equality at eta to a nonempty dense agreement open; no Noetherianity of X inserted,D000364,Existing-component derivation in ega/i729.md; exact ordinary versus relative distinction retained; not a new root theorem,
S001439,ega:I.7.2.9:proof,locally Noetherian branch finite component shrink,french_admitted,F37ZW.json,0A56D886058B8203C34A9CDAA52B2CBF4EF4E6ED871C053CB7ADAA0F766690A0,a04446e57ec1fbc252a871afcec7752fb2807b14,properties.tex,properties-lemma-Noetherian-irreducible-components,0BA8,split,reviewed_existing,covered_derived,Shrink to a Noetherian affine then remove the finite union of components not through x,D000364,Existing-component derivation in ega/i729.md; exact ordinary versus relative distinction retained; not a new root theorem,
S001440,ega:I.7.2.9:proof,generic local maps in the Noetherian branch,french_admitted,F37ZW.json,0A56D886058B8203C34A9CDAA52B2CBF4EF4E6ED871C053CB7ADAA0F766690A0,a04446e57ec1fbc252a871afcec7752fb2807b14,algebra.tex,algebra-proposition-localize-twice,02C6,split,reviewed_existing,covered_derived,The local-ring identifications from the nested lemma identify h and f at every eta_i,D000364,Existing-component derivation in ega/i729.md; exact ordinary versus relative distinction retained; not a new root theorem,
S001441,ega:I.7.2.9:proof,Noetherian branch neighbourhoods of all relevant generic points,french_admitted,F37ZW.json,0A56D886058B8203C34A9CDAA52B2CBF4EF4E6ED871C053CB7ADAA0F766690A0,a04446e57ec1fbc252a871afcec7752fb2807b14,morphisms.tex,morphisms-lemma-morphism-defined-local-ring,0BX6,split,reviewed_existing,covered_derived,Part1a supplies E_i and their union is dense in V,D000364,Existing-component derivation in ega/i729.md; exact ordinary versus relative distinction retained; not a new root theorem,
S001442,ega:I.7.2.9:proof,complete parent-proof globalization on disjoint opens,french_admitted,F37ZW.json,0A56D886058B8203C34A9CDAA52B2CBF4EF4E6ED871C053CB7ADAA0F766690A0,a04446e57ec1fbc252a871afcec7752fb2807b14,schemes.tex,schemes-lemma-glue,01JB,split,reviewed_existing,covered_derived,Glue on Q=V union ((X minus closure V) intersect W); Q and the agreement open E union ((X minus closure V) intersect W) are dense in X,D000364,Existing-component derivation in ega/i729.md; exact ordinary versus relative distinction retained; not a new root theorem,
S001443,ega:I.7.2.9:proof,reduced source gives scheme-theoretic density,french_admitted,F37ZW.json,0A56D886058B8203C34A9CDAA52B2CBF4EF4E6ED871C053CB7ADAA0F766690A0,a04446e57ec1fbc252a871afcec7752fb2807b14,morphisms.tex,morphisms-lemma-reduced-scheme-theoretically-dense,056D,split,reviewed_existing,covered_derived,Use reducedness before identifying representatives by dense agreement,D000364,Existing-component derivation in ega/i729.md; exact ordinary versus relative distinction retained; not a new root theorem,
S001444,ega:I.7.2.9:proof,relative representatives agree on full overlaps,french_admitted,F37ZW.json,0A56D886058B8203C34A9CDAA52B2CBF4EF4E6ED871C053CB7ADAA0F766690A0,a04446e57ec1fbc252a871afcec7752fb2807b14,morphisms.tex,morphisms-lemma-equality-of-morphisms,01RH,split,reviewed_existing,covered_derived,Separatedness over S and reduced X give equality and therefore unique maximal gluing on D_S,D000364,Existing-component derivation in ega/i729.md; exact ordinary versus relative distinction retained; not a new root theorem,
S001445,ega:I.7.3.1,dense-open ring and equivalence classes,french_admitted,F37ZW.json,0A56D886058B8203C34A9CDAA52B2CBF4EF4E6ED871C053CB7ADAA0F766690A0,a04446e57ec1fbc252a871afcec7752fb2807b14,morphisms.tex,morphisms-definition-ring-of-rational-functions,01RU,split,reviewed_existing,covered_derived,Ring operations are performed on intersections of dense domains and are independent of representatives,D000365,Independent complete derivation in ega/i734.md; target is a component or qualified comparison rather than a full equivalent theorem,
S001446,ega:I.7.3.1,well-defined presheaf restriction and scalar compatibility,french_admitted,F37ZW.json,0A56D886058B8203C34A9CDAA52B2CBF4EF4E6ED871C053CB7ADAA0F766690A0,a04446e57ec1fbc252a871afcec7752fb2807b14,morphisms.tex,morphisms-lemma-integral-scheme-rational-functions,01RV,split,reviewed_existing,covered_derived,Dense-open colimit representatives restrict to dense opens; equality restricts and composition follows from actual section restriction,D000365,Independent complete derivation in ega/i734.md; target is a component or qualified comparison rather than a full equivalent theorem,
S001447,ega:I.7.3.2,sheafification with algebraic structure,french_admitted,F37ZW.json,0A56D886058B8203C34A9CDAA52B2CBF4EF4E6ED871C053CB7ADAA0F766690A0,a04446e57ec1fbc252a871afcec7752fb2807b14,sheaves.tex,sheaves-lemma-sheafify-presheaf-structures,0087,split,reviewed_existing,covered_derived,Canonical presheaf map from O_X gives the ring-sheaf algebra structure; no injectivity asserted,D000366,Independent complete derivation in ega/i734.md; target is a component or qualified comparison rather than a full equivalent theorem,
S001448,ega:I.7.3.2,underlying sheafified module,french_admitted,F37ZW.json,0A56D886058B8203C34A9CDAA52B2CBF4EF4E6ED871C053CB7ADAA0F766690A0,a04446e57ec1fbc252a871afcec7752fb2807b14,sheaves.tex,sheaves-lemma-sheafification-presheaf-modules,0089,split,reviewed_existing,covered_derived,The module action sheafifies compatibly with the canonical ring action,D000366,Independent complete derivation in ega/i734.md; target is a component or qualified comparison rather than a full equivalent theorem,
S001449,ega:I.7.3.2,complete unnumbered open restriction tail,french_admitted,F37ZW.json,0A56D886058B8203C34A9CDAA52B2CBF4EF4E6ED871C053CB7ADAA0F766690A0,a04446e57ec1fbc252a871afcec7752fb2807b14,sheaves.tex,sheaves-lemma-sheafify-presheaf-structures,0087,split,reviewed_existing,covered_derived,Presheaves agree on opens of V and cofinal neighbourhoods give identical germs and gluing; not a separate discovery unit,D000366,Independent complete derivation in ega/i734.md; target is a component or qualified comparison rather than a full equivalent theorem,
S001450,ega:I.7.3.3,canonical finite-component generic-local product,french_admitted,F37ZW.json,0A56D886058B8203C34A9CDAA52B2CBF4EF4E6ED871C053CB7ADAA0F766690A0,a04446e57ec1fbc252a871afcec7752fb2807b14,morphisms.tex,morphisms-lemma-integral-scheme-rational-functions,01RV,split,reviewed_existing,covered_derived,Generic germs give the product of local rings and restrictions are projections; not fields without reducedness,D000367,Independent complete derivation in ega/i734.md; target is a component or qualified comparison rather than a full equivalent theorem,
S001451,ega:I.7.3.3,topologically locally Noetherian special case,french_admitted,F37ZW.json,0A56D886058B8203C34A9CDAA52B2CBF4EF4E6ED871C053CB7ADAA0F766690A0,a04446e57ec1fbc252a871afcec7752fb2807b14,topology.tex,topology-lemma-Noetherian,0052,split,reviewed_existing,covered_derived,Noetherian open neighbourhoods have finite components; closure and trace give correspondence with components meeting that open,D000367,Independent complete derivation in ega/i734.md; target is a component or qualified comparison rather than a full equivalent theorem,
S001452,ega:I.7.3.3,scheme Noetherian comparison only,french_admitted,F37ZW.json,0A56D886058B8203C34A9CDAA52B2CBF4EF4E6ED871C053CB7ADAA0F766690A0,a04446e57ec1fbc252a871afcec7752fb2807b14,properties.tex,properties-lemma-Noetherian-irreducible-components,0BA8,split,reviewed_existing,covered_derived,The stronger scheme hypothesis is not imported into the topological local Noetherian special case,D000367,Independent complete derivation in ega/i734.md; target is a component or qualified comparison rather than a full equivalent theorem,
S001453,ega:I.7.3.3:proof,arbitrary-cover uniqueness and gluing,french_admitted,F37ZW.json,0A56D886058B8203C34A9CDAA52B2CBF4EF4E6ED871C053CB7ADAA0F766690A0,a04446e57ec1fbc252a871afcec7752fb2807b14,morphisms.tex,morphisms-lemma-integral-scheme-rational-functions,01RV,split,reviewed_existing,covered_derived,Each generic coordinate is fixed on any cover member containing it; pairwise compatibility on intersections gives a unique tuple,D000367,Independent complete derivation in ega/i734.md; target is a component or qualified comparison rather than a full equivalent theorem,
S001454,ega:I.7.3.3:proof,affine components are minimal primes,french_admitted,F37ZW.json,0A56D886058B8203C34A9CDAA52B2CBF4EF4E6ED871C053CB7ADAA0F766690A0,a04446e57ec1fbc252a871afcec7752fb2807b14,algebra.tex,algebra-lemma-irreducible,00ES,split,reviewed_existing,covered_derived,Choose a finite-component affine neighbourhood and identify each component with a minimal prime,D000367,Independent complete derivation in ega/i734.md; target is a component or qualified comparison rather than a full equivalent theorem,
S001455,ega:I.7.3.3:proof,localization topology and surviving generic factors,french_admitted,F37ZW.json,0A56D886058B8203C34A9CDAA52B2CBF4EF4E6ED871C053CB7ADAA0F766690A0,a04446e57ec1fbc252a871afcec7752fb2807b14,algebra.tex,algebra-lemma-spec-localization,00E3,split,reviewed_existing,covered_derived,D(f) contains precisely the minimal primes not containing f; restriction deletes exactly the other factors,D000367,Independent complete derivation in ega/i734.md; target is a component or qualified comparison rather than a full equivalent theorem,
S001456,ega:I.7.3.3:proof,nilpotent factors vanish under localization,french_admitted,F37ZW.json,0A56D886058B8203C34A9CDAA52B2CBF4EF4E6ED871C053CB7ADAA0F766690A0,a04446e57ec1fbc252a871afcec7752fb2807b14,algebra.tex,algebra-lemma-minimal-prime-reduced-ring,00EU,split,reviewed_existing,covered_derived,If f lies in a minimal prime its image in the generic local ring is nilpotent; inverting this single element gives zero,D000367,Independent complete derivation in ega/i734.md; target is a component or qualified comparison rather than a full equivalent theorem,
S001457,ega:I.7.3.3:proof,full affine associated-module comparison,french_admitted,F37ZW.json,0A56D886058B8203C34A9CDAA52B2CBF4EF4E6ED871C053CB7ADAA0F766690A0,a04446e57ec1fbc252a871afcec7752fb2807b14,schemes.tex,schemes-lemma-spec-sheaves,01HV,split,reviewed_existing,covered_derived,Finite direct sum localization equals the surviving product; principal-open sections and restrictions agree and glue on a basis,D000367,Independent complete derivation in ega/i734.md; target is a component or qualified comparison rather than a full equivalent theorem,
S001458,ega:I.7.3.3:proof,quasi-coherence on all finite-component affine neighbourhoods,french_admitted,F37ZW.json,0A56D886058B8203C34A9CDAA52B2CBF4EF4E6ED871C053CB7ADAA0F766690A0,a04446e57ec1fbc252a871afcec7752fb2807b14,schemes.tex,schemes-lemma-compare-constructions,01I7,split,reviewed_existing,covered_derived,R restricted to each chosen affine is the associated sheaf of the finite sum of generic local modules,D000367,Independent complete derivation in ega/i734.md; target is a component or qualified comparison rather than a full equivalent theorem,
S001459,ega:I.7.3.3,regular-denominator sheaf is not dense-open sheaf in general,french_admitted,F37ZW.json,0A56D886058B8203C34A9CDAA52B2CBF4EF4E6ED871C053CB7ADAA0F766690A0,a04446e57ec1fbc252a871afcec7752fb2807b14,divisors.tex,divisors-definition-sheaf-meromorphic-functions,01X2,split,reviewed_existing,covered_derived,"For k[t,e]/(e^2,te) dense D(t) kills nonzero e in R while localization at regular sections gives an injective structure-sheaf map",D000367,Independent complete derivation in ega/i734.md; target is a component or qualified comparison rather than a full equivalent theorem,
S001460,ega:I.7.3.3,meromorphic comparison hypotheses retained,french_admitted,F37ZW.json,0A56D886058B8203C34A9CDAA52B2CBF4EF4E6ED871C053CB7ADAA0F766690A0,a04446e57ec1fbc252a871afcec7752fb2807b14,divisors.tex,divisors-lemma-meromorphic-weakass-finite,0EMF,split,reviewed_existing,covered_derived,Every weakly associated point being generic is an extra hypothesis absent from7.3.3; this target is comparison only,D000367,Independent complete derivation in ega/i734.md; target is a component or qualified comparison rather than a full equivalent theorem,
S001461,ega:I.7.3.3,integral meromorphic specialization only,french_admitted,F37ZW.json,0A56D886058B8203C34A9CDAA52B2CBF4EF4E6ED871C053CB7ADAA0F766690A0,a04446e57ec1fbc252a871afcec7752fb2807b14,divisors.tex,divisors-lemma-meromorphic-functions-integral-scheme,01X5,split,reviewed_existing,covered_derived,For integral X the meromorphic sheaf agrees with the constant function-field sheaf; not a proof for general nonreduced X,D000367,Independent complete derivation in ega/i734.md; target is a component or qualified comparison rather than a full equivalent theorem,
S001462,ega:I.7.3.4,unique reduced structures on closed components,french_admitted,F37ZW.json,0A56D886058B8203C34A9CDAA52B2CBF4EF4E6ED871C053CB7ADAA0F766690A0,a04446e57ec1fbc252a871afcec7752fb2807b14,schemes.tex,schemes-lemma-reduced-closed-subscheme,01J3,split,reviewed_existing,covered_derived,Give each irreducible component its reduced closed subscheme structure so it is integral,D000368,Independent complete derivation in ega/i734.md; target is a component or qualified comparison rather than a full equivalent theorem,
S001463,ega:I.7.3.4,generic local rings become component function fields,french_admitted,F37ZW.json,0A56D886058B8203C34A9CDAA52B2CBF4EF4E6ED871C053CB7ADAA0F766690A0,a04446e57ec1fbc252a871afcec7752fb2807b14,algebra.tex,algebra-lemma-minimal-prime-reduced-ring,00EU,split,reviewed_existing,covered_derived,Reducedness makes each minimal-prime localization a field identified with the fraction field of the reduced component,D000368,Independent complete derivation in ega/i734.md; target is a component or qualified comparison rather than a full equivalent theorem,
S001464,ega:I.7.3.4,all-open product and direct-image naturality,french_admitted,F37ZW.json,0A56D886058B8203C34A9CDAA52B2CBF4EF4E6ED871C053CB7ADAA0F766690A0,a04446e57ec1fbc252a871afcec7752fb2807b14,morphisms.tex,morphisms-lemma-integral-scheme-rational-functions,01RV,split,reviewed_existing,covered_derived,Both sides have the same generic field factors on every open and the same restriction projections,D000368,Independent complete derivation in ega/i734.md; target is a component or qualified comparison rather than a full equivalent theorem,
S001465,ega:I.7.3.4,direct-image scalar compatibility,french_admitted,F37ZW.json,0A56D886058B8203C34A9CDAA52B2CBF4EF4E6ED871C053CB7ADAA0F766690A0,a04446e57ec1fbc252a871afcec7752fb2807b14,schemes.tex,schemes-lemma-widetilde-pullback,01I9,split,reviewed_existing,covered_derived,Restriction to a reduced component and then its generic field agrees with the O_X action; compare affine direct image part2,D000368,Independent complete derivation in ega/i734.md; target is a component or qualified comparison rather than a full equivalent theorem,
S001466,ega:I.7.3.4,reducedness adverse example,french_admitted,F37ZW.json,0A56D886058B8203C34A9CDAA52B2CBF4EF4E6ED871C053CB7ADAA0F766690A0,a04446e57ec1fbc252a871afcec7752fb2807b14,morphisms.tex,morphisms-lemma-integral-scheme-rational-functions,01RV,split,reviewed_existing,covered_derived,For Spec k[e]/e^2 the dense-open rational ring is k[e]/e^2 while that of its reduced component is k,D000368,Independent complete derivation in ega/i734.md; target is a component or qualified comparison rather than a full equivalent theorem,
S001467,ega:I.7.3.5,historical simple means constant sheaf,french_admitted,F37ZW.json,0A56D886058B8203C34A9CDAA52B2CBF4EF4E6ED871C053CB7ADAA0F766690A0,a04446e57ec1fbc252a871afcec7752fb2807b14,sheaves.tex,sheaves-definition-constant-sheaf,006W,split,reviewed_existing,covered_derived,Locally constant maps on nonempty irreducible opens are constant; simple-module interpretation is false,D000369,"Independent complete proof in ega/i737.md; exact target block is a component or qualification, not a full equivalent theorem",
S001468,ega:I.7.3.5,historical sheafification meaning,french_admitted,F37ZW.json,0A56D886058B8203C34A9CDAA52B2CBF4EF4E6ED871C053CB7ADAA0F766690A0,a04446e57ec1fbc252a871afcec7752fb2807b14,sheaves.tex,sheaves-example-sheafify-constant,0081,split,reviewed_existing,covered_derived,Constant presheaf sheafifies to the modern constant sheaf; original French definition is attributed to preflight visual review,D000369,"Independent complete proof in ega/i737.md; exact target block is a component or qualification, not a full equivalent theorem",
S001469,ega:I.7.3.5:proof,generic local-ring rational sheaf,french_admitted,F37ZW.json,0A56D886058B8203C34A9CDAA52B2CBF4EF4E6ED871C053CB7ADAA0F766690A0,a04446e57ec1fbc252a871afcec7752fb2807b14,morphisms.tex,morphisms-lemma-integral-scheme-rational-functions,01RV,split,reviewed_existing,covered_derived,"Every nonempty open contains eta; dense-open rational sections are B=O_Xeta with identity restrictions, not necessarily a field",D000369,"Independent complete proof in ega/i737.md; exact target block is a component or qualification, not a full equivalent theorem",
S001470,ega:I.7.3.5:proof,arbitrary rational-ring presentation,french_admitted,F37ZW.json,0A56D886058B8203C34A9CDAA52B2CBF4EF4E6ED871C053CB7ADAA0F766690A0,a04446e57ec1fbc252a871afcec7752fb2807b14,modules.tex,modules-definition-quasi-coherent,01BE,split,reviewed_existing,covered_derived,Quasi-coherence is over R_X and uses arbitrary sheaf direct sums; preserve French parentheses and English notation drift,D000369,"Independent complete proof in ega/i737.md; exact target block is a component or qualification, not a full equivalent theorem",
S001471,ega:I.7.3.5:proof,constant direct sums and cokernels,french_admitted,F37ZW.json,0A56D886058B8203C34A9CDAA52B2CBF4EF4E6ED871C053CB7ADAA0F766690A0,a04446e57ec1fbc252a871afcec7752fb2807b14,sheaves.tex,sheaves-example-sheafify-constant,0081,split,reviewed_existing,covered_derived,Stalkwise comparison identifies direct sums with constant B^(I) and the cokernel with constant coker(u); no global-sections right exactness assumed,D000369,"Independent complete proof in ega/i737.md; exact target block is a component or qualification, not a full equivalent theorem",
S001472,ega:I.7.3.5:proof,canonical generic-stalk gluing,french_admitted,F37ZW.json,0A56D886058B8203C34A9CDAA52B2CBF4EF4E6ED871C053CB7ADAA0F766690A0,a04446e57ec1fbc252a871afcec7752fb2807b14,sheaves.tex,sheaves-definition-constant-sheaf,006W,split,reviewed_existing,covered_derived,All nonempty overlaps contain eta; constant local identifications with F_eta agree and glue canonically,D000369,"Independent complete proof in ega/i737.md; exact target block is a component or qualification, not a full equivalent theorem",
S001473,ega:I.7.3.5:proof,underlying scheme quasi-coherence,french_admitted,F37ZW.json,0A56D886058B8203C34A9CDAA52B2CBF4EF4E6ED871C053CB7ADAA0F766690A0,a04446e57ec1fbc252a871afcec7752fb2807b14,schemes.tex,schemes-lemma-spec-sheaves,01HV,split,reviewed_existing,covered_derived,On integral-topology affine Spec A the unique minimal prime is the nilradical; B-module associated sheaves are constant on nonempty principal opens,D000369,"Independent complete proof in ega/i737.md; exact target block is a component or qualification, not a full equivalent theorem",
S001474,ega:I.7.3.5:proof,converse scalar-ring comparison,french_admitted,F37ZW.json,0A56D886058B8203C34A9CDAA52B2CBF4EF4E6ED871C053CB7ADAA0F766690A0,a04446e57ec1fbc252a871afcec7752fb2807b14,modules.tex,modules-lemma-quasi-coherent-module,01BK,split,reviewed_existing,covered_derived,Underlying O_X-quasi-coherent modules are locally associated; use quasi-compact affine neighbourhoods rather than arbitrary ringed-space matrix claims,D000369,"Independent complete proof in ega/i737.md; exact target block is a component or qualification, not a full equivalent theorem",
S001475,ega:I.7.3.5:proof,associated modules restrict with scalar change,french_admitted,F37ZW.json,0A56D886058B8203C34A9CDAA52B2CBF4EF4E6ED871C053CB7ADAA0F766690A0,a04446e57ec1fbc252a871afcec7752fb2807b14,modules.tex,modules-lemma-restrict-quasi-coherent,01BJ,split,reviewed_existing,covered_derived,Restriction to a smaller affine open changes module scalars as in the ringed-space associated-module construction,D000369,"Independent complete proof in ega/i737.md; exact target block is a component or qualification, not a full equivalent theorem",
S001476,ega:I.7.3.5:proof,action compatibility and free B presentations,french_admitted,F37ZW.json,0A56D886058B8203C34A9CDAA52B2CBF4EF4E6ED871C053CB7ADAA0F766690A0,a04446e57ec1fbc252a871afcec7752fb2807b14,schemes.tex,schemes-lemma-compare-constructions,01I7,split,reviewed_existing,covered_derived,Global B-action determines the sheaf action by the associated-module mapping property; arbitrary B-free presentation gives R_X-quasi-coherence,D000369,"Independent complete proof in ega/i737.md; exact target block is a component or qualification, not a full equivalent theorem",
S001477,ega:I.7.3.5:proof,general ringed-space arbitrary-sum qualification,french_admitted,F37ZW.json,0A56D886058B8203C34A9CDAA52B2CBF4EF4E6ED871C053CB7ADAA0F766690A0,a04446e57ec1fbc252a871afcec7752fb2807b14,modules.tex,modules-remark-infinite-direct-sum-quasi-coherent-not,02CF,split,reviewed_existing,covered_derived,Do not infer arbitrary-sum closure of all quasi-coherent modules on every ringed space; only constant-sheaf and scheme arguments are used,D000369,"Independent complete proof in ega/i737.md; exact target block is a component or qualification, not a full equivalent theorem",
S001478,ega:I.7.3.6,identity-space change of scalars,french_admitted,F37ZW.json,0A56D886058B8203C34A9CDAA52B2CBF4EF4E6ED871C053CB7ADAA0F766690A0,a04446e57ec1fbc252a871afcec7752fb2807b14,modules.tex,modules-lemma-pullback-quasi-coherent,01BG,split,reviewed_existing,covered_derived,"The identity-space ringed morphism (X,R_X) to (X,O_X) pulls back F to F tensor R_X; no locally-ringed assertion",D000370,"Independent complete proof in ega/i737.md; exact target block is a component or qualification, not a full equivalent theorem",
S001479,ega:I.7.3.6,right exact tensor presentation,french_admitted,F37ZW.json,0A56D886058B8203C34A9CDAA52B2CBF4EF4E6ED871C053CB7ADAA0F766690A0,a04446e57ec1fbc252a871afcec7752fb2807b14,modules.tex,modules-lemma-tensor-product-exact,01CC,split,reviewed_existing,covered_derived,Tensor an O_X-free presentation with R_X; no flatness or finite-presentation hypothesis needed,D000370,"Independent complete proof in ega/i737.md; exact target block is a component or qualification, not a full equivalent theorem",
S001480,ega:I.7.3.6,arbitrary tensor direct sums,french_admitted,F37ZW.json,0A56D886058B8203C34A9CDAA52B2CBF4EF4E6ED871C053CB7ADAA0F766690A0,a04446e57ec1fbc252a871afcec7752fb2807b14,modules.tex,modules-lemma-tensor-commute-colimits,05NB,split,reviewed_existing,covered_derived,"Tensor commutes with arbitrary sums, yielding an R_X-presentation; no products or finite rank substitution",D000370,"Independent complete proof in ega/i737.md; exact target block is a component or qualification, not a full equivalent theorem",
S001481,ega:I.7.3.6,canonical generic tensor fibre,french_admitted,F37ZW.json,0A56D886058B8203C34A9CDAA52B2CBF4EF4E6ED871C053CB7ADAA0F766690A0,a04446e57ec1fbc252a871afcec7752fb2807b14,modules.tex,modules-lemma-stalk-tensor-product,01CB,split,reviewed_existing,covered_derived,"The generic stalk is F_eta tensor_B B=F_eta, hence F tensor R_X is canonically constant",D000370,"Independent complete proof in ega/i737.md; exact target block is a component or qualification, not a full equivalent theorem",
S001482,ega:I.7.3.6:proof,field property only after reducedness,french_admitted,F37ZW.json,0A56D886058B8203C34A9CDAA52B2CBF4EF4E6ED871C053CB7ADAA0F766690A0,a04446e57ec1fbc252a871afcec7752fb2807b14,algebra.tex,algebra-lemma-minimal-prime-reduced-ring,00EU,split,reviewed_existing,covered_derived,On reduced irreducible X the generic local ring is a field; irreducibility alone does not give a field,D000370,"Independent complete proof in ega/i737.md; exact target block is a component or qualification, not a full equivalent theorem",
S001483,ega:I.7.3.6:proof,possibly infinite noncanonical basis,french_admitted,F37ZW.json,0A56D886058B8203C34A9CDAA52B2CBF4EF4E6ED871C053CB7ADAA0F766690A0,a04446e57ec1fbc252a871afcec7752fb2807b14,morphisms.tex,morphisms-lemma-integral-scheme-rational-functions,01RV,split,reviewed_existing,covered_derived,Choose an arbitrary vector-space basis of F_eta to obtain R_X^(I); basis-dependent free isomorphism is not canonical,D000370,"Independent complete proof in ega/i737.md; exact target block is a component or qualification, not a full equivalent theorem",
S001484,ega:I.7.3.7,locally integral quasi-coherence,french_admitted,F37ZW.json,0A56D886058B8203C34A9CDAA52B2CBF4EF4E6ED871C053CB7ADAA0F766690A0,a04446e57ec1fbc252a871afcec7752fb2807b14,schemes.tex,schemes-lemma-spec-sheaves,01HV,split,reviewed_existing,covered_derived,Integral affine neighbourhoods have one component; inherited7.3.3 finite-component associated-module proof applies locally,D000371,"Independent complete proof in ega/i737.md; exact target block is a component or qualification, not a full equivalent theorem",
S001485,ega:I.7.3.7:proof,locally Noetherian scheme versus topology,french_admitted,F37ZW.json,0A56D886058B8203C34A9CDAA52B2CBF4EF4E6ED871C053CB7ADAA0F766690A0,a04446e57ec1fbc252a871afcec7752fb2807b14,properties.tex,properties-lemma-Noetherian-topology,01OZ,split,reviewed_existing,covered_derived,Noetherian affine neighbourhoods have Noetherian underlying topology; topological local Noetherianity is not equated with Noetherian rings,D000371,"Independent complete proof in ega/i737.md; exact target block is a component or qualification, not a full equivalent theorem",
S001486,ega:I.7.3.7:proof,finite components on neighbourhoods only,french_admitted,F37ZW.json,0A56D886058B8203C34A9CDAA52B2CBF4EF4E6ED871C053CB7ADAA0F766690A0,a04446e57ec1fbc252a871afcec7752fb2807b14,topology.tex,topology-lemma-Noetherian,0052,split,reviewed_existing,covered_derived,A Noetherian neighbourhood has finitely many components; no global finiteness assumed; locally finite components is a more general sufficient hypothesis,D000371,"Independent complete proof in ega/i737.md; exact target block is a component or qualification, not a full equivalent theorem",
S001487,ega:I.7.3.7:proof,dense-open injection on reduced schemes,french_admitted,F37ZW.json,0A56D886058B8203C34A9CDAA52B2CBF4EF4E6ED871C053CB7ADAA0F766690A0,a04446e57ec1fbc252a871afcec7752fb2807b14,schemes.tex,schemes-lemma-reduced,01J1,split,reviewed_existing,covered_derived,Sheafification leaves stalks unchanged; zero rational germ means a regular section vanishes on a dense open; D(a) is then empty,D000371,"Independent complete proof in ega/i737.md; exact target block is a component or qualification, not a full equivalent theorem",
S001488,ega:I.7.3.7:proof,nilpotence and reduced affine rings,french_admitted,F37ZW.json,0A56D886058B8203C34A9CDAA52B2CBF4EF4E6ED871C053CB7ADAA0F766690A0,a04446e57ec1fbc252a871afcec7752fb2807b14,schemes.tex,schemes-lemma-affine-reduced,01J2,split,reviewed_existing,covered_derived,Empty D(a) gives nilpotence and reducedness gives a=0; no component finiteness or separatedness required for this injection,D000371,"Independent complete proof in ega/i737.md; exact target block is a component or qualification, not a full equivalent theorem",
S001489,ega:I.7.3.8,corrected integral dominant hypotheses,french_admitted,validation/ega-i-7.3.8-printed-replacement-authority-2026-09-08.json,59EE5247301B33877F46FAFF8CCD92382FF4CCDC74C8F825EA1361CF6DBB3487,a04446e57ec1fbc252a871afcec7752fb2807b14,morphisms.tex,morphisms-lemma-dominant-between-integral,0CC1,split,reviewed_existing,covered_derived,For every compatible nonempty affine pair B to A is injective and one generic field embedding is fixed,D000372,"Independent proof in ega/i738.md; component or qualification, not full equivalence; historical false assertion not admitted as true",
S001490,ega:I.7.3.8,rational function-field identification,french_admitted,validation/ega-i-7.3.8-printed-replacement-authority-2026-09-08.json,59EE5247301B33877F46FAFF8CCD92382FF4CCDC74C8F825EA1361CF6DBB3487,a04446e57ec1fbc252a871afcec7752fb2807b14,morphisms.tex,morphisms-lemma-integral-scheme-rational-functions,01RV,split,reviewed_existing,covered_derived,Integral rational sheaf is constant generic field; old finite-component global-isomorphism assertion is superseded and false,D000372,"Independent proof in ega/i738.md; component or qualification, not full equivalence; historical false assertion not admitted as true",
S001491,ega:I.7.3.8,integral rational-meromorphic agreement,french_admitted,validation/ega-i-7.3.8-printed-replacement-authority-2026-09-08.json,59EE5247301B33877F46FAFF8CCD92382FF4CCDC74C8F825EA1361CF6DBB3487,a04446e57ec1fbc252a871afcec7752fb2807b14,divisors.tex,divisors-lemma-meromorphic-functions-integral-scheme,01X5,split,reviewed_existing,covered_derived,Tag 01X5 establishes agreement in the integral case; no unconditional nonreduced identification is inferred; omitted target proof is not represented as a printed derivation,D000372,"Independent proof in ega/i738.md; component or qualification, not full equivalence; historical false assertion not admitted as true",
S001492,ega:I.7.3.8.1,affine associated-module pullback,french_admitted,validation/ega-i-7.3.8-printed-replacement-authority-2026-09-08.json,59EE5247301B33877F46FAFF8CCD92382FF4CCDC74C8F825EA1361CF6DBB3487,a04446e57ec1fbc252a871afcec7752fb2807b14,schemes.tex,schemes-lemma-widetilde-pullback,01I9,split,reviewed_existing,covered_derived,Pullback on compatible affine pair is associated to A tensor_B L,D000373,"Independent proof in ega/i738.md; component or qualification, not full equivalence; historical false assertion not admitted as true",
S001493,ega:I.7.3.8.1,localization map and scalar action,french_admitted,validation/ega-i-7.3.8-printed-replacement-authority-2026-09-08.json,59EE5247301B33877F46FAFF8CCD92382FF4CCDC74C8F825EA1361CF6DBB3487,a04446e57ec1fbc252a871afcec7752fb2807b14,algebra.tex,algebra-lemma-tensor-localization,00DK,split,reviewed_existing,covered_derived,Identify A tensor_B L with S^-1 A inside K; canonical algebra map gives corrected module map,D000373,"Independent proof in ega/i738.md; component or qualification, not full equivalence; historical false assertion not admitted as true",
S001494,ega:I.7.3.8:proof,common-refinement gluing,french_admitted,validation/ega-i-7.3.8-printed-replacement-authority-2026-09-08.json,59EE5247301B33877F46FAFF8CCD92382FF4CCDC74C8F825EA1361CF6DBB3487,a04446e57ec1fbc252a871afcec7752fb2807b14,morphisms.tex,morphisms-lemma-dominant-between-integral,0CC1,split,reviewed_existing,covered_derived,Fixed generic-field embedding makes local formulas agree on common affine refinements; affine intersections need not be affine,D000373,"Independent proof in ega/i738.md; component or qualification, not full equivalence; historical false assertion not admitted as true",
S001495,ega:I.7.3.8:proof,generic-stalk isomorphism,french_admitted,validation/ega-i-7.3.8-printed-replacement-authority-2026-09-08.json,59EE5247301B33877F46FAFF8CCD92382FF4CCDC74C8F825EA1361CF6DBB3487,a04446e57ec1fbc252a871afcec7752fb2807b14,modules.tex,modules-lemma-stalk-tensor-product,01CB,split,reviewed_existing,covered_derived,At eta_X the map is K tensor_L L to K; this and existence are the printed replacement conclusions,D000373,"Independent proof in ega/i738.md; component or qualification, not full equivalence; historical false assertion not admitted as true",
S001496,ega:I.7.3.8:proof,independent all-stalk monomorphism,french_admitted,validation/ega-i-7.3.8-printed-replacement-authority-2026-09-08.json,59EE5247301B33877F46FAFF8CCD92382FF4CCDC74C8F825EA1361CF6DBB3487,a04446e57ec1fbc252a871afcec7752fb2807b14,sheaves.tex,sheaves-lemma-characterize-epi-mono,0H7H,split,reviewed_existing,covered_derived,Every S^-1 A_p to K is injective; not an inference from only the generic stalk or exactness of arbitrary pullback,D000373,"Independent proof in ega/i738.md; component or qualification, not full equivalence; historical false assertion not admitted as true",
S001497,ega:I.7.3.8:proof,entire generic-fiber criterion,french_admitted,validation/ega-i-7.3.8-printed-replacement-authority-2026-09-08.json,59EE5247301B33877F46FAFF8CCD92382FF4CCDC74C8F825EA1361CF6DBB3487,a04446e57ec1fbc252a871afcec7752fb2807b14,algebra.tex,algebra-lemma-spec-localization,00E3,split,reviewed_existing,covered_derived,Spec S^-1 A consists of all primes contracting to zero in B; singleton forces a field equal to K,D000373,"Independent proof in ega/i738.md; component or qualification, not full equivalence; historical false assertion not admitted as true",
S001498,ega:I.7.3.8:proof,scheme fiber and point-set fiber,french_admitted,validation/ega-i-7.3.8-printed-replacement-authority-2026-09-08.json,59EE5247301B33877F46FAFF8CCD92382FF4CCDC74C8F825EA1361CF6DBB3487,a04446e57ec1fbc252a871afcec7752fb2807b14,schemes.tex,schemes-lemma-fibre-topological,01K1,split,reviewed_existing,covered_derived,Underlying generic fiber is the entire point-set fiber; affine pieces become canonically Spec K under the criterion,D000373,"Independent proof in ega/i738.md; component or qualification, not full equivalence; historical false assertion not admitted as true",
S001499,ega:I.7.3.8,affine-line and birational adverse tests,french_admitted,validation/ega-i-7.3.8-printed-replacement-authority-2026-09-08.json,59EE5247301B33877F46FAFF8CCD92382FF4CCDC74C8F825EA1361CF6DBB3487,a04446e57ec1fbc252a871afcec7752fb2807b14,algebra.tex,algebra-lemma-tensor-localization,00DK,split,reviewed_existing,covered_derived,A1_k to Spec k misses1/t at(t) despite generic-point bijection; birational is sufficient but arbitrary field extensions show not necessary,D000373,"Independent proof in ega/i738.md; component or qualification, not full equivalence; historical false assertion not admitted as true",
S001500,ega:I.7.3.8:proof,finite-component dense-open construction,french_admitted,validation/ega-i-7.3.8-printed-replacement-authority-2026-09-08.json,59EE5247301B33877F46FAFF8CCD92382FF4CCDC74C8F825EA1361CF6DBB3487,a04446e57ec1fbc252a871afcec7752fb2807b14,morphisms.tex,morphisms-lemma-integral-scheme-rational-functions,01RV,split,reviewed_existing,covered_derived,Generic-point mapping pulls dense opens and dense agreement sets back to dense opens; target-generic surjectivity unnecessary,D000374,"Independent proof in ega/i738.md; component or qualification, not full equivalence; historical false assertion not admitted as true",
S001501,ega:I.7.3.8:proof,generic local rings in nonreduced case,french_admitted,validation/ega-i-7.3.8-printed-replacement-authority-2026-09-08.json,59EE5247301B33877F46FAFF8CCD92382FF4CCDC74C8F825EA1361CF6DBB3487,a04446e57ec1fbc252a871afcec7752fb2807b14,modules.tex,modules-lemma-stalk-tensor-product,01CB,split,reviewed_existing,covered_derived,"At component generic points R stalks equal O stalks; tensor multiplication is an isomorphism, not necessarily a field calculation",D000374,"Independent proof in ega/i738.md; component or qualification, not full equivalence; historical false assertion not admitted as true",
S001502,ega:I.7.3.8,nonreduced meromorphic obstruction,french_admitted,validation/ega-i-7.3.8-printed-replacement-authority-2026-09-08.json,59EE5247301B33877F46FAFF8CCD92382FF4CCDC74C8F825EA1361CF6DBB3487,a04446e57ec1fbc252a871afcec7752fb2807b14,divisors.tex,divisors-definition-pullback-meromorphic-sections,02OT,split,reviewed_existing,covered_derived,"For k[t,e]/(e^2,te) over A1 rational pullback is an isomorphism but regular target t becomes a zero divisor",D000374,"Independent proof in ega/i738.md; component or qualification, not full equivalence; historical false assertion not admitted as true",
S001503,ega:I.7.3.8,separate flat and reduced-source alternatives,french_admitted,validation/ega-i-7.3.8-printed-replacement-authority-2026-09-08.json,59EE5247301B33877F46FAFF8CCD92382FF4CCDC74C8F825EA1361CF6DBB3487,a04446e57ec1fbc252a871afcec7752fb2807b14,divisors.tex,divisors-lemma-pullback-meromorphic-sections-defined,02OU,split,reviewed_existing,covered_derived,Map to Spec k is flat so meromorphic pullback exists despite rational kernel; generic mapping suffices in reduced-source case4 not arbitrary nonreduced case,D000374,"Independent proof in ega/i738.md; component or qualification, not full equivalence; historical false assertion not admitted as true",
S001504,ega:I.7.3.8,two-hypothesis rational-meromorphic bridge,french_admitted,validation/ega-i-7.3.8-printed-replacement-authority-2026-09-08.json,59EE5247301B33877F46FAFF8CCD92382FF4CCDC74C8F825EA1361CF6DBB3487,a04446e57ec1fbc252a871afcec7752fb2807b14,divisors.tex,divisors-lemma-meromorphic-weakass-finite,0EMF,split,reviewed_existing,covered_derived,Require every weakly associated point generic and finite components on every quasi-compact open; embedded associated point violates first premise,D000374,"Independent proof in ega/i738.md; component or qualification, not full equivalence; historical false assertion not admitted as true",
S001505,ega:I.7.4.1,algebraic torsion definition,french_admitted,validation/ega-i-7.4.1-7.4.7-printed-authority-2026-09-08.json,0A88EE3EE0093F0EEA0D79EFD599E54E7FD906E06BBCA182BD016125DA31D74A,a04446e57ec1fbc252a871afcec7752fb2807b14,more-algebra.tex,more-algebra-definition-torsion,0536,split,reviewed_existing,covered_derived,Use stalkwise localization for arbitrary module sheaves; retain quasi-coherence only for the kernel assertion.,D000375,Existing component or qualification only; independent full derivation in ega/i74.md#i741; superseded assertions not admitted as true,
S001506,ega:I.7.4.1,kernel and quotient,french_admitted,validation/ega-i-7.4.1-7.4.7-printed-authority-2026-09-08.json,0A88EE3EE0093F0EEA0D79EFD599E54E7FD906E06BBCA182BD016125DA31D74A,a04446e57ec1fbc252a871afcec7752fb2807b14,more-algebra.tex,more-algebra-lemma-torsion,0537,split,reviewed_existing,covered_derived,Use stalkwise localization for arbitrary module sheaves; retain quasi-coherence only for the kernel assertion.,D000375,Existing component or qualification only; independent full derivation in ega/i74.md#i741; superseded assertions not admitted as true,
S001507,ega:I.7.4.1,localized torsion,french_admitted,validation/ega-i-7.4.1-7.4.7-printed-authority-2026-09-08.json,0A88EE3EE0093F0EEA0D79EFD599E54E7FD906E06BBCA182BD016125DA31D74A,a04446e57ec1fbc252a871afcec7752fb2807b14,more-algebra.tex,more-algebra-lemma-localize-torsion,0AUR,split,reviewed_existing,covered_derived,Use stalkwise localization for arbitrary module sheaves; retain quasi-coherence only for the kernel assertion.,D000375,Existing component or qualification only; independent full derivation in ega/i74.md#i741; superseded assertions not admitted as true,
S001508,ega:I.7.4.1,algebraic stalk test,french_admitted,validation/ega-i-7.4.1-7.4.7-printed-authority-2026-09-08.json,0A88EE3EE0093F0EEA0D79EFD599E54E7FD906E06BBCA182BD016125DA31D74A,a04446e57ec1fbc252a871afcec7752fb2807b14,more-algebra.tex,more-algebra-lemma-check-torsion,0AUT,split,reviewed_existing,covered_derived,Use stalkwise localization for arbitrary module sheaves; retain quasi-coherence only for the kernel assertion.,D000375,Existing component or qualification only; independent full derivation in ega/i74.md#i741; superseded assertions not admitted as true,
S001509,ega:I.7.4.1,quasi-coherent category boundary,french_admitted,validation/ega-i-7.4.1-7.4.7-printed-authority-2026-09-08.json,0A88EE3EE0093F0EEA0D79EFD599E54E7FD906E06BBCA182BD016125DA31D74A,a04446e57ec1fbc252a871afcec7752fb2807b14,divisors.tex,divisors-definition-torsion,0AVR,split,reviewed_existing,covered_derived,Use stalkwise localization for arbitrary module sheaves; retain quasi-coherence only for the kernel assertion.,D000375,Existing component or qualification only; independent full derivation in ega/i74.md#i741; superseded assertions not admitted as true,
S001510,ega:I.7.4.1,quasi-coherent kernel and quotient,french_admitted,validation/ega-i-7.4.1-7.4.7-printed-authority-2026-09-08.json,0A88EE3EE0093F0EEA0D79EFD599E54E7FD906E06BBCA182BD016125DA31D74A,a04446e57ec1fbc252a871afcec7752fb2807b14,divisors.tex,divisors-lemma-torsion,0AXT,split,reviewed_existing,covered_derived,Use stalkwise localization for arbitrary module sheaves; retain quasi-coherence only for the kernel assertion.,D000375,Existing component or qualification only; independent full derivation in ega/i74.md#i741; superseded assertions not admitted as true,
S001511,ega:I.7.4.1,quasi-coherent stalk comparison,french_admitted,validation/ega-i-7.4.1-7.4.7-printed-authority-2026-09-08.json,0A88EE3EE0093F0EEA0D79EFD599E54E7FD906E06BBCA182BD016125DA31D74A,a04446e57ec1fbc252a871afcec7752fb2807b14,divisors.tex,divisors-lemma-check-torsion,0AXW,split,reviewed_existing,covered_derived,Use stalkwise localization for arbitrary module sheaves; retain quasi-coherence only for the kernel assertion.,D000375,Existing component or qualification only; independent full derivation in ega/i74.md#i741; superseded assertions not admitted as true,
S001512,ega:I.7.4.1,stalkwise tensor calculation,french_admitted,validation/ega-i-7.4.1-7.4.7-printed-authority-2026-09-08.json,0A88EE3EE0093F0EEA0D79EFD599E54E7FD906E06BBCA182BD016125DA31D74A,a04446e57ec1fbc252a871afcec7752fb2807b14,modules.tex,modules-lemma-stalk-tensor-product,01CB,split,reviewed_existing,covered_derived,Use stalkwise localization for arbitrary module sheaves; retain quasi-coherence only for the kernel assertion.,D000375,Existing component or qualification only; independent full derivation in ega/i74.md#i741; superseded assertions not admitted as true,
S001513,ega:I.7.4.2,generic detection in quasi-coherent category,french_admitted,validation/ega-i-7.4.1-7.4.7-printed-authority-2026-09-08.json,0A88EE3EE0093F0EEA0D79EFD599E54E7FD906E06BBCA182BD016125DA31D74A,a04446e57ec1fbc252a871afcec7752fb2807b14,divisors.tex,divisors-lemma-torsion-sections,0AXR,split,reviewed_existing,covered_derived,The preceding7.3.6 proof identifies rationalization canonically with the generic-fibre sheaf; a basis gives a noncanonical free embedding and arbitrary cardinal rank.,D000376,Existing component or qualification only; independent full derivation in ega/i74.md#i742; superseded assertions not admitted as true,
S001514,ega:I.7.4.2,affine torsion-free sections,french_admitted,validation/ega-i-7.4.1-7.4.7-printed-authority-2026-09-08.json,0A88EE3EE0093F0EEA0D79EFD599E54E7FD906E06BBCA182BD016125DA31D74A,a04446e57ec1fbc252a871afcec7752fb2807b14,divisors.tex,divisors-lemma-check-torsion-on-affines,0AXS,split,reviewed_existing,covered_derived,The preceding7.3.6 proof identifies rationalization canonically with the generic-fibre sheaf; a basis gives a noncanonical free embedding and arbitrary cardinal rank.,D000376,Existing component or qualification only; independent full derivation in ega/i74.md#i742; superseded assertions not admitted as true,
S001515,ega:I.7.4.2,integral rational function field,french_admitted,validation/ega-i-7.4.1-7.4.7-printed-authority-2026-09-08.json,0A88EE3EE0093F0EEA0D79EFD599E54E7FD906E06BBCA182BD016125DA31D74A,a04446e57ec1fbc252a871afcec7752fb2807b14,morphisms.tex,morphisms-lemma-integral-scheme-rational-functions,01RV,split,reviewed_existing,covered_derived,The preceding7.3.6 proof identifies rationalization canonically with the generic-fibre sheaf; a basis gives a noncanonical free embedding and arbitrary cardinal rank.,D000376,Existing component or qualification only; independent full derivation in ega/i74.md#i742; superseded assertions not admitted as true,
S001516,ega:I.7.4.2,generic rank via localization,french_admitted,validation/ega-i-7.4.1-7.4.7-printed-authority-2026-09-08.json,0A88EE3EE0093F0EEA0D79EFD599E54E7FD906E06BBCA182BD016125DA31D74A,a04446e57ec1fbc252a871afcec7752fb2807b14,algebra.tex,algebra-lemma-tensor-localization,00DK,split,reviewed_existing,covered_derived,The preceding7.3.6 proof identifies rationalization canonically with the generic-fibre sheaf; a basis gives a noncanonical free embedding and arbitrary cardinal rank.,D000376,Existing component or qualification only; independent full derivation in ega/i74.md#i742; superseded assertions not admitted as true,
S001517,ega:I.7.4.3,nonzero generic fibre detection,french_admitted,validation/ega-i-7.4.1-7.4.7-printed-authority-2026-09-08.json,0A88EE3EE0093F0EEA0D79EFD599E54E7FD906E06BBCA182BD016125DA31D74A,a04446e57ec1fbc252a871afcec7752fb2807b14,divisors.tex,divisors-lemma-torsion-sections,0AXR,split,reviewed_existing,covered_derived,Retain forward statement and explicitly give the converse for nonzero quasi-coherent submodules; prove kernel skyscraper counterexample to unrestricted quasi-coherence.,D000377,Existing component or qualification only; independent full derivation in ega/i74.md#i743; superseded assertions not admitted as true,
S001518,ega:I.7.4.3,submodules of field are torsion-free,french_admitted,validation/ega-i-7.4.1-7.4.7-printed-authority-2026-09-08.json,0A88EE3EE0093F0EEA0D79EFD599E54E7FD906E06BBCA182BD016125DA31D74A,a04446e57ec1fbc252a871afcec7752fb2807b14,more-algebra.tex,more-algebra-definition-torsion,0536,split,reviewed_existing,covered_derived,Retain forward statement and explicitly give the converse for nonzero quasi-coherent submodules; prove kernel skyscraper counterexample to unrestricted quasi-coherence.,D000377,Existing component or qualification only; independent full derivation in ega/i74.md#i743; superseded assertions not admitted as true,
S001519,ega:I.7.4.3,local-ring skyscraper quotient and kernel stalks,french_admitted,validation/ega-i-7.4.1-7.4.7-printed-authority-2026-09-08.json,0A88EE3EE0093F0EEA0D79EFD599E54E7FD906E06BBCA182BD016125DA31D74A,a04446e57ec1fbc252a871afcec7752fb2807b14,sheaves.tex,sheaves-lemma-characterize-epi-mono,0H7H,split,reviewed_existing,covered_derived,Retain forward statement and explicitly give the converse for nonzero quasi-coherent submodules; prove kernel skyscraper counterexample to unrestricted quasi-coherence.,D000377,Existing component or qualification only; independent full derivation in ega/i74.md#i743; superseded assertions not admitted as true,
S001520,ega:I.7.4.4,disjoint support tensor vanishes,french_admitted,validation/ega-i-7.4.1-7.4.7-printed-authority-2026-09-08.json,0A88EE3EE0093F0EEA0D79EFD599E54E7FD906E06BBCA182BD016125DA31D74A,a04446e57ec1fbc252a871afcec7752fb2807b14,modules.tex,modules-lemma-stalk-tensor-product,01CB,split,reviewed_existing,covered_derived,"Preserve literal source defect and full proof; use two disjoint local-ring skyscrapers including finite type, then prove sufficient qc repair with arbitrary-dimensional vector spaces.",D000378,Existing component or qualification only; independent full derivation in ega/i74.md#i744; superseded assertions not admitted as true,
S001521,ega:I.7.4.4:proof,stalkwise sheaf quotient and zero tensor,french_admitted,validation/ega-i-7.4.1-7.4.7-printed-authority-2026-09-08.json,0A88EE3EE0093F0EEA0D79EFD599E54E7FD906E06BBCA182BD016125DA31D74A,a04446e57ec1fbc252a871afcec7752fb2807b14,sheaves.tex,sheaves-lemma-characterize-epi-mono,0H7H,split,reviewed_existing,covered_derived,"Preserve literal source defect and full proof; use two disjoint local-ring skyscrapers including finite type, then prove sufficient qc repair with arbitrary-dimensional vector spaces.",D000378,Existing component or qualification only; independent full derivation in ega/i74.md#i744; superseded assertions not admitted as true,
S001522,ega:I.7.4.4:proof,generic detection needs qc,french_admitted,validation/ega-i-7.4.1-7.4.7-printed-authority-2026-09-08.json,0A88EE3EE0093F0EEA0D79EFD599E54E7FD906E06BBCA182BD016125DA31D74A,a04446e57ec1fbc252a871afcec7752fb2807b14,divisors.tex,divisors-lemma-torsion-sections,0AXR,split,reviewed_existing,covered_derived,"Preserve literal source defect and full proof; use two disjoint local-ring skyscrapers including finite type, then prove sufficient qc repair with arbitrary-dimensional vector spaces.",D000378,Existing component or qualification only; independent full derivation in ega/i74.md#i744; superseded assertions not admitted as true,
S001523,ega:I.7.4.4:proof,torsion-free local modules,french_admitted,validation/ega-i-7.4.1-7.4.7-printed-authority-2026-09-08.json,0A88EE3EE0093F0EEA0D79EFD599E54E7FD906E06BBCA182BD016125DA31D74A,a04446e57ec1fbc252a871afcec7752fb2807b14,more-algebra.tex,more-algebra-lemma-torsion,0537,split,reviewed_existing,covered_derived,"Preserve literal source defect and full proof; use two disjoint local-ring skyscrapers including finite type, then prove sufficient qc repair with arbitrary-dimensional vector spaces.",D000378,Existing component or qualification only; independent full derivation in ega/i74.md#i744; superseded assertions not admitted as true,
S001524,ega:I.7.4.5,dominance and injective local field maps,french_admitted,validation/ega-i-7.4.1-7.4.7-printed-authority-2026-09-08.json,0A88EE3EE0093F0EEA0D79EFD599E54E7FD906E06BBCA182BD016125DA31D74A,a04446e57ec1fbc252a871afcec7752fb2807b14,morphisms.tex,morphisms-lemma-dominant-between-integral,0CC1,split,reviewed_existing,covered_derived,Keep printed qc proof through constant generic fibres; separately prove arbitrary torsion-free pushforward by nonzero scalar pullback and stalkwise vanishing.,D000379,Existing component or qualification only; independent full derivation in ega/i74.md#i745; superseded assertions not admitted as true,
S001525,ega:I.7.4.5:proof,nonzero scalar stalk argument,french_admitted,validation/ega-i-7.4.1-7.4.7-printed-authority-2026-09-08.json,0A88EE3EE0093F0EEA0D79EFD599E54E7FD906E06BBCA182BD016125DA31D74A,a04446e57ec1fbc252a871afcec7752fb2807b14,more-algebra.tex,more-algebra-definition-torsion,0536,split,reviewed_existing,covered_derived,Keep printed qc proof through constant generic fibres; separately prove arbitrary torsion-free pushforward by nonzero scalar pullback and stalkwise vanishing.,D000379,Existing component or qualification only; independent full derivation in ega/i74.md#i745; superseded assertions not admitted as true,
S001526,ega:I.7.4.5:proof,vanishing checked on all germs,french_admitted,validation/ega-i-7.4.1-7.4.7-printed-authority-2026-09-08.json,0A88EE3EE0093F0EEA0D79EFD599E54E7FD906E06BBCA182BD016125DA31D74A,a04446e57ec1fbc252a871afcec7752fb2807b14,sheaves.tex,sheaves-lemma-characterize-epi-mono,0H7H,split,reviewed_existing,covered_derived,Keep printed qc proof through constant generic fibres; separately prove arbitrary torsion-free pushforward by nonzero scalar pullback and stalkwise vanishing.,D000379,Existing component or qualification only; independent full derivation in ega/i74.md#i745; superseded assertions not admitted as true,
S001527,ega:I.7.4.6,finite generators spread local surjectivity,french_admitted,validation/ega-i-7.4.1-7.4.7-printed-authority-2026-09-08.json,0A88EE3EE0093F0EEA0D79EFD599E54E7FD906E06BBCA182BD016125DA31D74A,a04446e57ec1fbc252a871afcec7752fb2807b14,modules.tex,modules-lemma-finite-type-surjective-on-stalk,01B8,split,reviewed_existing,covered_derived,"Retain printed finite-type closed-support proof; independent localization shows literal proper-support equivalence for arbitrary qc sheaves, while dense torsion support refutes nowhere-dense replacement.",D000380,Existing component or qualification only; independent full derivation in ega/i74.md#i746; superseded assertions not admitted as true,
S001528,ega:I.7.4.6:proof,zero stalk implies local vanishing for finite type,french_admitted,validation/ega-i-7.4.1-7.4.7-printed-authority-2026-09-08.json,0A88EE3EE0093F0EEA0D79EFD599E54E7FD906E06BBCA182BD016125DA31D74A,a04446e57ec1fbc252a871afcec7752fb2807b14,modules.tex,modules-lemma-finite-type-stalk-zero,01B9,split,reviewed_existing,covered_derived,"Retain printed finite-type closed-support proof; independent localization shows literal proper-support equivalence for arbitrary qc sheaves, while dense torsion support refutes nowhere-dense replacement.",D000380,Existing component or qualification only; independent full derivation in ega/i74.md#i746; superseded assertions not admitted as true,
S001529,ega:I.7.4.6:proof,finite-type closed support,french_admitted,validation/ega-i-7.4.1-7.4.7-printed-authority-2026-09-08.json,0A88EE3EE0093F0EEA0D79EFD599E54E7FD906E06BBCA182BD016125DA31D74A,a04446e57ec1fbc252a871afcec7752fb2807b14,modules.tex,modules-lemma-support-finite-type-closed,01BA,split,reviewed_existing,covered_derived,"Retain printed finite-type closed-support proof; independent localization shows literal proper-support equivalence for arbitrary qc sheaves, while dense torsion support refutes nowhere-dense replacement.",D000380,Existing component or qualification only; independent full derivation in ega/i74.md#i746; superseded assertions not admitted as true,
S001530,ega:I.7.4.6:proof,generic torsion detection,french_admitted,validation/ega-i-7.4.1-7.4.7-printed-authority-2026-09-08.json,0A88EE3EE0093F0EEA0D79EFD599E54E7FD906E06BBCA182BD016125DA31D74A,a04446e57ec1fbc252a871afcec7752fb2807b14,divisors.tex,divisors-lemma-torsion-sections,0AXR,split,reviewed_existing,covered_derived,"Retain printed finite-type closed-support proof; independent localization shows literal proper-support equivalence for arbitrary qc sheaves, while dense torsion support refutes nowhere-dense replacement.",D000380,Existing component or qualification only; independent full derivation in ega/i74.md#i746; superseded assertions not admitted as true,
S001531,ega:I.7.4.6:proof,further generic localization,french_admitted,validation/ega-i-7.4.1-7.4.7-printed-authority-2026-09-08.json,0A88EE3EE0093F0EEA0D79EFD599E54E7FD906E06BBCA182BD016125DA31D74A,a04446e57ec1fbc252a871afcec7752fb2807b14,algebra.tex,algebra-lemma-tensor-localization,00DK,split,reviewed_existing,covered_derived,"Retain printed finite-type closed-support proof; independent localization shows literal proper-support equivalence for arbitrary qc sheaves, while dense torsion support refutes nowhere-dense replacement.",D000380,Existing component or qualification only; independent full derivation in ega/i74.md#i746; superseded assertions not admitted as true,
S001532,ega:I.7.4.7,finite generic-local product on each neighborhood,french_admitted,validation/ega-i-7.4.1-7.4.7-printed-authority-2026-09-08.json,0A88EE3EE0093F0EEA0D79EFD599E54E7FD906E06BBCA182BD016125DA31D74A,a04446e57ec1fbc252a871afcec7752fb2807b14,morphisms.tex,morphisms-lemma-integral-scheme-rational-functions,01RV,split,reviewed_existing,covered_derived,"Err_III12 replaces the old assertion: local finite-component neighborhoods and no whole component in support; use finite localization product and dense-open support proof, with separate no-finite-type qualification.",D000381,Existing component or qualification only; independent full derivation in ega/i74.md#i747; superseded assertions not admitted as true,
S001533,ega:I.7.4.7,tensor generic localizations,french_admitted,validation/ega-i-7.4.1-7.4.7-printed-authority-2026-09-08.json,0A88EE3EE0093F0EEA0D79EFD599E54E7FD906E06BBCA182BD016125DA31D74A,a04446e57ec1fbc252a871afcec7752fb2807b14,algebra.tex,algebra-lemma-tensor-localization,00DK,split,reviewed_existing,covered_derived,"Err_III12 replaces the old assertion: local finite-component neighborhoods and no whole component in support; use finite localization product and dense-open support proof, with separate no-finite-type qualification.",D000381,Existing component or qualification only; independent full derivation in ega/i74.md#i747; superseded assertions not admitted as true,
S001534,ega:I.7.4.7,finite-type closed support,french_admitted,validation/ega-i-7.4.1-7.4.7-printed-authority-2026-09-08.json,0A88EE3EE0093F0EEA0D79EFD599E54E7FD906E06BBCA182BD016125DA31D74A,a04446e57ec1fbc252a871afcec7752fb2807b14,modules.tex,modules-lemma-support-finite-type-closed,01BA,split,reviewed_existing,covered_derived,"Err_III12 replaces the old assertion: local finite-component neighborhoods and no whole component in support; use finite localization product and dense-open support proof, with separate no-finite-type qualification.",D000381,Existing component or qualification only; independent full derivation in ega/i74.md#i747; superseded assertions not admitted as true,
