This is pdfTeX, Version 3.141592653-2.6-1.40.29 (MiKTeX 26.5) (preloaded format=pdflatex 2026.8.21)  5 SEP 2026 14:40
entering extended mode
 restricted \write18 enabled.
 file:line:error style messages enabled.
 %&-line parsing enabled.
**./perfect.tex
(perfect.tex
LaTeX2e <2025-11-01>
L3 programming layer <2026-03-20>
(preamble.tex (stacks-project.cls
Document Class: stacks-project 
\linespacing=\dimen150
\normalparindent=\dimen151
\normaltopskip=\skip49
(<USER_ROOT>\AppData\Local\Programs\MiKTeX\tex/latex/amsmath\amsmath.sty
Package: amsmath 2025/07/09 v2.17z AMS math features
\@mathmargin=\skip50

For additional information on amsmath, use the `?' option.
(<USER_ROOT>\AppData\Local\Programs\MiKTeX\tex/latex/amsmath\amstext.sty
Package: amstext 2024/11/17 v2.01 AMS text

(<USER_ROOT>\AppData\Local\Programs\MiKTeX\tex/latex/amsmath\amsgen.sty
File: amsgen.sty 1999/11/30 v2.0 generic functions
\@emptytoks=\toks17
\ex@=\dimen152
))
(<USER_ROOT>\AppData\Local\Programs\MiKTeX\tex/latex/amsmath\amsbsy.sty
Package: amsbsy 1999/11/29 v1.2d Bold Symbols
\pmbraise@=\dimen153
)
(<USER_ROOT>\AppData\Local\Programs\MiKTeX\tex/latex/amsmath\amsopn.sty
Package: amsopn 2022/04/08 v2.04 operator names
)
\inf@bad=\count275
LaTeX Info: Redefining \frac on input line 233.
\uproot@=\count276
\leftroot@=\count277
LaTeX Info: Redefining \overline on input line 398.
LaTeX Info: Redefining \colon on input line 409.
\classnum@=\count278
\DOTSCASE@=\count279
LaTeX Info: Redefining \ldots on input line 495.
LaTeX Info: Redefining \dots on input line 498.
LaTeX Info: Redefining \cdots on input line 619.
\Mathstrutbox@=\box53
\strutbox@=\box54
LaTeX Info: Redefining \big on input line 721.
LaTeX Info: Redefining \Big on input line 722.
LaTeX Info: Redefining \bigg on input line 723.
LaTeX Info: Redefining \Bigg on input line 724.
\big@size=\dimen154
LaTeX Font Info:    Redeclaring font encoding OML on input line 742.
LaTeX Font Info:    Redeclaring font encoding OMS on input line 743.
\macc@depth=\count280
LaTeX Info: Redefining \bmod on input line 904.
LaTeX Info: Redefining \pmod on input line 909.
LaTeX Info: Redefining \smash on input line 939.
LaTeX Info: Redefining \relbar on input line 969.
LaTeX Info: Redefining \Relbar on input line 970.
\c@MaxMatrixCols=\count281
\dotsspace@=\muskip17
\c@parentequation=\count282
\dspbrk@lvl=\count283
\tag@help=\toks18
\row@=\count284
\column@=\count285
\maxfields@=\count286
\andhelp@=\toks19
\eqnshift@=\dimen155
\alignsep@=\dimen156
\tagshift@=\dimen157
\tagwidth@=\dimen158
\totwidth@=\dimen159
\lineht@=\dimen160
\@envbody=\toks20
\multlinegap=\skip51
\multlinetaggap=\skip52
\mathdisplay@stack=\toks21
LaTeX Info: Redefining \[ on input line 2950.
LaTeX Info: Redefining \] on input line 2951.
)
LaTeX Font Info:    Trying to load font information for U+msa on input line 361
.

(<USER_ROOT>\AppData\Local\Programs\MiKTeX\tex/latex/amsfonts\umsa.fd
File: umsa.fd 2013/01/14 v3.01 AMS symbols A
)
(<USER_ROOT>\AppData\Local\Programs\MiKTeX\tex/latex/amsfonts\amsfonts.sty
Package: amsfonts 2013/01/14 v3.01 Basic AMSFonts support
\symAMSa=\mathgroup4
\symAMSb=\mathgroup5
LaTeX Font Info:    Redeclaring math symbol \hbar on input line 98.
LaTeX Font Info:    Overwriting math alphabet `\mathfrak' in version `bold'
(Font)                  U/euf/m/n --> U/euf/b/n on input line 106.
)
\copyins=\insert252
\abstractbox=\box55
\listisep=\skip53
\c@part=\count287
\c@section=\count288
\c@subsection=\count289
\c@subsubsection=\count290
\c@paragraph=\count291
\c@subparagraph=\count292
\c@figure=\count293
\c@table=\count294
\abovecaptionskip=\skip54
\belowcaptionskip=\skip55
\captionindent=\dimen161
\thm@style=\toks22
\thm@bodyfont=\toks23
\thm@headfont=\toks24
\thm@notefont=\toks25
\thm@headpunct=\toks26
\thm@preskip=\skip56
\thm@postskip=\skip57
\thm@headsep=\skip58
\dth@everypar=\toks27
) (<USER_ROOT>\AppData\Local\Programs\MiKTeX\tex/latex/tools\verbatim.sty
Package: verbatim 2024-01-22 v1.5x LaTeX2e package for verbatim enhancements
\every@verbatim=\toks28
\verbatim@line=\toks29
\verbatim@in@stream=\read2
)
(<USER_ROOT>\AppData\Local\Programs\MiKTeX\tex/generic/xypic\xy.sty
(<USER_ROOT>\AppData\Local\Programs\MiKTeX\tex/generic/xypic\xy.tex
Bootstrap'ing: catcodes, docmode,
(<USER_ROOT>\AppData\Local\Programs\MiKTeX\tex/generic/xypic\xyrecat.tex)
(<USER_ROOT>\AppData\Local\Programs\MiKTeX\tex/generic/xypic\xyidioms.tex)

 Xy-pic version 3.8.9 <2013/10/06>
 Copyright (c) 1991-2013 by Kristoffer H. Rose <krisrose@tug.org> and others
 Xy-pic is free software: see the User's Guide for details.

Loading kernel: messages; fonts; allocations: state,
\X@c=\dimen162
\Y@c=\dimen163
\U@c=\dimen164
\D@c=\dimen165
\L@c=\dimen166
\R@c=\dimen167
\Edge@c=\toks30
\X@p=\dimen168
\Y@p=\dimen169
\U@p=\dimen170
\D@p=\dimen171
\L@p=\dimen172
\R@p=\dimen173
\Edge@p=\toks31
\X@origin=\dimen174
\Y@origin=\dimen175
\X@xbase=\dimen176
\Y@xbase=\dimen177
\X@ybase=\dimen178
\Y@ybase=\dimen179
\X@min=\dimen180
\Y@min=\dimen181
\X@max=\dimen182
\Y@max=\dimen183
\lastobjectbox@=\box56
\zerodotbox@=\box57
\almostz@=\dimen184
 direction,
\d@X=\dimen185
\d@Y=\dimen186
\K@=\count295
\KK@=\count296
\Direction=\count297
\K@dXdY=\dimen187
\K@dYdX=\dimen188
\xyread@=\read3
\xywrite@=\write3
\csp@=\count298
\quotPTK@=\dimen189

utility macros; pictures: \xy, positions,
\swaptoks@@=\toks32
\connectobjectbox@@=\box58
 objects,
\styletoks@=\toks33
 decorations;
kernel objects: directionals, circles, text; options; algorithms: directions,
edges, connections;  Xy-pic loaded)
(<USER_ROOT>\AppData\Local\Programs\MiKTeX\tex/generic/iftex\ifpdf.sty
Package: ifpdf 2019/10/25 v3.4 ifpdf legacy package. Use iftex instead.

(<USER_ROOT>\AppData\Local\Programs\MiKTeX\tex/generic/iftex\iftex.sty
Package: iftex 2024/12/12 v1.0g TeX engine tests
))
Package: xy 2013/10/06 Xy-pic version 3.8.9

(<USER_ROOT>\AppData\Local\Programs\MiKTeX\tex/generic/xypic\xyall.tex
 Xy-pic option: All features v.3.8
(<USER_ROOT>\AppData\Local\Programs\MiKTeX\tex/generic/xypic\xycurve.tex
 Xy-pic option: Curve and Spline extension v.3.12 curve,
\crv@cnt@=\count299
\crvpts@=\toks34
\splinebox@=\box59
\splineval@=\dimen190
\splinedepth@=\dimen191
\splinetol@=\dimen192
\splinelength@=\dimen193
 circles,
\L@=\dimen194
 loaded)
(<USER_ROOT>\AppData\Local\Programs\MiKTeX\tex/generic/xypic\xyframe.tex
 Xy-pic option: Frame and Bracket extension v.3.14 loaded)
(<USER_ROOT>\AppData\Local\Programs\MiKTeX\tex/generic/xypic\xycmtip.tex
 Xy-pic option: Computer Modern tip extension v.3.7
(<USER_ROOT>\AppData\Local\Programs\MiKTeX\tex/generic/xypic\xytips.tex
 Xy-pic option: More Tips extension v.3.11 loaded) loaded)
(<USER_ROOT>\AppData\Local\Programs\MiKTeX\tex/generic/xypic\xyline.tex
 Xy-pic option: Line styles extension v.3.10
\xylinethick@=\dimen195
 loaded)
(<USER_ROOT>\AppData\Local\Programs\MiKTeX\tex/generic/xypic\xyrotate.tex
 Xy-pic option: Rotate and Scale extension v.3.8 loaded)
(<USER_ROOT>\AppData\Local\Programs\MiKTeX\tex/generic/xypic\xycolor.tex
 Xy-pic option: Colour extension v.3.11 loaded)
(<USER_ROOT>\AppData\Local\Programs\MiKTeX\tex/generic/xypic\xymatrix.tex
 Xy-pic option: Matrix feature v.3.14
\Row=\count300
\Col=\count301
\queue@=\toks35
\queue@@=\toks36
\qcount@=\count302
\qcount@@=\count303
\matrixsize@=\count304
 loaded)
(<USER_ROOT>\AppData\Local\Programs\MiKTeX\tex/generic/xypic\xyarrow.tex
 Xy-pic option: Arrow and Path feature v.3.9 path, \ar, loaded)
(<USER_ROOT>\AppData\Local\Programs\MiKTeX\tex/generic/xypic\xygraph.tex
 Xy-pic option: Graph feature v.3.11 loaded) loaded)
(<USER_ROOT>\AppData\Local\Programs\MiKTeX\tex/generic/xypic\xypdf.tex
 Xy-pic option: PDF driver v.1.7 Xy-pic pdf driver: `color' extension support
(<USER_ROOT>\AppData\Local\Programs\MiKTeX\tex/generic/xypic\xypdf-co.tex
loaded) Xy-pic pdf driver: `curve' extension support
(<USER_ROOT>\AppData\Local\Programs\MiKTeX\tex/generic/xypic\xypdf-cu.tex
loaded) Xy-pic pdf driver: `frame' extension support
(<USER_ROOT>\AppData\Local\Programs\MiKTeX\tex/generic/xypic\xypdf-fr.tex
loaded) Xy-pic pdf driver: `line' extension support
(<USER_ROOT>\AppData\Local\Programs\MiKTeX\tex/generic/xypic\xypdf-li.tex
loaded) Xy-pic pdf driver: `rotate' extension support
(<USER_ROOT>\AppData\Local\Programs\MiKTeX\tex/generic/xypic\xypdf-ro.tex
loaded) loaded))
(<USER_ROOT>\AppData\Local\Programs\MiKTeX\tex/generic/xypic\xy2cell.tex
 Xy-pic option: Two-cell feature v.3.7 two-cells, loaded)
(<USER_ROOT>\AppData\Local\Programs\MiKTeX\tex/latex/tools\multicol.sty
Package: multicol 2025/10/21 v2.0b multicolumn formatting (FMi)
\c@tracingmulticols=\count305
\mult@box=\box60
\multicol@leftmargin=\dimen196
\c@unbalance=\count306
\c@collectmore=\count307
\doublecol@number=\count308
\multicoltolerance=\count309
\multicolpretolerance=\count310
\full@width=\dimen197
\page@free=\dimen198
\premulticols=\dimen199
\postmulticols=\dimen256
\multicolsep=\skip59
\multicolbaselineskip=\skip60
\partial@page=\box61
\last@line=\box62
\mc@boxedresult=\box63
\maxbalancingoverflow=\dimen257
\mult@rightbox=\box64
\mult@grightbox=\box65
\mult@firstbox=\box66
\mult@gfirstbox=\box67
\@tempa=\box68
\@tempa=\box69
\@tempa=\box70
\@tempa=\box71
\@tempa=\box72
\@tempa=\box73
\@tempa=\box74
\@tempa=\box75
\@tempa=\box76
\@tempa=\box77
\@tempa=\box78
\@tempa=\box79
\@tempa=\box80
\@tempa=\box81
\@tempa=\box82
\@tempa=\box83
\@tempa=\box84
\@tempa=\box85
\@tempa=\box86
\@tempa=\box87
\@tempa=\box88
\@tempa=\box89
\@tempa=\box90
\@tempa=\box91
\@tempa=\box92
\@tempa=\box93
\@tempa=\box94
\@tempa=\box95
\@tempa=\box96
\@tempa=\box97
\@tempa=\box98
\@tempa=\box99
\@tempa=\box100
\@tempa=\box101
\@tempa=\box102
\@tempa=\box103
\c@minrows=\count311
\c@columnbadness=\count312
\c@finalcolumnbadness=\count313
\last@try=\dimen258
\multicolovershoot=\dimen259
\multicolundershoot=\dimen260
\mult@nat@firstbox=\box104
\colbreak@box=\box105
\mc@col@check@num=\count314
\g__mc_curr_col_int=\count315
)
(<USER_ROOT>\AppData\Local\Programs\MiKTeX\tex/latex/lm\lmodern.sty
Package: lmodern 2015/05/01 v1.6.1 Latin Modern Fonts
LaTeX Font Info:    Overwriting symbol font `operators' in version `normal'
(Font)                  OT1/cmr/m/n --> OT1/lmr/m/n on input line 22.
LaTeX Font Info:    Overwriting symbol font `letters' in version `normal'
(Font)                  OML/cmm/m/it --> OML/lmm/m/it on input line 23.
LaTeX Font Info:    Overwriting symbol font `symbols' in version `normal'
(Font)                  OMS/cmsy/m/n --> OMS/lmsy/m/n on input line 24.
LaTeX Font Info:    Overwriting symbol font `largesymbols' in version `normal'
(Font)                  OMX/cmex/m/n --> OMX/lmex/m/n on input line 25.
LaTeX Font Info:    Overwriting symbol font `operators' in version `bold'
(Font)                  OT1/cmr/bx/n --> OT1/lmr/bx/n on input line 26.
LaTeX Font Info:    Overwriting symbol font `letters' in version `bold'
(Font)                  OML/cmm/b/it --> OML/lmm/b/it on input line 27.
LaTeX Font Info:    Overwriting symbol font `symbols' in version `bold'
(Font)                  OMS/cmsy/b/n --> OMS/lmsy/b/n on input line 28.
LaTeX Font Info:    Overwriting symbol font `largesymbols' in version `bold'
(Font)                  OMX/cmex/m/n --> OMX/lmex/m/n on input line 29.
LaTeX Font Info:    Overwriting math alphabet `\mathbf' in version `normal'
(Font)                  OT1/cmr/bx/n --> OT1/lmr/bx/n on input line 31.
LaTeX Font Info:    Overwriting math alphabet `\mathsf' in version `normal'
(Font)                  OT1/cmss/m/n --> OT1/lmss/m/n on input line 32.
LaTeX Font Info:    Overwriting math alphabet `\mathit' in version `normal'
(Font)                  OT1/cmr/m/it --> OT1/lmr/m/it on input line 33.
LaTeX Font Info:    Overwriting math alphabet `\mathtt' in version `normal'
(Font)                  OT1/cmtt/m/n --> OT1/lmtt/m/n on input line 34.
LaTeX Font Info:    Overwriting math alphabet `\mathbf' in version `bold'
(Font)                  OT1/cmr/bx/n --> OT1/lmr/bx/n on input line 35.
LaTeX Font Info:    Overwriting math alphabet `\mathsf' in version `bold'
(Font)                  OT1/cmss/bx/n --> OT1/lmss/bx/n on input line 36.
LaTeX Font Info:    Overwriting math alphabet `\mathit' in version `bold'
(Font)                  OT1/cmr/bx/it --> OT1/lmr/bx/it on input line 37.
LaTeX Font Info:    Overwriting math alphabet `\mathtt' in version `bold'
(Font)                  OT1/cmtt/m/n --> OT1/lmtt/m/n on input line 38.
)
(<USER_ROOT>\AppData\Local\Programs\MiKTeX\tex/latex/base\fontenc.sty
Package: fontenc 2025/07/18 v2.1d Standard LaTeX package
LaTeX Font Info:    Trying to load font information for T1+lmr on input line 11
6.

(<USER_ROOT>\AppData\Local\Programs\MiKTeX\tex/latex/lm\t1lmr.fd
File: t1lmr.fd 2015/05/01 v1.6.1 Font defs for Latin Modern
))
(<USER_ROOT>\AppData\Local\Programs\MiKTeX\tex/latex/hyperref\xr-hyper.sty
Package: xr-hyper 2026-04-24 v7.01q eXternal References (DPC)
) (<USER_ROOT>\AppData\Local\Programs\MiKTeX\tex/latex/hyperref\hyperref.st
y
Package: hyperref 2026-04-24 v7.01q Hypertext links for LaTeX
(<USER_ROOT>\AppData\Local\Programs\MiKTeX\tex/latex/graphics\keyval.sty
Package: keyval 2022/05/29 v1.15 key=value parser (DPC)
\KV@toks@=\toks37
)
(<USER_ROOT>\AppData\Local\Programs\MiKTeX\tex/latex/kvsetkeys\kvsetkeys.st
y
Package: kvsetkeys 2022-10-05 v1.19 Key value parser (HO)
)
(<USER_ROOT>\AppData\Local\Programs\MiKTeX\tex/generic/kvdefinekeys\kvdefin
ekeys.sty
Package: kvdefinekeys 2019-12-19 v1.6 Define keys (HO)
)
(<USER_ROOT>\AppData\Local\Programs\MiKTeX\tex/generic/pdfescape\pdfescape.
sty
Package: pdfescape 2019/12/09 v1.15 Implements pdfTeX's escape features (HO)

(<USER_ROOT>\AppData\Local\Programs\MiKTeX\tex/generic/ltxcmds\ltxcmds.sty
Package: ltxcmds 2023-12-04 v1.26 LaTeX kernel commands for general use (HO)
)
(<USER_ROOT>\AppData\Local\Programs\MiKTeX\tex/generic/pdftexcmds\pdftexcmd
s.sty
Package: pdftexcmds 2020-06-27 v0.33 Utility functions of pdfTeX for LuaTeX (HO
)

(<USER_ROOT>\AppData\Local\Programs\MiKTeX\tex/generic/infwarerr\infwarerr.
sty
Package: infwarerr 2019/12/03 v1.5 Providing info/warning/error messages (HO)
)
Package pdftexcmds Info: \pdf@primitive is available.
Package pdftexcmds Info: \pdf@ifprimitive is available.
Package pdftexcmds Info: \pdfdraftmode found.
))
(<USER_ROOT>\AppData\Local\Programs\MiKTeX\tex/latex/hycolor\hycolor.sty
Package: hycolor 2020-01-27 v1.10 Color options for hyperref/bookmark (HO)
)
(<USER_ROOT>\AppData\Local\Programs\MiKTeX\tex/latex/hyperref\nameref.sty
Package: nameref 2026-01-29 v2.58 Cross-referencing by name of section

(<USER_ROOT>\AppData\Local\Programs\MiKTeX\tex/latex/refcount\refcount.sty
Package: refcount 2019/12/15 v3.6 Data extraction from label references (HO)
)
(<USER_ROOT>\AppData\Local\Programs\MiKTeX\tex/generic/gettitlestring\getti
tlestring.sty
Package: gettitlestring 2019/12/15 v1.6 Cleanup title references (HO)

(<USER_ROOT>\AppData\Local\Programs\MiKTeX\tex/latex/kvoptions\kvoptions.st
y
Package: kvoptions 2022-06-15 v3.15 Key value format for package options (HO)
))
\c@section@level=\count316
)
(<USER_ROOT>\AppData\Local\Programs\MiKTeX\tex/latex/etoolbox\etoolbox.sty
Package: etoolbox 2025/10/02 v2.5m e-TeX tools for LaTeX (JAW)
\etb@tempcnta=\count317
)
(<USER_ROOT>\AppData\Local\Programs\MiKTeX\tex/generic/stringenc\stringenc.
sty
Package: stringenc 2019/11/29 v1.12 Convert strings between diff. encodings (HO
)
)
\@linkdim=\dimen261
\Hy@linkcounter=\count318
\Hy@pagecounter=\count319

(<USER_ROOT>\AppData\Local\Programs\MiKTeX\tex/latex/hyperref\pd1enc.def
File: pd1enc.def 2026-04-24 v7.01q Hyperref: PDFDocEncoding definition (HO)
Now handling font encoding PD1 ...
... no UTF-8 mapping file for font encoding PD1
)
(<USER_ROOT>\AppData\Local\Programs\MiKTeX\tex/generic/intcalc\intcalc.sty
Package: intcalc 2019/12/15 v1.3 Expandable calculations with integers (HO)
)
\Hy@SavedSpaceFactor=\count320
(<USER_ROOT>\AppData\Local\Programs\MiKTeX\tex/latex/hyperref\puenc.def
File: puenc.def 2026-04-24 v7.01q Hyperref: PDF Unicode definition (HO)
Now handling font encoding PU ...
... no UTF-8 mapping file for font encoding PU
)
(hyperref.cfg
File: hyperref.cfg 
)
Package hyperref Info: Hyper figures OFF on input line 4199.
Package hyperref Info: Link nesting OFF on input line 4204.
Package hyperref Info: Hyper index ON on input line 4207.
Package hyperref Info: Plain pages OFF on input line 4214.
Package hyperref Info: Backreferencing OFF on input line 4219.
Package hyperref Info: Implicit mode ON; LaTeX internals redefined.
Package hyperref Info: Bookmarks ON on input line 4466.
\c@Hy@tempcnt=\count321

(<USER_ROOT>\AppData\Local\Programs\MiKTeX\tex/latex/url\url.sty
\Urlmuskip=\muskip18
Package: url 2013/09/16  ver 3.4  Verb mode for urls, etc.
)
LaTeX Info: Redefining \url on input line 4805.
\XeTeXLinkMargin=\dimen262

(<USER_ROOT>\AppData\Local\Programs\MiKTeX\tex/generic/bitset\bitset.sty
Package: bitset 2019/12/09 v1.3 Handle bit-vector datatype (HO)

(<USER_ROOT>\AppData\Local\Programs\MiKTeX\tex/generic/bigintcalc\bigintcal
c.sty
Package: bigintcalc 2019/12/15 v1.5 Expandable calculations on big integers (HO
)
))
\Fld@menulength=\count322
\Field@Width=\dimen263
\Fld@charsize=\dimen264
Package hyperref Info: Hyper figures OFF on input line 6091.
Package hyperref Info: Link nesting OFF on input line 6096.
Package hyperref Info: Hyper index ON on input line 6099.
Package hyperref Info: backreferencing OFF on input line 6106.
Package hyperref Info: Link coloring OFF on input line 6111.
Package hyperref Info: Link coloring with OCG OFF on input line 6116.
Package hyperref Info: PDF/A mode OFF on input line 6121.
\Hy@abspage=\count323
\c@Item=\count324
\c@Hfootnote=\count325
)
Package hyperref Info: Driver (autodetected): hpdftex.

(<USER_ROOT>\AppData\Local\Programs\MiKTeX\tex/latex/hyperref\hpdftex.def
File: hpdftex.def 2026-04-24 v7.01q Hyperref driver for pdfTeX
\Fld@listcount=\count326
\c@bookmark@seq@number=\count327

(<USER_ROOT>\AppData\Local\Programs\MiKTeX\tex/latex/rerunfilecheck\rerunfi
lecheck.sty
Package: rerunfilecheck 2025-06-21 v1.11 Rerun checks for auxiliary files (HO)

(<USER_ROOT>\AppData\Local\Programs\MiKTeX\tex/generic/uniquecounter\unique
counter.sty
Package: uniquecounter 2019/12/15 v1.4 Provide unlimited unique counter (HO)
)
Package uniquecounter Info: New unique counter `rerunfilecheck' on input line 2
84.
)
\Hy@SectionHShift=\skip61
)

Package xr Warning: 
No file introduction.aux
LABELS NOT IMPORTED.
 on input line 37.


Package xr Warning: 
No file conventions.aux
LABELS NOT IMPORTED.
 on input line 38.


Package xr Warning: 
No file sets.aux
LABELS NOT IMPORTED.
 on input line 39.


Package xr Warning: 
No file categories.aux
LABELS NOT IMPORTED.
 on input line 40.


Package xr Warning: 
No file topology.aux
LABELS NOT IMPORTED.
 on input line 41.


Package xr Warning: 
No file sheaves.aux
LABELS NOT IMPORTED.
 on input line 42.


Package xr Warning: 
No file sites.aux
LABELS NOT IMPORTED.
 on input line 43.


Package xr Warning: 
No file stacks.aux
LABELS NOT IMPORTED.
 on input line 44.


Package xr Warning: 
No file fields.aux
LABELS NOT IMPORTED.
 on input line 45.


Package xr Warning: 
No file algebra.aux
LABELS NOT IMPORTED.
 on input line 46.


Package xr Warning: 
No file brauer.aux
LABELS NOT IMPORTED.
 on input line 47.


Package xr Warning: 
No file homology.aux
LABELS NOT IMPORTED.
 on input line 48.


Package xr Warning: 
No file derived.aux
LABELS NOT IMPORTED.
 on input line 49.


Package xr Warning: 
No file simplicial.aux
LABELS NOT IMPORTED.
 on input line 50.


Package xr Warning: 
No file more-algebra.aux
LABELS NOT IMPORTED.
 on input line 51.


Package xr Warning: 
No file smoothing.aux
LABELS NOT IMPORTED.
 on input line 52.


Package xr Warning: 
No file modules.aux
LABELS NOT IMPORTED.
 on input line 53.


Package xr Warning: 
No file sites-modules.aux
LABELS NOT IMPORTED.
 on input line 54.


Package xr Warning: 
No file injectives.aux
LABELS NOT IMPORTED.
 on input line 55.


Package xr Warning: 
No file cohomology.aux
LABELS NOT IMPORTED.
 on input line 56.


Package xr Warning: 
No file sites-cohomology.aux
LABELS NOT IMPORTED.
 on input line 57.


Package xr Warning: 
No file dga.aux
LABELS NOT IMPORTED.
 on input line 58.


Package xr Warning: 
No file dpa.aux
LABELS NOT IMPORTED.
 on input line 59.


Package xr Warning: 
No file sdga.aux
LABELS NOT IMPORTED.
 on input line 60.


Package xr Warning: 
No file hypercovering.aux
LABELS NOT IMPORTED.
 on input line 61.


Package xr Warning: 
No file schemes.aux
LABELS NOT IMPORTED.
 on input line 62.


Package xr Warning: 
No file constructions.aux
LABELS NOT IMPORTED.
 on input line 63.


Package xr Warning: 
No file properties.aux
LABELS NOT IMPORTED.
 on input line 64.


Package xr Warning: 
No file morphisms.aux
LABELS NOT IMPORTED.
 on input line 65.


Package xr Warning: 
No file coherent.aux
LABELS NOT IMPORTED.
 on input line 66.


Package xr Warning: 
No file divisors.aux
LABELS NOT IMPORTED.
 on input line 67.


Package xr Warning: 
No file limits.aux
LABELS NOT IMPORTED.
 on input line 68.


Package xr Warning: 
No file varieties.aux
LABELS NOT IMPORTED.
 on input line 69.


Package xr Warning: 
No file topologies.aux
LABELS NOT IMPORTED.
 on input line 70.


Package xr Warning: 
No file descent.aux
LABELS NOT IMPORTED.
 on input line 71.

Package xr Info: IMPORTING LABELS FROM perfect.aux on input line 72.

Package xr Warning: 
No file more-morphisms.aux
LABELS NOT IMPORTED.
 on input line 73.


Package xr Warning: 
No file flat.aux
LABELS NOT IMPORTED.
 on input line 74.


Package xr Warning: 
No file groupoids.aux
LABELS NOT IMPORTED.
 on input line 75.


Package xr Warning: 
No file more-groupoids.aux
LABELS NOT IMPORTED.
 on input line 76.


Package xr Warning: 
No file etale.aux
LABELS NOT IMPORTED.
 on input line 77.


Package xr Warning: 
No file chow.aux
LABELS NOT IMPORTED.
 on input line 78.


Package xr Warning: 
No file intersection.aux
LABELS NOT IMPORTED.
 on input line 79.


Package xr Warning: 
No file pic.aux
LABELS NOT IMPORTED.
 on input line 80.


Package xr Warning: 
No file weil.aux
LABELS NOT IMPORTED.
 on input line 81.


Package xr Warning: 
No file adequate.aux
LABELS NOT IMPORTED.
 on input line 82.


Package xr Warning: 
No file dualizing.aux
LABELS NOT IMPORTED.
 on input line 83.


Package xr Warning: 
No file duality.aux
LABELS NOT IMPORTED.
 on input line 84.


Package xr Warning: 
No file discriminant.aux
LABELS NOT IMPORTED.
 on input line 85.


Package xr Warning: 
No file derham.aux
LABELS NOT IMPORTED.
 on input line 86.


Package xr Warning: 
No file local-cohomology.aux
LABELS NOT IMPORTED.
 on input line 87.


Package xr Warning: 
No file algebraization.aux
LABELS NOT IMPORTED.
 on input line 88.


Package xr Warning: 
No file curves.aux
LABELS NOT IMPORTED.
 on input line 89.


Package xr Warning: 
No file resolve.aux
LABELS NOT IMPORTED.
 on input line 90.


Package xr Warning: 
No file models.aux
LABELS NOT IMPORTED.
 on input line 91.


Package xr Warning: 
No file functors.aux
LABELS NOT IMPORTED.
 on input line 92.


Package xr Warning: 
No file equiv.aux
LABELS NOT IMPORTED.
 on input line 93.


Package xr Warning: 
No file pione.aux
LABELS NOT IMPORTED.
 on input line 94.


Package xr Warning: 
No file etale-cohomology.aux
LABELS NOT IMPORTED.
 on input line 95.


Package xr Warning: 
No file proetale.aux
LABELS NOT IMPORTED.
 on input line 96.


Package xr Warning: 
No file relative-cycles.aux
LABELS NOT IMPORTED.
 on input line 97.


Package xr Warning: 
No file more-etale.aux
LABELS NOT IMPORTED.
 on input line 98.


Package xr Warning: 
No file trace.aux
LABELS NOT IMPORTED.
 on input line 99.


Package xr Warning: 
No file crystalline.aux
LABELS NOT IMPORTED.
 on input line 100.


Package xr Warning: 
No file spaces.aux
LABELS NOT IMPORTED.
 on input line 101.


Package xr Warning: 
No file spaces-properties.aux
LABELS NOT IMPORTED.
 on input line 102.


Package xr Warning: 
No file spaces-morphisms.aux
LABELS NOT IMPORTED.
 on input line 103.


Package xr Warning: 
No file decent-spaces.aux
LABELS NOT IMPORTED.
 on input line 104.


Package xr Warning: 
No file spaces-cohomology.aux
LABELS NOT IMPORTED.
 on input line 105.


Package xr Warning: 
No file spaces-limits.aux
LABELS NOT IMPORTED.
 on input line 106.


Package xr Warning: 
No file spaces-divisors.aux
LABELS NOT IMPORTED.
 on input line 107.


Package xr Warning: 
No file spaces-over-fields.aux
LABELS NOT IMPORTED.
 on input line 108.


Package xr Warning: 
No file spaces-topologies.aux
LABELS NOT IMPORTED.
 on input line 109.


Package xr Warning: 
No file spaces-descent.aux
LABELS NOT IMPORTED.
 on input line 110.


Package xr Warning: 
No file spaces-perfect.aux
LABELS NOT IMPORTED.
 on input line 111.


Package xr Warning: 
No file spaces-more-morphisms.aux
LABELS NOT IMPORTED.
 on input line 112.


Package xr Warning: 
No file spaces-flat.aux
LABELS NOT IMPORTED.
 on input line 113.


Package xr Warning: 
No file spaces-groupoids.aux
LABELS NOT IMPORTED.
 on input line 114.


Package xr Warning: 
No file spaces-more-groupoids.aux
LABELS NOT IMPORTED.
 on input line 115.


Package xr Warning: 
No file bootstrap.aux
LABELS NOT IMPORTED.
 on input line 116.


Package xr Warning: 
No file spaces-pushouts.aux
LABELS NOT IMPORTED.
 on input line 117.


Package xr Warning: 
No file spaces-chow.aux
LABELS NOT IMPORTED.
 on input line 118.


Package xr Warning: 
No file groupoids-quotients.aux
LABELS NOT IMPORTED.
 on input line 119.


Package xr Warning: 
No file spaces-more-cohomology.aux
LABELS NOT IMPORTED.
 on input line 120.


Package xr Warning: 
No file spaces-simplicial.aux
LABELS NOT IMPORTED.
 on input line 121.


Package xr Warning: 
No file spaces-duality.aux
LABELS NOT IMPORTED.
 on input line 122.


Package xr Warning: 
No file formal-spaces.aux
LABELS NOT IMPORTED.
 on input line 123.


Package xr Warning: 
No file restricted.aux
LABELS NOT IMPORTED.
 on input line 124.


Package xr Warning: 
No file spaces-resolve.aux
LABELS NOT IMPORTED.
 on input line 125.


Package xr Warning: 
No file formal-defos.aux
LABELS NOT IMPORTED.
 on input line 126.


Package xr Warning: 
No file defos.aux
LABELS NOT IMPORTED.
 on input line 127.


Package xr Warning: 
No file cotangent.aux
LABELS NOT IMPORTED.
 on input line 128.


Package xr Warning: 
No file examples-defos.aux
LABELS NOT IMPORTED.
 on input line 129.


Package xr Warning: 
No file algebraic.aux
LABELS NOT IMPORTED.
 on input line 130.


Package xr Warning: 
No file examples-stacks.aux
LABELS NOT IMPORTED.
 on input line 131.


Package xr Warning: 
No file stacks-sheaves.aux
LABELS NOT IMPORTED.
 on input line 132.


Package xr Warning: 
No file criteria.aux
LABELS NOT IMPORTED.
 on input line 133.


Package xr Warning: 
No file artin.aux
LABELS NOT IMPORTED.
 on input line 134.


Package xr Warning: 
No file quot.aux
LABELS NOT IMPORTED.
 on input line 135.


Package xr Warning: 
No file stacks-properties.aux
LABELS NOT IMPORTED.
 on input line 136.


Package xr Warning: 
No file stacks-morphisms.aux
LABELS NOT IMPORTED.
 on input line 137.


Package xr Warning: 
No file stacks-limits.aux
LABELS NOT IMPORTED.
 on input line 138.


Package xr Warning: 
No file stacks-cohomology.aux
LABELS NOT IMPORTED.
 on input line 139.


Package xr Warning: 
No file stacks-perfect.aux
LABELS NOT IMPORTED.
 on input line 140.


Package xr Warning: 
No file stacks-introduction.aux
LABELS NOT IMPORTED.
 on input line 141.


Package xr Warning: 
No file stacks-more-morphisms.aux
LABELS NOT IMPORTED.
 on input line 142.


Package xr Warning: 
No file stacks-geometry.aux
LABELS NOT IMPORTED.
 on input line 143.


Package xr Warning: 
No file moduli.aux
LABELS NOT IMPORTED.
 on input line 144.


Package xr Warning: 
No file moduli-curves.aux
LABELS NOT IMPORTED.
 on input line 145.


Package xr Warning: 
No file examples.aux
LABELS NOT IMPORTED.
 on input line 146.


Package xr Warning: 
No file exercises.aux
LABELS NOT IMPORTED.
 on input line 147.


Package xr Warning: 
No file guide.aux
LABELS NOT IMPORTED.
 on input line 148.


Package xr Warning: 
No file desirables.aux
LABELS NOT IMPORTED.
 on input line 149.


Package xr Warning: 
No file coding.aux
LABELS NOT IMPORTED.
 on input line 150.


Package xr Warning: 
No file obsolete.aux
LABELS NOT IMPORTED.
 on input line 151.


Package xr Warning: 
No file fdl.aux
LABELS NOT IMPORTED.
 on input line 152.


Package xr Warning: 
No file index.aux
LABELS NOT IMPORTED.
 on input line 153.

)
(<USER_ROOT>\AppData\Local\Programs\MiKTeX\tex/latex/l3backend\l3backend-pd
ftex.def
File: l3backend-pdftex.def 2026-02-18 L3 backend support: PDF output (pdfTeX)
\l__color_backend_stack_int=\count328
) (perfect.aux)
\openout1 = `perfect.aux'.

LaTeX Font Info:    Checking defaults for OML/cmm/m/it on input line 5.
LaTeX Font Info:    ... okay on input line 5.
LaTeX Font Info:    Checking defaults for OMS/cmsy/m/n on input line 5.
LaTeX Font Info:    ... okay on input line 5.
LaTeX Font Info:    Checking defaults for OT1/cmr/m/n on input line 5.
LaTeX Font Info:    ... okay on input line 5.
LaTeX Font Info:    Checking defaults for T1/cmr/m/n on input line 5.
LaTeX Font Info:    ... okay on input line 5.
LaTeX Font Info:    Checking defaults for TS1/cmr/m/n on input line 5.
LaTeX Font Info:    ... okay on input line 5.
LaTeX Font Info:    Checking defaults for OMX/cmex/m/n on input line 5.
LaTeX Font Info:    ... okay on input line 5.
LaTeX Font Info:    Checking defaults for U/cmr/m/n on input line 5.
LaTeX Font Info:    ... okay on input line 5.
LaTeX Font Info:    Checking defaults for PD1/pdf/m/n on input line 5.
LaTeX Font Info:    ... okay on input line 5.
LaTeX Font Info:    Checking defaults for PU/pdf/m/n on input line 5.
LaTeX Font Info:    ... okay on input line 5.
LaTeX Font Info:    Trying to load font information for OT1+lmr on input line 5
.

(<USER_ROOT>\AppData\Local\Programs\MiKTeX\tex/latex/lm\ot1lmr.fd
File: ot1lmr.fd 2015/05/01 v1.6.1 Font defs for Latin Modern
)
LaTeX Font Info:    Trying to load font information for OML+lmm on input line 5
.

(<USER_ROOT>\AppData\Local\Programs\MiKTeX\tex/latex/lm\omllmm.fd
File: omllmm.fd 2015/05/01 v1.6.1 Font defs for Latin Modern
)
LaTeX Font Info:    Trying to load font information for OMS+lmsy on input line 
5.

(<USER_ROOT>\AppData\Local\Programs\MiKTeX\tex/latex/lm\omslmsy.fd
File: omslmsy.fd 2015/05/01 v1.6.1 Font defs for Latin Modern
)
LaTeX Font Info:    Trying to load font information for OMX+lmex on input line 
5.

(<USER_ROOT>\AppData\Local\Programs\MiKTeX\tex/latex/lm\omxlmex.fd
File: omxlmex.fd 2015/05/01 v1.6.1 Font defs for Latin Modern
)
LaTeX Font Info:    External font `lmex10' loaded for size
(Font)              <8> on input line 5.
LaTeX Font Info:    External font `lmex10' loaded for size
(Font)              <6> on input line 5.
LaTeX Font Info:    External font `lmex10' loaded for size
(Font)              <5> on input line 5.
LaTeX Font Info:    Trying to load font information for U+msa on input line 5.

(<USER_ROOT>\AppData\Local\Programs\MiKTeX\tex/latex/amsfonts\umsa.fd
File: umsa.fd 2013/01/14 v3.01 AMS symbols A
)
LaTeX Font Info:    Trying to load font information for U+msb on input line 5.

(<USER_ROOT>\AppData\Local\Programs\MiKTeX\tex/latex/amsfonts\umsb.fd
File: umsb.fd 2013/01/14 v3.01 AMS symbols B
)
LaTeX Font Info:    External font `lmex10' loaded for size
(Font)              <10> on input line 5.
LaTeX Font Info:    External font `lmex10' loaded for size
(Font)              <7> on input line 5.
Package xypdf Info: Line width: 0.39998pt on input line 5.
Package hyperref Info: Link coloring OFF on input line 5.

(perfect.out) (perfect.out)
\@outlinefile=\write4
\openout4 = `perfect.out'.

 (perfect.toc [1{<USER_ROOT>/AppData/Local/MiKTeX/fonts/map/pdftex/pdftex.m
ap}{<USER_ROOT>/AppData/Local/Programs/MiKTeX/fonts/enc/dvips/lm/lm-ec.enc}
])
\tf@toc=\write5
\openout5 = `perfect.toc'.



LaTeX Warning: Reference `schemes-section-quasi-coherent' on page 2 undefined o
n input line 60.


LaTeX Warning: Reference `derived-section-triangulated-sub' on page 2 undefined
 on input line 69.


LaTeX Warning: Reference `derived-equation-compare' on page 2 undefined on inpu
t line 77.


LaTeX Warning: Reference `injectives-lemma-derived-products' on page 2 undefine
d on input line 86.


LaTeX Warning: Reference `schemes-section-quasi-coherent' on page 2 undefined o
n input line 93.

[2{<USER_ROOT>/AppData/Local/Programs/MiKTeX/fonts/enc/dvips/lm/lm-mathsy.e
nc}{<USER_ROOT>/AppData/Local/Programs/MiKTeX/fonts/enc/dvips/lm/lm-mathit.
enc}{<USER_ROOT>/AppData/Local/Programs/MiKTeX/fonts/enc/dvips/lm/lm-rm.enc
}]

LaTeX Warning: Reference `coherent-lemma-quasi-coherent-affine-cohomology-zero'
 on page 3 undefined on input line 120.


LaTeX Warning: Reference `schemes-lemma-equivalence-quasi-coherent' on page 3 u
ndefined on input line 123.


LaTeX Warning: Reference `cohomology-lemma-derived-limit-suitable-system' on pa
ge 3 undefined on input line 125.


LaTeX Warning: Reference `cohomology-lemma-inverse-limit-is-derived-limit' on p
age 3 undefined on input line 128.


LaTeX Warning: Reference `derived-remark-map-into-derived-limit-truncations' on
 page 3 undefined on input line 140.


LaTeX Warning: Reference `derived-lemma-difficulty-K-injectives' on page 3 unde
fined on input line 143.


LaTeX Warning: Reference `coherent-lemma-quasi-coherent-affine-cohomology-zero'
 on page 3 undefined on input line 152.


LaTeX Warning: Reference `cohomology-lemma-is-limit-dimension' on page 3 undefi
ned on input line 154.


LaTeX Warning: Reference `derived-lemma-negative-vanishing' on page 3 undefined
 on input line 180.


LaTeX Warning: Reference `injectives-lemma-RF-commutes-with-Rlim' on page 3 und
efined on input line 186.


LaTeX Warning: Reference `more-algebra-remark-compare-derived-limit' on page 3 
undefined on input line 192.


LaTeX Warning: Reference `derived-remark-truncation-distinguished-triangle' on 
page 3 undefined on input line 203.


LaTeX Warning: Reference `more-algebra-section-Rlim' on page 3 undefined on inp
ut line 219.

[3] <xymatrix 3x2 145>

LaTeX Warning: Reference `modules-lemma-construct-quasi-coherent-sheaves' on pa
ge 4 undefined on input line 271.


LaTeX Warning: Reference `schemes-lemma-compare-constructions' on page 4 undefi
ned on input line 272.


LaTeX Warning: Reference `schemes-lemma-equivalence-quasi-coherent' on page 4 u
ndefined on input line 273.

<xymatrix 2x1 80>

LaTeX Warning: Reference `cohomology-lemma-adjoint' on page 4 undefined on inpu
t line 279.


LaTeX Warning: Reference `coherent-lemma-quasi-coherent-affine-cohomology-zero'
 on page 4 undefined on input line 295.


LaTeX Warning: Reference `schemes-lemma-spec-sheaves' on page 4 undefined on in
put line 308.

[4{<USER_ROOT>/AppData/Local/Programs/MiKTeX/fonts/enc/dvips/lm/lm-mathex.e
nc}]

LaTeX Warning: Reference `more-algebra-lemma-base-change-K-flat' on page 5 unde
fined on input line 334.

LaTeX Font Info:    Trying to load font information for U+euf on input line 335
.
(<USER_ROOT>\AppData\Local\Programs\MiKTeX\tex/latex/amsfonts\ueuf.fd
File: ueuf.fd 2013/01/14 v3.01 Euler Fraktur
)

LaTeX Warning: Reference `cohomology-lemma-check-K-flat-stalks' on page 5 undef
ined on input line 338.


LaTeX Warning: Reference `schemes-lemma-spec-sheaves' on page 5 undefined on in
put line 340.

<xymatrix 2x2 161>

LaTeX Warning: Reference `cohomology-lemma-Leray-unbounded' on page 5 undefined
 on input line 360.

<xymatrix 2x2 168> <xymatrix 2x2 168> [5]

LaTeX Warning: Reference `coherent-lemma-quasi-coherence-higher-direct-images' 
on page 6 undefined on input line 441.


LaTeX Warning: Reference `coherent-lemma-quasi-coherence-higher-direct-images' 
on page 6 undefined on input line 466.


LaTeX Warning: Reference `derived-lemma-two-ss-complex-functor' on page 6 undef
ined on input line 477.


LaTeX Warning: Reference `coherent-lemma-quasi-coherence-higher-direct-images-a
pplication' on page 6 undefined on input line 484.

[6]

LaTeX Warning: Reference `derived-remark-truncation-distinguished-triangle' on 
page 7 undefined on input line 505.


LaTeX Warning: Reference `derived-lemma-leray-acyclicity' on page 7 undefined o
n input line 536.


LaTeX Warning: Reference `cohomology-example-spectral-sequence' on page 7 undef
ined on input line 560.


LaTeX Warning: Reference `cohomology-lemma-spectral-sequence-filtered-object' o
n page 7 undefined on input line 566.


LaTeX Warning: Reference `coherent-lemma-quasi-coherence-higher-direct-images' 
on page 7 undefined on input line 579.

[7]

LaTeX Warning: Reference `derived-lemma-two-ss-complex-functor' on page 8 undef
ined on input line 614.


LaTeX Warning: Reference `coherent-lemma-colimit-cohomology' on page 8 undefine
d on input line 617.


LaTeX Warning: Reference `coherent-lemma-relative-affine-vanishing' on page 8 u
ndefined on input line 644.


LaTeX Warning: Reference `coherent-lemma-relative-affine-vanishing' on page 8 u
ndefined on input line 680.


LaTeX Warning: Reference `morphisms-lemma-affine-equivalence-modules' on page 8
 undefined on input line 710.

[8]

LaTeX Warning: Reference `modules-lemma-pullback-quasi-coherent' on page 9 unde
fined on input line 736.


LaTeX Warning: Reference `coherent-lemma-relative-affine-vanishing' on page 9 u
ndefined on input line 760.


LaTeX Warning: Reference `morphisms-lemma-affine-equivalence-modules' on page 9
 undefined on input line 771.


LaTeX Warning: Reference `cohomology-section-cohomology-support' on page 9 unde
fined on input line 783.


LaTeX Warning: Reference `cohomology-section-cohomology-support-bis' on page 9 
undefined on input line 784.


LaTeX Warning: Reference `cohomology-section-cohomology-support-bis' on page 9 
undefined on input line 797.


LaTeX Warning: Reference `homology-definition-serre-subcategory' on page 9 unde
fined on input line 803.


LaTeX Warning: Reference `modules-lemma-support-section-closed' on page 9 undef
ined on input line 805.


LaTeX Warning: Reference `derived-section-triangulated-sub' on page 9 undefined
 on input line 807.


LaTeX Warning: Reference `cohomology-section-cohomology-support-bis' on page 9 
undefined on input line 815.

[9]

LaTeX Warning: Reference `cohomology-lemma-triangle-sections-with-support-sheav
es' on page 10 undefined on input line 837.


LaTeX Warning: Reference `cohomology-lemma-complexes-with-support-on-closed' on
 page 10 undefined on input line 847.


LaTeX Warning: Reference `cohomology-lemma-triangle-sections-with-support-sheav
es' on page 10 undefined on input line 860.


LaTeX Warning: Reference `cohomology-lemma-complexes-with-support-on-closed' on
 page 10 undefined on input line 871.

[10]

LaTeX Warning: Reference `cohomology-section-alternating-cech' on page 11 undef
ined on input line 936.


LaTeX Warning: Reference `cohomology-lemma-alternating-cech-trivial' on page 11
 undefined on input line 937.


LaTeX Warning: Reference `cohomology-lemma-complexes-with-support-on-closed' on
 page 11 undefined on input line 956.

<xymatrix 3x2 124>

LaTeX Warning: Reference `cohomology-lemma-complexes-with-support-on-closed' on
 page 11 undefined on input line 985.


LaTeX Warning: Reference `coherent-lemma-relative-affine-vanishing' on page 11 
undefined on input line 994.


LaTeX Warning: Reference `cohomology-lemma-sections-support-in-closed-disjoint-
open' on page 11 undefined on input line 997.


Overfull \hbox (5.71107pt too wide) in paragraph at lines 993--1000
\T1/lmr/m/n/10 We con-clude that $\OML/lmm/m/it/10 R\OMS/lmsy/m/n/10 H[]\OT1/lm
r/m/n/10 (\OMS/lmsy/m/n/10 F[]\OT1/lmr/m/n/10 ) = 0$ \T1/lmr/m/n/10 by Co-ho-mo
l-ogy, Lemma []. Thus $\OML/lmm/m/it/10 i[]R\OMS/lmsy/m/n/10 H[]\OT1/lmr/m/n/10
 (\OMS/lmsy/m/n/10 F[]\OT1/lmr/m/n/10 ) =
 []


LaTeX Warning: Reference `more-algebra-section-alternating-cech' on page 11 und
efined on input line 1038.


LaTeX Warning: Reference `more-algebra-lemma-vanishing-extended-alternating-kos
zul' on page 11 undefined on input line 1040.


LaTeX Warning: Reference `more-algebra-lemma-extended-alternating-form-module' 
on page 11 undefined on input line 1045.


Overfull \hbox (5.79926pt too wide) in paragraph at lines 1030--1047
\OML/lmm/m/it/10 R$\T1/lmr/m/n/10 , and a flat $\OML/lmm/m/it/10 R$\T1/lmr/m/n/
10 -module $\OML/lmm/m/it/10 M$\T1/lmr/m/n/10 , the ex-tended al-ter-nat-ing �e
ch com-plex $\OML/lmm/m/it/10 M \OMS/lmsy/m/n/10 ! [][] \OML/lmm/m/it/10 M[] \O
MS/lmsy/m/n/10 !
 []

[11] [12]
Overfull \hbox (17.47803pt too wide) detected at line 1161
\OT1/lmr/m/n/10 (\OMS/lmsy/m/n/10 F[]\OT1/lmr/m/n/10 )[] : \OMS/lmsy/m/n/10 F !
 [][] F[] ^^H [][] F[] ! [][] F[] ^^H [][] F[] ^^H [][] F[] ! []
 []

[13] <xymatrix 2x2 174>

LaTeX Warning: Reference `cohomology-remark-support-functorial' on page 14 unde
fined on input line 1273.

<xymatrix 2x3 230>

LaTeX Warning: Reference `cohomology-remark-support-functorial' on page 14 unde
fined on input line 1295.


LaTeX Warning: Reference `properties-proposition-coherator' on page 14 undefine
d on input line 1341.


LaTeX Warning: Reference `derived-lemma-derived-adjoint-functors' on page 14 un
defined on input line 1354.

[14] <xymatrix 2x2 168>

LaTeX Warning: Reference `coherent-lemma-relative-affine-vanishing' on page 15 
undefined on input line 1383.


LaTeX Warning: Reference `derived-lemma-right-derived-exact-functor' on page 15
 undefined on input line 1387.


LaTeX Warning: Reference `schemes-lemma-push-forward-quasi-coherent' on page 15
 undefined on input line 1411.


LaTeX Warning: Reference `properties-proposition-coherator' on page 15 undefine
d on input line 1413.


LaTeX Warning: Reference `injectives-theorem-K-injective-embedding-grothendieck
' on page 15 undefined on input line 1418.


LaTeX Warning: Reference `cohomology-lemma-adjoint' on page 15 undefined on inp
ut line 1428.


LaTeX Warning: Reference `derived-lemma-derived-adjoint-functors' on page 15 un
defined on input line 1433.

[15]
Overfull \hbox (1.93983pt too wide) in paragraph at lines 1463--1465
[]\T1/lmr/m/it/10 restricted to $\OML/lmm/m/it/10 D[]\OT1/lmr/m/n/10 (\OMS/lmsy
/m/n/10 O[]\OT1/lmr/m/n/10 )$ \T1/lmr/m/it/10 the func-tor $\OML/lmm/m/it/10 RQ
[]$ \T1/lmr/m/it/10 de-fines a quasi-inverse to ([]3.0.1[]). 
 []


LaTeX Warning: Reference `schemes-lemma-compare-constructions' on page 16 undef
ined on input line 1473.


Overfull \hbox (2.43379pt too wide) in paragraph at lines 1479--1483
\T1/lmr/m/n/10 At this point we are ready to prove a cri-te-rion for when the f
unc-tor $\OML/lmm/m/it/10 D\OT1/lmr/m/n/10 ([](\OMS/lmsy/m/n/10 O[]\OT1/lmr/m/n
/10 )) \OMS/lmsy/m/n/10 !
 []

<xymatrix 2x2 182>

LaTeX Warning: Reference `derived-lemma-third-isomorphism-triangle' on page 16 
undefined on input line 1556.

[16]

LaTeX Warning: Reference `morphisms-lemma-affine-permanence' on page 17 undefin
ed on input line 1598.

<xymatrix 2x2 168>

LaTeX Warning: Reference `morphisms-lemma-affine-permanence' on page 17 undefin
ed on input line 1641.


LaTeX Warning: Reference `derived-lemma-adjoint-preserve-K-injectives' on page 
17 undefined on input line 1649.

[17]

LaTeX Warning: Reference `examples-lemma-nonvanishing' on page 18 undefined on 
input line 1720.


LaTeX Warning: Reference `schemes-definition-reduced-induced-scheme' on page 18
 undefined on input line 1745.


LaTeX Warning: Reference `coherent-lemma-homs-over-open' on page 18 undefined o
n input line 1746.

[18] <xymatrix 2x2 168>

LaTeX Warning: Reference `properties-lemma-locally-Noetherian-quasi-separated' 
on page 19 undefined on input line 1775.


LaTeX Warning: Reference `schemes-remark-quasi-compact-and-quasi-separated' on 
page 19 undefined on input line 1777.


LaTeX Warning: Reference `schemes-lemma-push-forward-quasi-coherent' on page 19
 undefined on input line 1779.


LaTeX Warning: Reference `properties-proposition-coherator' on page 19 undefine
d on input line 1782.


LaTeX Warning: Reference `injectives-theorem-K-injective-embedding-grothendieck
' on page 19 undefined on input line 1787.


LaTeX Warning: Reference `cohomology-lemma-flasque-acyclic-pushforward' on page
 19 undefined on input line 1805.


LaTeX Warning: Reference `more-algebra-definition-koszul-complex' on page 19 un
defined on input line 1836.

[19]

LaTeX Warning: Reference `cohomology-section-alternating-cech' on page 20 undef
ined on input line 1928.

[20]

LaTeX Warning: Reference `algebra-lemma-localization-colimit' on page 21 undefi
ned on input line 1959.


LaTeX Warning: Reference `more-algebra-section-hom-complexes' on page 21 undefi
ned on input line 2006.


LaTeX Warning: Reference `cohomology-section-cech-cohomology-of-complexes' on p
age 21 undefined on input line 2011.


LaTeX Warning: Reference `cohomology-section-cech-cohomology-of-complexes' on p
age 21 undefined on input line 2032.


LaTeX Warning: Reference `more-algebra-section-hom-complexes' on page 21 undefi
ned on input line 2045.

[21]

LaTeX Warning: Reference `coherent-lemma-quasi-coherent-affine-cohomology-zero'
 on page 22 undefined on input line 2071.


LaTeX Warning: Reference `cohomology-lemma-alternating-cech-complex-complex-ss'
 on page 22 undefined on input line 2073.


LaTeX Warning: Reference `more-algebra-lemma-RHom-out-of-projective' on page 22
 undefined on input line 2120.


LaTeX Warning: Reference `more-algebra-equation-h0-RHom' on page 22 undefined o
n input line 2121.

[22]

LaTeX Warning: Reference `coherent-lemma-vanishing-nr-affines' on page 23 undef
ined on input line 2169.


LaTeX Warning: Reference `derived-lemma-two-ss-complex-functor' on page 23 unde
fined on input line 2176.


LaTeX Warning: Reference `cohomology-section-strictly-perfect' on page 23 undef
ined on input line 2194.


LaTeX Warning: Reference `cohomology-section-pseudo-coherent' on page 23 undefi
ned on input line 2195.


LaTeX Warning: Reference `cohomology-section-tor' on page 23 undefined on input
 line 2196.


LaTeX Warning: Reference `cohomology-section-perfect' on page 23 undefined on i
nput line 2197.


LaTeX Warning: Reference `more-algebra-section-pseudo-coherent' on page 23 unde
fined on input line 2200.


LaTeX Warning: Reference `more-algebra-section-tor' on page 23 undefined on inp
ut line 2201.


LaTeX Warning: Reference `more-algebra-section-perfect' on page 23 undefined on
 input line 2202.


LaTeX Warning: Reference `cohomology-lemma-local-actual' on page 23 undefined o
n input line 2241.


LaTeX Warning: Reference `modules-lemma-direct-summand-of-locally-free-is-local
ly-free' on page 23 undefined on input line 2246.


LaTeX Warning: Reference `more-algebra-lemma-glue-pseudo-coherent' on page 23 u
ndefined on input line 2253.


LaTeX Warning: Reference `more-algebra-lemma-pseudo-coherent' on page 23 undefi
ned on input line 2259.

[23]

LaTeX Warning: Reference `properties-lemma-finite-type-module' on page 24 undef
ined on input line 2285.


LaTeX Warning: Reference `more-algebra-lemma-Noetherian-pseudo-coherent' on pag
e 24 undefined on input line 2287.


LaTeX Warning: Reference `more-algebra-lemma-tor-amplitude' on page 24 undefine
d on input line 2311.


LaTeX Warning: Reference `cohomology-lemma-tor-amplitude' on page 24 undefined 
on input line 2315.


LaTeX Warning: Reference `cohomology-lemma-tor-amplitude-stalk' on page 24 unde
fined on input line 2361.


LaTeX Warning: Reference `more-algebra-lemma-tor-amplitude-localization' on pag
e 24 undefined on input line 2370.

[24]
Overfull \hbox (6.19974pt too wide) in paragraph at lines 2384--2387
[]\T1/lmr/bx/n/10 Lemma 10.6. \T1/lmr/m/it/10 Let $\OML/lmm/m/it/10 X$ \T1/lmr/
m/it/10 be a quasi-separated scheme. Let $\OML/lmm/m/it/10 E$ \T1/lmr/m/it/10 b
e an ob-ject of $\OML/lmm/m/it/10 D[]\OT1/lmr/m/n/10 (\OMS/lmsy/m/n/10 O[]\OT1/
lmr/m/n/10 )$\T1/lmr/m/it/10 .
 []


LaTeX Warning: Reference `schemes-lemma-push-forward-quasi-coherent' on page 25
 undefined on input line 2400.


LaTeX Warning: Reference `cohomology-lemma-perfect' on page 25 undefined on inp
ut line 2430.


LaTeX Warning: Reference `more-algebra-lemma-perfect' on page 25 undefined on i
nput line 2431.


Overfull \hbox (9.59494pt too wide) in paragraph at lines 2443--2447
[]\T1/lmr/m/it/10 If $\OML/lmm/m/it/10 L$ \T1/lmr/m/it/10 is in $\OML/lmm/m/it/
10 D[]\OT1/lmr/m/n/10 (\OMS/lmsy/m/n/10 O[]\OT1/lmr/m/n/10 )$ \T1/lmr/m/it/10 a
nd $\OML/lmm/m/it/10 K$ \T1/lmr/m/it/10 in $\OML/lmm/m/it/10 D\OT1/lmr/m/n/10 (
\OMS/lmsy/m/n/10 O[]\OT1/lmr/m/n/10 )$ \T1/lmr/m/it/10 is pseudo-coherent, then
 $\OML/lmm/m/it/10 R []\OT1/lmr/m/n/10 (\OML/lmm/m/it/10 K; L\OT1/lmr/m/n/10 )$

 []


LaTeX Warning: Reference `cohomology-section-internal-hom' on page 25 undefined
 on input line 2472.

[25]

LaTeX Warning: Reference `cohomology-lemma-Rhom-complex-of-direct-summands-fini
te-free' on page 26 undefined on input line 2482.


Overfull \hbox (5.97002pt too wide) in paragraph at lines 2487--2490
\T1/lmr/m/n/10 To prove (4) re-call that on any ringed space the $\OML/lmm/m/it
/10 n$\T1/lmr/m/n/10 th co-ho-mol-ogy sheaf of $\OML/lmm/m/it/10 R []\OT1/lmr/m
/n/10 (\OML/lmm/m/it/10 A; B\OT1/lmr/m/n/10 )$
 []


LaTeX Warning: Reference `cohomology-section-internal-hom' on page 26 undefined
 on input line 2494.


LaTeX Warning: Reference `cohomology-lemma-internal-hom-diagonal-better' on pag
e 26 undefined on input line 2510.


LaTeX Warning: Reference `more-algebra-lemma-internal-hom-evaluate-tensor-isomo
rphism' on page 26 undefined on input line 2524.


LaTeX Warning: Reference `homology-section-serre-subcategories' on page 26 unde
fined on input line 2546.


LaTeX Warning: Reference `coherent-lemma-coherent-abelian-Noetherian' on page 2
6 undefined on input line 2548.


LaTeX Warning: Reference `derived-section-triangulated-sub' on page 26 undefine
d on input line 2554.


LaTeX Warning: Reference `derived-equation-compare' on page 26 undefined on inp
ut line 2562.


LaTeX Warning: Reference `homology-definition-serre-subcategory' on page 26 und
efined on input line 2578.


LaTeX Warning: Reference `homology-lemma-characterize-serre-subcategory' on pag
e 26 undefined on input line 2579.


LaTeX Warning: Reference `coherent-lemma-coherent-abelian-Noetherian' on page 2
6 undefined on input line 2581.


LaTeX Warning: Reference `coherent-lemma-coherent-Noetherian-quasi-coherent-sub
-quotient' on page 26 undefined on input line 2582.


LaTeX Warning: Reference `properties-lemma-quasi-coherent-colimit-finite-type' 
on page 26 undefined on input line 2589.


LaTeX Warning: Reference `derived-lemma-fully-faithful-embedding' on page 26 un
defined on input line 2592.

[26] <xymatrix 2x2 154>

LaTeX Warning: Reference `derived-lemma-two-ss-complex-functor' on page 27 unde
fined on input line 2648.


LaTeX Warning: Reference `coherent-lemma-support-proper-over-base-pushforward' 
on page 27 undefined on input line 2651.


LaTeX Warning: Reference `coherent-lemma-quasi-coherence-higher-direct-images' 
on page 27 undefined on input line 2657.

[27]

LaTeX Warning: Reference `injectives-remark-spectral-sequences-ext' on page 28 
undefined on input line 2707.


LaTeX Warning: Reference `injectives-remark-spectral-sequences-ext-variant' on 
page 28 undefined on input line 2708.


LaTeX Warning: Reference `algebra-lemma-ext-noetherian' on page 28 undefined on
 input line 2711.


Overfull \hbox (9.00429pt too wide) in paragraph at lines 2706--2712
\T1/lmr/m/n/10 See In-jec-tives, Re-marks [] and []. This fin-ishes the proof a
s the mod-ules $[][]\OT1/lmr/m/n/10 (\OML/lmm/m/it/10 M; N\OT1/lmr/m/n/10 )$
 []


LaTeX Warning: Reference `cohomology-lemma-perfect-on-locally-ringed' on page 2
8 undefined on input line 2744.


LaTeX Warning: Reference `cohomology-lemma-Rhom-strictly-perfect' on page 28 un
defined on input line 2749.


LaTeX Warning: Reference `cohomology-lemma-bounded-flat-K-flat' on page 28 unde
fined on input line 2750.


LaTeX Warning: Reference `cohomology-lemma-section-RHom-over-U' on page 28 unde
fined on input line 2769.


LaTeX Warning: Reference `cohomology-section-Leray' on page 28 undefined on inp
ut line 2770.


LaTeX Warning: Reference `cohomology-section-perfect' on page 28 undefined on i
nput line 2788.


LaTeX Warning: Reference `more-algebra-lemma-regular-perfect' on page 28 undefi
ned on input line 2790.


LaTeX Warning: Reference `descent-section-descent-finiteness' on page 28 undefi
ned on input line 2802.

[28]

LaTeX Warning: Reference `cohomology-lemma-tor-amplitude-pullback' on page 29 u
ndefined on input line 2817.


LaTeX Warning: Reference `cohomology-lemma-tor-amplitude-stalk' on page 29 unde
fined on input line 2819.


LaTeX Warning: Reference `algebra-lemma-local-flat-ff' on page 29 undefined on 
input line 2821.


LaTeX Warning: Reference `more-algebra-lemma-flat-descent-tor-amplitude' on pag
e 29 undefined on input line 2824.


LaTeX Warning: Reference `cohomology-lemma-pseudo-coherent-pullback' on page 29
 undefined on input line 2837.


LaTeX Warning: Reference `more-algebra-lemma-flat-descent-pseudo-coherent' on p
age 29 undefined on input line 2848.


LaTeX Warning: Reference `cohomology-lemma-pseudo-coherent-pullback' on page 29
 undefined on input line 2863.


LaTeX Warning: Reference `cohomology-lemma-finite-cohomology' on page 29 undefi
ned on input line 2882.


LaTeX Warning: Reference `descent-lemma-finite-type-descends-fppf' on page 29 u
ndefined on input line 2883.


LaTeX Warning: Reference `cohomology-lemma-cone-pseudo-coherent' on page 29 und
efined on input line 2892.


LaTeX Warning: Reference `cohomology-lemma-cone-pseudo-coherent' on page 29 und
efined on input line 2896.


LaTeX Warning: Reference `cohomology-lemma-perfect-pullback' on page 29 undefin
ed on input line 2909.


LaTeX Warning: Reference `cohomology-lemma-perfect' on page 29 undefined on inp
ut line 2914.


LaTeX Warning: Reference `descent-proposition-fpqc-descent-quasi-coherent' on p
age 29 undefined on input line 2917.


LaTeX Warning: Reference `cohomology-lemma-perfect' on page 29 undefined on inp
ut line 2919.

[29]

LaTeX Warning: Reference `modules-lemma-i-star-exact' on page 30 undefined on i
nput line 2936.


LaTeX Warning: Reference `cohomology-lemma-finite-cohomology' on page 30 undefi
ned on input line 2948.


LaTeX Warning: Reference `cohomology-lemma-cone-pseudo-coherent' on page 30 und
efined on input line 2956.


LaTeX Warning: Reference `cohomology-lemma-cone-pseudo-coherent' on page 30 und
efined on input line 2965.


LaTeX Warning: Reference `cohomology-lemma-finite-cohomology' on page 30 undefi
ned on input line 2978.


LaTeX Warning: Reference `cohomology-lemma-cone-pseudo-coherent' on page 30 und
efined on input line 2999.


LaTeX Warning: Reference `cohomology-lemma-cone-pseudo-coherent' on page 30 und
efined on input line 3002.

[30]

LaTeX Warning: Reference `more-morphisms-lemma-finite-pseudo-coherent' on page 
31 undefined on input line 3012.


LaTeX Warning: Reference `more-algebra-lemma-finite-push-pseudo-coherent' on pa
ge 31 undefined on input line 3019.


LaTeX Warning: Reference `schemes-lemma-push-forward-quasi-coherent' on page 31
 undefined on input line 3085.


LaTeX Warning: Reference `properties-lemma-extend' on page 31 undefined on inpu
t line 3091.

[31] <xymatrix 4x2 286>

LaTeX Warning: Reference `derived-definition-cone' on page 32 undefined on inpu
t line 3149.


LaTeX Warning: Reference `more-algebra-lemma-cone-pseudo-coherent' on page 32 u
ndefined on input line 3152.


LaTeX Warning: Reference `more-algebra-lemma-finite-cohomology' on page 32 unde
fined on input line 3154.

<xymatrix 5x2 410> <xymatrix 4x2 381>

LaTeX Warning: Reference `cohomology-lemma-mayer-vietoris-hom' on page 32 undef
ined on input line 3210.


LaTeX Warning: Reference `coherent-lemma-induction-principle' on page 32 undefi
ned on input line 3215.


Overfull \hbox (2.56253pt too wide) in paragraph at lines 3207--3216
[]\T1/lmr/m/n/10 Recall that $[][]\OT1/lmr/m/n/10 (\OMS/lmsy/m/n/10 E\OML/lmm/m
/it/10 ; E\OT1/lmr/m/n/10 ) = [][](\OMS/lmsy/m/n/10 E\OML/lmm/m/it/10 ; E\OT1/l
mr/m/n/10 [\OML/lmm/m/it/10 n\OT1/lmr/m/n/10 ])$\T1/lmr/m/n/10 . We have Mayer-
Vietoris
 []

[32]

LaTeX Warning: Reference `derived-lemma-morphisms-from-projective-complex' on p
age 33 undefined on input line 3236.


LaTeX Warning: Reference `cohomology-lemma-dual-perfect-complex' on page 33 und
efined on input line 3269.


LaTeX Warning: Reference `coherent-lemma-vanishing-nr-affines-quasi-separated' 
on page 33 undefined on input line 3284.


LaTeX Warning: Reference `derived-lemma-negative-vanishing' on page 33 undefine
d on input line 3302.

[33]

LaTeX Warning: Reference `cohomology-lemma-perfect' on page 34 undefined on inp
ut line 3319.


LaTeX Warning: Reference `cohomology-lemma-perfect' on page 34 undefined on inp
ut line 3323.


LaTeX Warning: Reference `cohomology-lemma-last-one-flat' on page 34 undefined 
on input line 3332.


LaTeX Warning: Reference `properties-lemma-finite-locally-free' on page 34 unde
fined on input line 3334.


LaTeX Warning: Reference `derived-lemma-split' on page 34 undefined on input li
ne 3348.


LaTeX Warning: Reference `cohomology-lemma-Rhom-strictly-perfect' on page 34 un
defined on input line 3376.


LaTeX Warning: Reference `cohomology-lemma-section-RHom-over-U' on page 34 unde
fined on input line 3378.


LaTeX Warning: Reference `cohomology-lemma-section-RHom-over-U' on page 34 unde
fined on input line 3394.

[34]

LaTeX Warning: Reference `cohomology-lemma-mayer-vietoris-hom' on page 35 undef
ined on input line 3441.


LaTeX Warning: Reference `coherent-lemma-induction-principle' on page 35 undefi
ned on input line 3445.


LaTeX Warning: Reference `derived-lemma-split' on page 35 undefined on input li
ne 3490.


LaTeX Warning: Reference `derived-lemma-third-map-square-zero' on page 35 undef
ined on input line 3494.

<xymatrix 3x2 285> [35]

Package amsmath Warning: Foreign command \atopwithdelims;
(amsmath)                \frac or \genfrac should be used instead
(amsmath)                 on input line 3508.


LaTeX Warning: Reference `cohomology-lemma-glue' on page 36 undefined on input 
line 3566.

[36]

LaTeX Warning: Reference `cohomology-definition-pseudo-coherent' on page 37 und
efined on input line 3615.


LaTeX Warning: Reference `cohomology-lemma-pushforward-restriction' on page 37 
undefined on input line 3663.


LaTeX Warning: Reference `cohomology-lemma-pushforward-perfect' on page 37 unde
fined on input line 3664.


LaTeX Warning: Reference `cohomology-lemma-finite-cohomology' on page 37 undefi
ned on input line 3688.


LaTeX Warning: Reference `properties-lemma-finite-type-module' on page 37 undef
ined on input line 3691.

[37]

LaTeX Warning: Reference `cohomology-lemma-cone-pseudo-coherent' on page 38 und
efined on input line 3706.

<xymatrix 4x2 374>

LaTeX Warning: Reference `cohomology-lemma-two-out-of-three-perfect' on page 38
 undefined on input line 3721.


LaTeX Warning: Reference `cohomology-lemma-glue' on page 38 undefined on input 
line 3781.


LaTeX Warning: Reference `cohomology-lemma-cone-pseudo-coherent' on page 38 und
efined on input line 3792.

[38] <xymatrix 4x2 374>

LaTeX Warning: Reference `cohomology-lemma-two-out-of-three-perfect' on page 39
 undefined on input line 3807.


LaTeX Warning: Reference `coherent-lemma-induction-principle' on page 39 undefi
ned on input line 3821.


Overfull \hbox (2.53899pt too wide) in paragraph at lines 3820--3823
[]\T1/lmr/m/n/10 This fol-lows from the in-duc-tion prin-ci-ple of Co-ho-mol-og
y of Schemes, Lemma
 []


Overfull \hbox (38.70108pt too wide) detected at line 3882
\OML/lmm/m/it/10 K[]\OT1/lmr/m/n/10 (\OML/lmm/m/it/10 f[]; [] ; f[]; [] ; f[]\O
T1/lmr/m/n/10 ) \OMS/lmsy/m/n/10 ! \OML/lmm/m/it/10 K[]\OT1/lmr/m/n/10 (\OML/lm
m/m/it/10 f[]; [] ; f[]; [] ; f[]\OT1/lmr/m/n/10 ) \OMS/lmsy/m/n/10 ! \OML/lmm/
m/it/10 K[]\OT1/lmr/m/n/10 (\OML/lmm/m/it/10 f[]; [] ; f[]; [] ; f[]\OT1/lmr/m/
n/10 ) \OMS/lmsy/m/n/10 ! []
 []


LaTeX Warning: Reference `more-algebra-lemma-koszul-mult' on page 39 undefined 
on input line 3884.


Overfull \hbox (10.88208pt too wide) in paragraph at lines 3882--3891
\T1/lmr/m/n/10 of Koszul com-plexes, see More on Al-ge-bra, Lemma []. Hence if 
$[][]\OT1/lmr/m/n/10 (\OML/lmm/m/it/10 K\OT1/lmr/m/n/10 [\OML/lmm/m/it/10 n\OT1
/lmr/m/n/10 ]\OML/lmm/m/it/10 ; E\OT1/lmr/m/n/10 ) =
 []

[39]

LaTeX Warning: Reference `coherent-lemma-induction-principle' on page 40 undefi
ned on input line 3908.


LaTeX Warning: Reference `cohomology-lemma-pushforward-perfect' on page 40 unde
fined on input line 3930.


LaTeX Warning: Reference `cohomology-lemma-pushforward-restriction' on page 40 
undefined on input line 3937.


LaTeX Warning: Reference `coherent-lemma-induction-principle' on page 40 undefi
ned on input line 3980.


LaTeX Warning: Reference `derived-definition-generators' on page 40 undefined o
n input line 3995.

[40]

LaTeX Warning: Reference `cohomology-lemma-pushforward-perfect' on page 41 unde
fined on input line 4015.


LaTeX Warning: Reference `cohomology-lemma-pushforward-restriction' on page 41 
undefined on input line 4022.

<xymatrix 3x2 251>

LaTeX Warning: Reference `cohomology-lemma-pushforward-restriction' on page 41 
undefined on input line 4042.


LaTeX Warning: Reference `properties-definition-ample' on page 41 undefined on 
input line 4079.


LaTeX Warning: Reference `properties-lemma-affine-s-opens-cover-quasi-separated
' on page 41 undefined on input line 4080.


LaTeX Warning: Reference `properties-lemma-invert-s-sections' on page 41 undefi
ned on input line 4097.

[41]

LaTeX Warning: Reference `constructions-definition-projective-space' on page 42
 undefined on input line 4123.


LaTeX Warning: Reference `more-algebra-lemma-regular-koszul-regular' on page 42
 undefined on input line 4131.


LaTeX Warning: Reference `constructions-lemma-proj-sheaves' on page 42 undefine
d on input line 4142.


LaTeX Warning: Reference `derived-definition-generators' on page 42 undefined o
n input line 4162.


LaTeX Warning: Reference `derived-lemma-right-orthogonal' on page 42 undefined 
on input line 4171.


LaTeX Warning: Reference `properties-lemma-open-in-proj-ample' on page 42 undef
ined on input line 4192.

[42]
Overfull \hbox (1.79343pt too wide) in paragraph at lines 4219--4224
[]\T1/lmr/m/n/10 if $\OML/lmm/m/it/10 X \OMS/lmsy/m/n/10 ^^Z \OT1/lmr/bx/n/10 P
[]$ \T1/lmr/m/n/10 is a quasi-compact lo-cally closed sub-scheme, then $\OMS/lm
sy/m/n/10 O[] ^^H O[]\OT1/lmr/m/n/10 (\OMS/lmsy/m/n/10 ^^@\OT1/lmr/m/n/10 1) \O
MS/lmsy/m/n/10 ^^H
 []


LaTeX Warning: Reference `cohomology-proposition-vanishing-Noetherian' on page 
43 undefined on input line 4235.


LaTeX Warning: Reference `sites-cohomology-lemma-when-jshriek-compact' on page 
43 undefined on input line 4237.


LaTeX Warning: Reference `cohomology-lemma-dual-perfect-complex' on page 43 und
efined on input line 4255.


LaTeX Warning: Reference `cohomology-lemma-perfect-independent-representative' 
on page 43 undefined on input line 4271.


LaTeX Warning: Reference `more-algebra-proposition-perfect-is-compact' on page 
43 undefined on input line 4285.


LaTeX Warning: Reference `derived-proposition-generator-versus-classical-genera
tor' on page 43 undefined on input line 4297.

[43]

LaTeX Warning: Reference `derived-proposition-generator-versus-classical-genera
tor' on page 44 undefined on input line 4332.


LaTeX Warning: Reference `derived-proposition-generator-versus-classical-genera
tor' on page 44 undefined on input line 4353.


LaTeX Warning: Reference `derived-lemma-write-as-colimit' on page 44 undefined 
on input line 4395.


LaTeX Warning: Reference `derived-lemma-commutes-with-countable-sums' on page 4
4 undefined on input line 4401.


LaTeX Warning: Reference `derived-lemma-factor-through' on page 44 undefined on
 input line 4402.

[44]

LaTeX Warning: Reference `dga-lemma-tensor-with-complex-derived' on page 45 und
efined on input line 4444.


LaTeX Warning: Reference `dga-section-P-resolutions' on page 45 undefined on in
put line 4451.


LaTeX Warning: Reference `dga-section-variant-base-change' on page 45 undefined
 on input line 4483.


LaTeX Warning: Reference `dga-lemma-tensor-with-complex-derived' on page 45 und
efined on input line 4499.


LaTeX Warning: Reference `dga-lemma-fully-faithful-in-compact-case' on page 45 
undefined on input line 4505.


LaTeX Warning: Reference `dga-lemma-tensor-with-complex-hom-adjoint' on page 45
 undefined on input line 4510.

[45]

LaTeX Warning: Reference `derived-lemma-fully-faithful-adjoint-kernel-zero' on 
page 46 undefined on input line 4523.


LaTeX Warning: Reference `dga-remark-hochschild-cohomology' on page 46 undefine
d on input line 4579.


LaTeX Warning: Reference `cohomology-lemma-perfect' on page 46 undefined on inp
ut line 4612.


LaTeX Warning: Reference `cohomology-definition-pseudo-coherent' on page 46 und
efined on input line 4618.

[46]

LaTeX Warning: Reference `derived-lemma-representable-homological' on page 47 u
ndefined on input line 4644.


LaTeX Warning: Reference `derived-lemma-cohomology-of-hocolim' on page 47 undef
ined on input line 4651.

[47]

LaTeX Warning: Reference `dga-section-variant-base-change' on page 48 undefined
 on input line 4732.


LaTeX Warning: Reference `dga-lemma-tensor-with-complex-derived' on page 48 und
efined on input line 4738.


LaTeX Warning: Reference `dga-lemma-fully-faithful-in-compact-case' on page 48 
undefined on input line 4772.


LaTeX Warning: Reference `coherent-lemma-cohomology-projective-space-over-ring'
 on page 48 undefined on input line 4782.


LaTeX Warning: Reference `dga-lemma-tensor-with-complex-hom-adjoint' on page 48
 undefined on input line 4788.


LaTeX Warning: Reference `derived-lemma-fully-faithful-adjoint-kernel-zero' on 
page 48 undefined on input line 4796.

[48]

LaTeX Warning: Reference `coherent-lemma-induction-principle' on page 49 undefi
ned on input line 4836.


LaTeX Warning: Reference `derived-lemma-right-adjoint' on page 49 undefined on 
input line 4856.


LaTeX Warning: Reference `cohomology-lemma-exact-sequence-j-star' on page 49 un
defined on input line 4863.


LaTeX Warning: Reference `derived-lemma-prepare-adjoint' on page 49 undefined o
n input line 4864.


LaTeX Warning: Reference `derived-lemma-right-adjoint' on page 49 undefined on 
input line 4887.


LaTeX Warning: Reference `derived-proposition-brown' on page 49 undefined on in
put line 4906.


Overfull \hbox (2.11375pt too wide) in paragraph at lines 4928--4936
[]\T1/lmr/m/n/10 The state-ment makes sense be-cause $\OML/lmm/m/it/10 Rf[]$ \T
1/lmr/m/n/10 sends $\OML/lmm/m/it/10 D[]\OT1/lmr/m/n/10 (\OMS/lmsy/m/n/10 O[]\O
T1/lmr/m/n/10 )$ \T1/lmr/m/n/10 into $\OML/lmm/m/it/10 D[]\OT1/lmr/m/n/10 (\OMS
/lmsy/m/n/10 O[]\OT1/lmr/m/n/10 )$
 []

[49]

LaTeX Warning: Reference `cohomology-lemma-exact-sequence-j-star' on page 50 un
defined on input line 4951.


LaTeX Warning: Reference `coherent-lemma-induction-principle' on page 50 undefi
ned on input line 4969.


LaTeX Warning: Reference `coherent-section-cohomology-and-base-change-perfect' 
on page 50 undefined on input line 5046.

[50]

LaTeX Warning: Reference `cohomology-equation-projection-formula-map' on page 5
1 undefined on input line 5062.


LaTeX Warning: Reference `more-algebra-remark-P-resolution' on page 51 undefine
d on input line 5090.


LaTeX Warning: Reference `more-algebra-definition-tor-independent' on page 51 u
ndefined on input line 5103.


LaTeX Warning: Reference `more-algebra-lemma-tor-independent' on page 51 undefi
ned on input line 5126.


LaTeX Warning: Reference `more-algebra-lemma-flat-base-change-tor-independent' 
on page 51 undefined on input line 5141.

<xymatrix 2x2 182> [51]

LaTeX Warning: Reference `cohomology-remark-base-change' on page 52 undefined o
n input line 5164.


LaTeX Warning: Reference `morphisms-lemma-base-change-affine' on page 52 undefi
ned on input line 5178.


LaTeX Warning: Reference `coherent-lemma-affine-base-change' on page 52 undefin
ed on input line 5187.


LaTeX Warning: Reference `more-algebra-lemma-tor-independent' on page 52 undefi
ned on input line 5195.

<xymatrix 2x2 182>

LaTeX Warning: Reference `cohomology-section-global-RHom' on page 52 undefined 
on input line 5234.

[52]

LaTeX Warning: Reference `cohomology-lemma-tor-amplitude-pullback' on page 53 u
ndefined on input line 5262.

<xymatrix 2x2 168> <xymatrix 2x2 182>

LaTeX Warning: Reference `cohomology-lemma-tor-amplitude-stalk' on page 53 unde
fined on input line 5317.


LaTeX Warning: Reference `more-algebra-lemma-base-change-comparison' on page 53
 undefined on input line 5325.


LaTeX Warning: Reference `more-algebra-lemma-pull-tor-amplitude' on page 53 und
efined on input line 5330.

<xymatrix 2x2 182> [53]

LaTeX Warning: Reference `more-algebra-lemma-base-change-comparison' on page 54
 undefined on input line 5365.


LaTeX Warning: Reference `varieties-section-kunneth' on page 54 undefined on in
put line 5381.

<xymatrix 3x3 235>

LaTeX Warning: Reference `cohomology-remark-cup-product' on page 54 undefined o
n input line 5401.


LaTeX Warning: Reference `cohomology-section-cup-product' on page 54 undefined 
on input line 5416.

[54]

LaTeX Warning: Reference `cohomology-lemma-compose-cup-product' on page 55 unde
fined on input line 5461.


LaTeX Warning: Reference `more-algebra-lemma-K-flat-resolution' on page 55 unde
fined on input line 5479.


LaTeX Warning: Reference `more-algebra-lemma-base-change-K-flat' on page 55 und
efined on input line 5489.


LaTeX Warning: Reference `cohomology-section-cup-product' on page 55 undefined 
on input line 5504.


LaTeX Warning: Reference `cohomology-lemma-cup-compatible-with-naive' on page 5
5 undefined on input line 5506.


LaTeX Warning: Reference `coherent-lemma-induction-principle' on page 55 undefi
ned on input line 5512.

[55]

LaTeX Warning: Reference `cohomology-lemma-mayer-vietoris-cup' on page 56 undef
ined on input line 5538.


LaTeX Warning: Reference `derived-lemma-third-isomorphism-triangle' on page 56 
undefined on input line 5541.


LaTeX Warning: Reference `coherent-lemma-induction-principle' on page 56 undefi
ned on input line 5546.


LaTeX Warning: Reference `derived-lemma-two-ss-complex-functor' on page 56 unde
fined on input line 5585.


LaTeX Warning: Reference `coherent-lemma-quasi-coherence-higher-direct-images' 
on page 56 undefined on input line 5587.


LaTeX Warning: Reference `homology-lemma-biregular-ss-converges' on page 56 und
efined on input line 5588.


LaTeX Warning: Reference `coherent-lemma-induction-principle' on page 56 undefi
ned on input line 5593.


LaTeX Warning: Reference `cohomology-lemma-unbounded-relative-mayer-vietoris' o
n page 56 undefined on input line 5604.


LaTeX Warning: Reference `cohomology-lemma-cone-tor-amplitude' on page 56 undef
ined on input line 5606.


LaTeX Warning: Reference `derived-lemma-leray-acyclicity' on page 56 undefined 
on input line 5614.


LaTeX Warning: Reference `coherent-lemma-relative-affine-vanishing' on page 56 
undefined on input line 5617.

[56]

LaTeX Warning: Reference `cohomology-equation-projection-formula-map' on page 5
7 undefined on input line 5633.


LaTeX Warning: Reference `cohomology-lemma-variant-derived-pullback' on page 57
 undefined on input line 5652.


LaTeX Warning: Reference `more-algebra-lemma-K-flat-two-out-of-three' on page 5
7 undefined on input line 5709.


LaTeX Warning: Reference `cohomology-lemma-alternating-usual' on page 57 undefi
ned on input line 5715.


LaTeX Warning: Reference `more-algebra-lemma-derived-tor-quasi-isomorphism' on 
page 57 undefined on input line 5722.

[57]

LaTeX Warning: Reference `cohomology-section-cup-product' on page 58 undefined 
on input line 5746.


LaTeX Warning: Reference `varieties-lemma-kunneth' on page 58 undefined on inpu
t line 5765.


LaTeX Warning: Reference `cohomology-section-cech-cohomology-of-complexes' on p
age 58 undefined on input line 5774.


LaTeX Warning: Reference `cohomology-equation-needs-signs' on page 58 undefined
 on input line 5786.


LaTeX Warning: Reference `cohomology-lemma-diagrams-commute' on page 58 undefin
ed on input line 5799.


LaTeX Warning: Reference `coherent-lemma-quasi-coherent-affine-cohomology-zero'
 on page 58 undefined on input line 5817.


LaTeX Warning: Reference `cohomology-lemma-cech-complex-complex-computes' on pa
ge 58 undefined on input line 5819.


LaTeX Warning: Reference `morphisms-lemma-affine-permanence' on page 58 undefin
ed on input line 5859.


LaTeX Warning: Reference `morphisms-lemma-pushforward-flat-affine' on page 58 u
ndefined on input line 5861.


LaTeX Warning: Reference `coherent-lemma-relative-affine-cohomology' on page 58
 undefined on input line 5864.


LaTeX Warning: Reference `coherent-lemma-quasi-coherent-affine-cohomology-zero'
 on page 58 undefined on input line 5865.


Overfull \hbox (54.96132pt too wide) detected at line 5890
\OT1/lmr/m/n/10 0 \OMS/lmsy/m/n/10 ! []\OT1/lmr/m/n/10 ([](\OMS/lmsy/m/n/10 U\O
ML/lmm/m/it/10 ; \OMS/lmsy/m/n/10 F\OT1/lmr/m/n/10 ) \OMS/lmsy/m/n/10 
[] []\OT1/lmr/m/n/10 (\OMS/lmsy/m/n/10 V\OML/lmm/m/it/10 ; \OMS/lmsy/m/n/10 G\O
T1/lmr/m/n/10 )) \OMS/lmsy/m/n/10 ! []\OT1/lmr/m/n/10 ([](\OMS/lmsy/m/n/10 U\OM
L/lmm/m/it/10 ; \OMS/lmsy/m/n/10 F[]\OT1/lmr/m/n/10 ) \OMS/lmsy/m/n/10 
[] []\OT1/lmr/m/n/10 (\OMS/lmsy/m/n/10 V\OML/lmm/m/it/10 ; \OMS/lmsy/m/n/10 G\O
T1/lmr/m/n/10 )) \OMS/lmsy/m/n/10 ! []\OT1/lmr/m/n/10 ([](\OMS/lmsy/m/n/10 U\OM
L/lmm/m/it/10 ; \OMS/lmsy/m/n/10 F[]\OT1/lmr/m/n/10 ) \OMS/lmsy/m/n/10 
[] []\OT1/lmr/m/n/10 (\OMS/lmsy/m/n/10 V\OML/lmm/m/it/10 ; \OMS/lmsy/m/n/10 G\O
T1/lmr/m/n/10 )) \OMS/lmsy/m/n/10 ! \OT1/lmr/m/n/10 0
 []


Overfull \hbox (32.64186pt too wide) detected at line 5906
\OT1/lmr/m/n/10 0 \OMS/lmsy/m/n/10 ! []\OT1/lmr/m/n/10 (\OMS/lmsy/m/n/10 W\OML/
lmm/m/it/10 ; p[]\OMS/lmsy/m/n/10 F 
[] \OML/lmm/m/it/10 q[]\OMS/lmsy/m/n/10 G\OT1/lmr/m/n/10 ) \OMS/lmsy/m/n/10 ! [
]\OT1/lmr/m/n/10 (\OMS/lmsy/m/n/10 W\OML/lmm/m/it/10 ; p[]\OMS/lmsy/m/n/10 F[] 

[] \OML/lmm/m/it/10 q[]\OMS/lmsy/m/n/10 G\OT1/lmr/m/n/10 ) \OMS/lmsy/m/n/10 ! [
]\OT1/lmr/m/n/10 (\OMS/lmsy/m/n/10 W\OML/lmm/m/it/10 ; p[]\OMS/lmsy/m/n/10 F[] 

[] \OML/lmm/m/it/10 q[]\OMS/lmsy/m/n/10 G\OT1/lmr/m/n/10 ) \OMS/lmsy/m/n/10 ! \
OT1/lmr/m/n/10 0
 []

[58]

LaTeX Warning: Reference `coherent-lemma-separated-case-relative-cech' on page 
59 undefined on input line 5946.

<xymatrix 3x2 182>

LaTeX Warning: Reference `cohomology-remark-cup-with-element-map-total-cohomolo
gy' on page 59 undefined on input line 6000.


LaTeX Warning: Reference `cohomology-lemma-cup-product-associative' on page 59 
undefined on input line 6006.

[59]

LaTeX Warning: Reference `morphisms-section-differential-operators' on page 60 
undefined on input line 6036.


LaTeX Warning: Reference `morphisms-lemma-base-change-differential-operators' o
n page 60 undefined on input line 6043.

<xymatrix 4x4 502>

LaTeX Warning: Reference `morphisms-remark-base-change-differential-operators' 
on page 60 undefined on input line 6069.


LaTeX Warning: Reference `homology-example-double-complex-as-tensor-product-of'
 on page 60 undefined on input line 6071.


LaTeX Warning: Reference `cohomology-remark-cup-product' on page 60 undefined o
n input line 6120.

[60]

LaTeX Warning: Reference `cohomology-section-cup-product' on page 61 undefined 
on input line 6160.


LaTeX Warning: Reference `morphisms-remark-base-change-differential-operators' 
on page 61 undefined on input line 6180.

<xymatrix 2x4 374>

LaTeX Warning: Reference `homology-section-truncations' on page 61 undefined on
 input line 6232.

[61] <xymatrix 3x3 235>

LaTeX Warning: Reference `cohomology-lemma-pullback-tensor-product' on page 62 
undefined on input line 6336.


LaTeX Warning: Reference `cohomology-lemma-derived-pullback-composition' on pag
e 62 undefined on input line 6339.


LaTeX Warning: Reference `cohomology-lemma-adjoint' on page 62 undefined on inp
ut line 6343.


LaTeX Warning: Reference `cohomology-remark-prepare-fancy-base-change' on page 
62 undefined on input line 6345.


LaTeX Warning: Reference `cohomology-remark-tensor-internal-hom' on page 62 und
efined on input line 6347.

[62]

LaTeX Warning: Reference `cohomology-lemma-dual-perfect-complex' on page 63 und
efined on input line 6367.


LaTeX Warning: Reference `more-algebra-section-tor-independence' on page 63 und
efined on input line 6390.

<xymatrix 2x2 182>

LaTeX Warning: Reference `more-algebra-equation-comparison-map' on page 63 unde
fined on input line 6416.

<xymatrix 2x2 182> [63]

LaTeX Warning: Reference `more-algebra-equation-comparison-map' on page 64 unde
fined on input line 6477.


LaTeX Warning: Reference `algebra-lemma-characterize-zero-local' on page 64 und
efined on input line 6528.

<xymatrix 2x2 182> [64]

LaTeX Warning: Reference `coherent-lemma-induction-principle' on page 65 undefi
ned on input line 6564.


LaTeX Warning: Reference `cohomology-lemma-unbounded-relative-mayer-vietoris' o
n page 65 undefined on input line 6585.

<xymatrix 2x4 374>

LaTeX Warning: Reference `derived-lemma-third-isomorphism-triangle' on page 65 
undefined on input line 6602.

<xymatrix 2x2 182>
Overfull \hbox (2.66139pt too wide) in paragraph at lines 6628--6632
\T1/lmr/m/it/10 di-tions of Lemma []26.1[] hold for $\OML/lmm/m/it/10 L\OT1/lmr
/m/n/10 (\OML/lmm/m/it/10 g[]\OT1/lmr/m/n/10 )[]\OML/lmm/m/it/10 R []\OT1/lmr/m
/n/10 (\OML/lmm/m/it/10 E; K\OT1/lmr/m/n/10 ) \OMS/lmsy/m/n/10 ! \OML/lmm/m/it/
10 R []\OT1/lmr/m/n/10 (\OML/lmm/m/it/10 L\OT1/lmr/m/n/10 (\OML/lmm/m/it/10 g[]
\OT1/lmr/m/n/10 )[]\OML/lmm/m/it/10 E; K[]\OT1/lmr/m/n/10 )$\T1/lmr/m/it/10 . 
 []


LaTeX Warning: Reference `cohomology-lemma-pseudo-coherent-pullback' on page 65
 undefined on input line 6641.


LaTeX Warning: Reference `cohomology-lemma-perfect-pullback' on page 65 undefin
ed on input line 6642.


LaTeX Warning: Reference `more-algebra-lemma-triple-tensor-product' on page 65 
undefined on input line 6646.

[65]

LaTeX Warning: Reference `cohomology-remark-prepare-fancy-base-change' on page 
66 undefined on input line 6653.

<xymatrix 2x2 182> <xymatrix 2x2 182> [66]

LaTeX Warning: Reference `cohomology-lemma-perfect' on page 67 undefined on inp
ut line 6789.


LaTeX Warning: Reference `coherent-lemma-union-closed-proper-over-base' on page
 67 undefined on input line 6797.


LaTeX Warning: Reference `morphisms-lemma-finite-type-Noetherian-quasi-separate
d' on page 67 undefined on input line 6803.


LaTeX Warning: Reference `cohomology-lemma-variant-derived-pullback' on page 67
 undefined on input line 6812.

[67]

LaTeX Warning: Reference `cohomology-lemma-dual-perfect-complex' on page 68 und
efined on input line 6857.


LaTeX Warning: Reference `more-morphisms-lemma-perfect-proper-perfect-direct-im
age' on page 68 undefined on input line 6869.


LaTeX Warning: Reference `cohomology-lemma-variant-derived-pullback' on page 68
 undefined on input line 6934.

[68]

LaTeX Warning: Reference `cohomology-lemma-before-Leray' on page 69 undefined o
n input line 6954.

<xymatrix 2x2 168> <xymatrix 2x2 168> [69]

LaTeX Warning: Reference `derived-lemma-negative-exts' on page 70 undefined on 
input line 7123.


LaTeX Warning: Reference `cohomology-lemma-dual-perfect-complex' on page 70 und
efined on input line 7137.

[70] <xymatrix 3x2 124> <xymatrix 2x2 182> [71]

LaTeX Warning: Reference `coherent-lemma-induction-principle' on page 72 undefi
ned on input line 7260.


LaTeX Warning: Reference `cohomology-lemma-mayer-vietoris-hom' on page 72 undef
ined on input line 7263.


LaTeX Warning: Reference `more-algebra-lemma-tor-amplitude' on page 72 undefine
d on input line 7301.


LaTeX Warning: Reference `coherent-lemma-induction-principle' on page 72 undefi
ned on input line 7333.

[72]

LaTeX Warning: Reference `cohomology-lemma-glue' on page 73 undefined on input 
line 7359.


LaTeX Warning: Reference `more-algebra-lemma-colimit-perfect-complexes' on page
 73 undefined on input line 7377.


LaTeX Warning: Reference `limits-lemma-descend-finite-presentation' on page 73 
undefined on input line 7421.


LaTeX Warning: Reference `limits-lemma-descend-modules-finite-presentation' on 
page 73 undefined on input line 7424.


LaTeX Warning: Reference `limits-lemma-descend-module-flat-finite-presentation'
 on page 73 undefined on input line 7429.


LaTeX Warning: Reference `limits-lemma-eventually-proper-support' on page 73 un
defined on input line 7432.


LaTeX Warning: Reference `coherent-lemma-module-support-proper-over-base' on pa
ge 73 undefined on input line 7434.

[73]

LaTeX Warning: Reference `more-morphisms-definition-relative-pseudo-coherence' 
on page 74 undefined on input line 7557.

[74]

LaTeX Warning: Reference `cohomology-section-global-RHom' on page 75 undefined 
on input line 7598.


LaTeX Warning: Reference `cohomology-lemma-dual-perfect-complex' on page 75 und
efined on input line 7605.


LaTeX Warning: Reference `more-algebra-lemma-pseudo-coherent-tensor-limit' on p
age 75 undefined on input line 7616.


LaTeX Warning: Reference `limits-lemma-descend-finite-presentation' on page 75 
undefined on input line 7650.


LaTeX Warning: Reference `limits-lemma-descend-modules-finite-presentation' on 
page 75 undefined on input line 7653.


LaTeX Warning: Reference `limits-lemma-descend-module-flat-finite-presentation'
 on page 75 undefined on input line 7658.


LaTeX Warning: Reference `limits-lemma-eventually-proper-support' on page 75 un
defined on input line 7661.


LaTeX Warning: Reference `coherent-lemma-module-support-proper-over-base' on pa
ge 75 undefined on input line 7663.

[75] <xymatrix 2x2 182>

LaTeX Warning: Reference `more-algebra-lemma-lift-perfect-from-residue-field' o
n page 76 undefined on input line 7734.


LaTeX Warning: Reference `cohomology-lemma-perfect-on-locally-ringed' on page 7
6 undefined on input line 7757.

[76]

LaTeX Warning: Reference `cohomology-lemma-perfect-on-locally-ringed' on page 7
7 undefined on input line 7791.


LaTeX Warning: Reference `more-algebra-lemma-lift-perfect-from-residue-field' o
n page 77 undefined on input line 7826.

[77]

LaTeX Warning: Reference `more-algebra-lemma-lift-perfect-from-residue-field' o
n page 78 undefined on input line 7891.


LaTeX Warning: Reference `more-algebra-lemma-coker-injective-free' on page 78 u
ndefined on input line 7907.

[78] <xymatrix 2x2 182>

LaTeX Warning: Reference `more-algebra-lemma-perfect' on page 79 undefined on i
nput line 8037.


LaTeX Warning: Reference `algebra-lemma-finite-projective' on page 79 undefined
 on input line 8039.


LaTeX Warning: Reference `more-algebra-lemma-better-cut-complex-in-two' on page
 79 undefined on input line 8080.


LaTeX Warning: Reference `more-algebra-lemma-perfect' on page 79 undefined on i
nput line 8088.


LaTeX Warning: Reference `algebra-lemma-finite-projective' on page 79 undefined
 on input line 8090.


LaTeX Warning: Reference `algebra-lemma-cokernel-flat' on page 79 undefined on 
input line 8093.

[79]

LaTeX Warning: Reference `varieties-lemma-proper-geometrically-reduced-global-s
ections' on page 80 undefined on input line 8112.


LaTeX Warning: Reference `coherent-lemma-formal-functions-stalk' on page 80 und
efined on input line 8133.


LaTeX Warning: Reference `algebra-lemma-hathat-finitely-generated' on page 80 u
ndefined on input line 8154.


LaTeX Warning: Reference `limits-lemma-proper-limit-of-proper-finite-presentati
on-noetherian' on page 80 undefined on input line 8164.


LaTeX Warning: Reference `limits-lemma-inverse-limit-irreducibles' on page 80 u
ndefined on input line 8168.


LaTeX Warning: Reference `categories-lemma-colimits-commute' on page 80 undefin
ed on input line 8171.


LaTeX Warning: Reference `limits-lemma-descend-section' on page 80 undefined on
 input line 8174.

[80]

LaTeX Warning: Reference `more-algebra-lemma-perfect' on page 81 undefined on i
nput line 8218.


LaTeX Warning: Reference `algebra-lemma-finite-projective' on page 81 undefined
 on input line 8220.


LaTeX Warning: Reference `varieties-lemma-proper-geometrically-reduced-global-s
ections' on page 81 undefined on input line 8225.


LaTeX Warning: Reference `morphisms-lemma-set-points-where-fibres-etale' on pag
e 81 undefined on input line 8229.


LaTeX Warning: Reference `more-algebra-lemma-better-cut-complex-in-two' on page
 81 undefined on input line 8243.


LaTeX Warning: Reference `algebra-lemma-flat-local-given-residue-field' on page
 81 undefined on input line 8246.


LaTeX Warning: Reference `coherent-lemma-flat-base-change-cohomology' on page 8
1 undefined on input line 8248.


LaTeX Warning: Reference `varieties-lemma-proper-geometrically-reduced-global-s
ections' on page 81 undefined on input line 8259.


LaTeX Warning: Reference `more-algebra-lemma-coherent-pseudo-coherent' on page 
81 undefined on input line 8286.


LaTeX Warning: Reference `more-algebra-lemma-perfect' on page 81 undefined on i
nput line 8287.


LaTeX Warning: Reference `cohomology-lemma-dual-perfect-complex' on page 81 und
efined on input line 8305.


LaTeX Warning: Reference `coherent-lemma-induction-principle' on page 81 undefi
ned on input line 8309.

[81]

LaTeX Warning: Reference `more-algebra-definition-perfect' on page 82 undefined
 on input line 8318.


LaTeX Warning: Reference `cohomology-lemma-unbounded-mayer-vietoris' on page 82
 undefined on input line 8336.


LaTeX Warning: Reference `derived-lemma-cohomology-of-hocolim' on page 82 undef
ined on input line 8356.


LaTeX Warning: Reference `dga-lemma-countable' on page 82 undefined on input li
ne 8386.

[82]

LaTeX Warning: Reference `cohomology-lemma-dual-perfect-complex' on page 83 und
efined on input line 8428.


LaTeX Warning: Reference `limits-lemma-descend-finite-presentation' on page 83 
undefined on input line 8432.


LaTeX Warning: Reference `limits-lemma-descend-flat-finite-presentation' on pag
e 83 undefined on input line 8437.


LaTeX Warning: Reference `more-morphisms-section-characterize-pseudo-coherent' 
on page 83 undefined on input line 8467.


LaTeX Warning: Reference `more-algebra-lemma-finite-cohomology' on page 83 unde
fined on input line 8482.

<xymatrix 4x2 279> [83] <xymatrix 7x2 589>

LaTeX Warning: Reference `derived-definition-cone' on page 84 undefined on inpu
t line 8509.


LaTeX Warning: Reference `more-algebra-lemma-cone-pseudo-coherent' on page 84 u
ndefined on input line 8514.


LaTeX Warning: Reference `more-algebra-lemma-finite-cohomology' on page 84 unde
fined on input line 8517.

<xymatrix 5x2 410> <xymatrix 4x2 381>

LaTeX Warning: Reference `cohomology-section-global-RHom' on page 84 undefined 
on input line 8583.


LaTeX Warning: Reference `cohomology-lemma-dual-perfect-complex' on page 84 und
efined on input line 8585.

[84]

LaTeX Warning: Reference `cohomology-lemma-tensor-pseudo-coherent' on page 85 u
ndefined on input line 8594.


LaTeX Warning: Reference `dga-lemma-upgrade-tensor-with-complex-derived' on pag
e 85 undefined on input line 8614.


LaTeX Warning: Reference `dga-section-P-resolutions' on page 85 undefined on in
put line 8637.


LaTeX Warning: Reference `dga-lemma-tensor-with-complex-derived' on page 85 und
efined on input line 8641.

[85]

LaTeX Warning: Reference `cohomology-definition-pseudo-coherent' on page 86 und
efined on input line 8708.


LaTeX Warning: Reference `cohomology-definition-tor-amplitude' on page 86 undef
ined on input line 8711.


LaTeX Warning: Reference `more-algebra-section-relatively-perfect' on page 86 u
ndefined on input line 8729.


LaTeX Warning: Reference `more-algebra-definition-relatively-perfect' on page 8
6 undefined on input line 8762.


LaTeX Warning: Reference `derived-definition-saturated' on page 86 undefined on
 input line 8778.


LaTeX Warning: Reference `cohomology-lemma-cone-pseudo-coherent' on page 86 und
efined on input line 8783.


LaTeX Warning: Reference `cohomology-lemma-summands-pseudo-coherent' on page 86
 undefined on input line 8784.


LaTeX Warning: Reference `cohomology-lemma-cone-tor-amplitude' on page 86 undef
ined on input line 8785.


LaTeX Warning: Reference `cohomology-lemma-summands-tor-amplitude' on page 86 u
ndefined on input line 8786.


LaTeX Warning: Reference `more-algebra-lemma-perfect-relatively-perfect' on pag
e 86 undefined on input line 8801.

[86]

LaTeX Warning: Reference `more-algebra-lemma-base-change-relatively-perfect' on
 page 87 undefined on input line 8818.


LaTeX Warning: Reference `cohomology-lemma-pseudo-coherent-pullback' on page 87
 undefined on input line 8822.


LaTeX Warning: Reference `cohomology-lemma-mayer-vietoris-hom' on page 87 undef
ined on input line 8868.


LaTeX Warning: Reference `coherent-lemma-induction-principle' on page 87 undefi
ned on input line 8874.


LaTeX Warning: Reference `more-algebra-lemma-colimit-relatively-perfect' on pag
e 87 undefined on input line 8885.


LaTeX Warning: Reference `more-algebra-lemma-colimit-relatively-perfect' on pag
e 87 undefined on input line 8897.

[87]

LaTeX Warning: Reference `cohomology-lemma-glue' on page 88 undefined on input 
line 8949.


LaTeX Warning: Reference `coherent-lemma-induction-principle' on page 88 undefi
ned on input line 8960.


LaTeX Warning: Reference `more-algebra-lemma-colimit-relatively-perfect' on pag
e 88 undefined on input line 8965.


LaTeX Warning: Reference `limits-lemma-descend-finite-presentation' on page 88 
undefined on input line 8987.


LaTeX Warning: Reference `limits-lemma-eventually-proper' on page 88 undefined 
on input line 8990.


LaTeX Warning: Reference `limits-lemma-descend-flat-finite-presentation' on pag
e 88 undefined on input line 8991.

[88] <xymatrix 2x2 182>

LaTeX Warning: Reference `cohomology-lemma-dual-perfect-complex' on page 89 und
efined on input line 9040.


LaTeX Warning: Reference `more-algebra-lemma-lift-perfect-from-residue-field' o
n page 89 undefined on input line 9086.


LaTeX Warning: Reference `cohomology-lemma-colim-and-lim-of-duals' on page 89 u
ndefined on input line 9103.

[89]

LaTeX Warning: Reference `more-algebra-lemma-bounded-on-fibres-relatively-perfe
ct' on page 90 undefined on input line 9158.


LaTeX Warning: Reference `more-algebra-lemma-structure-relatively-perfect' on p
age 90 undefined on input line 9167.


LaTeX Warning: Reference `more-morphisms-definition-relative-pseudo-coherence' 
on page 90 undefined on input line 9182.


LaTeX Warning: Reference `cohomology-definition-tor-amplitude' on page 90 undef
ined on input line 9185.

[90]

LaTeX Warning: Reference `properties-lemma-finite-directed-colimit-surjective-m
aps' on page 91 undefined on input line 9229.


LaTeX Warning: Reference `coherent-lemma-coherent-Noetherian' on page 91 undefi
ned on input line 9232.


LaTeX Warning: Reference `properties-proposition-characterize-ample' on page 91
 undefined on input line 9242.


LaTeX Warning: Reference `properties-proposition-characterize-ample' on page 91
 undefined on input line 9260.


LaTeX Warning: Reference `properties-lemma-quasi-coherent-colimit-finite-type' 
on page 91 undefined on input line 9280.


LaTeX Warning: Reference `morphisms-lemma-quasi-affine-O-ample' on page 91 unde
fined on input line 9297.


LaTeX Warning: Reference `coherent-lemma-relative-affine-vanishing' on page 91 
undefined on input line 9319.

[91]

LaTeX Warning: Reference `algebra-lemma-finite-projective' on page 92 undefined
 on input line 9345.


LaTeX Warning: Reference `algebra-lemma-finite-finitely-presented-extension' on
 page 92 undefined on input line 9345.


LaTeX Warning: Reference `algebra-lemma-composition-flat' on page 92 undefined 
on input line 9345.


LaTeX Warning: Reference `algebra-lemma-finite-projective' on page 92 undefined
 on input line 9345.


LaTeX Warning: Reference `properties-lemma-quasi-coherent-finite-type-ideals' o
n page 92 undefined on input line 9372.


LaTeX Warning: Reference `schemes-lemma-characterize-quasi-separated' on page 9
2 undefined on input line 9374.


LaTeX Warning: Reference `limits-proposition-approximate' on page 92 undefined 
on input line 9375.


LaTeX Warning: Reference `limits-lemma-descend-invertible-modules' on page 92 u
ndefined on input line 9380.


LaTeX Warning: Reference `limits-lemma-descend-modules-finite-presentation' on 
page 92 undefined on input line 9384.


LaTeX Warning: Reference `limits-lemma-limit-affine' on page 92 undefined on in
put line 9390.


LaTeX Warning: Reference `coherent-lemma-homs-over-open' on page 92 undefined o
n input line 9401.


LaTeX Warning: Reference `morphisms-definition-family-ample-invertible-modules'
 on page 92 undefined on input line 9415.

[92]

LaTeX Warning: Reference `divisors-lemma-regular-ample-family' on page 93 undef
ined on input line 9439.


LaTeX Warning: Reference `properties-lemma-quasi-coherent-finite-type-ideals' o
n page 93 undefined on input line 9460.


LaTeX Warning: Reference `limits-lemma-descend-invertible-modules' on page 93 u
ndefined on input line 9467.


LaTeX Warning: Reference `limits-lemma-descend-modules-finite-presentation' on 
page 93 undefined on input line 9468.


LaTeX Warning: Reference `limits-lemma-descend-modules-finite-presentation' on 
page 93 undefined on input line 9479.


LaTeX Warning: Reference `limits-proposition-approximate' on page 93 undefined 
on input line 9497.


LaTeX Warning: Reference `schemes-section-fibre-products' on page 93 undefined 
on input line 9503.


LaTeX Warning: Reference `morphisms-lemma-characterize-affine' on page 93 undef
ined on input line 9507.


LaTeX Warning: Reference `coherent-lemma-criterion-affine-morphism' on page 93 
undefined on input line 9510.


LaTeX Warning: Reference `properties-lemma-quasi-coherent-colimit-finite-type' 
on page 93 undefined on input line 9531.

[93]

LaTeX Warning: Reference `coherent-lemma-quasi-coherent-affine-cohomology-zero'
 on page 94 undefined on input line 9554.


LaTeX Warning: Reference `cohomology-lemma-dual-perfect-complex' on page 94 und
efined on input line 9557.


LaTeX Warning: Reference `cohomology-lemma-perfect' on page 94 undefined on inp
ut line 9587.


LaTeX Warning: Reference `cohomology-lemma-perfect' on page 94 undefined on inp
ut line 9603.


LaTeX Warning: Reference `cohomology-lemma-finite-cohomology' on page 94 undefi
ned on input line 9604.


LaTeX Warning: Reference `properties-lemma-finite-locally-free' on page 94 unde
fined on input line 9605.


LaTeX Warning: Reference `cohomology-lemma-perfect' on page 94 undefined on inp
ut line 9618.


LaTeX Warning: Reference `cohomology-lemma-finite-cohomology' on page 94 undefi
ned on input line 9619.


LaTeX Warning: Reference `properties-lemma-quasi-coherent-colimit-finite-type' 
on page 94 undefined on input line 9629.


LaTeX Warning: Reference `derived-definition-cone' on page 94 undefined on inpu
t line 9638.


LaTeX Warning: Reference `cohomology-lemma-cone-tor-amplitude' on page 94 undef
ined on input line 9641.

[94] <xymatrix 5x2 416> [95]

LaTeX Warning: Reference `derived-section-homotopy' on page 96 undefined on inp
ut line 9781.


LaTeX Warning: Reference `derived-definition-triangulated-subcategory' on page 
96 undefined on input line 9801.


LaTeX Warning: Reference `derived-definition-saturated' on page 96 undefined on
 input line 9803.


LaTeX Warning: Reference `derived-definition-localization' on page 96 undefined
 on input line 9805.


LaTeX Warning: Reference `categories-definition-saturated-multiplicative-system
' on page 96 undefined on input line 9808.


LaTeX Warning: Reference `cohomology-lemma-two-out-of-three-perfect' on page 96
 undefined on input line 9812.


LaTeX Warning: Reference `cohomology-lemma-summands-perfect' on page 96 undefin
ed on input line 9813.


LaTeX Warning: Reference `derived-lemma-bounded-triangulated-subcategories' on 
page 96 undefined on input line 9816.


LaTeX Warning: Reference `derived-lemma-triangle-functor-localize' on page 96 u
ndefined on input line 9823.


LaTeX Warning: Reference `derived-proposition-construct-localization' on page 9
6 undefined on input line 9827.


LaTeX Warning: Reference `derived-lemma-universal-property-localization' on pag
e 96 undefined on input line 9831.


LaTeX Warning: Reference `derived-lemma-exact-equivalence' on page 96 undefined
 on input line 9839.


LaTeX Warning: Reference `algebra-section-K-groups' on page 96 undefined on inp
ut line 9853.


LaTeX Warning: Reference `homology-section-K-groups' on page 96 undefined on in
put line 9854.


LaTeX Warning: Reference `derived-section-K-groups' on page 96 undefined on inp
ut line 9855.


LaTeX Warning: Reference `more-algebra-lemma-perfect-to-K-group-universal' on p
age 96 undefined on input line 9856.


LaTeX Warning: Reference `algebra-section-K-groups' on page 96 undefined on inp
ut line 9859.


LaTeX Warning: Reference `derived-lemma-K-bounded-derived' on page 96 undefined
 on input line 9876.


LaTeX Warning: Reference `derived-lemma-DBA-map-K' on page 96 undefined on inpu
t line 9879.


Overfull \hbox (10.23083pt too wide) in paragraph at lines 9875--9885
[]\T1/lmr/m/n/10 The first equal-ity is De-rived Cat-e-gories, Lemma []. We hav
e $\OML/lmm/m/it/10 K[]\OT1/lmr/m/n/10 ([](\OMS/lmsy/m/n/10 O[]\OT1/lmr/m/n/10 
)) =
 []

[96]

LaTeX Warning: Reference `algebra-section-K-groups' on page 97 undefined on inp
ut line 9925.


LaTeX Warning: Reference `more-algebra-lemma-perfect-to-K-group-universal' on p
age 97 undefined on input line 9928.


LaTeX Warning: Reference `coherent-lemma-coherent-Noetherian' on page 97 undefi
ned on input line 9938.


LaTeX Warning: Reference `derived-lemma-map-K' on page 97 undefined on input li
ne 9956.


LaTeX Warning: Reference `injectives-remark-embed-exact-category' on page 97 un
defined on input line 9979.

[97]

LaTeX Warning: Reference `derived-section-canonical-delta-functor' on page 98 u
ndefined on input line 10005.

[98]

LaTeX Warning: Reference `derived-definition-cone' on page 99 undefined on inpu
t line 10092.


LaTeX Warning: Reference `derived-section-canonical-delta-functor' on page 99 u
ndefined on input line 10095.


LaTeX Warning: Reference `homology-section-truncations' on page 99 undefined on
 input line 10122.


LaTeX Warning: Reference `derived-lemma-bilinear-map-K' on page 99 undefined on
 input line 10148.


Overfull \hbox (3.81332pt too wide) in paragraph at lines 10155--10160
\T1/lmr/m/n/10 If $[]\OT1/lmr/m/n/10 (\OML/lmm/m/it/10 X\OT1/lmr/m/n/10 )$ \T1/
lmr/m/n/10 and $\OML/lmm/m/it/10 K[]\OT1/lmr/m/n/10 ([](\OML/lmm/m/it/10 X\OT1/
lmr/m/n/10 ))$ \T1/lmr/m/n/10 are as above, then it is clearly the case that $\
OML/lmm/m/it/10 K[]\OT1/lmr/m/n/10 ([](\OML/lmm/m/it/10 X\OT1/lmr/m/n/10 ))$
 []

[99]

LaTeX Warning: Reference `derived-lemma-bilinear-map-K' on page 100 undefined o
n input line 10180.


LaTeX Warning: Reference `coherent-proposition-proper-pushforward-coherent' on 
page 100 undefined on input line 10202.


Overfull \hbox (4.89476pt too wide) in paragraph at lines 10199--10207
\T1/lmr/m/n/10 This is well de-fined be-cause the sheaves $\OML/lmm/m/it/10 R[]
f[]\OMS/lmsy/m/n/10 F$ \T1/lmr/m/n/10 are co-her-ent (Co-ho-mol-ogy of Schemes,

 []


LaTeX Warning: Reference `more-algebra-section-determinants-complexes' on page 
100 undefined on input line 10261.

[100]

LaTeX Warning: Reference `more-algebra-section-determinants-complexes' on page 
101 undefined on input line 10315.


LaTeX Warning: Reference `more-algebra-lemma-determinant-two-term-complexes' on
 page 101 undefined on input line 10326.


Overfull \hbox (38.70108pt too wide) detected at line 10396
\OML/lmm/m/it/10 K[]\OT1/lmr/m/n/10 (\OML/lmm/m/it/10 f[]; [] ; f[]; [] ; f[]\O
T1/lmr/m/n/10 ) \OMS/lmsy/m/n/10 ! \OML/lmm/m/it/10 K[]\OT1/lmr/m/n/10 (\OML/lm
m/m/it/10 f[]; [] ; f[]; [] ; f[]\OT1/lmr/m/n/10 ) \OMS/lmsy/m/n/10 ! \OML/lmm/
m/it/10 K[]\OT1/lmr/m/n/10 (\OML/lmm/m/it/10 f[]; [] ; f[]; [] ; f[]\OT1/lmr/m/
n/10 ) \OMS/lmsy/m/n/10 ! []
 []

[101]

LaTeX Warning: Reference `more-algebra-lemma-koszul-mult' on page 102 undefined
 on input line 10398.


Overfull \hbox (11.77107pt too wide) in paragraph at lines 10396--10409
\T1/lmr/m/n/10 of Koszul com-plexes, see More on Al-ge-bra, Lemma []. Hence $[]
[]\OT1/lmr/m/n/10 (\OML/lmm/m/it/10 K\OT1/lmr/m/n/10 [\OMS/lmsy/m/n/10 ^^@\OML/
lmm/m/it/10 n\OT1/lmr/m/n/10 ]\OML/lmm/m/it/10 ; N\OT1/lmr/m/n/10 ) =
 []


Overfull \hbox (38.70108pt too wide) detected at line 10441
\OML/lmm/m/it/10 K[]\OT1/lmr/m/n/10 (\OML/lmm/m/it/10 f[]; [] ; f[]; [] ; f[]\O
T1/lmr/m/n/10 ) \OMS/lmsy/m/n/10 ! \OML/lmm/m/it/10 K[]\OT1/lmr/m/n/10 (\OML/lm
m/m/it/10 f[]; [] ; f[]; [] ; f[]\OT1/lmr/m/n/10 ) \OMS/lmsy/m/n/10 ! \OML/lmm/
m/it/10 K[]\OT1/lmr/m/n/10 (\OML/lmm/m/it/10 f[]; [] ; f[]; [] ; f[]\OT1/lmr/m/
n/10 ) \OMS/lmsy/m/n/10 ! []
 []


LaTeX Warning: Reference `more-algebra-lemma-koszul-mult' on page 102 undefined
 on input line 10443.


Overfull \hbox (11.77107pt too wide) in paragraph at lines 10441--10453
\T1/lmr/m/n/10 of Koszul com-plexes, see More on Al-ge-bra, Lemma []. Hence $[]
[]\OT1/lmr/m/n/10 (\OML/lmm/m/it/10 K\OT1/lmr/m/n/10 [\OMS/lmsy/m/n/10 ^^@\OML/
lmm/m/it/10 n\OT1/lmr/m/n/10 ]\OML/lmm/m/it/10 ; N\OT1/lmr/m/n/10 ) =
 []

[102]

LaTeX Warning: Reference `cohomology-section-global-RHom' on page 103 undefined
 on input line 10533.


LaTeX Warning: Reference `cohomology-lemma-dual-perfect-complex' on page 103 un
defined on input line 10537.


LaTeX Warning: Reference `derived-remark-check-on-generator' on page 103 undefi
ned on input line 10550.


LaTeX Warning: Reference `coherent-lemma-induction-principle' on page 103 undef
ined on input line 10559.

[103]

LaTeX Warning: Reference `cohomology-lemma-pushforward-restriction' on page 104
 undefined on input line 10584.


LaTeX Warning: Reference `cohomology-lemma-pushforward-perfect' on page 104 und
efined on input line 10585.


LaTeX Warning: Reference `cohomology-section-global-RHom' on page 104 undefined
 on input line 10651.


LaTeX Warning: Reference `cohomology-lemma-dual-perfect-complex' on page 104 un
defined on input line 10655.


LaTeX Warning: Reference `derived-remark-check-on-generator' on page 104 undefi
ned on input line 10668.


LaTeX Warning: Reference `coherent-lemma-induction-principle' on page 104 undef
ined on input line 10677.

[104]

LaTeX Warning: Reference `cohomology-lemma-pushforward-restriction' on page 105
 undefined on input line 10702.


LaTeX Warning: Reference `cohomology-lemma-pushforward-perfect' on page 105 und
efined on input line 10703.


LaTeX Warning: Reference `cohomology-section-derived-functors' on page 105 unde
fined on input line 10730.


LaTeX Warning: Reference `topologies-definition-big-small-Zariski' on page 105 
undefined on input line 10751.


LaTeX Warning: Reference `topologies-lemma-alternative-zariski' on page 105 und
efined on input line 10754.


LaTeX Warning: Reference `descent-equation-alternative-small-ringed' on page 10
5 undefined on input line 10762.


LaTeX Warning: Reference `descent-section-alternative-quasi-coherent' on page 1
05 undefined on input line 10764.

[105]

LaTeX Warning: Reference `sites-cohomology-section-compare' on page 106 undefin
ed on input line 10779.


LaTeX Warning: Reference `sites-cohomology-section-modules-cohomology' on page 
106 undefined on input line 10782.


LaTeX Warning: Reference `sites-cohomology-lemma-cartesian-flat-quasi-coherent'
 on page 106 undefined on input line 10802.


LaTeX Warning: Reference `descent-remark-Zariski-site-space' on page 106 undefi
ned on input line 10808.


LaTeX Warning: Reference `descent-proposition-equivalence-quasi-coherent' on pa
ge 106 undefined on input line 10810.


LaTeX Warning: Reference `sites-modules-lemma-special-locally-free' on page 106
 undefined on input line 10820.


LaTeX Warning: Reference `sites-cohomology-lemma-compare-topologies-derived-ade
quate-modules' on page 106 undefined on input line 10828.


LaTeX Warning: Reference `descent-lemma-quasi-coherent-alternative-small' on pa
ge 106 undefined on input line 10836.


LaTeX Warning: Reference `sites-modules-lemma-chaotic-quasi-coherent' on page 1
06 undefined on input line 10840.


LaTeX Warning: Reference `sites-cohomology-lemma-compare-topologies-derived-ade
quate-modules' on page 106 undefined on input line 10844.


LaTeX Warning: Reference `schemes-section-quasi-coherent' on page 106 undefined
 on input line 10860.


LaTeX Warning: Reference `coherent-lemma-quasi-coherent-affine-cohomology-zero'
 on page 106 undefined on input line 10869.

[106]

LaTeX Warning: Reference `stacks-sheaves-proposition-QC-compare' on page 107 un
defined on input line 10879.

(chapters.tex

LaTeX Warning: Hyper reference `introduction-section-phantom' on page 107 undef
ined on input line 5.


LaTeX Warning: Hyper reference `conventions-section-phantom' on page 107 undefi
ned on input line 6.


LaTeX Warning: Hyper reference `sets-section-phantom' on page 107 undefined on 
input line 7.


LaTeX Warning: Hyper reference `categories-section-phantom' on page 107 undefin
ed on input line 8.


LaTeX Warning: Hyper reference `topology-section-phantom' on page 107 undefined
 on input line 9.


LaTeX Warning: Hyper reference `sheaves-section-phantom' on page 107 undefined 
on input line 10.


LaTeX Warning: Hyper reference `sites-section-phantom' on page 107 undefined on
 input line 11.


LaTeX Warning: Hyper reference `stacks-section-phantom' on page 107 undefined o
n input line 12.


LaTeX Warning: Hyper reference `fields-section-phantom' on page 107 undefined o
n input line 13.


LaTeX Warning: Hyper reference `algebra-section-phantom' on page 107 undefined 
on input line 14.


LaTeX Warning: Hyper reference `brauer-section-phantom' on page 107 undefined o
n input line 15.


LaTeX Warning: Hyper reference `homology-section-phantom' on page 107 undefined
 on input line 16.


LaTeX Warning: Hyper reference `derived-section-phantom' on page 107 undefined 
on input line 17.


LaTeX Warning: Hyper reference `simplicial-section-phantom' on page 107 undefin
ed on input line 18.


LaTeX Warning: Hyper reference `more-algebra-section-phantom' on page 107 undef
ined on input line 19.


LaTeX Warning: Hyper reference `smoothing-section-phantom' on page 107 undefine
d on input line 20.


LaTeX Warning: Hyper reference `modules-section-phantom' on page 107 undefined 
on input line 21.


LaTeX Warning: Hyper reference `sites-modules-section-phantom' on page 107 unde
fined on input line 22.


LaTeX Warning: Hyper reference `injectives-section-phantom' on page 107 undefin
ed on input line 23.


LaTeX Warning: Hyper reference `cohomology-section-phantom' on page 107 undefin
ed on input line 24.


LaTeX Warning: Hyper reference `sites-cohomology-section-phantom' on page 107 u
ndefined on input line 25.


LaTeX Warning: Hyper reference `dga-section-phantom' on page 107 undefined on i
nput line 26.


LaTeX Warning: Hyper reference `dpa-section-phantom' on page 107 undefined on i
nput line 27.


LaTeX Warning: Hyper reference `sdga-section-phantom' on page 107 undefined on 
input line 28.


LaTeX Warning: Hyper reference `hypercovering-section-phantom' on page 107 unde
fined on input line 29.


LaTeX Warning: Hyper reference `schemes-section-phantom' on page 107 undefined 
on input line 34.


LaTeX Warning: Hyper reference `constructions-section-phantom' on page 107 unde
fined on input line 35.


LaTeX Warning: Hyper reference `properties-section-phantom' on page 107 undefin
ed on input line 36.


LaTeX Warning: Hyper reference `morphisms-section-phantom' on page 107 undefine
d on input line 37.


LaTeX Warning: Hyper reference `coherent-section-phantom' on page 107 undefined
 on input line 38.


LaTeX Warning: Hyper reference `divisors-section-phantom' on page 107 undefined
 on input line 39.


LaTeX Warning: Hyper reference `limits-section-phantom' on page 107 undefined o
n input line 40.


LaTeX Warning: Hyper reference `varieties-section-phantom' on page 107 undefine
d on input line 41.


LaTeX Warning: Hyper reference `topologies-section-phantom' on page 107 undefin
ed on input line 42.


LaTeX Warning: Hyper reference `descent-section-phantom' on page 107 undefined 
on input line 43.


LaTeX Warning: Hyper reference `more-morphisms-section-phantom' on page 107 und
efined on input line 45.


LaTeX Warning: Hyper reference `flat-section-phantom' on page 107 undefined on 
input line 46.


LaTeX Warning: Hyper reference `groupoids-section-phantom' on page 107 undefine
d on input line 47.


LaTeX Warning: Hyper reference `more-groupoids-section-phantom' on page 107 und
efined on input line 48.


LaTeX Warning: Hyper reference `etale-section-phantom' on page 107 undefined on
 input line 49.


LaTeX Warning: Hyper reference `chow-section-phantom' on page 107 undefined on 
input line 54.


LaTeX Warning: Hyper reference `intersection-section-phantom' on page 107 undef
ined on input line 55.


LaTeX Warning: Hyper reference `pic-section-phantom' on page 107 undefined on i
nput line 56.


LaTeX Warning: Hyper reference `weil-section-phantom' on page 107 undefined on 
input line 57.


LaTeX Warning: Hyper reference `adequate-section-phantom' on page 107 undefined
 on input line 58.


LaTeX Warning: Hyper reference `dualizing-section-phantom' on page 107 undefine
d on input line 59.


LaTeX Warning: Hyper reference `duality-section-phantom' on page 107 undefined 
on input line 60.


LaTeX Warning: Hyper reference `discriminant-section-phantom' on page 107 undef
ined on input line 61.


LaTeX Warning: Hyper reference `derham-section-phantom' on page 107 undefined o
n input line 62.


LaTeX Warning: Hyper reference `local-cohomology-section-phantom' on page 107 u
ndefined on input line 63.


LaTeX Warning: Hyper reference `algebraization-section-phantom' on page 107 und
efined on input line 64.


LaTeX Warning: Hyper reference `curves-section-phantom' on page 107 undefined o
n input line 65.


LaTeX Warning: Hyper reference `resolve-section-phantom' on page 107 undefined 
on input line 66.


LaTeX Warning: Hyper reference `models-section-phantom' on page 107 undefined o
n input line 67.


LaTeX Warning: Hyper reference `functors-section-phantom' on page 107 undefined
 on input line 68.


LaTeX Warning: Hyper reference `equiv-section-phantom' on page 107 undefined on
 input line 69.


LaTeX Warning: Hyper reference `pione-section-phantom' on page 107 undefined on
 input line 70.


LaTeX Warning: Hyper reference `etale-cohomology-section-phantom' on page 107 u
ndefined on input line 71.


LaTeX Warning: Hyper reference `crystalline-section-phantom' on page 107 undefi
ned on input line 72.


LaTeX Warning: Hyper reference `proetale-section-phantom' on page 107 undefined
 on input line 73.


LaTeX Warning: Hyper reference `relative-cycles-section-phantom' on page 107 un
defined on input line 74.


LaTeX Warning: Hyper reference `more-etale-section-phantom' on page 107 undefin
ed on input line 75.


LaTeX Warning: Hyper reference `trace-section-phantom' on page 107 undefined on
 input line 76.


LaTeX Warning: Hyper reference `spaces-section-phantom' on page 107 undefined o
n input line 81.


LaTeX Warning: Hyper reference `spaces-properties-section-phantom' on page 107 
undefined on input line 82.


LaTeX Warning: Hyper reference `spaces-morphisms-section-phantom' on page 107 u
ndefined on input line 83.


LaTeX Warning: Hyper reference `decent-spaces-section-phantom' on page 107 unde
fined on input line 84.


LaTeX Warning: Hyper reference `spaces-cohomology-section-phantom' on page 107 
undefined on input line 85.


LaTeX Warning: Hyper reference `spaces-limits-section-phantom' on page 107 unde
fined on input line 86.


LaTeX Warning: Hyper reference `spaces-divisors-section-phantom' on page 107 un
defined on input line 87.


LaTeX Warning: Hyper reference `spaces-over-fields-section-phantom' on page 107
 undefined on input line 88.


LaTeX Warning: Hyper reference `spaces-topologies-section-phantom' on page 107 
undefined on input line 89.


LaTeX Warning: Hyper reference `spaces-descent-section-phantom' on page 107 und
efined on input line 90.


LaTeX Warning: Hyper reference `spaces-perfect-section-phantom' on page 107 und
efined on input line 91.


LaTeX Warning: Hyper reference `spaces-more-morphisms-section-phantom' on page 
107 undefined on input line 92.

[107]

LaTeX Warning: Hyper reference `spaces-flat-section-phantom' on page 108 undefi
ned on input line 93.


LaTeX Warning: Hyper reference `spaces-groupoids-section-phantom' on page 108 u
ndefined on input line 94.


LaTeX Warning: Hyper reference `spaces-more-groupoids-section-phantom' on page 
108 undefined on input line 95.


LaTeX Warning: Hyper reference `bootstrap-section-phantom' on page 108 undefine
d on input line 96.


LaTeX Warning: Hyper reference `spaces-pushouts-section-phantom' on page 108 un
defined on input line 97.


LaTeX Warning: Hyper reference `spaces-chow-section-phantom' on page 108 undefi
ned on input line 102.


LaTeX Warning: Hyper reference `groupoids-quotients-section-phantom' on page 10
8 undefined on input line 103.


LaTeX Warning: Hyper reference `spaces-more-cohomology-section-phantom' on page
 108 undefined on input line 104.


LaTeX Warning: Hyper reference `spaces-simplicial-section-phantom' on page 108 
undefined on input line 105.


LaTeX Warning: Hyper reference `spaces-duality-section-phantom' on page 108 und
efined on input line 106.


LaTeX Warning: Hyper reference `formal-spaces-section-phantom' on page 108 unde
fined on input line 107.


LaTeX Warning: Hyper reference `restricted-section-phantom' on page 108 undefin
ed on input line 108.


LaTeX Warning: Hyper reference `spaces-resolve-section-phantom' on page 108 und
efined on input line 109.


LaTeX Warning: Hyper reference `formal-defos-section-phantom' on page 108 undef
ined on input line 114.


LaTeX Warning: Hyper reference `defos-section-phantom' on page 108 undefined on
 input line 115.


LaTeX Warning: Hyper reference `cotangent-section-phantom' on page 108 undefine
d on input line 116.


LaTeX Warning: Hyper reference `examples-defos-section-phantom' on page 108 und
efined on input line 117.


LaTeX Warning: Hyper reference `algebraic-section-phantom' on page 108 undefine
d on input line 122.


LaTeX Warning: Hyper reference `examples-stacks-section-phantom' on page 108 un
defined on input line 123.


LaTeX Warning: Hyper reference `stacks-sheaves-section-phantom' on page 108 und
efined on input line 124.


LaTeX Warning: Hyper reference `criteria-section-phantom' on page 108 undefined
 on input line 125.


LaTeX Warning: Hyper reference `artin-section-phantom' on page 108 undefined on
 input line 126.


LaTeX Warning: Hyper reference `quot-section-phantom' on page 108 undefined on 
input line 127.


LaTeX Warning: Hyper reference `stacks-properties-section-phantom' on page 108 
undefined on input line 128.


LaTeX Warning: Hyper reference `stacks-morphisms-section-phantom' on page 108 u
ndefined on input line 129.


LaTeX Warning: Hyper reference `stacks-limits-section-phantom' on page 108 unde
fined on input line 130.


LaTeX Warning: Hyper reference `stacks-cohomology-section-phantom' on page 108 
undefined on input line 131.


LaTeX Warning: Hyper reference `stacks-perfect-section-phantom' on page 108 und
efined on input line 132.


LaTeX Warning: Hyper reference `stacks-introduction-section-phantom' on page 10
8 undefined on input line 133.


LaTeX Warning: Hyper reference `stacks-more-morphisms-section-phantom' on page 
108 undefined on input line 134.


LaTeX Warning: Hyper reference `stacks-geometry-section-phantom' on page 108 un
defined on input line 135.


LaTeX Warning: Hyper reference `moduli-section-phantom' on page 108 undefined o
n input line 140.


LaTeX Warning: Hyper reference `moduli-curves-section-phantom' on page 108 unde
fined on input line 141.


LaTeX Warning: Hyper reference `examples-section-phantom' on page 108 undefined
 on input line 146.


LaTeX Warning: Hyper reference `exercises-section-phantom' on page 108 undefine
d on input line 147.


LaTeX Warning: Hyper reference `guide-section-phantom' on page 108 undefined on
 input line 148.


LaTeX Warning: Hyper reference `desirables-section-phantom' on page 108 undefin
ed on input line 149.


LaTeX Warning: Hyper reference `coding-section-phantom' on page 108 undefined o
n input line 150.


LaTeX Warning: Hyper reference `obsolete-section-phantom' on page 108 undefined
 on input line 151.


LaTeX Warning: Hyper reference `fdl-section-phantom' on page 108 undefined on i
nput line 152.


LaTeX Warning: Hyper reference `index-section-phantom' on page 108 undefined on
 input line 153.

) (perfect.bbl
Underfull \vbox (badness 5696) has occurred while \output is active []

 [108])
[109] (perfect.aux)
 ***********
LaTeX2e <2025-11-01>
L3 programming layer <2026-03-20>
 ***********


LaTeX Warning: There were undefined references.

Package rerunfilecheck Info: File `perfect.out' has not changed.
(rerunfilecheck)             Checksum: B4B921AD485DD4BE721A08C518E53327;8751.
 ) 
Here is how much of TeX's memory you used:
 15150 strings out of 467691
 246357 string characters out of 5414503
 696128 words of memory out of 5000000
 42865 multiletter control sequences out of 15000+600000
 721439 words of font info for 100 fonts, out of 8000000 for 9000
 1302 hyphenation exceptions out of 8191
 80i,16n,82p,3237b,739s stack positions out of 10000i,1000n,20000p,200000b,200000s
<<USER_ROOT>/AppData/Local/Programs/MiKTeX/fonts/type1/public/amsfonts/eu
ler/eufm10.pfb><<USER_ROOT>/AppData/Local/Programs/MiKTeX/fonts/type1/publi
c/amsfonts/euler/eufm5.pfb><<USER_ROOT>/AppData/Local/Programs/MiKTeX/fonts
/type1/public/amsfonts/euler/eufm7.pfb><<USER_ROOT>/AppData/Local/Programs/
MiKTeX/fonts/type1/public/lm/lmbx10.pfb><<USER_ROOT>/AppData/Local/Programs
/MiKTeX/fonts/type1/public/lm/lmbx5.pfb><<USER_ROOT>/AppData/Local/Programs
/MiKTeX/fonts/type1/public/lm/lmbx7.pfb><<USER_ROOT>/AppData/Local/Programs
/MiKTeX/fonts/type1/public/lm/lmbx8.pfb><<USER_ROOT>/AppData/Local/Programs
/MiKTeX/fonts/type1/public/lm/lmex10.pfb><<USER_ROOT>/AppData/Local/Program
s/MiKTeX/fonts/type1/public/lm/lmmi10.pfb><<USER_ROOT>/AppData/Local/Progra
ms/MiKTeX/fonts/type1/public/lm/lmmi5.pfb><<USER_ROOT>/AppData/Local/Progra
ms/MiKTeX/fonts/type1/public/lm/lmmi6.pfb><<USER_ROOT>/AppData/Local/Progra
ms/MiKTeX/fonts/type1/public/lm/lmmi7.pfb><<USER_ROOT>/AppData/Local/Progra
ms/MiKTeX/fonts/type1/public/lm/lmmi8.pfb><<USER_ROOT>/AppData/Local/Progra
ms/MiKTeX/fonts/type1/public/lm/lmr10.pfb><<USER_ROOT>/AppData/Local/Progra
ms/MiKTeX/fonts/type1/public/lm/lmr5.pfb><<USER_ROOT>/AppData/Local/Program
s/MiKTeX/fonts/type1/public/lm/lmr6.pfb><<USER_ROOT>/AppData/Local/Programs
/MiKTeX/fonts/type1/public/lm/lmr7.pfb><<USER_ROOT>/AppData/Local/Programs/
MiKTeX/fonts/type1/public/lm/lmr8.pfb><<USER_ROOT>/AppData/Local/Programs/M
iKTeX/fonts/type1/public/lm/lmri10.pfb><<USER_ROOT>/AppData/Local/Programs/
MiKTeX/fonts/type1/public/lm/lmri7.pfb><<USER_ROOT>/AppData/Local/Programs/
MiKTeX/fonts/type1/public/lm/lmri8.pfb><<USER_ROOT>/AppData/Local/Programs/
MiKTeX/fonts/type1/public/lm/lmsy10.pfb><<USER_ROOT>/AppData/Local/Programs
/MiKTeX/fonts/type1/public/lm/lmsy5.pfb><<USER_ROOT>/AppData/Local/Programs
/MiKTeX/fonts/type1/public/lm/lmsy7.pfb><<USER_ROOT>/AppData/Local/Programs
/MiKTeX/fonts/type1/public/lm/lmsy8.pfb><<USER_ROOT>/AppData/Local/Programs
/MiKTeX/fonts/type1/public/amsfonts/symbols/msam10.pfb><<USER_ROOT>/AppData
/Local/Programs/MiKTeX/fonts/type1/public/amsfonts/symbols/msbm10.pfb><<USER_ROOT>/AppData/Local/Programs/MiKTeX/fonts/type1/public/xypic/xyatip10.pfb><<USER_ROOT>/AppData/Local/Programs/MiKTeX/fonts/type1/public/xypic/xybtip10.p
fb>
Output written on perfect.pdf (109 pages, 1138721 bytes).
PDF statistics:
 2127 PDF objects out of 2487 (max. 8388607)
 739 named destinations out of 1000 (max. 500000)
 345 words of extra memory for PDF output out of 10000 (max. 10000000)

