id,part,source_file,source_locator,authority_sha256,observation,adverse_evidence,proposed_smallest_correction,status
SETS-001,p01,sets.tex,sets.tex:993,9BCC55E7F11CF36B0665AE549D5BA76BE6A0EDD00F7FCA36A567E367099603F9,"The supremum ranges over S_\tau although only \mathcal{S}_\tau was defined at line 986.","The immediately preceding definition is \mathcal{S}_\tau; plain S_\tau is otherwise undefined in this argument.","Replace S_\tau by \mathcal{S}_\tau.",suspected
SETS-002,p01,sets.tex,sets.tex:1088,9BCC55E7F11CF36B0665AE549D5BA76BE6A0EDD00F7FCA36A567E367099603F9,"The base-change bound uses f(\beta + 1) although no bare \beta is fixed in this paragraph.","Lines 1074-1076 define \beta(\mathcal{U}) and establish \beta(\mathcal{U}) < \beta_2 for the covering under discussion.","Replace f(\beta + 1) by f(\beta(\mathcal{U}) + 1).",suspected
SETS-003,p01,sets.tex,sets.tex:1093-1101,9BCC55E7F11CF36B0665AE549D5BA76BE6A0EDD00F7FCA36A567E367099603F9,"The second site axiom is tested in Cov_{\kappa,f(\alpha)} and the cofinal bound concludes \beta < \beta_1.","The lemma must prove closure of Cov_{\kappa,\alpha}; the function maps I to \beta_2 and cofinality of \beta_2 gives a bound strictly below \beta_2, not necessarily below \beta_1.","Use Cov_{\kappa,\alpha} in lines 1093 and 1096 and conclude \beta < \beta_2 in line 1100.",suspected
SETS-004,p01,sets.tex,sets.tex:844-848,9BCC55E7F11CF36B0665AE549D5BA76BE6A0EDD00F7FCA36A567E367099603F9,"The proof defines W_{a,i} but the final coproduct uses W_{i,a}.","No W_{i,a} is defined; the two indices are transposed only in the concluding display.","Replace W_{i,a} by W_{a,i} in line 848.",suspected
TOPOLOGY-001,p01,topology.tex,topology.tex:1235,C6BAC8DCF8AD96DC47416BF34CB45BA4A10B894E40D67D3E1FA68D8EF0D9F872,"The graph proof chooses j and j' in E although the vertex set is denoted V and no set E is defined.","Lines 1230-1234 define the graph Gamma and its vertex set V={1,...,n}; the maximal-distance pair must be vertices.","Replace j,j' in E by j,j' in V.",reported_to_cjk1_2026-08-22
TOPOLOGY-002,p01,topology.tex,topology.tex:1276-1277,C6BAC8DCF8AD96DC47416BF34CB45BA4A10B894E40D67D3E1FA68D8EF0D9F872,"The set A is defined as a set of closed subsets, but the displayed partial order is written on alpha and alpha' through undefined objects Z_alpha and Z_alpha'.","The following sentence chooses a smallest element Z of A, confirming that elements of A are closed subsets rather than indices alpha.","Write Z <= Z' iff Z is contained in Z' for Z,Z' in A, or explicitly define an indexed family Z_alpha before the formula.",reported_to_cjk1_2026-08-22
TOPOLOGY-003,p01,topology.tex,topology.tex:2380,C6BAC8DCF8AD96DC47416BF34CB45BA4A10B894E40D67D3E1FA68D8EF0D9F872,"The limit lemma writes J as a subset of plain I, although the indexing category is denoted by calligraphic I and no plain set I is defined.","The proof immediately uses J as the image of a map to Ob(calligraphic I), and all projection indices are objects of that category.","Replace J subset I by J subset Ob(calligraphic I).",reported_to_cjk1_2026-08-22
TOPOLOGY-004,p01,topology.tex,topology.tex:1882-1884,C6BAC8DCF8AD96DC47416BF34CB45BA4A10B894E40D67D3E1FA68D8EF0D9F872,"Two formulas use X setminus U union V without parentheses in a proof that requires the complement of the union.","The surrounding argument needs points outside both U and V, hence outside U union V; under standard precedence the written expression instead unions V back in.","Replace X setminus U union V by X setminus (U union V) in both occurrences.",reported_to_cjk1_2026-08-22
TOPOLOGY-005,p01,topology.tex,topology.tex:1946-1947,C6BAC8DCF8AD96DC47416BF34CB45BA4A10B894E40D67D3E1FA68D8EF0D9F872,"The asserted strictly decreasing chain contains X setminus U_i1 union U_i2 without parentheses.","The chain construction removes successively larger finite unions, so the term must be the complement of U_i1 union U_i2.","Replace X setminus U_i1 union U_i2 by X setminus (U_i1 union U_i2).",reported_to_cjk1_2026-08-22
TOPOLOGY-006,p01,topology.tex,topology.tex:3124,C6BAC8DCF8AD96DC47416BF34CB45BA4A10B894E40D67D3E1FA68D8EF0D9F872,"The displayed definition of U_K has an unmatched extra closing parenthesis after the set-builder expression.","The opening delimiters are U_K := and a left brace; the final right parenthesis has no matching opening parenthesis and is not used subsequently.","Delete the final unmatched closing parenthesis.",reported_to_cjk1_2026-08-22
TOPOLOGY-007,p01,topology.tex,topology.tex:2649,C6BAC8DCF8AD96DC47416BF34CB45BA4A10B894E40D67D3E1FA68D8EF0D9F872,"The finite-union identity is written E = bigcup E intersect V_j without a union index or grouping.","The preceding sentence ranges over j = 1,...,m and the next sentence invokes finiteness; the intended expression is the union over those j.","Write E = bigcup_{j=1}^m (E intersect V_j).",reported_to_cjk1_2026-08-22
TOPOLOGY-008,p01,topology.tex,topology.tex:3775-3776,C6BAC8DCF8AD96DC47416BF34CB45BA4A10B894E40D67D3E1FA68D8EF0D9F872,"The chain omits the subset sign before Z_e and calls Z_0 through Z_e irreducible closed subsets of X although they lie in Y.","The proof uses the generic points of the Z_i in Y and lifts them through f : X to Y; the displayed chain must read Z_0 subset ... subset Z_e subset Y.","Insert the missing subset sign before Z_e and replace 'subsets of X' by 'subsets of Y'.",reported_to_cjk1_2026-08-22
TOPOLOGY-009,p01,topology.tex,topology.tex:3877-3888,C6BAC8DCF8AD96DC47416BF34CB45BA4A10B894E40D67D3E1FA68D8EF0D9F872,"For Y contained in Y' and their generic points xi and xi', the direction of specialization and the sign of the dimension difference appear reversed.","Lines 3843-3856 and 3871-3872 give the convention that dimension increases along specialization; for Y contained in Y' one expects xi' to specialize to xi and codim(Y,Y') = delta(xi') - delta(xi).","Reverse the displayed specialization directions and the sign consistently after mathematical confirmation.",reported_to_cjk1_2026-08-22
TOPOLOGY-010,p01,topology.tex,topology.tex:3910,C6BAC8DCF8AD96DC47416BF34CB45BA4A10B894E40D67D3E1FA68D8EF0D9F872,"After reduction to a Noetherian space the text says a finite union of irreducible components is not necessarily closed.","Irreducible components are closed and a finite union of them is closed; the intended warning is plausibly that the union is not necessarily open.","Replace 'not necessarily closed' by 'not necessarily open' if confirmed.",reported_to_cjk1_2026-08-22
TOPOLOGY-011,p01,topology.tex,topology.tex:4103-4109,C6BAC8DCF8AD96DC47416BF34CB45BA4A10B894E40D67D3E1FA68D8EF0D9F872,"The proof asserts that T = X minus E is nowhere dense immediately from density of E, before deriving that conclusion from the locally closed pieces.","Density of E gives only empty interior of T; nowhere density requires the closure of T to have empty interior and is precisely what the subsequent argument establishes.","Replace the premature assertion by 'T has empty interior' or remove it, leaving the subsequent proof to establish nowhere density.",reported_to_cjk1_2026-08-22
TOPOLOGY-012,p01,topology.tex,topology.tex:4577-4590,C6BAC8DCF8AD96DC47416BF34CB45BA4A10B894E40D67D3E1FA68D8EF0D9F872,"The product-spectral proof establishes irreducibility of p(Z) and q(Z) but then chooses generic points of the closures of p(X) and q(Y).","The proof immediately returns to the closures of p(Z) and q(Z), so the intermediate p(X) and q(Y) do not match the object being proved irreducible.","Replace the two intermediate occurrences p(X), q(Y) by p(Z), q(Z).",reported_to_cjk1_2026-08-22
TOPOLOGY-013,p01,topology.tex,topology.tex:4683-4693,C6BAC8DCF8AD96DC47416BF34CB45BA4A10B894E40D67D3E1FA68D8EF0D9F872,"A map is defined as f : X to product_U W but the next sentence calls it f : X to Y before Y is defined as f(X).","Y is introduced only at line 4693 as the image f(X); the earlier codomain Y is therefore forward-referential and inconsistent with the displayed definition.","Keep codomain product_U W until Y = f(X) is introduced, or define Y before naming it as codomain.",reported_to_cjk1_2026-08-22
CATEGORIES-001,p01,categories.tex,categories.tex:7005-7008,62F7611AF4C3FEEBD041DB4728B42C7112004CFBB9FA5ECB643C6F5D90DB3F25,"With f : V to U and g : W to V the text says to lift g composed with f.","The typed composite from W to U is f composed with g, and the preceding two-step lift first lifts f and then g.","Replace g composed with f by f composed with g.",reported_to_cjk1_2026-08-22
CATEGORIES-002,p01,categories.tex,categories.tex:7046-7050,62F7611AF4C3FEEBD041DB4728B42C7112004CFBB9FA5ECB643C6F5D90DB3F25,"The pseudo-functor data are written alpha_{f,g} although the defining lemma writes alpha_{g,f}.","The canonical isomorphism at lines 6425-6450 is alpha_{g,f} : (f composed g)^* to g^* composed f^* and the concluding quadruple there also uses alpha_{g,f}.","Replace alpha_{f,g} by alpha_{g,f} unless a deliberate reindexing is documented.",reported_to_cjk1_2026-08-22
CATEGORIES-003,p01,categories.tex,categories.tex:7425-7429,62F7611AF4C3FEEBD041DB4728B42C7112004CFBB9FA5ECB643C6F5D90DB3F25,"The inertia category is written I_mathcal{S} in one formula although the object is otherwise mathcal{I}_mathcal{S}.","The cited inertia lemma and all surrounding notation use mathcal{I}_mathcal{S}; plain I_mathcal{S} is an isolated mismatch.","Replace I_mathcal{S} by mathcal{I}_mathcal{S}.",reported_to_cjk1_2026-08-22
CATEGORIES-004,p01,categories.tex,categories.tex:7603-7623,62F7611AF4C3FEEBD041DB4728B42C7112004CFBB9FA5ECB643C6F5D90DB3F25,"After constructing a functorial isomorphism from d to c composed with b, the concluding sentence calls it d to b composed with c.","Here b : X to X'' and c : X'' to the 2-fibre product, so c composed with b is typed and was explicitly announced at line 7603; b composed with c is not.","Replace b composed with c by c composed with b.",reported_to_cjk1_2026-08-22
CATEGORIES-005,p01,categories.tex,categories.tex:9142-9149,62F7611AF4C3FEEBD041DB4728B42C7112004CFBB9FA5ECB643C6F5D90DB3F25,"The terminal expression contains a duplicated composition operator: (a tensor b) composed composed 1^{-1}.","The preceding equality has one composition operator at every junction and the duplicate is syntactically meaningless.","Delete one duplicated composition operator.",reported_to_cjk1_2026-08-22
CATEGORIES-006,p01,categories.tex,categories.tex:9480-9483,62F7611AF4C3FEEBD041DB4728B42C7112004CFBB9FA5ECB643C6F5D90DB3F25,"The tensor functor of a symmetric monoidal category is declared on mathcal{C} tensor mathcal{C}.","A bifunctor is typed on the categorical product mathcal{C} times mathcal{C}; the same chapter otherwise treats tensor as the functor, not as the product category.","Replace the domain mathcal{C} tensor mathcal{C} by mathcal{C} times mathcal{C}.",reported_to_cjk1_2026-08-22
CATEGORIES-007,p01,categories.tex,categories.tex:8840-8847,62F7611AF4C3FEEBD041DB4728B42C7112004CFBB9FA5ECB643C6F5D90DB3F25,"The product of slice categories is identified with mathcal{C}/U times V.","The representable product should be the slice represented by U times V, i.e. mathcal{C}/(U times V); the same malformed expression is used in the following fibre product.","Replace mathcal{C}/U times V by mathcal{C}/(U times V) in the identification and subsequent occurrence.",reported_to_cjk1_2026-08-22
TOPOLOGY-014,p01,topology.tex,topology.tex:4791-4803,C6BAC8DCF8AD96DC47416BF34CB45BA4A10B894E40D67D3E1FA68D8EF0D9F872,"After defining Z'_i as constructible-topology subspaces the proof writes Z' = lim Z_i.","The quasi-compact inverse-limit lemma applies to the primed quasi-compact Hausdorff spaces and the next sentence compares maps Z'_i to Z_i; therefore Z' must be lim Z'_i.","Replace lim Z_i by lim Z'_i in the definition of Z'.",reported_to_cjk1_2026-08-22
TOPOLOGY-015,p01,topology.tex,topology.tex:5058-5065,C6BAC8DCF8AD96DC47416BF34CB45BA4A10B894E40D67D3E1FA68D8EF0D9F872,"The proof invokes quasi-compactness of the spectral topology on Z while citing the constructible-Hausdorff-quasi-compact lemma.","The E_i are constructible and the cited lemma proves quasi-compactness of the constructible topology; the ordinary spectral topology phrase does not supply the needed closed-set argument.","Replace 'spectral topology' by 'constructible topology'.",reported_to_cjk1_2026-08-22
TOPOLOGY-016,p01,topology.tex,topology.tex:5070-5088,C6BAC8DCF8AD96DC47416BF34CB45BA4A10B894E40D67D3E1FA68D8EF0D9F872,"The conclusion writes W minus E = lim U_i minus E without parentheses.","The lemma statement at 5076 explicitly gives lim (U_i minus E), and the universal-property argument is the inverse limit of the subspaces U_i minus E, not subtraction after taking a limit expression.","Write lim (U_i minus E), matching the lemma statement.",reported_to_cjk1_2026-08-22
TOPOLOGY-017,p01,topology.tex,topology.tex:5165-5167,C6BAC8DCF8AD96DC47416BF34CB45BA4A10B894E40D67D3E1FA68D8EF0D9F872,"The canonical map X to X^* is said to identify X with an open subspace of X.","The construction is the Stone-Cech compactification X^*, and the codomain just named in the same sentence is X^*; saying X is an open subspace of itself is tautological and misses the assertion.","Replace the final X by X^*.",reported_to_cjk1_2026-08-22
TOPOLOGY-018,p01,topology.tex,topology.tex:5362-5369,C6BAC8DCF8AD96DC47416BF34CB45BA4A10B894E40D67D3E1FA68D8EF0D9F872,"The Rainwater proof defines E = X minus U intersect f^{-1}(V) without parentheses and immediately calls E closed and identifies its complement with U intersect f^{-1}(V).","Under the written grouping E is the intersection of a closed set with an open preimage and its complement is not U intersect f^{-1}(V); both subsequent claims require complementing the full intersection.","Write E = X minus (U intersect f^{-1}(V)).",reported_to_cjk1_2026-08-22
TOPOLOGY-019,p01,topology.tex,topology.tex:5410-5442,C6BAC8DCF8AD96DC47416BF34CB45BA4A10B894E40D67D3E1FA68D8EF0D9F872,"The proof starts with X' = beta(Y), extracts a minimal closed E contained in X', and proves E extremally disconnected, but the uniqueness paragraph reverts to a map g : X' to X'' and invokes minimality of X'.","Only E has been proved minimal; beta(Y)=X' need not be. The uniqueness argument is valid after replacing or renaming X' by E.","Rename the constructed E as X' before uniqueness, or run the uniqueness paragraph with g : E to X'' and minimality of E.",reported_to_cjk1_2026-08-22
TOPOLOGY-020,p01,topology.tex,topology.tex:5480-5490,C6BAC8DCF8AD96DC47416BF34CB45BA4A10B894E40D67D3E1FA68D8EF0D9F872,"A lemma contains the literal list item 'add more here.' and its proof is only 'Omitted.'.","The placeholder explicitly marks unfinished source content rather than a deliberate mathematical statement.","Complete or remove the placeholder item and supply or explicitly disposition the omitted proof.",reported_to_cjk1_2026-08-22
TOPOLOGY-021,p01,topology.tex,topology.tex:5507-5522,C6BAC8DCF8AD96DC47416BF34CB45BA4A10B894E40D67D3E1FA68D8EF0D9F872,"The definition says one partition refines another when the parts of the first are unions of parts of the second, reversing the standard refinement relation used by the following example.","The irreducible-component partition X_I is finer than the connected-component partition: connected components are unions of X_I, not conversely.","Say that P refines Q when every part of Q is a union of parts of P (or every part of P is contained in a part of Q).",reported_to_cjk1_2026-08-22
TOPOLOGY-022,p01,topology.tex,topology.tex:5820-5824,C6BAC8DCF8AD96DC47416BF34CB45BA4A10B894E40D67D3E1FA68D8EF0D9F872,"The normal-core argument chooses right-coset representatives G = union H g_i but intersects g_i H g_i^{-1}.","For right-coset representatives the well-defined conjugates are g_i^{-1} H g_i; alternatively g_i H g_i^{-1} requires left-coset representatives G = union g_i H.","Either replace H g_i by g_i H or replace g_i H g_i^{-1} by g_i^{-1} H g_i.",reported_to_cjk1_2026-08-22
TOPOLOGY-023,p01,topology.tex,topology.tex:5865-5873,C6BAC8DCF8AD96DC47416BF34CB45BA4A10B894E40D67D3E1FA68D8EF0D9F872,"The colimit proof declares a functor I to Top but immediately says its values are topological groups G_i and constructs a representability functor on TopGroup.","The diagram whose colimit is being formed is a diagram in TopGroup; Top would forget the group structure needed throughout the argument.","Replace Top by TopGroup in the diagram declaration.",reported_to_cjk1_2026-08-22
TOPOLOGY-024,p01,topology.tex,topology.tex:1278-1279,C6BAC8DCF8AD96DC47416BF34CB45BA4A10B894E40D67D3E1FA68D8EF0D9F872,"Descending-chain condition is said to produce a smallest member of A.","DCC guarantees a minimal member under inclusion, not a least member contained in every element of A; the proof uses only minimality.","Replace 'smallest element' by 'minimal element'.",reported_to_cjk1_2026-08-22
TOPOLOGY-025,p01,topology.tex,topology.tex:1297,C6BAC8DCF8AD96DC47416BF34CB45BA4A10B894E40D67D3E1FA68D8EF0D9F872,"The finite union X = Z union Z_1 union ... Z_n omits the final union operator.","The preceding sentence names Z_1 through Z_n as the other irreducible components and the next line removes their union.","Insert a union operator before Z_n.",reported_to_cjk1_2026-08-22
TOPOLOGY-026,p01,topology.tex,topology.tex:1345-1348,C6BAC8DCF8AD96DC47416BF34CB45BA4A10B894E40D67D3E1FA68D8EF0D9F872,"The expansion of G_m intersect (X_1 union ... union X_n) omits the union operator before its final term.","Distributivity requires the union of every G_m intersect X_i; the displayed right side otherwise concatenates the ellipsis and last term.","Insert a union operator before (G_m intersect X_n).",reported_to_cjk1_2026-08-22
TOPOLOGY-027,p01,topology.tex,topology.tex:2165-2168,C6BAC8DCF8AD96DC47416BF34CB45BA4A10B894E40D67D3E1FA68D8EF0D9F872,"The intersection V_{j_0,k} intersect V_{j_1} ... intersect V_{j_p} omits the intersection operator after V_{j_1}.","The preceding and following formulas use the full (p+1)-fold intersection, and the containment in W requires it.","Insert the missing intersection operator between V_{j_1} and the ellipsis.",reported_to_cjk1_2026-08-22
TOPOLOGY-028,p01,topology.tex,topology.tex:2916-2919,C6BAC8DCF8AD96DC47416BF34CB45BA4A10B894E40D67D3E1FA68D8EF0D9F872,"Noetherian DCC is again said to produce a smallest member of S.","DCC guarantees a minimal closed subset; the contradiction argument uses minimality only.","Replace 'smallest element' by 'minimal element'.",reported_to_cjk1_2026-08-22
TOPOLOGY-029,p01,topology.tex,topology.tex:345-349,C6BAC8DCF8AD96DC47416BF34CB45BA4A10B894E40D67D3E1FA68D8EF0D9F872,"The basis refinement sets J = {i_x | x in U} and V_j = B_{i_x}, which is not well-defined if different x choose the same i_x but different basis elements.","The basis element is chosen pointwise after i_x; it therefore depends on x, not only on the repeated index i_x.","Choose B_x with x in B_x contained in U_{i_x}, index by J = U, and set V_x = B_x.",reported_to_cjk1_2026-08-22
TOPOLOGY-030,p01,topology.tex,topology.tex:514-515,C6BAC8DCF8AD96DC47416BF34CB45BA4A10B894E40D67D3E1FA68D8EF0D9F872,"The quotient-map complement identity reverses X and Y and takes E as a subset of the wrong space.","For f : X to Y, inverse image accepts subsets E of Y and returns subsets of X.","Write f^{-1}(Y minus E) = X minus f^{-1}(E) for E contained in Y.",reported_to_cjk1_2026-08-22
TOPOLOGY-031,p01,topology.tex,topology.tex:1847-1853,C6BAC8DCF8AD96DC47416BF34CB45BA4A10B894E40D67D3E1FA68D8EF0D9F872,"After choosing alpha' and alpha'' the proof suddenly uses an unchosen alpha with Z_alpha = Z_alpha' intersect Z_alpha''.","Line 1834 observes that finite intersections of the Z_alpha are again members of the family, but the required index alpha is never selected.","Explicitly choose alpha such that Z_alpha = Z_alpha' intersect Z_alpha''.",reported_to_cjk1_2026-08-22
TOPOLOGY-032,p01,topology.tex,topology.tex:2174-2176,C6BAC8DCF8AD96DC47416BF34CB45BA4A10B894E40D67D3E1FA68D8EF0D9F872,"The refinement operation is asserted to decrease N by exactly one and therefore to be repeated exactly N times.","It eliminates the selected bad tuple and can eliminate others simultaneously; the preceding factorization shows no new bad tuple appears, so only a decrease by at least one is justified.","Say N decreases by at least one and the procedure terminates after at most the original N repetitions.",reported_to_cjk1_2026-08-22
TOPOLOGY-033,p01,topology.tex,topology.tex:2487-2523,C6BAC8DCF8AD96DC47416BF34CB45BA4A10B894E40D67D3E1FA68D8EF0D9F872,"The inverse-limit proof embeds Gamma_phi times the product over l not equal to j,k in the full product, which is ill-typed when phi is an endomorphism and j = k.","Identity morphisms already force j = k; Gamma_phi then has two X_j factors whereas the ambient product has one coordinate.","Uniformly use p_{j,k}^{-1}(Gamma_phi), where p_{j,k}(x) = (x_j,x_k), and define Z_phi likewise.",reported_to_cjk1_2026-08-22
TOPOLOGY-034,p01,topology.tex,topology.tex:4499-4501,C6BAC8DCF8AD96DC47416BF34CB45BA4A10B894E40D67D3E1FA68D8EF0D9F872,"The lemma promises a 'third point' specializing to x and y without assuming x and y distinct.","The common specializing point produced by the proof may equal x or y, for example when one specializes to the other.","Remove 'third' and say 'a point specializing to both x and y'.",reported_to_cjk1_2026-08-22
TOPOLOGY-035,p01,topology.tex,topology.tex:4530-4538,C6BAC8DCF8AD96DC47416BF34CB45BA4A10B894E40D67D3E1FA68D8EF0D9F872,"An equivalence list ends with the literal unfinished item 'add more here.' while the proof treats only the preceding conditions.","The placeholder is neither a mathematical condition nor proved equivalent to the other items.","Remove the placeholder item or supply a genuine additional condition and proof.",reported_to_cjk1_2026-08-22
TOPOLOGY-036,p01,topology.tex,topology.tex:5813-5816,C6BAC8DCF8AD96DC47416BF34CB45BA4A10B894E40D67D3E1FA68D8EF0D9F872,"The sentence f(gw) = t for all w in W leaves g unquantified.","The construction proves the equality for every g in U_t and w in W, which is exactly what is needed for intersection_t U_t to lie in H.","Quantify 'for all g in U_t and all w in W'.",reported_to_cjk1_2026-08-22
TOPOLOGY-037,p01,topology.tex,topology.tex:1131-1133,C6BAC8DCF8AD96DC47416BF34CB45BA4A10B894E40D67D3E1FA68D8EF0D9F872,"The proof says a point y 'corresponds to a point of' a nonempty open intersection rather than using density from hypothesis (c).","Hypothesis (c) says the points with irreducible fibre are dense, so the nonempty open f(U_1) intersect f(U_2) contains such a y.","State directly that the nonempty open intersection contains a point y with irreducible fibre.",reported_to_cjk1_2026-08-22
TOPOLOGY-038,p01,topology.tex,topology.tex:2928-2932,C6BAC8DCF8AD96DC47416BF34CB45BA4A10B894E40D67D3E1FA68D8EF0D9F872,"The proof says E intersect Y contains an open V but omits that V is nonempty.","The stated alternative requires a nonempty open, and minimality is applied to the proper closed subset Y minus V, which fails if V is empty.","Write 'contains a nonempty open V of Y'.",reported_to_cjk1_2026-08-22
TOPOLOGY-039,p01,topology.tex,topology.tex:3594-3611,C6BAC8DCF8AD96DC47416BF34CB45BA4A10B894E40D67D3E1FA68D8EF0D9F872,"The statement requires a directed union of closed subsets but the proof exhibits only the family of point closures and does not show it is directed.","The point-closure family need not be directed; its finite unions are closed, directed by inclusion, and have the same union T.","Replace the exhibited family by its finite unions or explicitly add this directed-family step.",reported_to_cjk1_2026-08-22
TOPOLOGY-040,p01,topology.tex,topology.tex:4015-4017,C6BAC8DCF8AD96DC47416BF34CB45BA4A10B894E40D67D3E1FA68D8EF0D9F872,"The expressions U minus U intersect closure(B) and U minus U intersect closure(A) are unparenthesized and parse ambiguously.","The proof requires U minus (U intersect closure(B)) and the analogous expression for A; the left-associated reading is empty before the argument begins.","Add parentheses around each intersection subtracted from U.",reported_to_cjk1_2026-08-22
SHEAVES-001,p01,sheaves.tex,sheaves.tex:92-94,AC4F9EDC7DB85E66329806EC9EA42816187A469772844BAEA663E1C9A9F00B38,"Both vertical arrows in the naturality square are labelled rho^U_V, although one is the restriction of F and the other that of G.","The overloading is decipherable from the arrow domains and may be intentional house notation, but distinct functors make the identical labels potentially ambiguous.","If the canon keeper judges clarification warranted, distinguish the two restriction maps by F/G subscripts; otherwise explicitly retain as intentional notation.",reported_to_cjk1_2026-08-22
SHEAVES-002,p01,sheaves.tex,sheaves.tex:192-195,AC4F9EDC7DB85E66329806EC9EA42816187A469772844BAEA663E1C9A9F00B38,"The data declare 0 as an element of A, but the next sentence calls both zero and negation 'maps'.","Negation is displayed as a map A to A; zero is displayed as 0 in A (equivalently a map from the final singleton), so the prose and displayed typing do not literally match.","Replace 'the zero and the negation maps' by 'the zero element and the negation map', unless the zero operation is explicitly typed as a map from the final object.",reported_to_cjk1_2026-08-22
SHEAVES-003,p01,sheaves.tex,sheaves.tex:1542-1546,AC4F9EDC7DB85E66329806EC9EA42816187A469772844BAEA663E1C9A9F00B38,"The proof says 'the presheaf of continuous function is a sheaf'.","The referenced example and the construction concern the presheaf of all continuous functions; the singular count noun is ungrammatical.","Replace 'continuous function' by 'continuous functions'.",reported_to_cjk1_2026-08-22
SHEAVES-004,p01,sheaves.tex,sheaves.tex:1747-1753,AC4F9EDC7DB85E66329806EC9EA42816187A469772844BAEA663E1C9A9F00B38,"The sentence begins 'Lemma ... show that'.","The singular subject 'Lemma' requires 'shows'; the mathematical assertion itself is clear.","Replace 'show' by 'shows'.",reported_to_cjk1_2026-08-22
SHEAVES-005,p01,sheaves.tex,sheaves.tex:1765-1769,AC4F9EDC7DB85E66329806EC9EA42816187A469772844BAEA663E1C9A9F00B38,"The clause says 'psi ... is morphism of presheaves'.","The singular count noun is missing its article.","Insert 'a' before 'morphism'.",reported_to_cjk1_2026-08-22
SHEAVES-006,p01,sheaves.tex,sheaves.tex:1847-1854,AC4F9EDC7DB85E66329806EC9EA42816187A469772844BAEA663E1C9A9F00B38,"The parenthesis reads 'into the restriction of G to a O-module'.","Besides the incorrect article, the intended operation is restriction of scalars along O to O-sharp, not restriction 'to a module'.","Rewrite as 'where G is viewed as an O-module by restriction of scalars'.",reported_to_cjk1_2026-08-22
SHEAVES-007,p01,sheaves.tex,sheaves.tex:1949-1953,AC4F9EDC7DB85E66329806EC9EA42816187A469772844BAEA663E1C9A9F00B38,"The hypothesis says 'Let F be a sheaf O-modules'.","The grammatical and mathematical construction requires the preposition 'of'.","Replace by 'Let F be a sheaf of O-modules'.",reported_to_cjk1_2026-08-22
SHEAVES-008,p01,sheaves.tex,sheaves.tex:320-327,AC4F9EDC7DB85E66329806EC9EA42816187A469772844BAEA663E1C9A9F00B38,"The plural subject 'the restriction mappings' is followed by singular 'is'.","The sentence refers to the single map rho^U_V for each pair V subset U, so either the subject or verb must be singular/plural consistently.","Use 'the restriction mapping rho^U_V is the image'.",reported_to_cjk1_2026-08-22
SHEAVES-009,p01,sheaves.tex,sheaves.tex:339-350,AC4F9EDC7DB85E66329806EC9EA42816187A469772844BAEA663E1C9A9F00B38,"The definition of a presheaf with values in a category imposes composition compatibility but does not require rho^U_U to be the identity.","Allowing W=V=U in the displayed composition law yields only idempotence, not the identity axiom required for a contravariant functor on the open-set category.","Add rho^U_U = id_{F(U)} for every open U, or explicitly define the datum as a contravariant functor.",reported_to_cjk1_2026-08-22
SHEAVES-010,p01,sheaves.tex,sheaves.tex:351-354,AC4F9EDC7DB85E66329806EC9EA42816187A469772844BAEA663E1C9A9F00B38,"The definition of a morphism gives a single phi:F(U) to G(U) without quantifying U; it also says 'with value' rather than 'with values'.","A natural transformation of presheaves requires one component for every open U, compatible with every restriction.","Write 'with values in C' and 'a morphism phi_U:F(U) to G(U) for every open U'.",reported_to_cjk1_2026-08-22
SHEAVES-011,p01,sheaves.tex,sheaves.tex:402-410,AC4F9EDC7DB85E66329806EC9EA42816187A469772844BAEA663E1C9A9F00B38,"The phrase reads 'defines the structure of an O(U)-module structure'.","The repeated word 'structure' is editorially redundant.","Replace by 'defines the structure of an O(U)-module on the abelian group F(U)'.",reported_to_cjk1_2026-08-22
SHEAVES-012,p01,sheaves.tex,sheaves.tex:596-604,AC4F9EDC7DB85E66329806EC9EA42816187A469772844BAEA663E1C9A9F00B38,"The phrase 'For U subset X open set' is missing a determiner or copula.","The displayed product is intended for every open subset U of X.","Write 'For U subset X an open set' or 'For every open U subset X'.",reported_to_cjk1_2026-08-22
SHEAVES-013,p01,sheaves.tex,sheaves.tex:871-876,AC4F9EDC7DB85E66329806EC9EA42816187A469772844BAEA663E1C9A9F00B38,"The phrase says 'the set of morphism of sheaves'.","The set generally contains multiple morphisms and requires the plural count noun.","Replace 'morphism' by 'morphisms'.",reported_to_cjk1_2026-08-22
SHEAVES-014,p01,sheaves.tex,sheaves.tex:1106-1127,AC4F9EDC7DB85E66329806EC9EA42816187A469772844BAEA663E1C9A9F00B38,"After defining F only as a presheaf and correctly referring to its underlying presheaf at lines 1112-1113, line 1127 calls it the 'underlying sheaf of sets'.","No sheaf hypothesis or sheafification occurs in the lemma; the structure maps are those of the underlying presheaf.","Replace 'underlying sheaf of sets' by 'underlying presheaf of sets'.",reported_to_cjk1_2026-08-22
SHEAVES-015,p01,sheaves.tex,sheaves.tex:2058-2064,AC4F9EDC7DB85E66329806EC9EA42816187A469772844BAEA663E1C9A9F00B38,"The Yoneda sentence says the adjunction formula determines the pullback 'uniquely'.","A left adjoint represented by the Hom functor is determined canonically only up to unique natural isomorphism unless a concrete construction or strict choice has already been fixed.","Replace 'uniquely' by 'up to unique isomorphism', or state that the later construction fixes a chosen representative.",reported_to_cjk1_2026-08-22
SHEAVES-016,p01,sheaves.tex,sheaves.tex:2100-2105,AC4F9EDC7DB85E66329806EC9EA42816187A469772844BAEA663E1C9A9F00B38,"The canonical map G(U) to f_pG(f^{-1}(U)) uses U without introducing it as an open subset of Y.","The neighbourhood system contains U only when U is an open of Y; this quantification is needed for the displayed component of i_G.","Begin 'For every open U subset Y, there is a canonical map...'.",reported_to_cjk1_2026-08-22
SHEAVES-017,p01,sheaves.tex,sheaves.tex:2116-2120,AC4F9EDC7DB85E66329806EC9EA42816187A469772844BAEA663E1C9A9F00B38,"The sentence reads 'let U subset X open'.","The predicate lacks a copula/determiner.","Write 'let U subset X be open'.",reported_to_cjk1_2026-08-22
SHEAVES-018,p01,sheaves.tex,sheaves.tex:2264-2273,AC4F9EDC7DB85E66329806EC9EA42816187A469772844BAEA663E1C9A9F00B38,"The phrase 'if and only if corresponding family of maps' is missing the article.","The intended subject is the corresponding family (a_V).","Insert 'the' before 'corresponding family'.",reported_to_cjk1_2026-08-22
SHEAVES-019,p01,sheaves.tex,sheaves.tex:2298-2305,AC4F9EDC7DB85E66329806EC9EA42816187A469772844BAEA663E1C9A9F00B38,"The proof says 'restruction map'.","The arrow is the ordinary restriction map from F(f^{-1}(V)) to F(U).","Replace 'restruction' by 'restriction'.",reported_to_cjk1_2026-08-22
SHEAVES-020,p01,sheaves.tex,sheaves.tex:2313-2323;2373-2380,AC4F9EDC7DB85E66329806EC9EA42816187A469772844BAEA663E1C9A9F00B38,"Two hypotheses say 'an g-map'.","The pronounced consonant requires the article 'a'.","Replace both occurrences by 'a g-map'.",reported_to_cjk1_2026-08-22
SHEAVES-021,p01,sheaves.tex,sheaves.tex:2321-2332,AC4F9EDC7DB85E66329806EC9EA42816187A469772844BAEA663E1C9A9F00B38,"The definition says 'commutativity of the diagrams' but only one diagram follows.","The single xymatrix defines the component of the composite.","Use singular 'the diagram', unless another diagram was omitted.",reported_to_cjk1_2026-08-22
SHEAVES-022,p01,sheaves.tex,sheaves.tex:2353-2360,AC4F9EDC7DB85E66329806EC9EA42816187A469772844BAEA663E1C9A9F00B38,"The prose says 'The image of a representative ... is mapped to'.","The double passive confuses the representative with its image; the formula gives the direct assignment.","Write 'A representative (V,s) ... is mapped to the element represented by ...'.",reported_to_cjk1_2026-08-22
SHEAVES-023,p01,sheaves.tex,sheaves.tex:2361-2371,AC4F9EDC7DB85E66329806EC9EA42816187A469772844BAEA663E1C9A9F00B38,"The parenthesis '(for f(x) in V subset Y open)' is missing a copula/determiner.","The intended range is over open neighbourhoods V of f(x) in Y.","Write '(for every open V subset Y containing f(x))'.",reported_to_cjk1_2026-08-22
SHEAVES-024,p01,sheaves.tex,sheaves.tex:2435-2437,AC4F9EDC7DB85E66329806EC9EA42816187A469772844BAEA663E1C9A9F00B38,"The second of two announced assignments uses G to f_pG rather than G mapsto f_pG.","Both expressions name object assignments defining functors; the first correctly uses mapsto.","Replace the second to-arrow by mapsto.",reported_to_cjk1_2026-08-22
SHEAVES-025,p01,sheaves.tex,sheaves.tex:2455-2464,AC4F9EDC7DB85E66329806EC9EA42816187A469772844BAEA663E1C9A9F00B38,"The sentence has two successive predicates: 'the corresponding map ... is the map ... is also a map'.","The displayed composite is the corresponding map and is a morphism of abelian presheaves.","Split after the displayed composite or remove the first 'is the map'.",reported_to_cjk1_2026-08-22
SHEAVES-026,p01,sheaves.tex,sheaves.tex:2455-2476,AC4F9EDC7DB85E66329806EC9EA42816187A469772844BAEA663E1C9A9F00B38,"The summary writes psi mapsto f_*psi, although the typed construction two lines earlier is f_*psi composed with i_G.","Bare f_*psi has source f_*f_pG, not G, and therefore is not an element of the Hom set on the right side of the adjunction.","Restore the unit: psi mapsto f_*psi composed with i_G.",reported_to_cjk1_2026-08-22
SHEAVES-027,p01,sheaves.tex,sheaves.tex:2479-2483,AC4F9EDC7DB85E66329806EC9EA42816187A469772844BAEA663E1C9A9F00B38,"For f:X to Y the paragraph puts F on Y and f_*F on X.","The functor was defined as f_*:Ab(X) to Ab(Y), and the preceding set-valued pushforward lemma has the same variance.","Replace 'F ... on Y' by 'F ... on X' and 'f_*F ... on X' by '... on Y'.",reported_to_cjk1_2026-08-22
SHEAVES-028,p01,sheaves.tex,sheaves.tex:2686-2690,AC4F9EDC7DB85E66329806EC9EA42816187A469772844BAEA663E1C9A9F00B38,"A comma separates the compound subject 'the pullback and pushforward functors' from singular 'is'.","The compound plural subject requires 'are' and no intervening comma.","Write 'the natural setting for defining the pullback and pushforward functors is ...' or recast with a singular subject.",reported_to_cjk1_2026-08-22
SHEAVES-029,p01,sheaves.tex,sheaves.tex:2708-2710,AC4F9EDC7DB85E66329806EC9EA42816187A469772844BAEA663E1C9A9F00B38,"The proof begins 'Let V subset Y is open'.","The construction requires V to be an open subset of Y.","Replace by 'Let V subset Y be open'.",reported_to_cjk1_2026-08-22
SHEAVES-030,p01,sheaves.tex,sheaves.tex:2741-2743,AC4F9EDC7DB85E66329806EC9EA42816187A469772844BAEA663E1C9A9F00B38,"The proof begins 'Let U subset X is open'.","The construction requires U to be an open subset of X.","Replace by 'Let U subset X be open'.",reported_to_cjk1_2026-08-22
SHEAVES-031,p01,sheaves.tex,sheaves.tex:2802-2809,AC4F9EDC7DB85E66329806EC9EA42816187A469772844BAEA663E1C9A9F00B38,"A display ending with a full stop is followed by the lowercase fragment 'according to Section ...'.","The citation modifies the preceding equality and should form part of that sentence or begin a new capitalized sentence.","Remove the display-final stop and continue 'according to...', or write 'This is Section ...'.",reported_to_cjk1_2026-08-22
SHEAVES-032,p01,sheaves.tex,sheaves.tex:2835-2838;2871-2873,AC4F9EDC7DB85E66329806EC9EA42816187A469772844BAEA663E1C9A9F00B38,"The hypotheses and Hom categories are for presheaves, but the third equality is called an equality 'of abelian sheaves'.","At this point F is only a presheaf of O-modules, so f_*F is an abelian presheaf; no sheaf hypothesis or sheafification has occurred.","Replace 'of abelian sheaves' by 'of abelian presheaves'.",reported_to_cjk1_2026-08-22
SHEAVES-033,p01,sheaves.tex,sheaves.tex:2952-2962,AC4F9EDC7DB85E66329806EC9EA42816187A469772844BAEA663E1C9A9F00B38,"A display ending with a full stop is followed by lowercase 'where'; 'Lemmas' is plural before one reference.","The two equalities are justified separately by one lemma each.","Integrate 'where' into the sentence and replace 'Lemmas' by singular 'Lemma'.",reported_to_cjk1_2026-08-22
SHEAVES-034,p01,sheaves.tex,sheaves.tex:2986-2998,AC4F9EDC7DB85E66329806EC9EA42816187A469772844BAEA663E1C9A9F00B38,"A display ending with a full stop is followed by lowercase fragment 'which are a combination of'.","The relative clause should attach to 'the equalities' before the display or become an independent sentence.","Write 'These equalities combine Lemma ... and ...'.",reported_to_cjk1_2026-08-22
SHEAVES-035,p01,sheaves.tex,sheaves.tex:3122-3128,AC4F9EDC7DB85E66329806EC9EA42816187A469772844BAEA663E1C9A9F00B38,"The pushforward definition reads 'which as a sheaf ... equals ... and with module structure ...', breaking the parallel construction.","The intended object is f_*F as an abelian sheaf, equipped by restriction of scalars along f-sharp.","Recast as 'whose underlying abelian sheaf is f_*F and whose module structure is obtained by restriction along f-sharp'.",reported_to_cjk1_2026-08-22
SHEAVES-036,p01,sheaves.tex,sheaves.tex:3206-3211,AC4F9EDC7DB85E66329806EC9EA42816187A469772844BAEA663E1C9A9F00B38,"The introductory data coordinate 'Given a morphism ..., and a sheaf F, a sheaf G ...' without a second conjunction or verb.","Both F and G are hypotheses for the definition of an f-map of module sheaves.","Write 'Given ..., a sheaf F ..., and a sheaf G ..., the notion ... makes sense'.",reported_to_cjk1_2026-08-22
SHEAVES-037,p01,sheaves.tex,sheaves.tex:3230-3236,AC4F9EDC7DB85E66329806EC9EA42816187A469772844BAEA663E1C9A9F00B38,"The phrase 'and x in X the induced map on stalks' lacks punctuation/verb linking x to the displayed map.","The map phi_x is induced for each point x in X.","Write 'and x in X, the induced map on stalks is ...'.",reported_to_cjk1_2026-08-22
SHEAVES-038,p01,sheaves.tex,sheaves.tex:3273-3278,AC4F9EDC7DB85E66329806EC9EA42816187A469772844BAEA663E1C9A9F00B38,"The definition says 'Denote i_x ... the inclusion map'.","English 'denote' requires 'by' in this construction.","Write 'Denote the inclusion map by i_x' or 'Let i_x ... be the inclusion map'.",reported_to_cjk1_2026-08-22
SHEAVES-039,p01,sheaves.tex,sheaves.tex:3331-3335,AC4F9EDC7DB85E66329806EC9EA42816187A469772844BAEA663E1C9A9F00B38,"The hypothesis reads 'let x in X a point'.","The copula 'be' is missing.","Write 'let x in X be a point'.",reported_to_cjk1_2026-08-22
SHEAVES-040,p01,sheaves.tex,sheaves.tex:3341-3343,AC4F9EDC7DB85E66329806EC9EA42816187A469772844BAEA663E1C9A9F00B38,"The list reads 'abelian groups, algebraic structures' without a conjunction.","The statement applies to two parallel cases.","Insert 'and' before 'algebraic structures'.",reported_to_cjk1_2026-08-22
SHEAVES-041,p01,sheaves.tex,sheaves.tex:3511-3521,AC4F9EDC7DB85E66329806EC9EA42816187A469772844BAEA663E1C9A9F00B38,"The proof reindexes the finite cover by j=1,...,m but then quantifies intersections for j,j' in J.","J belongs to the earlier general form of a covering; after the displayed reindexing, the proof should consistently quantify 1<=j,j'<=m (or retain J throughout).","Replace 'j,j' in J' by the integer range, or write the cover as a union over j in J.",reported_to_cjk1_2026-08-22
SHEAVES-042,p01,sheaves.tex,sheaves.tex:3587-3592,AC4F9EDC7DB85E66329806EC9EA42816187A469772844BAEA663E1C9A9F00B38,"The stalk formula uses f_{b composed with a}, although a:j to i and b:k to j.","The composite with source k and target i is a composed with b, used correctly at lines 3581-3583 and throughout the surrounding proof; b composed with a is not typeable.","Replace f_{b composed with a}^{-1} by f_{a composed with b}^{-1}.",reported_to_cjk1_2026-08-22
SHEAVES-043,p01,sheaves.tex,sheaves.tex:3587-3591,AC4F9EDC7DB85E66329806EC9EA42816187A469772844BAEA663E1C9A9F00B38,"The singular subject 'the image of s and s'' is followed by plural 'are different'.","Semantically there are two images being compared.","Write 'the images of s and s' ... are different'.",reported_to_cjk1_2026-08-22
SHEAVES-044,p01,sheaves.tex,sheaves.tex:3606-3608,AC4F9EDC7DB85E66329806EC9EA42816187A469772844BAEA663E1C9A9F00B38,"The phrase says 'W_l and V_{l,i} quasi-compact open' without a verb.","Both families are asserted to consist of quasi-compact opens.","Insert 'are' before 'quasi-compact open' or write 'are quasi-compact opens'.",reported_to_cjk1_2026-08-22
SHEAVES-045,p01,sheaves.tex,sheaves.tex:3615-3618,AC4F9EDC7DB85E66329806EC9EA42816187A469772844BAEA663E1C9A9F00B38,"The instruction 'Write s_{l,j} the restriction ...' omits a linking word.","The proof is defining notation for the restricted pullback section.","Write 'Write s_{l,j} for the restriction ...' or 'Let s_{l,j} be ...'.",reported_to_cjk1_2026-08-22
SHEAVES-046,p01,sheaves.tex,sheaves.tex:4940-4947;5041-5046,AC4F9EDC7DB85E66329806EC9EA42816187A469772844BAEA663E1C9A9F00B38,"The fibre is typeset as i_*\mathcal{F}_x at 4942 and 5045, while the same object is parenthesized as (i_*\mathcal{F})_x at 5041.","Without parentheses the expression can be read as applying i_* to the stalk \mathcal{F}_x, although i_* is the sheaf direct-image functor and the displayed case distinction concerns the stalk of i_*\mathcal{F}.","Use (i_*\mathcal{F})_x at both unparenthesized occurrences.",reported_to_cjk1_2026-08-22
SHEAVES-047,p01,sheaves.tex,sheaves.tex:4990-4993,AC4F9EDC7DB85E66329806EC9EA42816187A469772844BAEA663E1C9A9F00B38,"The proof begins 'Fully faithfulness follows formally'.","The standard noun phrase is 'full faithfulness'; 'fully' is an adverb modifying 'faithful', not the noun 'faithfulness'.","Replace 'Fully faithfulness' by 'Full faithfulness'.",reported_to_cjk1_2026-08-22
SHEAVES-048,p01,sheaves.tex,sheaves.tex:5123-5135,AC4F9EDC7DB85E66329806EC9EA42816187A469772844BAEA663E1C9A9F00B38,"The final line of the restriction calculation contains \varphi_V(s_V), but s_V is never defined.","The claimed identity immediately above is (\varphi_U(s))|_V = \varphi_V(s|_V), and the preceding line restricts s to V \cap U_i; hence the argument of \varphi_V must be s|_V.","Replace \varphi_V(s_V) by \varphi_V(s|_V).",reported_to_cjk1_2026-08-22
SHEAVES-049,p01,sheaves.tex,sheaves.tex:5136-5140,AC4F9EDC7DB85E66329806EC9EA42816187A469772844BAEA663E1C9A9F00B38,"The phrase reads 'given U \subset X open subset'.","The noun phrase lacks an article and linking verb.","Write 'given an open subset U \subset X' or 'given U \subset X open'.",reported_to_cjk1_2026-08-22
SHEAVES-050,p01,sheaves.tex,sheaves.tex:5186-5189;5191-5197;5233-5238;5252-5259,AC4F9EDC7DB85E66329806EC9EA42816187A469772844BAEA663E1C9A9F00B38,"The text repeatedly uses the singular constructions 'a glueing data' and 'a collection ... a glueing data'.","In formal mathematical English, 'data' is plural; a single object is a 'glueing datum', while a family is 'glueing data'.","Use 'a glueing datum' for each singular object and 'glueing data' only for the plural family.",reported_to_cjk1_2026-08-22
SHEAVES-051,p01,sheaves.tex,sheaves.tex:5224-5228,AC4F9EDC7DB85E66329806EC9EA42816187A469772844BAEA663E1C9A9F00B38,"Restriction mappings are said to be 'defined by the restricting each of the s_i'.","The definite article before the gerund is ungrammatical.","Write 'defined by restricting each of the s_i'.",reported_to_cjk1_2026-08-22
SHEAVES-052,p01,sheaves.tex,sheaves.tex:3705-3707,AC4F9EDC7DB85E66329806EC9EA42816187A469772844BAEA663E1C9A9F00B38,"The presheaf axioms place the identity condition directly before 'whenever' without a conjunction or separating punctuation.","Two independent axioms are being conjoined.","Insert 'and' or a semicolon before 'whenever'.",reported_to_cjk1_2026-08-22
SHEAVES-053,p01,sheaves.tex,sheaves.tex:3708-3711;4011-4016,AC4F9EDC7DB85E66329806EC9EA42816187A469772844BAEA663E1C9A9F00B38,"Component maps of a presheaf morphism are denoted by bare \varphi in two definitions.","The maps vary with U and surrounding conventions use components \varphi_U.","Write \varphi_U : \mathcal F(U) to \mathcal G(U) in both definitions.",reported_to_cjk1_2026-08-22
SHEAVES-054,p01,sheaves.tex,sheaves.tex:3721-3725,AC4F9EDC7DB85E66329806EC9EA42816187A469772844BAEA663E1C9A9F00B38,"After defining a colimit the prose calls it 'this limit' and says the limit is directed.","The indexing system is directed/filtered; the resulting categorical object is a colimit.","Say 'this colimit' and attribute directedness to the index system.",reported_to_cjk1_2026-08-22
SHEAVES-055,p01,sheaves.tex,sheaves.tex:3916-3920,AC4F9EDC7DB85E66329806EC9EA42816187A469772844BAEA663E1C9A9F00B38,"The proof chooses V_{ijy} containing y but does not state V_{ijy} is contained in U_i intersection U_j.","The displayed restrictions of sigma_i and sigma_j to V_{ijy} are only typed under that containment.","Add y in V_{ijy} subset U_i intersection U_j.",reported_to_cjk1_2026-08-22
SHEAVES-056,p01,sheaves.tex,sheaves.tex:3938-3941;4054-4057,AC4F9EDC7DB85E66329806EC9EA42816187A469772844BAEA663E1C9A9F00B38,"The extension statements assert existence of a 'unique sheaf' without a categorical qualifier.","A sheaf reconstructed from local/basis data is normally unique up to unique isomorphism, not literally equal as a set-theoretic object.","Write 'unique up to unique isomorphism' unless a fixed construction makes literal uniqueness intended.",reported_to_cjk1_2026-08-22
SHEAVES-057,p01,sheaves.tex,sheaves.tex:4017-4019;4041-4043;4173-4175,AC4F9EDC7DB85E66329806EC9EA42816187A469772844BAEA663E1C9A9F00B38,"An object defined as the underlying presheaf of sets is later called the associated presheaf of sets.","'Associated presheaf' can be confused with the associated-sheaf construction and is not the term used in the definition.","Use 'underlying presheaf of sets' consistently.",reported_to_cjk1_2026-08-22
SHEAVES-058,p01,sheaves.tex,sheaves.tex:3947-3949;4087-4090,AC4F9EDC7DB85E66329806EC9EA42816187A469772844BAEA663E1C9A9F00B38,"The proof refers to condition (**) when comparing the construction on underlying sets.","The underlying-set formula is introduced as condition (*) at 3947-3949; (**) is the separate sheaf condition.","Replace (**) by (*) if the intended reference is the construction formula.",reported_to_cjk1_2026-08-22
SHEAVES-059,p01,sheaves.tex,sheaves.tex:4255-4256;4322-4323,AC4F9EDC7DB85E66329806EC9EA42816187A469772844BAEA663E1C9A9F00B38,"The phrase is 'a type of algebraic structures'.","The defined technical noun elsewhere in the chapter is singular 'a type of algebraic structure'.","Use the singular technical phrase.",reported_to_cjk1_2026-08-22
SHEAVES-060,p01,sheaves.tex,sheaves.tex:4352-4358;4372-4375,AC4F9EDC7DB85E66329806EC9EA42816187A469772844BAEA663E1C9A9F00B38,"The proof fixes an arbitrary open V subset Y, but the maps \varphi_V^U are only given for V in the chosen basis B_Y.","The proof later returns explicitly to V in B_Y, confirming the domain restriction.","At 4352 require V in B_Y, or first extend the component maps to arbitrary opens.",reported_to_cjk1_2026-08-22
SHEAVES-061,p01,sheaves.tex,sheaves.tex:4375-4380,AC4F9EDC7DB85E66329806EC9EA42816187A469772844BAEA663E1C9A9F00B38,"A lemma constructs an f-map but the next sentence calls the result a map of sheaves of sets.","For nonidentity f these are different types; the ordinary morphism is the adjoint map f^{-1}G to F.","Retain 'f-map' or explicitly pass to the adjoint sheaf morphism.",reported_to_cjk1_2026-08-22
SHEAVES-062,p01,sheaves.tex,sheaves.tex:4387-4390,AC4F9EDC7DB85E66329806EC9EA42816187A469772844BAEA663E1C9A9F00B38,"The plural subject 'the maps on stalks' is followed by singular 'is'.","Subject and verb disagree in number.","Use 'the map on stalks is' or 'the maps on stalks are'.",reported_to_cjk1_2026-08-22
SHEAVES-063,p01,sheaves.tex,sheaves.tex:3982-3985;4121-4125;4241-4244,AC4F9EDC7DB85E66329806EC9EA42816187A469772844BAEA663E1C9A9F00B38,"Three proofs repeat 'The inverse functor in given'.","The preposition 'in' is a typo for the verb 'is'.","Replace 'in given' by 'is given'.",reported_to_cjk1_2026-08-22
SHEAVES-064,p01,sheaves.tex,sheaves.tex:4043-4046,AC4F9EDC7DB85E66329806EC9EA42816187A469772844BAEA663E1C9A9F00B38,"The singular subject 'The analogue' is followed by 'need some care'.","Subject and verb disagree in number.","Replace 'need' by 'needs'.",reported_to_cjk1_2026-08-22
SHEAVES-065,p01,sheaves.tex,sheaves.tex:4349-4353,AC4F9EDC7DB85E66329806EC9EA42816187A469772844BAEA663E1C9A9F00B38,"The proof begins 'Let us first proves'.","After 'let us' English requires the infinitive.","Replace 'proves' by 'prove'.",reported_to_cjk1_2026-08-22
SHEAVES-066,p01,sheaves.tex,sheaves.tex:4434-4437,AC4F9EDC7DB85E66329806EC9EA42816187A469772844BAEA663E1C9A9F00B38,"The proof text 'Similar to the above and omitted' is a sentence fragment.","The proof is intentionally omitted but needs a predicate.","Write 'The proof is similar to the one above and is omitted.'",reported_to_cjk1_2026-08-22
SHEAVES-067,p01,sheaves.tex,sheaves.tex:4464-4468,AC4F9EDC7DB85E66329806EC9EA42816187A469772844BAEA663E1C9A9F00B38,"The fibre is typeset j^{-1}\mathcal G_u without parentheses.","The intended object is the stalk at u of the inverse-image sheaf, conventionally (j^{-1}\mathcal G)_u.","Add parentheses around j^{-1}\mathcal G.",reported_to_cjk1_2026-08-22
SHEAVES-068,p01,sheaves.tex,sheaves.tex:4469-4470;4577-4578;4715-4718,AC4F9EDC7DB85E66329806EC9EA42816187A469772844BAEA663E1C9A9F00B38,"The prose says '(pre)sheaves of U'.","Sheaves are defined on a space, not 'of' it in this construction.","Replace 'of U' by 'on U'.",reported_to_cjk1_2026-08-22
SHEAVES-069,p01,sheaves.tex,sheaves.tex:4477-4479,AC4F9EDC7DB85E66329806EC9EA42816187A469772844BAEA663E1C9A9F00B38,"The phrase 'colimit over collection' lacks an article.","The collection was just specified and is definite.","Write 'colimit over the collection'.",reported_to_cjk1_2026-08-22
SHEAVES-070,p01,sheaves.tex,sheaves.tex:4486-4487,AC4F9EDC7DB85E66329806EC9EA42816187A469772844BAEA663E1C9A9F00B38,"The proof uses j^{-1}j_* to justify both the presheaf and sheaf statements.","The presheaf statement names j_pj_*, while j^{-1}j_* is the sheaf-level composite.","Add the parallel j_pj_* calculation or restrict the sentence to the sheaf statement.",reported_to_cjk1_2026-08-22
SHEAVES-071,p01,sheaves.tex,sheaves.tex:4501-4505,AC4F9EDC7DB85E66329806EC9EA42816187A469772844BAEA663E1C9A9F00B38,"The list reads 'a sheaf of sets on X, abelian groups or algebraic structures on X'.","The coordination drops 'sheaf of' before the latter two cases and repeats the base ambiguously.","Write 'a sheaf on X of sets, abelian groups, or algebraic structures'.",reported_to_cjk1_2026-08-22
SHEAVES-072,p01,sheaves.tex,sheaves.tex:4518-4520,AC4F9EDC7DB85E66329806EC9EA42816187A469772844BAEA663E1C9A9F00B38,"The mathematical exposition abruptly begins a sentence with 'Ok, so'.","The phrase is conversational and inconsistent with the surrounding editorial register.","Replace it with 'Thus' or state the deduction directly.",reported_to_cjk1_2026-08-22
SHEAVES-073,p01,sheaves.tex,sheaves.tex:4566-4570;4705-4708;4749-4752;4796-4799;4905-4908,AC4F9EDC7DB85E66329806EC9EA42816187A469772844BAEA663E1C9A9F00B38,"Several fibres are typeset j_!\mathcal F_x without parentheses.","The intended object is the stalk of the extension-by-zero sheaf, namely (j_!\mathcal F)_x.","Add parentheses at each occurrence.",reported_to_cjk1_2026-08-22
SHEAVES-074,p01,sheaves.tex,sheaves.tex:4594-4595,AC4F9EDC7DB85E66329806EC9EA42816187A469772844BAEA663E1C9A9F00B38,"The proof calls the object in both parts (4) and (5) 'the sheaf'.","Part (4) is explicitly a presheaf statement; only part (5) is sheaf-level.","Say '(pre)sheaf' or distinguish the two cases.",reported_to_cjk1_2026-08-22
SHEAVES-075,p01,sheaves.tex,sheaves.tex:4648-4651,AC4F9EDC7DB85E66329806EC9EA42816187A469772844BAEA663E1C9A9F00B38,"The phrase is 'of the give type'.","'Give' is a typo in the attributive phrase.","Replace 'give' by 'given'.",reported_to_cjk1_2026-08-22
SHEAVES-076,p01,sheaves.tex,sheaves.tex:4673-4676,AC4F9EDC7DB85E66329806EC9EA42816187A469772844BAEA663E1C9A9F00B38,"The words rings and abelian are used directly as mathematical subscripts.","Bare prose words in math mode are rendered as products of variables/italic identifiers rather than semantic labels.","Use \text{rings} and \text{abelian}, or defined roman macros.",reported_to_cjk1_2026-08-22
SHEAVES-077,p01,sheaves.tex,sheaves.tex:4731-4734,AC4F9EDC7DB85E66329806EC9EA42816187A469772844BAEA663E1C9A9F00B38,"The phrase is '(pre)sheaves of algebraic structure'.","The established generic term in the chapter is plural 'algebraic structures'.","Use '(pre)sheaves of algebraic structures'.",reported_to_cjk1_2026-08-22
SHEAVES-078,p01,sheaves.tex,sheaves.tex:4773-4806,AC4F9EDC7DB85E66329806EC9EA42816187A469772844BAEA663E1C9A9F00B38,"At 4794 F is called a sheaf of O-modules on U, while all surrounding categories use O restricted to U.","The module structure on the open subspace is over \mathcal O|_U, as stated at 4773,4783,4791 and 4806.","Replace O-modules by O|_U-modules at 4794, unless an explicit restriction convention is invoked.",reported_to_cjk1_2026-08-22
SHEAVES-079,p01,sheaves.tex,sheaves.tex:4835-4838,AC4F9EDC7DB85E66329806EC9EA42816187A469772844BAEA663E1C9A9F00B38,"The proof begins 'Fully faithfulness'.","The noun phrase is 'Full faithfulness'.","Replace 'Fully' by 'Full'.",reported_to_cjk1_2026-08-22
SHEAVES-080,p01,sheaves.tex,sheaves.tex:4599-4601;4605-4606,AC4F9EDC7DB85E66329806EC9EA42816187A469772844BAEA663E1C9A9F00B38,"Commas split the subject from the verb in 'as defined above, is' and 'empty set, is'.","The commas are syntactically extraneous and interrupt the definitions.","Remove the two subject-verb commas.",reported_to_cjk1_2026-08-22
SITES-001,p01,sites.tex,sites.tex:2580-2582,07AE4690C2D8EB6873837D3D14A37F07408BB14F9E0BE6077ED570C220B1845D,"The lemma begins with the sentence fragment 'In the situation of Lemma ... .'.","The prepositional phrase is punctuated as a complete sentence and is disconnected from 'The functor ...'.","Join the phrase to the following sentence with a comma.",reported_to_cjk1_2026-08-22
SITES-002,p01,sites.tex,sites.tex:2595-2597,07AE4690C2D8EB6873837D3D14A37F07408BB14F9E0BE6077ED570C220B1845D,"The lemma repeats the sentence fragment 'In the situation of Lemma ... .'.","As at lines 2580-2582 the prepositional phrase is not a complete sentence.","Join it to 'For any presheaf ...' with a comma.",reported_to_cjk1_2026-08-22
SITES-003,p01,sites.tex,sites.tex:2821-2823,07AE4690C2D8EB6873837D3D14A37F07408BB14F9E0BE6077ED570C220B1845D,"The proof ends 'we conclude because' followed by the displayed identity u_s = # o u_p.","The connective is grammatically incomplete although the mathematical reason is clear.","Replace with 'we conclude using' or 'we conclude because u_s = ...'.",reported_to_cjk1_2026-08-22
SITES-004,p01,sites.tex,sites.tex:2832-2834,07AE4690C2D8EB6873837D3D14A37F07408BB14F9E0BE6077ED570C220B1845D,"There is a space before the comma in '\\mathcal{D}$ , and'.","The punctuation spacing is inconsistent with the rest of the source.","Delete the space before the comma.",reported_to_cjk1_2026-08-22
SITES-005,p01,sites.tex,sites.tex:3354-3360,07AE4690C2D8EB6873837D3D14A37F07408BB14F9E0BE6077ED570C220B1845D,"The sentence says that id_U 'lifts to a section of s_c of h_{U_{iota(c)}}^#'.","The next sentence defines s_c as the section; 'of s_c' makes s_c an object possessing a section and is grammatically and mathematically inconsistent.","Replace 'lifts to a section of s_c of' by 'lifts to a section s_c of'.",reported_to_cjk1_2026-08-22
SITES-006,p01,sites.tex,sites.tex:3405,07AE4690C2D8EB6873837D3D14A37F07408BB14F9E0BE6077ED570C220B1845D,"The sentence begins 'Finite copoducts of sheaves'.","The standard categorical noun is 'coproducts'.","Replace 'copoducts' by 'coproducts'.",reported_to_cjk1_2026-08-22
SITES-007,p01,sites.tex,sites.tex:3460-3474,07AE4690C2D8EB6873837D3D14A37F07408BB14F9E0BE6077ED570C220B1845D,"After introducing sections s and s' and assuming phi_{ii_a}(s)=phi_{i'i_a}(s'), the conclusion twice uses phi_{i'i''}(s).","The second transition morphism has source F_{i'} and must act on s'; using s is ill-typed unless i=i', which is not assumed.","Replace both occurrences of phi_{i'i''}(s) at lines 3472 and 3474 by phi_{i'i''}(s').",reported_to_cjk1_2026-08-22
SITES-008,p01,sites.tex,sites.tex:3622-3628,07AE4690C2D8EB6873837D3D14A37F07408BB14F9E0BE6077ED570C220B1845D,"The proof says 'This is done shown in the next paragraph'.","The doubled auxiliary is ungrammatical.","Replace with 'This is shown in the next paragraph'.",reported_to_cjk1_2026-08-22
SITES-009,p01,sites.tex,sites.tex:3738-3744,07AE4690C2D8EB6873837D3D14A37F07408BB14F9E0BE6077ED570C220B1845D,"The proof says 'Since the cardinality if I x I'.","The preposition is a typographical error.","Replace 'if' by 'of'.",reported_to_cjk1_2026-08-22
SITES-010,p01,sites.tex,sites.tex:1248-1278,07AE4690C2D8EB6873837D3D14A37F07408BB14F9E0BE6077ED570C220B1845D,"The induced morphism f_{jj'} has target U_{alpha(i)} x_U U_{alpha(i')}, although i and i' are not bound in this sentence.","The map alpha has domain J; f_{jj'} is induced by f_j and f_{j'}, and the next two formulas use U_{alpha(j)} x_U U_{alpha(j')}.","Replace i and i' in the target at line 1273 by j and j'.",reported_to_cjk1_2026-08-22
SITES-011,p01,sites.tex,sites.tex:2166-2201,07AE4690C2D8EB6873837D3D14A37F07408BB14F9E0BE6077ED570C220B1845D,"The covering {U_{ijk} -> U_i x_U U_j} at line 2200 is said to be of site D.","The lemma defines only site C; the cited lemma states the identical covering is of C at line 2168.","Replace mathcal D by mathcal C at line 2200.",reported_to_cjk1_2026-08-22
SITES-012,p01,sites.tex,sites.tex:253-270,07AE4690C2D8EB6873837D3D14A37F07408BB14F9E0BE6077ED570C220B1845D,"The proof defines G'(U) for U in Ob(C), using plain C.","The ambient category is mathcal C throughout the lemma and plain C is undefined; line 302 uses Ob(mathcal C) in the same chapter.","Replace Ob(C) by Ob(mathcal C) at line 267.",reported_to_cjk1_2026-08-22
SITES-013,p01,sites.tex,sites.tex:2212-2223,07AE4690C2D8EB6873837D3D14A37F07408BB14F9E0BE6077ED570C220B1845D,"The proof says the pullbacks of t_i and t_j agree because 'we have the agreement for t_i and t_j'.","This is circular: agreement of the t-sections is the conclusion; the known agreement is for their images s_i and s_j, and bijectivity over U_{ijk} then lifts it uniquely.","Replace the final 't_i and t_j' at line 2221 by 's_i and s_j'.",reported_to_cjk1_2026-08-22
SITES-014,p01,sites.tex,sites.tex:3883-3886,07AE4690C2D8EB6873837D3D14A37F07408BB14F9E0BE6077ED570C220B1845D,"The proof says 'we can pick a a : j -> i'.","The indefinite article is duplicated.","Delete the first 'a'.",reported_to_cjk1_2026-08-22
SITES-015,p01,sites.tex,sites.tex:3883-3889,07AE4690C2D8EB6873837D3D14A37F07408BB14F9E0BE6077ED570C220B1845D,"The representative V_j is declared to lie in Ob(mathcal C).","The notation V_j and the equation V=u_j(V_j), with u_j:mathcal C_j->mathcal C, require V_j to be an object of mathcal C_j.","Replace Ob(mathcal C) by Ob(mathcal C_j) at line 3885.",reported_to_cjk1_2026-08-22
SITES-016,p01,sites.tex,sites.tex:3888-3896,07AE4690C2D8EB6873837D3D14A37F07408BB14F9E0BE6077ED570C220B1845D,"The independence sentence refers to the choice of b:j->i although the representative was chosen with a:j->i; the next sentence again chooses b:j->i and then applies u_b to a morphism in C_j.","In the displayed colimit b has type k->j, so u_b acts on C_j; an arrow b:j->i instead gives u_b:C_i->C_j and cannot act on alpha_j in C_j.","At line 3891 replace b:j->i by a:j->i; at lines 3893-3896 choose a:j->i and state that restrictions use u_b(alpha_j) for b:k->j.",reported_to_cjk1_2026-08-22
SITES-017,p01,sites.tex,sites.tex:3898-3907,07AE4690C2D8EB6873837D3D14A37F07408BB14F9E0BE6077ED570C220B1845D,"Both colimit terms use f_{b o a}^{-1} for a:j->i and b:k->j.","The composition b o a is ill-typed; the Situation fixes c=a o b, and the defining formula at line 3888 correctly uses f_{a o b}^{-1}.","Replace both b o a occurrences at lines 3905-3906 by a o b.",reported_to_cjk1_2026-08-22
SITES-018,p01,sites.tex,sites.tex:3933-3947,07AE4690C2D8EB6873837D3D14A37F07408BB14F9E0BE6077ED570C220B1845D,"The identity-indexed map is written varphi_id twice after being defined as varphi_{text{id},text{id},V_i}.","Plain id is typeset as a product of variables and does not match the established identity index text{id} in the same paragraph.","Replace both subscripts id at lines 3940 and 3947 by text{id}.",reported_to_cjk1_2026-08-22
SITES-019,p01,sites.tex,sites.tex:3954-3961,07AE4690C2D8EB6873837D3D14A37F07408BB14F9E0BE6077ED570C220B1845D,"The sentence has plural subject 'the functors f_a^{-1}' with singular verb 'commutes'.","Standard subject-verb agreement requires 'commute'.","Replace 'commutes' by 'commute' at line 3957.",reported_to_cjk1_2026-08-22
SITES-020,p01,sites.tex,sites.tex:3967-3994,07AE4690C2D8EB6873837D3D14A37F07408BB14F9E0BE6077ED570C220B1845D,"The formal colimit at line 3987 evaluates F_i on u_a(X_i).","For a:j->i, u_a(X_i) lies in C_j, so F_i on C_i cannot be evaluated there; the lemma statement at line 3980 correctly uses F_j(u_a(X_i)).","Replace F_i by F_j at line 3987.",reported_to_cjk1_2026-08-22
SITES-021,p01,sites.tex,sites.tex:4011-4025,07AE4690C2D8EB6873837D3D14A37F07408BB14F9E0BE6077ED570C220B1845D,"The cocycle check takes a:j->i and b:k->i while declaring c=a o b.","The composition a o b is defined only when b:k->j, as in the preceding colimit lemma and the governing Situation.","Replace b:k->i by b:k->j at line 4022.",reported_to_cjk1_2026-08-22
SITES-022,p01,sites.tex,sites.tex:3967-4045,07AE4690C2D8EB6873837D3D14A37F07408BB14F9E0BE6077ED570C220B1845D,"Three colimits at lines 4028, 4035 and 4040 are indexed by i in I, but the only index category defined in the Situation is mathcal I and no I is introduced here.","Earlier quantified indices use i in Ob(mathcal I); plain I is undefined in this construction.","Replace each i in I by i in Ob(mathcal I), or explicitly define I as the object set before first use.",reported_to_cjk1_2026-08-22
SITES-023,p01,sites.tex,sites.tex:3997-4045,07AE4690C2D8EB6873837D3D14A37F07408BB14F9E0BE6077ED570C220B1845D,"The proof twice writes colim f_i^{-1}F_i although no sheaves F_i are defined in this lemma.","The lemma statement is F=colim f_i^{-1}f_{i,*}F and the next line evaluates f_{j,*}F; the dropped direct-image factor changes the object and leaves F_i undefined.","At lines 4035 and 4040 replace f_i^{-1}F_i by f_i^{-1}f_{i,*}F.",reported_to_cjk1_2026-08-22
SITES-024,p01,sites.tex,sites.tex:4383-4391,07AE4690C2D8EB6873837D3D14A37F07408BB14F9E0BE6077ED570C220B1845D,"The lemma opens with the standalone fragment 'In the situation of Lemma ... .'.","The prepositional phrase is not a complete sentence and is disconnected from the following quantifier.","Join it to the next sentence with a comma.",reported_to_cjk1_2026-08-22
SITES-025,p01,sites.tex,sites.tex:4477-4483,07AE4690C2D8EB6873837D3D14A37F07408BB14F9E0BE6077ED570C220B1845D,"The family {E_i -> v(u(U))} is called a covering of U in E.","U is an object of C, while the displayed family has target v(u(U)), which is the object of E covered by the family.","Replace 'a covering of U in E' by 'a covering of v(u(U)) in E'.",reported_to_cjk1_2026-08-22
SITES-026,p01,sites.tex,sites.tex:4797-4804,07AE4690C2D8EB6873837D3D14A37F07408BB14F9E0BE6077ED570C220B1845D,"The question reads 'shouldn't any covering of U cap Z it come'.","The pronoun 'it' is an extraneous duplicate subject.","Delete 'it' at line 4801.",reported_to_cjk1_2026-08-22
SITES-027,p01,sites.tex,sites.tex:4933-4937,07AE4690C2D8EB6873837D3D14A37F07408BB14F9E0BE6077ED570C220B1845D,"The image covering {v(V_j) -> v(u(U))} is indexed by i in I.","The source covering on the preceding line is indexed by j in J; i and I are unbound in this proof.","Replace the subscript i in I at line 4935 by j in J.",reported_to_cjk1_2026-08-22
SITES-028,p01,sites.tex,sites.tex:4953-4957,07AE4690C2D8EB6873837D3D14A37F07408BB14F9E0BE6077ED570C220B1845D,"The adjective is spelled 'cocontinous'.","The defined term throughout the chapter is 'cocontinuous'.","Insert the missing 'u' at line 4956.",reported_to_cjk1_2026-08-22
SITES-029,p01,sites.tex,sites.tex:1692-1703,07AE4690C2D8EB6873837D3D14A37F07408BB14F9E0BE6077ED570C220B1845D,"The proof defines sections s_{j,i} and s_{j,i'} but then invokes s_{i,j} and s_{i',j}.","The latter index order was never defined and reverses the established covering-index/system-index convention.","At line 1702 replace s_{i,j}, s_{i',j} by s_{j,i}, s_{j,i'}.",reported_to_cjk1_2026-08-22
SITES-030,p01,sites.tex,sites.tex:1966-1971,07AE4690C2D8EB6873837D3D14A37F07408BB14F9E0BE6077ED570C220B1845D,"The definition says 'for all coverings of {U_i -> U}'.","The displayed family itself is the covering; the extra preposition makes the quantification ungrammatical.","Delete 'of' at line 1970.",reported_to_cjk1_2026-08-22
SITES-031,p01,sites.tex,sites.tex:2005-2010,07AE4690C2D8EB6873837D3D14A37F07408BB14F9E0BE6077ED570C220B1845D,"The proof says s and s' map to the same element of H^0 of the refined covering.","Here s,s' are elements of F^+(U), and the construction shows instead that they are images of the same H^0 element; no map F^+(U)->H^0 is defined.","Replace 'map to the same element of' by 'are the images of the same element of'.",reported_to_cjk1_2026-08-22
SITES-032,p01,sites.tex,sites.tex:2034-2038,07AE4690C2D8EB6873837D3D14A37F07408BB14F9E0BE6077ED570C220B1845D,"The sheaf property is stated as bijectivity of a map F -> H^0(U,F).","For a covering of U the domain is the set of sections F(U), not the presheaf F.","Replace F by F(U) at line 2037.",reported_to_cjk1_2026-08-22
SITES-033,p01,sites.tex,sites.tex:2146-2151,07AE4690C2D8EB6873837D3D14A37F07408BB14F9E0BE6077ED570C220B1845D,"The text calls F -> F^+ a functor commuting with finite limits.","An arrow denotes one component/natural morphism, whereas the functor is the assignment F maps to F^+.","Replace the arrow by mapsto, or name the plus functor explicitly.",reported_to_cjk1_2026-08-22
SITES-034,p01,sites.tex,sites.tex:5233-5237,07AE4690C2D8EB6873837D3D14A37F07408BB14F9E0BE6077ED570C220B1845D,"The proof resumes with the editorial filler 'OK, and by the definition'.","The interjection is out of register and contributes no mathematical content.","Replace 'OK, and by' by 'By'.",reported_to_cjk1_2026-08-22
SITES-035,p01,sites.tex,sites.tex:5358-5363,07AE4690C2D8EB6873837D3D14A37F07408BB14F9E0BE6077ED570C220B1845D,"The sentence reads 'where j_{U!}^{PSh} G the presheaf defined by the formula'.","The copula is missing, leaving an ungrammatical and incomplete definition.","Insert 'is' before 'the presheaf' at line 5360.",reported_to_cjk1_2026-08-22
SITES-036,p01,sites.tex,sites.tex:5383-5387,07AE4690C2D8EB6873837D3D14A37F07408BB14F9E0BE6077ED570C220B1845D,"The sentence reads 'The value of the presheaf ... is on X is'.","The first 'is' is misplaced/duplicated.","Use 'The value of the presheaf ... on X is'.",reported_to_cjk1_2026-08-22
SITES-037,p01,sites.tex,sites.tex:5468-5472;5553-5557,07AE4690C2D8EB6873837D3D14A37F07408BB14F9E0BE6077ED570C220B1845D,"The relocalization functor is defined as j_{V/U}: C/V -> C/U, but the later inverse-image description writes j^{-1}=j_{U/V}^{-1}.","The latter reverses the established source/target indices and names a different, undefined relocalization in this context.","Replace j_{U/V}^{-1} by j_{V/U}^{-1} at line 5555.",reported_to_cjk1_2026-08-22
SITES-038,p01,sites.tex,sites.tex:5597-5602,07AE4690C2D8EB6873837D3D14A37F07408BB14F9E0BE6077ED570C220B1845D,"The sentence says two functors 'which are right, left adjoint' to j_U^{-1}.","The paired order needs an explicit distributive marker; as written it is ungrammatical.","Use 'which are respectively right and left adjoint'.",reported_to_cjk1_2026-08-22
SITES-039,p01,sites.tex,sites.tex:5617-5621,07AE4690C2D8EB6873837D3D14A37F07408BB14F9E0BE6077ED570C220B1845D,"The displayed covering has a doubled space before the colon in f_i  :.","This is a minor source typography defect in mathematical prose.","Normalize to a single space before the colon.",reported_to_cjk1_2026-08-22
SITES-040,p01,sites.tex,sites.tex:6072-6083,07AE4690C2D8EB6873837D3D14A37F07408BB14F9E0BE6077ED570C220B1845D,"The restrictions to V_i times_V V_j use pr_1 composed with varphi_i and pr_2 composed with varphi_j, and the compatibility equality repeats those orders.","Here pr_1 has codomain V_i and varphi_i has domain V_i, so only varphi_i composed with pr_1 is typed; similarly for j. The displayed source compositions are undefined under the stated convention.","At lines 6077, 6080 and 6083 reverse each composition to varphi_i circ pr_1 and varphi_j circ pr_2.",reported_to_cjk1_2026-08-22
SITES-041,p01,sites.tex,sites.tex:2194-2204,07AE4690C2D8EB6873837D3D14A37F07408BB14F9E0BE6077ED570C220B1845D,"A covering {U_{ijk} -> U_i times_U U_j} is said to be a covering of the site D.","The lemma and proof define only the site C; D is not introduced in this context, while the covering objects and all surrounding notation lie in C.","Replace mathcal D by mathcal C at line 2200.",reported_to_cjk1_2026-08-22
SITES-042,p01,sites.tex,sites.tex:2215-2223,07AE4690C2D8EB6873837D3D14A37F07408BB14F9E0BE6077ED570C220B1845D,"After choosing t_i as the unique lifts of s_i, the proof says their pullbacks agree because 'we have the agreement for t_i and t_j'.","Agreement of the t_i is exactly the conclusion being proved; the established agreement is for the images s_i and s_j, together with injectivity of F(U_{ijk})->G(U_{ijk}) for U_{ijk} in B.","Replace the final t_i and t_j at line 2221 by s_i and s_j.",reported_to_cjk1_2026-08-22
SITES-043,p01,sites.tex,sites.tex:5979-5984,07AE4690C2D8EB6873837D3D14A37F07408BB14F9E0BE6077ED570C220B1845D,"The construction says 'where restriction along f ... given by'.","The copula is missing from the definition.","Insert 'is' before 'given by' at line 5983.",reported_to_cjk1_2026-08-22
SITES-044,p01,sites.tex,sites.tex:6069-6074,07AE4690C2D8EB6873837D3D14A37F07408BB14F9E0BE6077ED570C220B1845D,"The declaration 'Let (s_i,varphi_i)...' ends with a comma before a new sentence beginning 'This means'.","The comma creates a sentence-boundary punctuation error.","Replace the comma at the end of line 6072 by a period.",reported_to_cjk1_2026-08-22
SITES-045,p01,sites.tex,sites.tex:6168-6174,07AE4690C2D8EB6873837D3D14A37F07408BB14F9E0BE6077ED570C220B1845D,"The proof uses the phrase 'equivalent to the fully faithfulness'.","The standard noun phrase is 'full faithfulness'.","Replace 'the fully faithfulness' by 'the full faithfulness' at line 6172.",reported_to_cjk1_2026-08-22
SITES-046,p01,sites.tex,sites.tex:6536-6545,07AE4690C2D8EB6873837D3D14A37F07408BB14F9E0BE6077ED570C220B1845D,"The functor u':C/U -> D/V sends U'/U to V'/V, but V' is not defined.","The commutative square requires the underlying object to be u(U'), and the proof at lines 6562-6575 constructs exactly u(U')/V.","Replace V'/V by u(U')/V at line 6543.",reported_to_cjk1_2026-08-22
SITES-047,p01,sites.tex,sites.tex:6562-6571,07AE4690C2D8EB6873837D3D14A37F07408BB14F9E0BE6077ED570C220B1845D,"The morphisms phi_i:u(U_i')->V_{alpha(i)} are called morphisms over U'.","Both objects lie in D and their displayed structure maps target u(U'); U' lies in C and cannot be their base in D.","Replace 'over U'' by 'over u(U')' at line 6569.",reported_to_cjk1_2026-08-22
SITES-048,p01,sites.tex,sites.tex:8276-8281,07AE4690C2D8EB6873837D3D14A37F07408BB14F9E0BE6077ED570C220B1845D,"The conclusion begins 'Then the the category'.","The article is accidentally duplicated.","Delete one occurrence of 'the' at line 8278.",reported_to_cjk1_2026-08-22
SITES-049,p01,sites.tex,sites.tex:8382-8403,07AE4690C2D8EB6873837D3D14A37F07408BB14F9E0BE6077ED570C220B1845D,"The functor is said to commute with 'product and fibred products'.","The criterion is preservation of finite limits; in this setting the intended pair is the final object/product and fibre products, and the singular bare 'product' is incomplete English.","Use 'products and fibre products' or state explicitly that the final object and fibre products are preserved.",reported_to_cjk1_2026-08-22
SITES-050,p01,sites.tex,sites.tex:8490-8500,07AE4690C2D8EB6873837D3D14A37F07408BB14F9E0BE6077ED570C220B1845D,"After conditions (1) and (2) are checked, the exactness condition is again called Condition (2).","Exactness of the stalk functor is condition (3) of Definition definition-point at lines 7901-7902.","Replace 'Condition (2)' by 'Condition (3)' at line 8497.",reported_to_cjk1_2026-08-22
SITES-051,p01,sites.tex,sites.tex:8490-8500,07AE4690C2D8EB6873837D3D14A37F07408BB14F9E0BE6077ED570C220B1845D,"The example assumes the chaotic topology but the final sentence calls it discrete.","Example example-indiscrete at lines 820-825 defines the same isomorphism-only coverings as the chaotic or indiscrete topology; discrete is the opposite extreme terminology used separately later.","Replace 'the topology is discrete' by 'the topology is chaotic (or indiscrete)' at line 8498.",reported_to_cjk1_2026-08-22
SITES-052,p01,sites.tex,sites.tex:8580-8588,07AE4690C2D8EB6873837D3D14A37F07408BB14F9E0BE6077ED570C220B1845D,"The explanation begins 'The first equality since f^{-1}=u_s'.","The predicate is missing.","Use 'The first equality holds since ...' at line 8585.",reported_to_cjk1_2026-08-22
SITES-053,p01,sites.tex,sites.tex:8616-8621,07AE4690C2D8EB6873837D3D14A37F07408BB14F9E0BE6077ED570C220B1845D,"The display has i_*E(v(u(U)) with one missing closing parenthesis before the equality to Mor.","The identical construction at line 8157 reads i_*E(u(U)) = Mor(u(U),E); here the argument is v(u(U)).","Insert the missing closing parenthesis: i_*E(v(u(U))) = Mor(v(u(U)),E).",reported_to_cjk1_2026-08-22
SITES-054,p01,sites.tex,sites.tex:8620-8625,07AE4690C2D8EB6873837D3D14A37F07408BB14F9E0BE6077ED570C220B1845D,"The sentence reads 'this is the same as the formula for which is equal to (v composed u)^pE'.","The object after 'formula for' is missing and 'which is equal to' has no antecedent; the displayed Hom formula is precisely the formula for (v composed u)^pE.","Use 'this is the same as the formula for (v composed u)^pE, see Equation ...'.",reported_to_cjk1_2026-08-22
SITES-055,p01,sites.tex,sites.tex:8625-8634,07AE4690C2D8EB6873837D3D14A37F07408BB14F9E0BE6077ED570C220B1845D,"The functor right-adjoint to g_*i_* is called the stalk functor F maps to F_q.","Here g and i construct the new point p of C; q is the original point of D, so F on C has stalk F_p, not F_q. The following sentence also names p^{-1}.","Replace F_q by F_p at line 8629.",reported_to_cjk1_2026-08-22
SITES-056,p01,sites.tex,sites.tex:8795-8809,07AE4690C2D8EB6873837D3D14A37F07408BB14F9E0BE6077ED570C220B1845D,"The proof uses q^{-1} composed with j^{-1}=p^{-1}.","The localization morphism throughout the lemma is j_U; no unindexed j is defined here.","Replace j^{-1} by j_U^{-1} at line 8805.",reported_to_cjk1_2026-08-22
SITES-057,p01,sites.tex,sites.tex:6818-6867,07AE4690C2D8EB6873837D3D14A37F07408BB14F9E0BE6077ED570C220B1845D,"The constructed limit element is said to satisfy s_{(U,psi)}=s.","The category's final object and the prescribed distinguished component are explicitly (U,id) at lines 6821-6825; psi is not the distinguished arrow here.","Replace psi by text{id} in the subscript at line 6866.",reported_to_cjk1_2026-08-22
SITES-058,p01,sites.tex,sites.tex:7652-7673,07AE4690C2D8EB6873837D3D14A37F07408BB14F9E0BE6077ED570C220B1845D,"After defining F=h_{u(V)}, the localization diagram suddenly uses C/U and j_U although U is not defined in the lemma.","The intended localization object is u(V); the subsequent comparison also identifies j_F with the representable localization at that object.","Insert 'Set U=u(V)' after line 7658, or replace U in lines 7664, 7670 and 7672 by u(V).",reported_to_cjk1_2026-08-22
SITES-059,p01,sites.tex,sites.tex:7706-7727,07AE4690C2D8EB6873837D3D14A37F07408BB14F9E0BE6077ED570C220B1845D,"The localized morphism f' is typed with codomain Sh(D)/F.","F is a sheaf on C, not D; the preceding square and lemma-localize-morphism-topoi give codomain Sh(D)/G.","Replace mathcal F by mathcal G in the codomain at line 7725.",reported_to_cjk1_2026-08-22
SITES-060,p01,sites.tex,sites.tex:7788-7795,07AE4690C2D8EB6873837D3D14A37F07408BB14F9E0BE6077ED570C220B1845D,"For an arbitrary morphism c:U->u(V), the source states h_U^#=f^{-1}h_V^#.","In general f^{-1}h_V^#=h_{u(V)}^#, while h_U^# maps to it via c and need not equal it; the next line correctly defines that induced map.","Delete '= f^{-1}h_V^#' from line 7793.",reported_to_cjk1_2026-08-22
SITES-061,p01,sites.tex,sites.tex:6768-6772,07AE4690C2D8EB6873837D3D14A37F07408BB14F9E0BE6077ED570C220B1845D,"The citation attributes SGA 4 Proposition 4.9.4 to Expose III.","The native French SGA 4 Expose IV facsimile places Proposition 4.9.4 in Expose IV (Topos), page 356.","Replace Expose III by Expose IV at line 6771.",reported_to_cjk1_2026-08-22
SITES-062,p01,sites.tex,sites.tex:7115-7126,07AE4690C2D8EB6873837D3D14A37F07408BB14F9E0BE6077ED570C220B1845D,"The displayed increasing sequence repeats C_2: C_1 subset C_2 subset C_2 subset ...","The inductive definition immediately below defines C_{n+1}; the third term of the illustrative sequence is C_3.","Replace the second C_2 in line 7119 by C_3.",reported_to_cjk1_2026-08-22
SITES-063,p01,sites.tex,sites.tex:7126-7133;7180-7190,07AE4690C2D8EB6873837D3D14A37F07408BB14F9E0BE6077ED570C220B1845D,"Two functor codomains use the inconsistent form mathcal{C'} instead of mathcal C prime.","The category is defined and otherwise referenced as mathcal{C}' at lines 7126 and 7182; putting the prime inside the mathcal argument is inconsistent typography.","Replace mathcal{C'} by mathcal{C}' at lines 7132 and 7187.",reported_to_cjk1_2026-08-22
SITES-064,p01,sites.tex,sites.tex:6953-6968,07AE4690C2D8EB6873837D3D14A37F07408BB14F9E0BE6077ED570C220B1845D,"The final equality says u(c_{ik})=c composed with u(f_{ik}).","Here f_{ik}:U''_{ik}->U''_i while c has domain u(U''); these maps are not composable. Since c_{ik}=c_i composed with f_{ik} and u(c_i)=c composed with u(f_i), the covering composite f_i composed with f_{ik} is required.","Replace u(f_{ik}) by u(f_i composed with f_{ik}) at line 6966.",reported_to_cjk1_2026-08-22
SITES-065,p01,sites.tex,sites.tex:7011-7016,07AE4690C2D8EB6873837D3D14A37F07408BB14F9E0BE6077ED570C220B1845D,"The warning says statements 'may look be a bit confusing'.","The verb 'be' is extraneous after 'look'.","Delete 'be' at line 7013.",reported_to_cjk1_2026-08-22
SITES-066,p01,sites.tex,sites.tex:7209-7221,07AE4690C2D8EB6873837D3D14A37F07408BB14F9E0BE6077ED570C220B1845D,"Four Hom subscripts use Sh(...) without the established control sequence.","The sheaf-category notation throughout is the macro Sh, and the unescaped letters render as a product of variables rather than the category symbol.","Replace Sh by the control sequence Sh in all four subscripts at lines 7213, 7215, 7217 and 7219.",reported_to_cjk1_2026-08-22
SITES-067,p01,sites.tex,sites.tex:7240-7247,07AE4690C2D8EB6873837D3D14A37F07408BB14F9E0BE6077ED570C220B1845D,"The prose says 'Lemmas' but cites a single lemma-topos-good-site reference.","Only one lemma is invoked at this step.","Replace 'Lemmas' by 'Lemma' at line 7244.",reported_to_cjk1_2026-08-22
SITES-068,p01,sites.tex,sites.tex:7376-7381,07AE4690C2D8EB6873837D3D14A37F07408BB14F9E0BE6077ED570C220B1845D,"The sentence says the functor 'is the one associates to' an arrow a sheaf.","The relative clause lacks 'that'.","Use 'is the one that associates to' or simply 'associates to' at lines 7379-7380.",reported_to_cjk1_2026-08-22
SITES-069,p01,sites.tex,sites.tex:7926-7936,07AE4690C2D8EB6873837D3D14A37F07408BB14F9E0BE6077ED570C220B1845D,"Two representatives of an element of (h_U)_p are said to determine the same object.","The proof is comparing elements of the colimit, as stated at lines 7927 and 7935.","Replace 'object' by 'element' at line 7930.",reported_to_cjk1_2026-08-22
SITES-070,p01,sites.tex,sites.tex:7926-7936,07AE4690C2D8EB6873837D3D14A37F07408BB14F9E0BE6077ED570C220B1845D,"The equivalence relation is said to require 'chains of identities like this'.","The preceding relation is induced by morphisms and identifications, not by identity maps.","Replace 'identities' by 'identifications' at line 7933.",reported_to_cjk1_2026-08-22
SITES-071,p01,sites.tex,sites.tex:7957-7962,07AE4690C2D8EB6873837D3D14A37F07408BB14F9E0BE6077ED570C220B1845D,"The lemma statement ends 'For any functor ... Sets.' and starts a new fragment 'The functor...'.","The introductory phrase must be joined to its predicate.","Replace the period at line 7959 by a comma and lowercase 'The' at line 7960.",reported_to_cjk1_2026-08-22
SITES-072,p01,sites.tex,sites.tex:8022-8028,07AE4690C2D8EB6873837D3D14A37F07408BB14F9E0BE6077ED570C220B1845D,"The definition reads 'we define p_*E=u^sE the sheaf described'.","The predicative construction lacks 'to be'.","Insert 'to be' before 'the sheaf' at line 8025.",reported_to_cjk1_2026-08-22
SITES-073,p01,sites.tex,sites.tex:8198-8223,07AE4690C2D8EB6873837D3D14A37F07408BB14F9E0BE6077ED570C220B1845D,"The lemma claims p_* commutes with arbitrary coequalizers and says this follows from p_*E(U)=Map(u(U),E).","For a fixed set S, Map(S,-) is a right adjoint and need not preserve coequalizers. With a coarsest-topology category having Hom(0,1) of size two, evaluation at 0 is a valid point and p_* at 1 is (-)^2; the coequalizer of the two maps {*}=>{0,1} becomes a singleton before squaring but has three classes after applying (-)^2.","Delete the arbitrary-coequalizer claim at line 8204 and its asserted proof at line 8222, or state only a narrower verified class such as effective-equivalence-relation coequalizers if intended.",reported_to_cjk1_2026-08-22
SITES-074,p01,sites.tex,sites.tex:7693-7702,07AE4690C2D8EB6873837D3D14A37F07408BB14F9E0BE6077ED570C220B1845D,"The proof contrasts a singular choice of morphism of sites with 'the morphisms of sites given to us in the lemma'.","The lemma supplies one morphism, and the next sentence compares two choices using 'both cases'.","Replace plural 'morphisms' by singular 'morphism' at line 7699.",reported_to_cjk1_2026-08-22
SITES-075,p01,sites.tex,sites.tex:8042-8048,07AE4690C2D8EB6873837D3D14A37F07408BB14F9E0BE6077ED570C220B1845D,"The singular subject 'the pair of functors' takes the plural verb 'define'.","The grammatical subject is 'pair'.","Replace 'define' by 'defines' at line 8047.",reported_to_cjk1_2026-08-22
SITES-076,p01,sites.tex,sites.tex:6508-6516,07AE4690C2D8EB6873837D3D14A37F07408BB14F9E0BE6077ED570C220B1845D,"The fibre-product subscript is written h_{u(V'), c'}^#, placing the morphism label c' inside the representable's object argument.","The preceding analogous factor is h_{u(V)}^#, c and lines 6515-6516 identify the pulled-back sheaf as h_{u(V')}^#; c' must label the arrow used in the fibre product, not alter u(V').","Replace the line-6513 subscript by h_{u(V')}^#, c', i.e. move the closing brace before the comma.",reported_to_cjk1_2026-08-22
SITES-077,p01,sites.tex,sites.tex:6563-6571,07AE4690C2D8EB6873837D3D14A37F07408BB14F9E0BE6077ED570C220B1845D,"The morphism phi_i:u(U_i')->V_{alpha(i)} in D is said to be over U'.","Both objects are over u(U') by lines 6563-6567; U' is an object of C and is not the base of these D-morphisms.","Replace 'over U'' by 'over u(U')' at line 6569.",reported_to_cjk1_2026-08-22
SITES-078,p01,sites.tex,sites.tex:6817-6825,07AE4690C2D8EB6873837D3D14A37F07408BB14F9E0BE6077ED570C220B1845D,"The indexing category of pairs (U',psi:u(U')->u(U)) is asserted to have final object (U,id).","Line 6820 explicitly allows psi not to lift as u(alpha); finality of (U,id) would require a unique such lift for every pair and would make the subsequent local existence/uniqueness argument unnecessary. The proof only uses the projection from the limit to this indexed component.","Replace 'has a final object, namely' by 'contains the object' (or 'has an object, namely') at lines 6821-6822.",reported_to_cjk1_2026-08-22
SITES-079,p01,sites.tex,sites.tex:9137-9144,07AE4690C2D8EB6873837D3D14A37F07408BB14F9E0BE6077ED570C220B1845D,"A new sentence in the lemma begins with lowercase 'let'.","This is sentence-initial prose, not a continuation after punctuation.","Capitalize 'Let' at line 9140.",reported_to_cjk1_2026-08-22
SITES-080,p01,sites.tex,sites.tex:9220-9228,07AE4690C2D8EB6873837D3D14A37F07408BB14F9E0BE6077ED570C220B1845D,"The explanation starts with the fragment 'The first equality since f^{-1}=u_s'.","The clause lacks a finite verb.","Use 'The first equality holds since ...' at line 9224.",reported_to_cjk1_2026-08-22
SITES-081,p01,sites.tex,sites.tex:9344-9356,07AE4690C2D8EB6873837D3D14A37F07408BB14F9E0BE6077ED570C220B1845D,"A pair is introduced as (I,>=,U_i,f_{ii'}), but condition (1) renames its transition maps g_{ii'}.","The refinement definition at lines 9268-9274 and the lemma statement at lines 9336-9337 use f_{ii'} for the refining system and g_{jj'} for the original system.","Replace g_{ii'} by f_{ii'} at line 9349.",reported_to_cjk1_2026-08-22
SITES-082,p01,sites.tex,sites.tex:9414-9419,07AE4690C2D8EB6873837D3D14A37F07408BB14F9E0BE6077ED570C220B1845D,"Two sections s,s' are said to 'have distinct image' in a stalk.","The two sections have two images that must be distinct.","Replace 'distinct image' by 'distinct images' at line 9418.",reported_to_cjk1_2026-08-22
SITES-083,p01,sites.tex,sites.tex:9438-9448,07AE4690C2D8EB6873837D3D14A37F07408BB14F9E0BE6077ED570C220B1845D,"The coproduct of representable presheaves coproduct h_{U_i} is asserted to surject onto the final object of Sh(C).","The displayed objects must be sheaves; the same hypothesis is written with sheafifications coproduct h_{U_i}^# -> * at line 9170, and the later argument consistently uses h_U^# in Sh(C).","Replace h_{U_i} by h_{U_i}^# at line 9443.",reported_to_cjk1_2026-08-22
SITES-084,p01,sites.tex,sites.tex:7049-7055,07AE4690C2D8EB6873837D3D14A37F07408BB14F9E0BE6077ED570C220B1845D,"The imperative reads 'Denote g ... the equivalence'.","English syntax requires the named object to be introduced with 'by'.","Replace 'Denote g' by 'Denote by g' at line 7054.",reported_to_cjk1_2026-08-22
SITES-085,p01,sites.tex,sites.tex:10189-10196,07AE4690C2D8EB6873837D3D14A37F07408BB14F9E0BE6077ED570C220B1845D,"A covering family is introduced as {V_j -> V}, but the defining union on the next line and the ensuing proof use V_i.","The index changes without definition; the construction consistently uses i after line 10191.","Replace V_j by V_i at line 10191 (or consistently rename the later index, with i the minimal correction).",reported_to_cjk1_2026-08-22
SITES-086,p01,sites.tex,sites.tex:9514-9533,07AE4690C2D8EB6873837D3D14A37F07408BB14F9E0BE6077ED570C220B1845D,"Immediately after defining weakly contractible objects and enough weakly contractible objects, the pro-etale example says 'enough contractible objects'.","No stronger notion of contractible object is defined here; the contrast with line 9531 and the definition at lines 9518-9522 require 'weakly'.","Insert 'weakly' before 'contractible objects' at line 9533.",reported_to_cjk1_2026-08-22
SITES-087,p01,sites.tex,sites.tex:9837-9845,07AE4690C2D8EB6873837D3D14A37F07408BB14F9E0BE6077ED570C220B1845D,"A single morphism alpha is introduced with the plural predicate 'be maps of sheaves'.","The displayed alpha is one map.","Replace 'be maps' by 'be a map' at line 9841.",reported_to_cjk1_2026-08-22
SITES-088,p01,sites.tex,sites.tex:9861-9869,07AE4690C2D8EB6873837D3D14A37F07408BB14F9E0BE6077ED570C220B1845D,"The site description reads 'of countable G-sets and H-sets and coverings countable families of jointly surjective maps'.","The clause lacks the words that identify which families are coverings.","Use 'of countable G-sets and H-sets, with coverings the countable families of jointly surjective maps' at lines 9864-9866.",reported_to_cjk1_2026-08-22
SITES-089,p01,sites.tex,sites.tex:9945-9950,07AE4690C2D8EB6873837D3D14A37F07408BB14F9E0BE6077ED570C220B1845D,"The proof says an axiom is 'applied the empty covering'.","The verb requires the preposition 'to'.","Replace by 'applied to the empty covering' at line 9949.",reported_to_cjk1_2026-08-22
SITES-090,p01,sites.tex,sites.tex:10011-10018,07AE4690C2D8EB6873837D3D14A37F07408BB14F9E0BE6077ED570C220B1845D,"The sentence ends 'is still a covering of' without naming the covered object.","Every arrow in the displayed family has target u(U), and the argument removes sheaf-theoretically empty members from the covering of u(U).","Insert 'u(U)' after 'covering of' at line 10015.",reported_to_cjk1_2026-08-22
SITES-091,p01,sites.tex,sites.tex:10039-10045,07AE4690C2D8EB6873837D3D14A37F07408BB14F9E0BE6077ED570C220B1845D,"The construction reads 'i maps to G_i by a diagram'.","The predicative phrase requires 'be', not 'by'.","Replace 'by a diagram' by 'be a diagram' at line 10042.",reported_to_cjk1_2026-08-22
SITES-092,p01,sites.tex,sites.tex:10046-10058,07AE4690C2D8EB6873837D3D14A37F07408BB14F9E0BE6077ED570C220B1845D,"The notation is defined as colim^{Psh} at line 10046 but changes to colim^{PSh} in the computation.","TeX is case-sensitive and the superscript denotes the same presheaf colimit throughout the calculation.","Replace PSh by Psh at line 10057.",reported_to_cjk1_2026-08-22
SITES-093,p01,sites.tex,sites.tex:10460-10466,07AE4690C2D8EB6873837D3D14A37F07408BB14F9E0BE6077ED570C220B1845D,"The quoted French SGA phrase contains English 'the': 'espece the structure algebrique'.","The grammatical French phrase is 'espece de structure algebrique'.","Replace 'the' by 'de' at line 10462.",reported_to_cjk1_2026-08-22
SITES-094,p01,sites.tex,sites.tex:10460-10466,07AE4690C2D8EB6873837D3D14A37F07408BB14F9E0BE6077ED570C220B1845D,"The quoted French phrase has singular agreement 'limites projectives finie'.","The adjective modifies the plural noun 'limites'.","Replace 'finie' by 'finies' at line 10463.",reported_to_cjk1_2026-08-22
SITES-095,p01,sites.tex,sites.tex:10549-10560,07AE4690C2D8EB6873837D3D14A37F07408BB14F9E0BE6077ED570C220B1845D,"The module-sheaf identity prints + composed with lambda_r times lambda_r' without grouping the product morphism.","The typed map is the composite of the diagonal (id,id), the product morphism lambda_r times lambda_r', and addition; parentheses are needed to make that factor explicit.","Write + composed with (lambda_r times lambda_r') composed with (id,id) at line 10558.",reported_to_cjk1_2026-08-22
SITES-096,p01,sites.tex,sites.tex:10549-10553,07AE4690C2D8EB6873837D3D14A37F07408BB14F9E0BE6077ED570C220B1845D,"The sentence begins 'An sheaf of R-modules'.","The noun begins with a consonant sound.","Replace 'An sheaf' by 'A sheaf' at line 10549.",reported_to_cjk1_2026-08-22
SITES-097,p01,sites.tex,sites.tex:10748-10773,07AE4690C2D8EB6873837D3D14A37F07408BB14F9E0BE6077ED570C220B1845D,"The horizontal-composition remark calls the displayed objects 'ringed topoi'.","The diagram and base-change construction use only morphisms of ordinary topoi and the unringed functors f_*, g^{-1}; no structure sheaves or ringed morphisms occur. The parallel vertical-composition remark at line 10735 says simply 'topoi'.","Replace 'ringed topoi' by 'topoi' at line 10761.",reported_to_cjk1_2026-08-22
SITES-098,p01,sites.tex,sites.tex:10620-10628,07AE4690C2D8EB6873837D3D14A37F07408BB14F9E0BE6077ED570C220B1845D,"Typed arrows a,b:V->U are called objects of C.","The symbols a and b denote parallel morphisms between the objects V and U, as the following equalizer diagram confirms.","Replace 'be objects of C' by 'be morphisms of C' at line 10622.",reported_to_cjk1_2026-08-22
SITES-099,p01,sites.tex,sites.tex:10535-10546,07AE4690C2D8EB6873837D3D14A37F07408BB14F9E0BE6077ED570C220B1845D,"A sheaf of monoids is specified by only the pair (F,multiplication) and 'suitable axiom'.","A unital monoid object also requires a unit morphism 1:*->F and associativity plus unit axioms; the immediately preceding group-object tuple explicitly includes 1.","Replace by 'a triple (F, multiplication, 1) with suitable axioms' at lines 10545-10546.",reported_to_cjk1_2026-08-22
SITES-100,p01,sites.tex,sites.tex:11497-11506,07AE4690C2D8EB6873837D3D14A37F07408BB14F9E0BE6077ED570C220B1845D,"The Categories lemma label is printed as bare braced text rather than invoked as a cross-reference.","All functioning Stacks cross-references use the ref control sequence; bare braces merely typeset the label key.","Insert the ref control sequence before {categories-lemma-functorial-colimit} at line 11503.",reported_to_cjk1_2026-08-22_and_emended_in_french_target
SITES-101,p01,sites.tex,sites.tex:11566-11599,07AE4690C2D8EB6873837D3D14A37F07408BB14F9E0BE6077ED570C220B1845D,"The local equality of representatives is concluded in Mor(S'', L F).","Lines 11570-11583 choose representatives S'->F and construct a covering S'' on which those representatives agree; the equivalence relation defining L F therefore requires equality in Mor(S'', F), not after mapping again to L F.","Replace L F by F in the codomain at line 11598.",reported_to_cjk1_2026-08-22
SITES-102,p01,sites.tex,sites.tex:11602-11611,07AE4690C2D8EB6873837D3D14A37F07408BB14F9E0BE6077ED570C220B1845D,"The proof places a morphism S->L F in Mor_C even though both S and L F are presheaves.","The surrounding construction and all analogous expressions use the presheaf category PSh(C); S is a covering sieve regarded as a presheaf.","Replace Mor_C by Mor_{PSh(C)} at line 11606.",reported_to_cjk1_2026-08-22
SITES-103,p01,sites.tex,sites.tex:11621-11628,07AE4690C2D8EB6873837D3D14A37F07408BB14F9E0BE6077ED570C220B1845D,"The prose and inline formula run together as 'choice$ V''.","A space is missing before the math delimiter.","Insert a space after 'choice' at line 11626.",reported_to_cjk1_2026-08-22
SITES-104,p01,sites.tex,sites.tex:11268-11274,07AE4690C2D8EB6873837D3D14A37F07408BB14F9E0BE6077ED570C220B1845D,"The sentence reads 'such that S the image of h_{U_i}->h_U is contained in S'.","The first S is a stray/incomplete construction; Definition 11247-11251 requires the sieve generated by the covering maps to be contained in S.","Replace lines 11272-11274 by 'such that the sieve generated by the maps h_{U_i}->h_U is contained in S'.",reported_to_cjk1_2026-08-22
SITES-105,p01,sites.tex,sites.tex:11274-11278,07AE4690C2D8EB6873837D3D14A37F07408BB14F9E0BE6077ED570C220B1845D,"A morphism h_{U_{ij}}->h_{U_i} is said itself to be contained in a sieve.","Containment applies to the image/generated subsieve, not to the arrow as an object.","Insert 'the image of' before h_{U_{ij}}->h_{U_i} at line 11276.",reported_to_cjk1_2026-08-22
SITES-106,p01,sites.tex,sites.tex:11291-11296,07AE4690C2D8EB6873837D3D14A37F07408BB14F9E0BE6077ED570C220B1845D,"The adverb is split as 'In stead'.","The intended single-word adverb is 'Instead'.","Replace 'In stead' by 'Instead' at line 11293.",reported_to_cjk1_2026-08-22
SITES-107,p01,sites.tex,sites.tex:11297-11302,07AE4690C2D8EB6873837D3D14A37F07408BB14F9E0BE6077ED570C220B1845D,"The object T is placed in an undefined category U.","The entire construction takes place in the ambient site C, and line 11300 immediately treats T->U as a morphism there.","Replace mathcal U by mathcal C at line 11299.",reported_to_cjk1_2026-08-22
SITES-108,p01,sites.tex,sites.tex:11301-11306,07AE4690C2D8EB6873837D3D14A37F07408BB14F9E0BE6077ED570C220B1845D,"The second factorization indexed by i' is written alpha=f_i composed with alpha_{i'}'.","The codomain of alpha_{i'}' is U_{i'}, so typed composition requires the covering map f_{i'}:U_{i'}->U.","Replace f_i by f_{i'} at line 11304.",reported_to_cjk1_2026-08-22
SITES-109,p01,sites.tex,sites.tex:11358-11366,07AE4690C2D8EB6873837D3D14A37F07408BB14F9E0BE6077ED570C220B1845D,"The remark says to add families of morphisms to the category C.","The object being enlarged is the covering class Cov(C); adding families as objects of C is ill-typed and would change the category.","Replace 'add to C' by 'add to Cov(C)' at line 11363.",reported_to_cjk1_2026-08-22
SITES-110,p01,sites.tex,sites.tex:10280-10290,07AE4690C2D8EB6873837D3D14A37F07408BB14F9E0BE6077ED570C220B1845D,"Two arrows are called 'two morphism'.","The numeral requires the plural noun.","Replace 'morphism' by 'morphisms' at line 10285.",reported_to_cjk1_2026-08-22
SITES-111,p01,sites.tex,sites.tex:10322-10329,07AE4690C2D8EB6873837D3D14A37F07408BB14F9E0BE6077ED570C220B1845D,"The plural subject 'adjoint functors pushforward and pullback' takes singular 'agrees'.","Both functors are compared with their underlying-set counterparts.","Replace 'agrees' by 'agree' at line 10326.",reported_to_cjk1_2026-08-22
SITES-112,p01,sites.tex,sites.tex:10322-10329,07AE4690C2D8EB6873837D3D14A37F07408BB14F9E0BE6077ED570C220B1845D,"A comma separates the subject 'extending ... to all opens of a space' from its verb 'works'.","No parenthetical clause justifies the comma.","Delete the comma after 'space' at line 10329.",reported_to_cjk1_2026-08-22
SITES-113,p01,sites.tex,sites.tex:10383-10388,07AE4690C2D8EB6873837D3D14A37F07408BB14F9E0BE6077ED570C220B1845D,"The sentence reads 'trying the define the pullback'.","The infinitive marker is mistyped.","Replace 'the' by 'to' at line 10384.",reported_to_cjk1_2026-08-22
SITES-114,p01,sites.tex,sites.tex:10473-10481,07AE4690C2D8EB6873837D3D14A37F07408BB14F9E0BE6077ED570C220B1845D,"The morphism is described as 'from Sh(D) -> Sh(C)'.","The prose preposition and arrow duplicate the direction syntax.","Use 'a morphism of topoi Sh(D) -> Sh(C)' (or 'from Sh(D) to Sh(C)') at lines 10478-10479.",reported_to_cjk1_2026-08-22
SITES-115,p01,sites.tex,sites.tex:10603-10610,07AE4690C2D8EB6873837D3D14A37F07408BB14F9E0BE6077ED570C220B1845D,"The plural head 'global sections ... is the set' has singular agreement.","The definition identifies the set of global sections with the displayed Hom set.","Use 'The set of global sections ... is' at lines 10605-10606.",reported_to_cjk1_2026-08-22
SITES-116,p01,sites.tex,sites.tex:11830-11841,07AE4690C2D8EB6873837D3D14A37F07408BB14F9E0BE6077ED570C220B1845D,"After fixing a topology J on C, the exact stalk functor is written with domain Sh(C) rather than Sh(C,J).","This section simultaneously discusses varying topologies and uses the explicit notation Sh(C,J) and Sh(C,J') at lines 11751-11756; omitting J makes the domain ambiguous here.","Clarify the domain as Sh(C,J) at line 11839, unless a local convention making J implicit is intended.",reported_to_cjk1_2026-08-22
SITES-117,p01,sites.tex,sites.tex:11342-11351,07AE4690C2D8EB6873837D3D14A37F07408BB14F9E0BE6077ED570C220B1845D,"Cov_1(C) and Cov_2(C) are called 'two coverings'.","Lines 11224-11230 define each Cov(C) as a set/class of covering families, and lines 11346-11351 treat them as topology-defining systems rather than individual coverings.","Replace 'two coverings' by 'two sets of coverings' (or 'two coverages') at line 11345.",reported_to_cjk1_2026-08-22
STACKS-001,p01,stacks.tex,stacks.tex:639-641,CA374CB00B1C71ACF10E30FAEF293108D079258211D935FE0D4ADD1477634BA9,"The proof of the substack lemma invokes the Isom-presheaves for condition (2), although the definition of a stack requires the Mor-presheaves to be sheaves.","Definition definition-stack at lines 575-578 states the Mor(x,y) condition; fullness of the subcategory identifies its morphism presheaves with those in the ambient category.","Replace Isom by Mor at line 639.",reported_to_cjk1_2026-08-22
STACKS-002,p01,stacks.tex,stacks.tex:640,CA374CB00B1C71ACF10E30FAEF293108D079258211D935FE0D4ADD1477634BA9,"The compound noun 'counterparts' is split as 'counter parts'.","The sentence means corresponding equivalents, whose standard spelling is the single word 'counterparts'.","Replace 'counter parts' by 'counterparts'.",reported_to_cjk1_2026-08-22
STACKS-003,p01,stacks.tex,stacks.tex:674-676,CA374CB00B1C71ACF10E30FAEF293108D079258211D935FE0D4ADD1477634BA9,"The second displayed presheaf is written Mor_{S_1}(F(x),F(y)), although F(x) and F(y) are objects of S_2.","Lines 658-659 type F as a functor from S_1 to S_2, so morphisms between its image objects belong to S_2.","Replace the second subscript S_1 by S_2 at line 675.",reported_to_cjk1_2026-08-22
STACKS-004,p01,stacks.tex,stacks.tex:684-686,CA374CB00B1C71ACF10E30FAEF293108D079258211D935FE0D4ADD1477634BA9,"Two parallel sentences say that a descent datum is 'relative the covering'.","The adjective 'relative' takes the preposition 'to' before its complement in this construction.","Replace both occurrences by 'relative to the covering'.",reported_to_cjk1_2026-08-22
STACKS-005,p01,stacks.tex,stacks.tex:747-748,CA374CB00B1C71ACF10E30FAEF293108D079258211D935FE0D4ADD1477634BA9,"The phrase 'be second object' omits the indefinite article.","The newly introduced singular count noun 'object' requires an article.","Replace it by 'be a second object'.",reported_to_cjk1_2026-08-22
STACKS-006,p01,stacks.tex,stacks.tex:752,CA374CB00B1C71ACF10E30FAEF293108D079258211D935FE0D4ADD1477634BA9,"The plural noun in 'With this identifications' is preceded by a singular demonstrative.","The referent is the two identifications displayed immediately before it.","Replace 'this identifications' by 'these identifications'.",reported_to_cjk1_2026-08-22
STACKS-007,p01,stacks.tex,stacks.tex:884,CA374CB00B1C71ACF10E30FAEF293108D079258211D935FE0D4ADD1477634BA9,"The phrase 'is functor from a big category' omits the indefinite article.","The map p is introduced as one functor from S to C.","Replace 'is functor' by 'is a functor'.",reported_to_cjk1_2026-08-22
STACKS-008,p01,stacks.tex,stacks.tex:890,CA374CB00B1C71ACF10E30FAEF293108D079258211D935FE0D4ADD1477634BA9,"The phrase 'a equivalent category' uses the wrong form of the indefinite article.","The adjective 'equivalent' begins with a vowel sound.","Replace 'a equivalent category' by 'an equivalent category'.",reported_to_cjk1_2026-08-22
STACKS-009,p01,stacks.tex,stacks.tex:891,CA374CB00B1C71ACF10E30FAEF293108D079258211D935FE0D4ADD1477634BA9,"The phrase 'a fibre categories' combines a singular article with a plural noun.","The sentence describes the possibility that one fibre category has a proper class of isomorphism classes.","Replace 'a fibre categories' by 'a fibre category'.",reported_to_cjk1_2026-08-22
STACKS-010,p01,stacks.tex,stacks.tex:1035-1040,CA374CB00B1C71ACF10E30FAEF293108D079258211D935FE0D4ADD1477634BA9,"The 2-fibre-product lemma assumes only that C is a category, although stacks in groupoids in this section are defined over a site.","Definition stacks-in-groupoids-over-C at lines 1008-1028 fixes C as a site, and the cited stack lemmas require the site structure.","Replace 'category' by 'site' at line 1037.",reported_to_cjk1_2026-08-22
STACKS-011,p01,stacks.tex,stacks.tex:1277-1278,CA374CB00B1C71ACF10E30FAEF293108D079258211D935FE0D4ADD1477634BA9,"A single arrow f:F(x)->G(y) is followed by the plural phrase 'morphisms f'.","Only one displayed arrow f is introduced, and it is a morphism of the stated fibre category.","Replace 'morphisms f' by 'f is a morphism'.",reported_to_cjk1_2026-08-22
STACKS-012,p01,stacks.tex,stacks.tex:1284,CA374CB00B1C71ACF10E30FAEF293108D079258211D935FE0D4ADD1477634BA9,"The image of (1,gamma) under G' is placed in S_1.","The diagram at lines 1242-1245 types G' from T_2 to S_2, and x is an object of S_2.","Replace S_1 by S_2.",reported_to_cjk1_2026-08-22
STACKS-013,p01,stacks.tex,stacks.tex:1319,CA374CB00B1C71ACF10E30FAEF293108D079258211D935FE0D4ADD1477634BA9,"The phrase 'To to this' duplicates the word 'to'.","The intended transition is the standard phrase 'To do this'.","Replace 'To to this' by 'To do this'.",reported_to_cjk1_2026-08-22
STACKS-014,p01,stacks.tex,stacks.tex:1344-1346,CA374CB00B1C71ACF10E30FAEF293108D079258211D935FE0D4ADD1477634BA9,"The presheaf is indexed by h:V->U, but the displayed target uses f^*y while f simultaneously denotes the arrow into that target.","The base-change object must be pulled back along the indexing morphism h; reusing f both as the pair morphism and as a base-change map leaves f^*y ill-defined.","Replace f^*y by h^*y at line 1346, or rename the pair morphism consistently.",reported_to_cjk1_2026-08-22
STACKS-015,p01,stacks.tex,stacks.tex:1537,CA374CB00B1C71ACF10E30FAEF293108D079258211D935FE0D4ADD1477634BA9,"The phrase 'any object y of lying over V' contains a stray preposition.","The word 'of' has no complement and interrupts the participial modifier; it carries no mathematical content.","Delete 'of'.",reported_to_cjk1_2026-08-22
STACKS-016,p01,stacks.tex,stacks.tex:1581,CA374CB00B1C71ACF10E30FAEF293108D079258211D935FE0D4ADD1477634BA9,"The proof says that G^2 preserves strongly cartesian objects.","Strong cartesianness is a property of morphisms here, and the analogous statement for G^1 at line 1530 explicitly concerns morphisms.","Replace 'objects' with 'morphisms'.",reported_to_cjk1_2026-08-22
STACKS-017,p01,stacks.tex,stacks.tex:1596,CA374CB00B1C71ACF10E30FAEF293108D079258211D935FE0D4ADD1477634BA9,"The phrase 'a descent datum relative U' is missing its required preposition.","Standard English syntax is 'relative to', and U is the covering with respect to which the datum is defined.","Insert 'to' after 'relative'.",reported_to_cjk1_2026-08-22
STACKS-018,p01,stacks.tex,stacks.tex:1699,CA374CB00B1C71ACF10E30FAEF293108D079258211D935FE0D4ADD1477634BA9,"Composition is said to take place in F(U), although the category under construction is F'(U).","Lines 1684-1692 define F' and specifically define morphisms in F'(U); the subsequent composition must belong to that category.","Replace F(U) with F'(U).",reported_to_cjk1_2026-08-22
STACKS-019,p01,stacks.tex,stacks.tex:1766,CA374CB00B1C71ACF10E30FAEF293108D079258211D935FE0D4ADD1477634BA9,"The glued object y of X_U is said to agree with G(x_i).","Line 1757 sets y_i=F(x_i) in X, whereas G(x_i) lies in S' and cannot be compared with y in X.","Replace G(x_i) with F(x_i).",reported_to_cjk1_2026-08-22
STACKS-020,p01,stacks.tex,stacks.tex:1871,CA374CB00B1C71ACF10E30FAEF293108D079258211D935FE0D4ADD1477634BA9,"The phrase 'is inertia of the stackification' omits the definite article.","The sentence identifies a specific inertia object, so ordinary English grammar requires 'the inertia'.","Insert 'the' before 'inertia'.",reported_to_cjk1_2026-08-22
STACKS-021,p01,stacks.tex,stacks.tex:2090-2091,CA374CB00B1C71ACF10E30FAEF293108D079258211D935FE0D4ADD1477634BA9,"The phrase 'are both a strongly cartesian morphisms' has incompatible singular and plural marking.","The subject names two morphisms and the predicate noun is plural.","Delete the article 'a'.",reported_to_cjk1_2026-08-22
STACKS-022,p01,stacks.tex,stacks.tex:2151,CA374CB00B1C71ACF10E30FAEF293108D079258211D935FE0D4ADD1477634BA9,"The local section s_i=F(psi_i) is placed in I(q(x_i)).","The functor q has domain Y while x_i is an object of X, so q(x_i) is ill-typed; the surrounding restrictions are over q(y_i).","Replace q(x_i) with q(y_i).",reported_to_cjk1_2026-08-22
STACKS-023,p01,stacks.tex,stacks.tex:2218,CA374CB00B1C71ACF10E30FAEF293108D079258211D935FE0D4ADD1477634BA9,"The proof invokes the assumption that Y is a stack over C.","The lemma assumes that Y is a stack over X and is proving that it is a stack over C, so the stated appeal is circular and names the wrong base.","Replace C with X.",reported_to_cjk1_2026-08-22
STACKS-024,p01,stacks.tex,stacks.tex:2426,CA374CB00B1C71ACF10E30FAEF293108D079258211D935FE0D4ADD1477634BA9,"The clause 'By the uniqueness property of a 2-fibre product may assume that' lacks a grammatical subject.","The modal verb 'may' requires a subject; the proof is making a choice available to its authors.","Insert 'we' before 'may assume'.",reported_to_cjk1_2026-08-22
STACKS-025,p01,stacks.tex,stacks.tex:2448,CA374CB00B1C71ACF10E30FAEF293108D079258211D935FE0D4ADD1477634BA9,"The identities F'(x'_i)=x_i and G'(x'_i)=y'_i reverse the two projections.","The displayed square types F' into Y' and G' into X, while y'_i lies in Y' and x_i lies in X.","Replace the identities by F'(x'_i)=y'_i and G'(x'_i)=x_i.",reported_to_cjk1_2026-08-22
STACKS-026,p01,stacks.tex,stacks.tex:2516,CA374CB00B1C71ACF10E30FAEF293108D079258211D935FE0D4ADD1477634BA9,"The clause 'By the uniqueness property of a 2-fibre product may assume that' lacks a grammatical subject.","The modal verb 'may' requires a subject; the proof is making a choice available to its authors.","Insert 'we' before 'may assume'.",reported_to_cjk1_2026-08-22
STACKS-027,p01,stacks.tex,stacks.tex:2739,CA374CB00B1C71ACF10E30FAEF293108D079258211D935FE0D4ADD1477634BA9,"The phrase 'Then bot' contains the typographical word 'bot'.","The sentence discusses the two displayed cartesian lifts, so the required quantifier is 'both'.","Replace 'Then bot' by 'Then both'.",reported_to_cjk1_2026-08-22
STACKS-028,p01,stacks.tex,stacks.tex:2739-2740,CA374CB00B1C71ACF10E30FAEF293108D079258211D935FE0D4ADD1477634BA9,"Two morphisms declared to lift a:U->U' are displayed with targets (U,y') and (U,y).","A lift of a must have base target U', and both underlying morphisms beta and beta' have codomain y'.","Replace both displayed targets by (U',y').",reported_to_cjk1_2026-08-22
STACKS-029,p01,stacks.tex,stacks.tex:2774-2775,CA374CB00B1C71ACF10E30FAEF293108D079258211D935FE0D4ADD1477634BA9,"The fibres identified with (u^p S)_U and (u^p S)_{U'} are written S_U and S_{U'}.","The structural functor of S has codomain D; line 2695 identifies the fibre over U with S_{u(U)}.","Replace them by S_{u(U)} and S_{u(U')}.",reported_to_cjk1_2026-08-22
STACKS-030,p01,stacks.tex,stacks.tex:2838-2839,CA374CB00B1C71ACF10E30FAEF293108D079258211D935FE0D4ADD1477634BA9,"The construction reads 'is given by a (a,b,alpha)', placing an indefinite article directly before a tuple.","A tuple is not introduced by the article unless a count noun such as 'triple' is supplied.","Delete the article or insert 'triple'.",reported_to_cjk1_2026-08-22
STACKS-031,p01,stacks.tex,stacks.tex:2841,CA374CB00B1C71ACF10E30FAEF293108D079258211D935FE0D4ADD1477634BA9,"The phrase 'alpha:x_1->x_2 is morphism of S' lacks an indefinite article.","The singular count noun 'morphism' requires 'a'.","Insert 'a' before 'morphism'.",reported_to_cjk1_2026-08-22
STACKS-032,p01,stacks.tex,stacks.tex:2906,CA374CB00B1C71ACF10E30FAEF293108D079258211D935FE0D4ADD1477634BA9,"The pair (phi_1,phi') is asserted to define a map from V_1, although phi' has domain V.","The preceding morphism b:V_1->V supplies the required change of domain; both components of the map to the fibre product must start at V_1.","Replace (phi_1,phi') by (phi_1,phi' composed with b).",reported_to_cjk1_2026-08-22
STACKS-033,p01,stacks.tex,stacks.tex:2909,CA374CB00B1C71ACF10E30FAEF293108D079258211D935FE0D4ADD1477634BA9,"The formula states p(gamma_1)=phi'_1.","The functor p takes values in C, whereas phi'_1 is a morphism in D; gamma_1 must lift c':U'_1->U_1.","Replace the right-hand side by c'.",reported_to_cjk1_2026-08-22
STACKS-034,p01,stacks.tex,stacks.tex:2916-2918,CA374CB00B1C71ACF10E30FAEF293108D079258211D935FE0D4ADD1477634BA9,"The displayed arrow (a',b,alpha') mixes object names U_1,U and structure maps phi_1,phi with codomains involving U'_1,U'.","The objects just constructed are based at U'_1 and U', with structure maps phi'_1 and phi'; moreover alpha' lies over a'.","Use source (U'_1,phi'_1:V_1->u(U'_1),x'_1) and target (U',phi':V->u(U'),x').",reported_to_cjk1_2026-08-22
STACKS-035,p01,stacks.tex,stacks.tex:2925,CA374CB00B1C71ACF10E30FAEF293108D079258211D935FE0D4ADD1477634BA9,"The target object of (c',id_{V_1},gamma_1) uses phi:V_1->u(U_1).","The target is the previously defined object based at U_1, whose structure map is phi_1; plain phi has a different domain and codomain.","Replace phi by phi_1.",reported_to_cjk1_2026-08-22
STACKS-036,p01,stacks.tex,stacks.tex:2927-2928,CA374CB00B1C71ACF10E30FAEF293108D079258211D935FE0D4ADD1477634BA9,"The sentence says that a singular 'element of R' is one 'which form a solution'.","The verb disagrees with its singular antecedent, while the mathematical solution is furnished jointly by two constructed morphisms.","Recast the ending so the two morphisms together form the solution.",reported_to_cjk1_2026-08-22
STACKS-037,p01,stacks.tex,stacks.tex:2943,CA374CB00B1C71ACF10E30FAEF293108D079258211D935FE0D4ADD1477634BA9,"The same symbol phi is used for maps V->u(U) and V->u(U') in the source and target of one displayed morphism.","A single morphism cannot have both codomains; the target structure map is distinct and must satisfy the commutative-square relation.","Use phi':V->u(U') in the target, with phi'=u(c) composed with phi.",reported_to_cjk1_2026-08-22
STACKS-038,p01,stacks.tex,stacks.tex:2952,CA374CB00B1C71ACF10E30FAEF293108D079258211D935FE0D4ADD1477634BA9,"After introducing phi_2:V_1->u(U_2), the factorization is written phi_1=u(d) composed with phi_1.","The rightmost phi_1 has codomain u(U_1), so it cannot be followed by u(d); the newly introduced factor is phi_2.","Replace the rightmost phi_1 by phi_2.",reported_to_cjk1_2026-08-22
STACKS-039,p01,stacks.tex,stacks.tex:2953,CA374CB00B1C71ACF10E30FAEF293108D079258211D935FE0D4ADD1477634BA9,"The strongly cartesian morphism delta is declared to satisfy p(delta)=u(d).","The functor p has codomain C, while u(d) is a morphism of D; delta must lift d:U_2->U_1.","Replace p(delta)=u(d) by p(delta)=d.",reported_to_cjk1_2026-08-22
STACKS-040,p01,stacks.tex,stacks.tex:3017,CA374CB00B1C71ACF10E30FAEF293108D079258211D935FE0D4ADD1477634BA9,"The factor b_1 in p_p(f_2)=b composed with b_1 is declared as b_1:U->U_1.","The functor p_p takes values in D; with b:V_1->V_2 and X over V, the composable base morphism must be V->V_1.","Replace b_1:U->U_1 by b_1:V->V_1.",reported_to_cjk1_2026-08-22
STACKS-041,p01,stacks.tex,stacks.tex:3026,CA374CB00B1C71ACF10E30FAEF293108D079258211D935FE0D4ADD1477634BA9,"The base of the localized morphism f'_1 is written p(f'_1)=b_1.","The morphism belongs to u_p S, whose structural functor is denoted p_p; p is the original functor from S to C.","Replace p(f'_1) by p_p(f'_1).",reported_to_cjk1_2026-08-22
STACKS-042,p01,stacks.tex,stacks.tex:3084,CA374CB00B1C71ACF10E30FAEF293108D079258211D935FE0D4ADD1477634BA9,"For r:X'->X and r':X''->X', the composite asserted to lie in R is written r' composed with r.","The written order is not composable; the typed composite from X'' to X is r composed with r', also used at line 3091.","Reverse the composition order to r composed with r'.",reported_to_cjk1_2026-08-22
STACKS-043,p01,stacks.tex,stacks.tex:3088,CA374CB00B1C71ACF10E30FAEF293108D079258211D935FE0D4ADD1477634BA9,"The final member of the equality is written (a_2,b_2,alpha_2) composed with r'.","The triple starts at X, whereas r' ends at X'; the denominator r:X'->X is required between them.","Insert r between the triple and r'.",reported_to_cjk1_2026-08-22
STACKS-044,p01,stacks.tex,stacks.tex:3098,CA374CB00B1C71ACF10E30FAEF293108D079258211D935FE0D4ADD1477634BA9,"The renewed notation for r stops after its source object and supplies no arrow or target.","The denominator was previously declared as r:X'->X; a complete signature must record its target.","Append the arrow to (U,phi:V->u(U),x).",reported_to_cjk1_2026-08-22
STACKS-045,p01,stacks.tex,stacks.tex:3113,CA374CB00B1C71ACF10E30FAEF293108D079258211D935FE0D4ADD1477634BA9,"The morphism gamma':x''->x' is said to lift gamma.","Gamma denotes a morphism of S, not a base morphism; the newly constructed cartesian arrow must lift c':U''->U'.","Replace 'lifting gamma' by 'lifting c'''.",reported_to_cjk1_2026-08-22
STACKS-046,p01,stacks.tex,stacks.tex:3160-3162,CA374CB00B1C71ACF10E30FAEF293108D079258211D935FE0D4ADD1477634BA9,"A citation runs directly into 'hence we see' without separating punctuation.","The citation closes one justification and the following clause draws its conclusion.","Insert a semicolon after the reference.",reported_to_cjk1_2026-08-22
STACKS-047,p01,stacks.tex,stacks.tex:3205,CA374CB00B1C71ACF10E30FAEF293108D079258211D935FE0D4ADD1477634BA9,"The definition writes H((alpha,a))=G'(a,u(a),alpha), reversing the established alpha/a notation and returning only a morphism of T.","A morphism of u^p T is an ordered pair whose first coordinate is the base arrow a; the preceding paragraph introduced source morphisms as alpha/a.","Define H(alpha/a:x/U->x'/U')=(a,G'(a,u(a),alpha)).",reported_to_cjk1_2026-08-22
STACKS-048,p01,stacks.tex,stacks.tex:3246,CA374CB00B1C71ACF10E30FAEF293108D079258211D935FE0D4ADD1477634BA9,"The lower horizontal arrow is labelled pr(H(a,alpha)).","No notation H(a,alpha) was defined, and it reverses the source notation alpha/a.","Replace H(a,alpha) by H(alpha/a).",reported_to_cjk1_2026-08-22
STACKS-049,p01,stacks.tex,stacks.tex:3277,CA374CB00B1C71ACF10E30FAEF293108D079258211D935FE0D4ADD1477634BA9,"The sentence says that f:X->Y is 'a strongly cartesian'.","'Strongly cartesian' is adjectival here and cannot take an article without a following noun.","Delete the article 'a'.",reported_to_cjk1_2026-08-22
STACKS-050,p01,stacks.tex,stacks.tex:3279,CA374CB00B1C71ACF10E30FAEF293108D079258211D935FE0D4ADD1477634BA9,"In a representation of f:X->Y, the denominator is written r:X'->Y.","A right-localization fraction representing a morphism from X has denominator ending at X, as stated at lines 2993-2995.","Replace r:X'->Y by r:X'->X.",reported_to_cjk1_2026-08-22
STACKS-051,p01,stacks.tex,stacks.tex:3281,CA374CB00B1C71ACF10E30FAEF293108D079258211D935FE0D4ADD1477634BA9,"The expression G'(a,b alpha) omits the separator between its second and third arguments.","The functor was defined on triples (a,b,alpha) at lines 3234-3238.","Insert the missing comma.",reported_to_cjk1_2026-08-22
STACKS-052,p01,stacks.tex,stacks.tex:3283,CA374CB00B1C71ACF10E30FAEF293108D079258211D935FE0D4ADD1477634BA9,"The morphism is again denoted H(a,alpha).","The proof introduced morphisms of S as alpha/a, and no ordered-argument notation H(a,alpha) was defined.","Replace H(a,alpha) by H(alpha/a).",reported_to_cjk1_2026-08-22
STACKS-053,p01,stacks.tex,stacks.tex:3285,CA374CB00B1C71ACF10E30FAEF293108D079258211D935FE0D4ADD1477634BA9,"The plural subject 'all arrows except possibly beta' takes the singular verb 'is'.","The head noun 'arrows' is plural.","Replace 'is strongly cartesian' by 'are strongly cartesian'.",reported_to_cjk1_2026-08-22
STACKS-054,p01,stacks.tex,stacks.tex:3446,CA374CB00B1C71ACF10E30FAEF293108D079258211D935FE0D4ADD1477634BA9,"The sentence begins 'Similar holds after pulling back'.","The adjective 'Similar' cannot stand as the grammatical subject of 'holds'.","Replace 'Similar holds' by 'The same holds'.",reported_to_cjk1_2026-08-22
STACKS-055,p01,stacks.tex,stacks.tex:3464,CA374CB00B1C71ACF10E30FAEF293108D079258211D935FE0D4ADD1477634BA9,"The target Hom set is indexed by the fibre (u_p S)_U.","The category u_p S lies over D, and line 3466 explicitly places the relevant morphism over u(U).","Replace the fibre subscript U by u(U).",reported_to_cjk1_2026-08-22
STACKS-056,p01,stacks.tex,stacks.tex:3482,CA374CB00B1C71ACF10E30FAEF293108D079258211D935FE0D4ADD1477634BA9,"For c:U'->U and c':U->U', the identity is written c composed with c'=id_{U'}.","The composite is an endomorphism of U, so it cannot equal the identity of U'.","Replace id_{U'} by id_U.",reported_to_cjk1_2026-08-22
FIELDS-001,p01,fields.tex,fields.tex:636,87E07F0373DC60CFC284E2F19078BC9BC7AB0B89C40EEF83941F6C38C765C549,"The construction 'let f ... any nonconstant meromorphic function' omits the copula.","The noun phrase cannot complete the imperative 'let' without 'be'.","Insert 'be' after f.",reported_to_cjk1_2026-08-22
FIELDS-002,p01,fields.tex,fields.tex:711-713,87E07F0373DC60CFC284E2F19078BC9BC7AB0B89C40EEF83941F6C38C765C549,"The singular subject 'The set of complex numbers ...' takes the plural verb 'are'.","The head noun is singular 'set'.","Replace 'are simply called' by 'is simply called'.",reported_to_cjk1_2026-08-22
FIELDS-003,p01,fields.tex,fields.tex:808,87E07F0373DC60CFC284E2F19078BC9BC7AB0B89C40EEF83941F6C38C765C549,"The sentence 'Let E/F an algebraic extension' omits the copula.","The mathematical object is not grammatically introduced.","Insert 'be' after E/F.",reported_to_cjk1_2026-08-22
FIELDS-004,p01,fields.tex,fields.tex:1003,87E07F0373DC60CFC284E2F19078BC9BC7AB0B89C40EEF83941F6C38C765C549,"The phrase reads 'every totally order subset ... has a upper bound'.","Both the participial adjective and the indefinite article are ungrammatical.","Use 'every totally ordered subset ... has an upper bound'.",reported_to_cjk1_2026-08-22
FIELDS-005,p01,fields.tex,fields.tex:1040,87E07F0373DC60CFC284E2F19078BC9BC7AB0B89C40EEF83941F6C38C765C549,"The proof reads 'The alpha is algebraic over E'.","The intended consequence marker is 'Then'; the definite article produces an anomalous noun phrase.","Replace 'The' by 'Then'.",reported_to_cjk1_2026-08-22
FIELDS-006,p01,fields.tex,fields.tex:1079-1082,87E07F0373DC60CFC284E2F19078BC9BC7AB0B89C40EEF83941F6C38C765C549,"In P=c product(x-alpha_i), c is called the constant term.","In this factorization c is the leading coefficient; the constant term also contains (-1)^n and the product of the roots.","Replace 'constant term' by 'leading coefficient'.",reported_to_cjk1_2026-08-22
FIELDS-007,p01,fields.tex,fields.tex:1081,87E07F0373DC60CFC284E2F19078BC9BC7AB0B89C40EEF83941F6C38C765C549,"The roots alpha_i are declared to lie in lowercase k.","The paragraph assumes the algebraically closed field K and otherwise works throughout in K[x]; lowercase k is not introduced there.","Replace k by K.",reported_to_cjk1_2026-08-22
FIELDS-008,p01,fields.tex,fields.tex:1270,87E07F0373DC60CFC284E2F19078BC9BC7AB0B89C40EEF83941F6C38C765C549,"The situation starts 'Here F be a field'.","The declarative sentence needs the finite verb 'is'.","Replace 'be' by 'is'.",reported_to_cjk1_2026-08-22
FIELDS-009,p01,fields.tex,fields.tex:1277,87E07F0373DC60CFC284E2F19078BC9BC7AB0B89C40EEF83941F6C38C765C549,"The sentence reads 'Denote P_i the minimal polynomial'.","English 'denote' requires 'by' in this construction.","Use 'Denote by P_i the minimal polynomial'.",reported_to_cjk1_2026-08-22
FIELDS-010,p01,fields.tex,fields.tex:1313;1320,87E07F0373DC60CFC284E2F19078BC9BC7AB0B89C40EEF83941F6C38C765C549,"Two occurrences spell 'homomorphism' as 'homorphism'.","The surrounding text refers to the field homomorphisms phi_i.","Replace both occurrences by 'homomorphism'.",reported_to_cjk1_2026-08-22
FIELDS-011,p01,fields.tex,fields.tex:1379-1380,87E07F0373DC60CFC284E2F19078BC9BC7AB0B89C40EEF83941F6C38C765C549,"The phrase reads 'already prove above'.","The passive perfect construction requires the past participle.","Replace 'prove' by 'proven'.",reported_to_cjk1_2026-08-22
FIELDS-012,p01,fields.tex,fields.tex:727-732,87E07F0373DC60CFC284E2F19078BC9BC7AB0B89C40EEF83941F6C38C765C549,"The proof claims closure under the quotient of alpha and beta without assuming beta is nonzero.","Division by beta is undefined when beta=0; subfield closure only requires inverses/quotients by nonzero elements.","Qualify the quotient assertion by beta != 0 (or prove inverse closure for a nonzero element separately).",reported_to_cjk1_2026-08-22
FIELDS-013,p01,fields.tex,fields.tex:895-898,87E07F0373DC60CFC284E2F19078BC9BC7AB0B89C40EEF83941F6C38C765C549,"Two independent clauses are joined only by a comma after 'complex analysis'.","The result is a comma splice in reader-facing prose.","Use a semicolon or split the sentence before 'we shall give another proof'.",reported_to_cjk1_2026-08-22
FIELDS-014,p01,fields.tex,fields.tex:605,87E07F0373DC60CFC284E2F19078BC9BC7AB0B89C40EEF83941F6C38C765C549,"The singular subject 'An important class of extensions' takes 'are those'.","The head noun 'class' is singular.","Replace 'are those' by 'is that of those' or recast as 'Important extensions are those'.",reported_to_cjk1_2026-08-22
FIELDS-015,p01,fields.tex,fields.tex:1192,87E07F0373DC60CFC284E2F19078BC9BC7AB0B89C40EEF83941F6C38C765C549,"The second enumerated sentence begins with lowercase 'if'.","Each item is a complete sentence parallel to the first item.","Capitalize 'If'.",reported_to_cjk1_2026-08-22
FIELDS-016,p01,fields.tex,fields.tex:1228-1229,87E07F0373DC60CFC284E2F19078BC9BC7AB0B89C40EEF83941F6C38C765C549,"The singular subject 'the set of roots ...' takes the plural verb 'have'.","The head noun is singular 'set'.","Replace 'have' by 'has'.",reported_to_cjk1_2026-08-22
FIELDS-017,p01,fields.tex,fields.tex:1308-1309,87E07F0373DC60CFC284E2F19078BC9BC7AB0B89C40EEF83941F6C38C765C549,"The phrase 'the homomorphism extending phi_1 sending alpha_2...' lacks coordination.","The intended map both extends phi_1 and sends alpha_2 to beta_2.","Insert 'and' before 'sending'.",reported_to_cjk1_2026-08-22
FIELDS-018,p01,fields.tex,fields.tex:1320-1321,87E07F0373DC60CFC284E2F19078BC9BC7AB0B89C40EEF83941F6C38C765C549,"The phrase 'the unique homomorphism extending phi_{n-1} sending alpha_n...' lacks coordination.","The intended map both extends phi_{n-1} and sends alpha_n to beta_n.","Insert 'and' before 'sending'.",reported_to_cjk1_2026-08-22
FIELDS-019,p01,fields.tex,fields.tex:1344,87E07F0373DC60CFC284E2F19078BC9BC7AB0B89C40EEF83941F6C38C765C549,"The lemma starts with the fragment 'Assumptions and notation as in Situation ...'.","The phrase has no finite verb.","Use 'Let the assumptions and notation be as in Situation ...' or 'Assumptions and notation are as in Situation ...'.",reported_to_cjk1_2026-08-22
FIELDS-020,p01,fields.tex,fields.tex:1720-1722,87E07F0373DC60CFC284E2F19078BC9BC7AB0B89C40EEF83941F6C38C765C549,"The minimal polynomial is said to be of the form P(x^q) 'with P separable algebraic'.","A polynomial is separable; 'algebraic' does not supply the missing noun or a relevant second adjective here.","Use 'with P a separable polynomial'.",reported_to_cjk1_2026-08-22
FIELDS-021,p01,fields.tex,fields.tex:1852-1855,87E07F0373DC60CFC284E2F19078BC9BC7AB0B89C40EEF83941F6C38C765C549,"The intersection of normal subextensions is asserted for an arbitrary index set I.","If I is empty, the displayed intersection has no specified ambient-set convention and need not denote a subextension in the stated sense.","Assume I is nonempty (or explicitly define the empty intersection as M and handle its normality separately).",reported_to_cjk1_2026-08-22
FIELDS-022,p01,fields.tex,fields.tex:2127,87E07F0373DC60CFC284E2F19078BC9BC7AB0B89C40EEF83941F6C38C765C549,"The definition reads 'the normal closure E over F'.","The idiom requires 'of E over F'.","Insert 'of' before E.",reported_to_cjk1_2026-08-22
FIELDS-023,p01,fields.tex,fields.tex:2240-2245,87E07F0373DC60CFC284E2F19078BC9BC7AB0B89C40EEF83941F6C38C765C549,"The proof concludes r=1 from the finite-abelian decomposition without treating the trivial group.","For A=0 the decomposition has r=0, while the lemma's conclusion still holds.","Handle A=0 first or conclude r <= 1 and then distinguish the nontrivial case.",reported_to_cjk1_2026-08-22
FIELDS-024,p01,fields.tex,fields.tex:2394-2396,87E07F0373DC60CFC284E2F19078BC9BC7AB0B89C40EEF83941F6C38C765C549,"The cross-reference reads 'discussed in Exercises, Exercises ...'.","The noun is duplicated consecutively.","Delete one occurrence of 'Exercises'.",reported_to_cjk1_2026-08-22
FIELDS-025,p01,fields.tex,fields.tex:2576,87E07F0373DC60CFC284E2F19078BC9BC7AB0B89C40EEF83941F6C38C765C549,"The proof says 'Since L/k is separable' although the standing extension is L/K.","The surrounding polynomial and algebraic closure are explicitly over uppercase K; lowercase k is not the standing base here.","Replace L/k by L/K.",reported_to_cjk1_2026-08-22
FIELDS-026,p01,fields.tex,fields.tex:1651-1666,87E07F0373DC60CFC284E2F19078BC9BC7AB0B89C40EEF83941F6C38C765C549,"The proof sets p equal to the characteristic and immediately reasons with p-powers without separating characteristic zero.","The preceding definition makes purely inseparable elements trivial in characteristic zero; p=0 does not support the p-power argument used here.","Dispose of characteristic zero first, then run the p-power argument for p>0.",reported_to_cjk1_2026-08-22
FIELDS-027,p01,fields.tex,fields.tex:2777,87E07F0373DC60CFC284E2F19078BC9BC7AB0B89C40EEF83941F6C38C765C549,"The proof says alpha has degree at most |G| over K.","Since alpha lies in K, its degree over K is one; the construction concerns K=K^G(alpha), so the intended base is K^G.","Replace 'over K' by 'over K^G'.",reported_to_cjk1_2026-08-22
FIELDS-028,p01,fields.tex,fields.tex:3098,87E07F0373DC60CFC284E2F19078BC9BC7AB0B89C40EEF83941F6C38C765C549,"The set-builder U_S(g) contains the variable s without binding it.","Membership must require equality on every element of the finite set S.","Add 'for all s in S' inside the set-builder condition.",reported_to_cjk1_2026-08-22
FIELDS-029,p01,fields.tex,fields.tex:3303-3306,87E07F0373DC60CFC284E2F19078BC9BC7AB0B89C40EEF83941F6C38C765C549,"The constant term of product_i(x-zeta_i alpha) is written without the factor (-1)^d.","Each factor contributes -zeta_i alpha at x=0.","Replace c=(product_i zeta_i) alpha^d by c=(-1)^d(product_i zeta_i) alpha^d and propagate the harmless sign in the following inference.",reported_to_cjk1_2026-08-22
FIELDS-030,p01,fields.tex,fields.tex:3674,87E07F0373DC60CFC284E2F19078BC9BC7AB0B89C40EEF83941F6C38C765C549,"The lemma asserts the literal equality E=E_sep tensor_F E_insep.","The tensor product is an F-algebra, while E contains the two subfields; the intended statement is that multiplication induces an isomorphism onto E.","State that the multiplication map E_sep tensor_F E_insep -> E is an isomorphism.",reported_to_cjk1_2026-08-22
FIELDS-031,p01,fields.tex,fields.tex:1473,87E07F0373DC60CFC284E2F19078BC9BC7AB0B89C40EEF83941F6C38C765C549,"The sentence reads 'If lambda_i=0 for some' without binding the index.","The induction argument removes one vanishing coefficient from lambda_1 through lambda_n, so the missing quantified variable is i.","Insert '$i$' after 'some'.",reported_to_cjk1_2026-08-22
FIELDS-032,p01,fields.tex,fields.tex:2774-2780,87E07F0373DC60CFC284E2F19078BC9BC7AB0B89C40EEF83941F6C38C765C549,"After choosing alpha with K=K^G(alpha), the proof writes K^G(alpha)=L.","Line 2775 gives K=K^G(alpha), and the group acts faithfully on K in this finite case; L was only an auxiliary subfield in the earlier argument.","Replace K^G(alpha)=L by K^G(alpha)=K at line 2779.",reported_to_cjk1_2026-08-22
FIELDS-033,p01,fields.tex,fields.tex:1641-1648,87E07F0373DC60CFC284E2F19078BC9BC7AB0B89C40EEF83941F6C38C765C549,"The permanence proof unconditionally sets the characteristic equal to p and uses p-powers.","Purely inseparable identity extensions are permitted in characteristic zero; then E=k and F=E and the assertion is trivial.","Handle characteristic zero first, then assume the characteristic is a prime p for the p-power argument.",accepted_provisional_r6_MC-STK-ERR-0338_2026-08-22
FIELDS-034,p01,fields.tex,fields.tex:2367-2370,87E07F0373DC60CFC284E2F19078BC9BC7AB0B89C40EEF83941F6C38C765C549,"The sentence reads 'Using this isomorphism we get for a K-algebra map'.","The following display is the regular-representation K-algebra map itself; 'for' leaves the sentence ungrammatical.","Delete 'for': 'we get a K-algebra map'.",accepted_provisional_r6_MC-STK-ERR-0339_2026-08-22
FIELDS-035,p01,fields.tex,fields.tex:3218-3227,87E07F0373DC60CFC284E2F19078BC9BC7AB0B89C40EEF83941F6C38C765C549,"The Kummer paragraph permits a=0 but defines sigma(b)/b.","When a=0, every root b is zero and the displayed quotient is undefined.","Require a in K^* (equivalently a nonzero).",accepted_provisional_r6_MC-STK-ERR-0340_2026-08-22
FIELDS-036,p01,fields.tex,fields.tex:2573-2574,87E07F0373DC60CFC284E2F19078BC9BC7AB0B89C40EEF83941F6C38C765C549,"The phrase 'the characteristic polynomial of the linear maps alpha:L->L' uses a plural noun for one displayed map.","Only the multiplication map alpha:L->L is being named.","Replace 'maps' by singular 'map'.",accepted_provisional_r6_MC-STK-ERR-0341_2026-08-22
FIELDS-037,p01,fields.tex,fields.tex:3629-3645,87E07F0373DC60CFC284E2F19078BC9BC7AB0B89C40EEF83941F6C38C765C549,"The warning calls the just-defined field-theoretic compositum a 'composition'.","The paragraph defines 'compositum' at line 3629 and repeats that noun at lines 3642 and 3645; 'composition' denotes a different operation.","Replace 'composition' by 'compositum' at line 3639.",accepted_provisional_r6_MC-STK-ERR-0342_2026-08-22
FIELDS-038,p01,fields.tex,fields.tex:1046;1314,87E07F0373DC60CFC284E2F19078BC9BC7AB0B89C40EEF83941F6C38C765C549,"Two quotient presentations are written as literal equalities E(alpha)=E[x]/(P) and K_i=K_{i-1}[x]/(P_i).","Earlier lines 879-881 and 887-888 explicitly describe the canonical isomorphism; the later equalities are standard abuse but may conflict with a strict object-identity policy.","Canon question only: retain as standard abuse or replace equality by a canonical isomorphism consistently.",rejected_standard_canonical_identification_not_erratum_2026-08-22
FIELDS-039,p01,fields.tex,fields.tex:1752-1763,87E07F0373DC60CFC284E2F19078BC9BC7AB0B89C40EEF83941F6C38C765C549,"The proof says there is a unique map K->overline F in the purely inseparable case.","The lemma counts Mor_F(K,overline F); many set maps exist, while exactly one F-embedding exists.","Specify a unique F-embedding.",accepted_provisional_r6_MC-STK-ERR-0343_2026-08-22
FIELDS-040,p01,fields.tex,fields.tex:1546-1550,87E07F0373DC60CFC284E2F19078BC9BC7AB0B89C40EEF83941F6C38C765C549,"The equal-dimensional nonisomorphism is said merely to 'have a kernel'.","Every linear map has a kernel; the contradiction requires a nonzero kernel and coefficients not all zero.","Replace 'has a kernel' by 'has a nonzero kernel'.",accepted_provisional_r6_MC-STK-ERR-0344_2026-08-22
FIELDS-041,p01,fields.tex,fields.tex:1728-1746,87E07F0373DC60CFC284E2F19078BC9BC7AB0B89C40EEF83941F6C38C765C549,"The separable and inseparable degrees of an arbitrary algebraic extension are each called 'The integer'.","Without a finiteness hypothesis these degrees may be infinite cardinals; line 1746 explicitly acknowledges infinite degrees.","Use 'The degree' in both definition items.",accepted_provisional_r6_MC-STK-ERR-0345_2026-08-22
CATEGORIES-008,p01,categories.tex,categories.tex:1733-1740,62F7611AF4C3FEEBD041DB4728B42C7112004CFBB9FA5ECB643C6F5D90DB3F25,"The cofinality condition says 'there exist a sequence of morphisms'.","The existential subject is the singular noun 'a sequence'; the displayed zigzag is that one sequence.","Replace 'there exist a sequence' by 'there exists a sequence'.",reported_to_cjk1_2026-08-22
CATEGORIES-009,p01,categories.tex,categories.tex:1784-1791,62F7611AF4C3FEEBD041DB4728B42C7112004CFBB9FA5ECB643C6F5D90DB3F25,"The dual initiality condition says 'there exist a sequence of morphisms'.","The existential subject is the singular noun 'a sequence'; the displayed zigzag is that one sequence.","Replace 'there exist a sequence' by 'there exists a sequence'.",reported_to_cjk1_2026-08-22
CATEGORIES-010,p01,categories.tex,categories.tex:2336-2344;2466-2474,62F7611AF4C3FEEBD041DB4728B42C7112004CFBB9FA5ECB643C6F5D90DB3F25,"Two parallel proofs define an equivalence relation by saying 'there exist a z and morphisms'.","In each occurrence the existentially quantified object is the singular 'a z'; the following morphisms depend on that one object.","In both occurrences replace 'there exist a z' by 'there exists a z'.",reported_to_cjk1_2026-08-22
CATEGORIES-011,p01,categories.tex,categories.tex:2709-2714,62F7611AF4C3FEEBD041DB4728B42C7112004CFBB9FA5ECB643C6F5D90DB3F25,"The lemma begins 'There exist a directed set I and a system'.","The first existential noun phrase is singular and the intended construction provides one directed set together with one system.","Replace 'There exist' by 'There exists'.",reported_to_cjk1_2026-08-22
CATEGORIES-012,p01,categories.tex,categories.tex:3637-3645,62F7611AF4C3FEEBD041DB4728B42C7112004CFBB9FA5ECB643C6F5D90DB3F25,"The representability criterion assumes 'there exist a family'.","The head noun of the existential phrase is the singular 'a family'; later quantification ranges over its members.","Replace 'there exist a family' by 'there exists a family'.",reported_to_cjk1_2026-08-22
CATEGORIES-013,p01,categories.tex,categories.tex:3068-3074,62F7611AF4C3FEEBD041DB4728B42C7112004CFBB9FA5ECB643C6F5D90DB3F25,"The text defines m(n',n) for n' >= n but the diagram uses X_{m(n,n')}.","Under the stated convention m(n,n') is not defined when n' > n; the upper-left object must dominate m(n') and m(n), exactly the role assigned to m(n',n).","Replace X_{m(n,n')} by X_{m(n',n)} at line 3072.",reported_to_cjk1_2026-08-22
CATEGORIES-014,p01,categories.tex,categories.tex:3076-3077,62F7611AF4C3FEEBD041DB4728B42C7112004CFBB9FA5ECB643C6F5D90DB3F25,"The maximum ranges over k,l <= n and therefore includes m(k,l) with k < l.","The preceding definition chooses m(k,l) only for k >= l; terms with k < l are undefined. The construction needs the triangular range l <= k <= n.","Replace max_{k,l <= n} by max_{l <= k <= n}.",reported_to_cjk1_2026-08-22
CATEGORIES-015,p01,categories.tex,categories.tex:3091-3096,62F7611AF4C3FEEBD041DB4728B42C7112004CFBB9FA5ECB643C6F5D90DB3F25,"The two representatives are written (m_1,a_1) and (m_1,a_2), but the comparison immediately requires m' >= m_1,m_2.","The second indexing map m_2 is otherwise missing, while the following line explicitly depends on it.","Replace the second pair (m_1,a_2) by (m_2,a_2).",reported_to_cjk1_2026-08-22
CATEGORIES-016,p01,categories.tex,categories.tex:6602-6629,62F7611AF4C3FEEBD041DB4728B42C7112004CFBB9FA5ECB643C6F5D90DB3F25,"The proof mixes maps in C/U with their underlying maps in C and gives p'(psi') the wrong codomain W/U -> V/U.","Here g:V'/U->V/U and h:W/U->V'/U. Thus g composed h equals p'(psi); p'(psi') has codomain V'/U; its underlying map is W->V'. The later existence statement must compare p(phi) to the underlying map of g before concluding p'(phi)=g.","Use p'(psi) at line 6615; V'/U and W->V' at lines 6618-6619; and explicitly say p(phi) equals the underlying map of g at line 6628.",reported_to_cjk1_2026-08-22
CATEGORIES-017,p01,categories.tex,categories.tex:7050,62F7611AF4C3FEEBD041DB4728B42C7112004CFBB9FA5ECB643C6F5D90DB3F25,"The phrase 'from C^opp in to the (2,1)-category' splits the preposition 'into'.","The sentence describes the codomain of the pseudofunctor and requires the single preposition 'into'.","Replace 'in to' by 'into'.",reported_to_cjk1_2026-08-22
CATEGORIES-018,p01,categories.tex,categories.tex:7785-7793;7932-7940,62F7611AF4C3FEEBD041DB4728B42C7112004CFBB9FA5ECB643C6F5D90DB3F25,"Two parallel constructions say 'On morphisms (phi,id) ... between morphisms in S'_V'.","The displayed pair is itself one morphism of S'_V, not an object between morphisms; the inserted phrase makes the sentence ungrammatical.","Delete 'between morphisms' in both occurrences, yielding 'On morphisms ... in S'_V'.",reported_to_cjk1_2026-08-22
CATEGORIES-019,p01,categories.tex,categories.tex:7966-7969,62F7611AF4C3FEEBD041DB4728B42C7112004CFBB9FA5ECB643C6F5D90DB3F25,"The text says 'we sometime confuse discrete categories with sets'.","The intended adverb for a recurring convention is 'sometimes'.","Replace 'sometime' by 'sometimes'.",reported_to_cjk1_2026-08-22
CATEGORIES-020,p01,categories.tex,categories.tex:8050-8056,62F7611AF4C3FEEBD041DB4728B42C7112004CFBB9FA5ECB643C6F5D90DB3F25,"The proof says 'we have already see'.","The present perfect requires the past participle 'seen'.","Replace 'see' by 'seen'.",reported_to_cjk1_2026-08-22
CATEGORIES-021,p01,categories.tex,categories.tex:8129-8135,62F7611AF4C3FEEBD041DB4728B42C7112004CFBB9FA5ECB643C6F5D90DB3F25,"The sentence says 'this is would not be a good definition'.","The auxiliary construction is malformed; the intended conditional is 'this would not'.","Delete 'is'.",reported_to_cjk1_2026-08-22
CATEGORIES-022,p01,categories.tex,categories.tex:8947-8950,62F7611AF4C3FEEBD041DB4728B42C7112004CFBB9FA5ECB643C6F5D90DB3F25,"The citation sentence says 'as a above'.","The extra article has no syntactic role.","Replace 'as a above' by 'as above'.",reported_to_cjk1_2026-08-22
CATEGORIES-023,p01,categories.tex,categories.tex:8956-8964,62F7611AF4C3FEEBD041DB4728B42C7112004CFBB9FA5ECB643C6F5D90DB3F25,"The associativity coherence diagram is called the 'pentagram diagram'.","Mac Lane coherence uses the pentagon diagram; the preceding diagram is a pentagon, not a five-pointed star.","Replace 'pentagram diagram' by 'pentagon diagram'.",reported_to_cjk1_2026-08-22
CATEGORIES-024,p01,categories.tex,categories.tex:9023-9026,62F7611AF4C3FEEBD041DB4728B42C7112004CFBB9FA5ECB643C6F5D90DB3F25,"The word 'isomorphism' is misspelled 'isomorpism'.","The displayed map is explicitly an isomorphism and the missing h is a typographical error.","Replace 'isomorpism' by 'isomorphism'.",reported_to_cjk1_2026-08-22
CATEGORIES-025,p01,categories.tex,categories.tex:9037-9047,62F7611AF4C3FEEBD041DB4728B42C7112004CFBB9FA5ECB643C6F5D90DB3F25,"After setting Y=1 tensor W, the right-hand composite ends with id_Y while the following comparison and the typed domain require id_W.","Using id_Y= id_1 tensor id_W in addition to the preceding id_1 introduces an extra tensor factor. Line 9047 correctly writes the intended terminal factor id_W.","Replace the final id_Y in line 9043 by id_W.",reported_to_cjk1_2026-08-22
CATEGORIES-026,p01,categories.tex,categories.tex:7185-7190,62F7611AF4C3FEEBD041DB4728B42C7112004CFBB9FA5ECB643C6F5D90DB3F25,"The diagram-positioning annotation 'above' is entered as a bare math superscript.","The empty xymatrix arrow exists only to place reader-facing prose between the two lift diagrams; bare math letters typeset 'above' as a product-like identifier rather than text.","Replace \\ar@{}[u]^{above} by \\ar@{}[u]^{\\text{above}} at line 7188.",reported_to_cjk1_2026-08-22
CATEGORIES-027,p01,categories.tex,categories.tex:6612-6621,62F7611AF4C3FEEBD041DB4728B42C7112004CFBB9FA5ECB643C6F5D90DB3F25,"The strongly-cartesian lifting proof equates p(psi') in C with h in the slice category C/U.","Here h:W/U->V'/U is a slice morphism, while p(psi') is its underlying base-category map W->V'. Strong cartesianness first gives the lift over that underlying map; only the subsequent argument proves p'(psi')=h in C/U.","Replace '$p(\\psi') = h$' by '$p(\\psi')$ equal to the underlying map of $h$' at line 6618.",reported_to_cjk1_2026-08-22
CATEGORIES-028,p01,categories.tex,categories.tex:6778-6863,62F7611AF4C3FEEBD041DB4728B42C7112004CFBB9FA5ECB643C6F5D90DB3F25,"Three displays/proof references write the relative inertia category with plain I although the object is defined and used elsewhere as calligraphic mathcal I.","Lines 6837 and 6854 are the equivalence and quasi-inverse for the category defined at lines 6778-6786; line 6861 names their induced endofunctor. All must denote the same relative inertia category mathcal I, matching the already reported absolute occurrence CATEGORIES-003.","At lines 6837, 6854 and 6861 replace I_{mathcal S/mathcal S'} by mathcal I_{mathcal S/mathcal S'}.",reported_to_cjk1_2026-08-22
CATEGORIES-029,p01,categories.tex,categories.tex:3133-3154;3196-3215,62F7611AF4C3FEEBD041DB4728B42C7112004CFBB9FA5ECB643C6F5D90DB3F25,"Condition (4) in each of the dual essentially-constant ind/pro characterizations uses X without quantifying it.","The lemma preambles bind only C, M and I. Conditions (2) and (3) each introduce X locally, so their binder does not scope over the independent enumerated condition (4). Without an existential object X, condition (4) is not a closed assertion and cannot be logically equivalent to condition (1).","In each condition (4), existentially quantify an object X of C together with i and the displayed morphism.",reported_to_cjk1_2026-08-22
CATEGORIES-030,p01,categories.tex,categories.tex:6993-6998,62F7611AF4C3FEEBD041DB4728B42C7112004CFBB9FA5ECB643C6F5D90DB3F25,"The sentence says 'in the following commutative diagram below'.","The deictics 'following' and 'below' duplicate the same relation and produce a redundant construction.","Use 'in the commutative diagram below'.",reported_to_cjk1_2026-08-22
CATEGORIES-031,p01,categories.tex,categories.tex:7332-7338,62F7611AF4C3FEEBD041DB4728B42C7112004CFBB9FA5ECB643C6F5D90DB3F25,"The proof says 'an injection between morphism ... to morphisms ...'.","The construction compares two sets of morphisms; 'between' requires plural sets joined by 'and', not a singular noun followed by 'to'.","Replace 'between morphism' by 'between morphisms' and 'lying over f to morphisms' by 'lying over f and morphisms'.",reported_to_cjk1_2026-08-22
CATEGORIES-032,p01,categories.tex,categories.tex:7351-7355,62F7611AF4C3FEEBD041DB4728B42C7112004CFBB9FA5ECB643C6F5D90DB3F25,"The final implication begins 'suppose for all G_U is an equivalence for all U'.","The first 'for all' has no grammatical object and duplicates the correctly placed quantifier later in the clause.","Delete the first 'for all': 'suppose G_U is an equivalence for all U'.",reported_to_cjk1_2026-08-22
CATEGORIES-033,p01,categories.tex,categories.tex:7697-7702,62F7611AF4C3FEEBD041DB4728B42C7112004CFBB9FA5ECB643C6F5D90DB3F25,"The sentence uses the dangling construction 'Given ..., then we claim'.","The initial participial phrase already modifies 'we claim'; the additional 'then' is ungrammatical.","Delete 'then' after the given data at line 7700.",reported_to_cjk1_2026-08-22
CATEGORIES-034,p01,categories.tex,categories.tex:7863-7868,62F7611AF4C3FEEBD041DB4728B42C7112004CFBB9FA5ECB643C6F5D90DB3F25,"The direct lift proof says 'since given ..., then ... is a lift'.","After 'since given' the displayed data directly supply the grammatical subject; 'then' leaves the construction dangling.","Delete 'then' at line 7867, or equivalently recast the clause as 'because, given ...'.",reported_to_cjk1_2026-08-22
CATEGORIES-035,p01,categories.tex,categories.tex:8030-8053,62F7611AF4C3FEEBD041DB4728B42C7112004CFBB9FA5ECB643C6F5D90DB3F25,"The object definition for the category associated to a set-valued presheaf requires x in Ob(F(U)).","Here F:C^opp->Sets, so F(U) is a set and has no category-of-objects operator. Lines 8052-8053 explicitly identify F(U) as the underlying set of the discrete fibre category.","At line 8039 replace x in Ob(F(U)) by x in F(U).",reported_to_cjk1_2026-08-22
CATEGORIES-036,p01,categories.tex,categories.tex:9261-9265,62F7611AF4C3FEEBD041DB4728B42C7112004CFBB9FA5ECB643C6F5D90DB3F25,"The extension-of-scalars example says the functor 'is functor of monoidal categories'.","The singular count noun requires an article.","Insert 'a': 'is a functor of monoidal categories'.",reported_to_cjk1_2026-08-22
CATEGORIES-037,p01,categories.tex,categories.tex:9398-9403,62F7611AF4C3FEEBD041DB4728B42C7112004CFBB9FA5ECB643C6F5D90DB3F25,"The proof calls epsilon 'the counit of the adjoint'.","A counit is part of an adjunction between two adjoint functors, not data belonging to an individual adjoint functor.","Replace 'the counit of the adjoint' by 'the counit of the adjunction'.",reported_to_cjk1_2026-08-22
CATEGORIES-038,p01,categories.tex,categories.tex:9580-9585,62F7611AF4C3FEEBD041DB4728B42C7112004CFBB9FA5ECB643C6F5D90DB3F25,"The compound subject eta' and epsilon' takes the singular verb 'makes'.","Two maps jointly supply the duality data and require plural agreement.","Replace 'makes' by 'make'.",reported_to_cjk1_2026-08-22
CATEGORIES-039,p01,categories.tex,categories.tex:9588-9590,62F7611AF4C3FEEBD041DB4728B42C7112004CFBB9FA5ECB643C6F5D90DB3F25,"The hint says 'pleasant exercise' without an article.","The singular count noun requires an article.","Insert 'a': 'Hint: a pleasant exercise in the definitions.'",reported_to_cjk1_2026-08-22
CATEGORIES-040,p01,categories.tex,categories.tex:9658-9663,62F7611AF4C3FEEBD041DB4728B42C7112004CFBB9FA5ECB643C6F5D90DB3F25,"The construction says it swaps 'the last two tensor products'.","The displayed object is one tensor product with three tensor factors; the commutativity constraint swaps the last two factors, not two product operations.","Replace 'tensor products' by 'tensor factors'.",reported_to_cjk1_2026-08-22
CATEGORIES-041,p01,categories.tex,categories.tex:3488-3496,62F7611AF4C3FEEBD041DB4728B42C7112004CFBB9FA5ECB643C6F5D90DB3F25,"A proof about maps out of a colimit calls the diagram objects 'constituents of the limit'.","The displayed calculation uses colim_i M_i; compatible maps M_i->Y are maps from the constituents of that colimit. Calling it a limit reverses the construction named in the same sentence.","At line 3490 replace 'limit' by 'colimit'.",reported_to_cjk1_2026-08-22
CATEGORIES-042,p01,categories.tex,categories.tex:1220-1264,62F7611AF4C3FEEBD041DB4728B42C7112004CFBB9FA5ECB643C6F5D90DB3F25,"The mono/epi criterion and reverse proof use bare object equalities or an abstract isomorphism X times_Y X isomorphic to X without specifying the canonical diagonal/codiagonal.","An abstract isomorphism X times_Y X congruent to X does not imply f is monic: for an infinite set X and a noninjective constant map X->*, X times X is noncanonically isomorphic to X. The characterization requires the canonical diagonal X->X times_Y X to be an isomorphism; dually the canonical codiagonal Y amalg_X Y->Y must be an isomorphism.","State both criteria with the canonical diagonal/codiagonal and use the diagonal isomorphism in the reverse proof.",reported_to_cjk1_2026-08-22
CATEGORIES-043,p01,categories.tex,categories.tex:5219-5222,62F7611AF4C3FEEBD041DB4728B42C7112004CFBB9FA5ECB643C6F5D90DB3F25,"A remark names the 2-category mathcal C but quantifies x,y in Ob(C).","The adjacent sentence and Hom category both use mathcal C; plain C is a different undefined token in this context.","At line 5220 replace Ob(C) by Ob(mathcal C).",reported_to_cjk1_2026-08-22
CATEGORIES-044,p01,categories.tex,categories.tex:5242-5262,62F7611AF4C3FEEBD041DB4728B42C7112004CFBB9FA5ECB643C6F5D90DB3F25,"The pseudofunctor data quantify x in Ob(A) although the ordinary category is named mathcal A.","The definition and adjacent items consistently use mathcal A; plain A is undefined here.","At line 5258 replace Ob(A) by Ob(mathcal A).",reported_to_cjk1_2026-08-22
CATEGORIES-045,p01,categories.tex,categories.tex:5435-5443,62F7611AF4C3FEEBD041DB4728B42C7112004CFBB9FA5ECB643C6F5D90DB3F25,"The target object of the second 1-morphism is written (w', alpha', beta', phi').","Objects of the diagram 2-category have components (w,a,b,phi); alpha' and beta' are components of the 1-morphism itself and cannot replace the target object's a',b'. The following composition formula confirms the roles.","At line 5437 replace (w', alpha', beta', phi') by (w', a', b', phi').",reported_to_cjk1_2026-08-22
CATEGORIES-046,p01,categories.tex,categories.tex:1940-1962,62F7611AF4C3FEEBD041DB4728B42C7112004CFBB9FA5ECB643C6F5D90DB3F25,"Cone components indexed by objects y_i and z_i are typeset as the products/unbound tokens qy_i and qz_i.","The limit family is indexed by B in Ob(J), whose relevant objects are y_i and z_i. The intended component notation is q_{y_i} and q_{z_i}; bare qy_i is not the name of an indexed cone component.","Restore subscripts q_{y_i}, q_{z_i} at lines 1946, 1953 and in the s(j),t(j) components at line 1955.",reported_to_cjk1_2026-08-22
CATEGORIES-047,p01,categories.tex,categories.tex:5928-5938,62F7611AF4C3FEEBD041DB4728B42C7112004CFBB9FA5ECB643C6F5D90DB3F25,"The lower-left xymatrix cell issues two coincident arrows to the same target, one labelled by the diagonal and one unlabelled.","The asserted 2-fibre-product square has one horizontal diagonal functor from C to C times_D C. The second arrow command duplicates the edge and can overprint it.","Delete the second unlabelled ar[r] at line 5934.",reported_to_cjk1_2026-08-22
CATEGORIES-048,p01,categories.tex,categories.tex:5737-5743,62F7611AF4C3FEEBD041DB4728B42C7112004CFBB9FA5ECB643C6F5D90DB3F25,"The proof uses alpha_X and beta_Y for identifications although those components are not typed for X and Y respectively.","The lemma data are alpha:G composed K -> M composed I on Y and beta:M composed H -> F composed L on X. The object formula at lines 5705-5706 already uses alpha_Y and beta_X with these types.","At line 5741 replace alpha_X by beta_X and at line 5742 replace beta_Y by alpha_Y.",reported_to_cjk1_2026-08-22
CATEGORIES-049,p01,categories.tex,categories.tex:2385-2406,62F7611AF4C3FEEBD041DB4728B42C7112004CFBB9FA5ECB643C6F5D90DB3F25,"The prose ends the zigzag sequence at i_n although the diagram and subsequent elements end at i_{2n}.","The displayed two-arrow-span zigzag uses i_0 through i_{2n}; line 2405 names n_{i_{2n}}=m' and the induction parameter n counts spans, not vertices.","At line 2388 replace i_n=i' by i_{2n}=i'.",reported_to_cjk1_2026-08-22
CATEGORIES-050,p01,categories.tex,categories.tex:3524-3532,62F7611AF4C3FEEBD041DB4728B42C7112004CFBB9FA5ECB643C6F5D90DB3F25,"The target of u(eta_X) is written u(v(u(X)) with the outer application parenthesis unclosed.","The unit has target v(u(X)); applying u gives u(v(u(X))). The following counit epsilon_{u(X)} is typed from that object to u(X).","Append one closing parenthesis at line 3528: u(v(u(X))).",reported_to_cjk1_2026-08-22
CATEGORIES-051,p01,categories.tex,categories.tex:3813-3825,62F7611AF4C3FEEBD041DB4728B42C7112004CFBB9FA5ECB643C6F5D90DB3F25,"The filtered-colimit presentation of Y is written Y = colim_{j in J} Y_i, leaving the summand indexed by the unrelated variable i.","The colimit is indexed by j in J; the next sentence chooses j and the diagram uses Y_j. Thus the displayed presentation must use Y_j.","At line 3817 replace Y_i by Y_j in Y = \\colim_{j \\in J} Y_j.",reported_to_cjk1_2026-08-22
CATEGORIES-052,p01,categories.tex,categories.tex:848-855,62F7611AF4C3FEEBD041DB4728B42C7112004CFBB9FA5ECB643C6F5D90DB3F25,"The uniqueness argument names the previously constructed morphism delta as an unformatted English word, while the next sentence writes the same identifier as $\\delta$.","The prose refers to the morphism $\\delta$ characterized by q composed with delta = beta and p composed with delta = f composed with alpha; plain 'delta' is not a distinct mathematical object.","At line 852 replace 'uniqueness of delta' by 'uniqueness of $\\delta$'.",reported_to_cjk1_2026-08-22
CATEGORIES-053,p01,categories.tex,categories.tex:2005-2014,62F7611AF4C3FEEBD041DB4728B42C7112004CFBB9FA5ECB643C6F5D90DB3F25,"The newly constructed functor is defined on a morphism f':x to y_j, but the displayed assignment is written M'(f)=M(f) composed with pr_1.","Here f' is the morphism of the source category I' and f is only its corresponding morphism x_{i_1} to y_j in I. Therefore f is a valid argument of M but not the named argument of M'.","At line 2012 replace $M'(f)$ by $M'(f')$ while retaining $M(f)$ on the right-hand side.",reported_to_cjk1_2026-08-22
CATEGORIES-054,p01,categories.tex,categories.tex:2130-2146;2451-2464;2525-2540,62F7611AF4C3FEEBD041DB4728B42C7112004CFBB9FA5ECB643C6F5D90DB3F25,"Three filtered/cofiltered axioms quantify a morphism c:y to z or c:w to x without separately introducing the object z or w.","In literal logical scope z and w are free, unlike the adjacent conditions, which explicitly say there exists an object z and morphisms. Canon review found that the chapter's ordinary category-theory prose treats a typed existential arrow as simultaneously introducing its unnamed source or target; the same house convention occurs at lines 4312-4315 and 4650-4653.","Canon review ERRATA_R6_CATEGORIES_129_132_REVIEW.md rejected a source operation: preserve the typed-arrow convention in French and retain this row only as adverse evidence. The additional independent locus at 2459-2460 is the same construction and does not alter that disposition.",rejected_as_house_convention_by_canon_2026-08-22_preserved_as_adverse_evidence
CATEGORIES-055,p01,categories.tex,categories.tex:2774-2805,62F7611AF4C3FEEBD041DB4728B42C7112004CFBB9FA5ECB643C6F5D90DB3F25,"The constructed category F+ is called a subcategory of I, although all of its objects and arrows were constructed in I times omega.","Lines 2779-2799 define F as a subcategory of I times omega, build its cocone there, and obtain F+ by adjoining i_infinity and its arrows there. The subsequent reduction uses the projection Pi:I times omega to I.","At line 2801 replace subcategory of $\\mathcal{I}$ by subcategory of $\\mathcal{I}\\times\\omega$.",reported_to_cjk1_2026-08-22
CATEGORIES-056,p01,categories.tex,categories.tex:7826-7889,62F7611AF4C3FEEBD041DB4728B42C7112004CFBB9FA5ECB643C6F5D90DB3F25,"The groupoid-valued datum F is called a functor to the category of groupoids although the cited definition and the construction require a functor into a 2-category.","Lines 7851-7854 explicitly use the coherence data of a functor into a 2-category; the same datum is restated correctly at lines 7884-7885 as a functor to the 2-category of groupoids.","At line 7831 replace 'category of groupoids' by '$2$-category of groupoids'.",reported_to_cjk1_2026-08-22
CATEGORIES-057,p01,categories.tex,categories.tex:7983-8005;8185-8195,62F7611AF4C3FEEBD041DB4728B42C7112004CFBB9FA5ECB643C6F5D90DB3F25,"The 2-categories of categories fibred in sets and in setoids are each called a sub-2-category of the category of categories fibred in groupoids.","The cited definition defines the ambient object as a 2-category with 1- and 2-morphisms. A sub-2-category must be taken inside that 2-category, not an ordinary category that would omit the 2-cells.","At lines 7988 and 8189 replace 'of the category of categories fibred in groupoids' by 'of the $2$-category of categories fibred in groupoids'.",reported_to_cjk1_2026-08-22
CATEGORIES-058,p01,categories.tex,categories.tex:8440-8458,62F7611AF4C3FEEBD041DB4728B42C7112004CFBB9FA5ECB643C6F5D90DB3F25,"The uniqueness proof calls the equivalence j':S to C/X' a second such pair even though the pair in the lemma is (X,j).","The object X' and equivalence j' together are the second pair; j' alone is only one component. The proof then compares C/X' with C/X and obtains the isomorphism X' to X.","At line 8449 replace the typed j' phrase by $(X', j')$: 'suppose that $(X', j')$ is a second such pair'.",reported_to_cjk1_2026-08-22
CATEGORIES-059,p01,categories.tex,categories.tex:5411-5533,62F7611AF4C3FEEBD041DB4728B42C7112004CFBB9FA5ECB643C6F5D90DB3F25,"The 2-fibre product is defined as a final object in the category of 2-commutative diagrams.","Lines 5411-5499 define the 2-category of 2-commutative diagrams and lines 5502-5515 define final objects in a (2,1)-category. The 2-morphisms are part of the universal property and cannot be discarded.","At line 5529 replace 'category of 2-commutative diagrams' by '$2$-category of $2$-commutative diagrams'.",reported_to_cjk1_2026-08-22
CATEGORIES-060,p01,categories.tex,categories.tex:1991-2002,62F7611AF4C3FEEBD041DB4728B42C7112004CFBB9FA5ECB643C6F5D90DB3F25,"The object enumeration in the displayed definition of I' omits the comma between the final ellipsis and x_n.","Every preceding omitted-item sequence uses comma-separated entries; without the comma the last ellipsis and x_n are run together inside the finite object list.","At line 1997 replace '\\ldots x_n' by '\\ldots, x_n'.",reported_to_cjk1_2026-08-22
CATEGORIES-061,p01,categories.tex,categories.tex:5619-5647,62F7611AF4C3FEEBD041DB4728B42C7112004CFBB9FA5ECB643C6F5D90DB3F25,"Two object quadruples of the 2-category are written (W,a,b,t) with plain W rather than the category mathcal W.","Line 5621 introduces the category mathcal W; a and b have domain mathcal W. Plain W at lines 5629 and 5642 denotes an object of mathcal W and cannot be the category component of the quadruple.","At lines 5635 and 5641 replace $(W, a, b, t)$ by $(\\mathcal{W}, a, b, t)$.",reported_to_cjk1_2026-08-22
CATEGORIES-062,p01,categories.tex,categories.tex:2618-2626,62F7611AF4C3FEEBD041DB4728B42C7112004CFBB9FA5ECB643C6F5D90DB3F25,"The sentence 'is a (inverse) system over I to denote this' has a broken article and misplaced infinitive.","The preceding two cases define a system and an inverse system; the notation (M_i,f_{ii'}) is being introduced to denote either case.","Replace lines 2623-2624 by 'We will use $(M_i, f_{ii'})$ to denote a system or inverse system over $I$. The maps ...'.",reported_to_cjk1_2026-08-22
CATEGORIES-063,p01,categories.tex,categories.tex:2889-2902,62F7611AF4C3FEEBD041DB4728B42C7112004CFBB9FA5ECB643C6F5D90DB3F25,"The proof says 'This is another subsystem as we've seen above that the transition maps ... are surjective', combining incompatible conjunctions.","The surjectivity established at lines 2889-2893 is the reason the fibre-defined family is another subsystem.","At line 2896 replace 'as we've seen above that' by 'since we've seen above that'.",reported_to_cjk1_2026-08-22
CATEGORIES-064,p01,categories.tex,categories.tex:2571-2604;2848-2857,62F7611AF4C3FEEBD041DB4728B42C7112004CFBB9FA5ECB643C6F5D90DB3F25,"The remark claims a finite directed set (I,greater-than-or-equal) has a greatest object whose value computes the colimit.","The chapter defines directed sets with the relation less-than-or-equal and the associated category has arrows i to i' when i is less than or equal to i'. A finite such directed poset has a greatest/terminal object, and precisely then the colimit is its value. Reversing the relation makes that argument point the wrong way.","At line 2850 replace $(I, \\geq)$ by $(I, \\leq)$.",reported_to_cjk1_2026-08-22
CATEGORIES-065,p01,categories.tex,categories.tex:655-706;1071-1115,62F7611AF4C3FEEBD041DB4728B42C7112004CFBB9FA5ECB643C6F5D90DB3F25,"The binary coproduct definition calls the object an 'amalgamated sum', while the chapter later reserves pushout notation x amalgamated over y with z for the genuinely amalgamated construction.","Standard categorical usage distinguishes a binary coproduct (sum) from a pushout/amalgamated sum over a common source. Although the coproduct is a pushout over an initial object when one exists, no amalgamating object appears in lines 660-672; the later pushout definition does have one.","Canon accepted MC-STK-ERR-0396: replace the synonym at line 661 by 'sum', leaving 'amalgamated sum' for the pushout section; French reads 'coproduit, ou somme'.",accepted_as_MC-STK-ERR-0396_2026-08-22_and_emended_in_french_target
CATEGORIES-066,p01,categories.tex,categories.tex:373-391,62F7611AF4C3FEEBD041DB4728B42C7112004CFBB9FA5ECB643C6F5D90DB3F25,"The vertical arrow obtained by applying F to j(phi) is labelled F composed with j(phi), treating a morphism as if it were a functor.","Lines 377-379 construct the morphism j(phi) and characterize it by F(j(phi))=phi'. The vertical arrow from F(j(X)) to F(j(Y)) is precisely that image morphism.","At line 385 replace $F\\circ j(\\phi)$ by $F(j(\\phi))$ (equivalently $(F\\circ j)(\\phi)$).",reported_to_cjk1_2026-08-22
CATEGORIES-067,p01,categories.tex,categories.tex:3425-3436,62F7611AF4C3FEEBD041DB4728B42C7112004CFBB9FA5ECB643C6F5D90DB3F25,"The phrase 'the first map is natural one' omits the article required before the singular count noun.","The sentence distinguishes the canonical first map from the second map induced by the counit; no mathematical content changes.","At line 3432 replace 'is natural one' by 'is the natural one' (or 'is the natural map').",reported_to_cjk1_2026-08-22
ALGEBRA-001,p01,algebra.tex,algebra.tex:31816-31827,FA8BB92E58A4F78A2BD01B3B6A4A87DE0A0D279F5DD90641B574DD5FBFFFA4F3,"Line 31824 orders $(I, \leq)$ although the active indexing set throughout the paragraph is $\Lambda$.","Lines 31816-31823 define the preorder on $\Lambda$ and lines 31825-31827 quantify over $\Lambda$ again; $I$ is not the active symbol.","At line 31824 replace $I$ by $\Lambda$.",provisionally_accepted_as_MC-STK-ERR-0399_R6_proof_intake_2026-08-23_unmaterialized_authority_unchanged_target_current_disposition_preserved
ALGEBRA-002,p01,algebra.tex,algebra.tex:31801,FA8BB92E58A4F78A2BD01B3B6A4A87DE0A0D279F5DD90641B574DD5FBFFFA4F3,"The proof calls the indexing category cofiltered.","The category has just been proved filtered and the construction is a colimit; cofiltered reverses the required variance.","Replace cofiltered by filtered.",provisionally_accepted_as_MC-STK-ERR-0400_R6_proof_intake_2026-08-23_unmaterialized_authority_unchanged_target_current_disposition_preserved
ALGEBRA-003,p01,algebra.tex,algebra.tex:32020,FA8BB92E58A4F78A2BD01B3B6A4A87DE0A0D279F5DD90641B574DD5FBFFFA4F3,"The equality target is written $M \otimes_A R_i$.","The compared elements are the images $u(x_j)$ and $u'(x_j)$ in the target module $N$.","Replace the target by $N \otimes_A R_i$.",provisionally_accepted_as_MC-STK-ERR-0401_R6_proof_intake_2026-08-23_unmaterialized_authority_unchanged_target_current_disposition_preserved
ALGEBRA-004,p01,algebra.tex,algebra.tex:32034-32036,FA8BB92E58A4F78A2BD01B3B6A4A87DE0A0D279F5DD90641B574DD5FBFFFA4F3,"The proof uses $x_j$ after choosing generators $y_1,\ldots,y_m$ of $N$.","The $x_j$ belong to the earlier presentation of $M$ and are not the generators being lifted in this part.","Replace these $x_j$ occurrences by $y_j$.",provisionally_accepted_as_MC-STK-ERR-0402_R6_proof_intake_2026-08-23_unmaterialized_authority_unchanged_target_current_disposition_preserved
ALGEBRA-005,p01,algebra.tex,algebra.tex:32056-32057,FA8BB92E58A4F78A2BD01B3B6A4A87DE0A0D279F5DD90641B574DD5FBFFFA4F3,"Two base changes are written $\otimes_R R_i$.","The modules are $A$-modules and every base change in the lemma is from $A$ to $R_i$.","Replace both tensor bases $R$ by $A$.",provisionally_accepted_as_MC-STK-ERR-0403_R6_proof_intake_2026-08-23_unmaterialized_authority_unchanged_target_current_disposition_preserved
ALGEBRA-006,p01,algebra.tex,algebra.tex:32134-32136,FA8BB92E58A4F78A2BD01B3B6A4A87DE0A0D279F5DD90641B574DD5FBFFFA4F3,"Occurrences of $B \otimes_A R$ and $B \otimes_A R_i$ are used as targets.","The elements $u(x_j)$ and $u'(x_j)$ lie in the target algebra $C$.","Replace the target-algebra occurrences of $B$ by $C$.",provisionally_accepted_as_MC-STK-ERR-0404_R6_proof_intake_2026-08-23_unmaterialized_authority_unchanged_target_current_disposition_preserved
ALGEBRA-007,p01,algebra.tex,algebra.tex:32143,FA8BB92E58A4F78A2BD01B3B6A4A87DE0A0D279F5DD90641B574DD5FBFFFA4F3,"The colimit identity is written for $B \otimes_A R$.","The argument lifts the chosen generators $y_j$ of the target algebra $C$ along the colimit.","Replace $B$ by $C$ in the colimit identity.",rejected_by_canon_2026-08-23_proposal_incorrect_B_colimit_required_authority_unchanged_target_retains_source
ALGEBRA-008,p01,algebra.tex,algebra.tex:32151,FA8BB92E58A4F78A2BD01B3B6A4A87DE0A0D279F5DD90641B574DD5FBFFFA4F3,"The algebra-presentation proof refers to $N$.","No $N$ is defined in this lemma; the kernel being presented belongs to the algebra $C$.","Replace $N$ by $C$.",provisionally_accepted_as_MC-STK-ERR-0405_R6_proof_intake_2026-08-23_unmaterialized_authority_unchanged_target_current_disposition_preserved
ALGEBRA-009,p01,algebra.tex,algebra.tex:32152,FA8BB92E58A4F78A2BD01B3B6A4A87DE0A0D279F5DD90641B574DD5FBFFFA4F3,"The presentation map sends each $x_j$ to $\sum c_j$.","Each polynomial variable must map to its corresponding chosen generator $c_j$; summing over a free index is ill-typed.","Replace $x_j \mapsto \sum c_j$ by $x_j \mapsto c_j$.",provisionally_accepted_as_MC-STK-ERR-0406_R6_proof_intake_2026-08-23_unmaterialized_authority_unchanged_target_current_disposition_preserved
ALGEBRA-010,p01,algebra.tex,algebra.tex:32162,FA8BB92E58A4F78A2BD01B3B6A4A87DE0A0D279F5DD90641B574DD5FBFFFA4F3,"The relation indexed by $s$ is written $\xi_s=f_j(z_1,\ldots,z_m)$.","The surrounding sentence quantifies $s=1,\ldots,t$ and the defining relations are indexed by $s$.","Replace $f_j$ by $f_s$.",provisionally_accepted_as_MC-STK-ERR-0407_R6_proof_intake_2026-08-23_unmaterialized_authority_unchanged_target_current_disposition_preserved
ALGEBRA-011,p01,algebra.tex,algebra.tex:32170-32171,FA8BB92E58A4F78A2BD01B3B6A4A87DE0A0D279F5DD90641B574DD5FBFFFA4F3,"The inverse $v$ is given the same direction as $u\otimes1$.","The map $u\otimes1$ goes from $B\otimes_A R$ to $C\otimes_A R$, while line 32171 gives $v_i$ the correct opposite direction.","Give $v$ direction $C\otimes_A R\to B\otimes_A R$.",provisionally_accepted_as_MC-STK-ERR-0408_R6_proof_intake_2026-08-23_unmaterialized_authority_unchanged_target_current_disposition_preserved
ALGEBRA-012,p01,algebra.tex,algebra.tex:32173-32174,FA8BB92E58A4F78A2BD01B3B6A4A87DE0A0D279F5DD90641B574DD5FBFFFA4F3,"Two algebra base changes are written $\otimes_R R_i$.","The algebras $B$ and $C$ are $A$-algebras and the lemma's base change is from $A$ to $R_i$.","Replace both tensor bases $R$ by $A$.",provisionally_accepted_as_MC-STK-ERR-0409_R6_proof_intake_2026-08-23_unmaterialized_authority_unchanged_target_current_disposition_preserved
ALGEBRA-013,p01,algebra.tex,algebra.tex:32197-32198,FA8BB92E58A4F78A2BD01B3B6A4A87DE0A0D279F5DD90641B574DD5FBFFFA4F3,"The item introduces $\varphi_\lambda$ and $\psi_\lambda$ but then uses unindexed $\varphi$ and $\psi$.","Only the indexed morphisms are defined in this item and the statement is quantified over $\lambda$.","Replace the two unindexed symbols by $\varphi_\lambda$ and $\psi_\lambda$.",provisionally_accepted_as_MC-STK-ERR-0410_R6_proof_intake_2026-08-23_unmaterialized_authority_unchanged_target_current_disposition_preserved
ALGEBRA-014,p01,algebra.tex,algebra.tex:32531-32532,FA8BB92E58A4F78A2BD01B3B6A4A87DE0A0D279F5DD90641B574DD5FBFFFA4F3,"The proof says the selected elements are integral over $S$.","The hypothesis is that $S$ is integral over $R$; integrality over $S$ is tautological and does not place the elements in the constructed finite $R$-subalgebras.","Replace integral over $S$ by integral over $R$.",provisionally_accepted_as_MC-STK-ERR-0411_R6_proof_intake_2026-08-23_unmaterialized_authority_unchanged_target_current_disposition_preserved
ALGEBRA-015,p01,algebra.tex,algebra.tex:16530-16532,FA8BB92E58A4F78A2BD01B3B6A4A87DE0A0D279F5DD90641B574DD5FBFFFA4F3,"The set intersection $D(f)\cap\operatorname{Supp}(K)$ is equated to the scalar $0$.","Both terms are subsets of $\operatorname{Spec}(R)$; the proof immediately deduces $K_f=0$, which is exactly the empty-intersection conclusion.","Replace the right-hand side $0$ by $\emptyset$.",provisionally_accepted_as_MC-STK-ERR-0412_R6_proof_intake_2026-08-23_unmaterialized_authority_unchanged_target_current_disposition_preserved
ALGEBRA-016,p01,algebra.tex,algebra.tex:18416-18417,FA8BB92E58A4F78A2BD01B3B6A4A87DE0A0D279F5DD90641B574DD5FBFFFA4F3,"The expression $H_i(R(A)_\bullet))$ has an unmatched second closing parenthesis.","The parallel $H_i(U(A)_\bullet)$ on line 18417 and both expressions in the lemma statement have exactly one closing parenthesis.","Delete the extra closing parenthesis after $\bullet$.",provisionally_accepted_as_MC-STK-ERR-0413_R6_proof_intake_2026-08-23_unmaterialized_authority_unchanged_target_current_disposition_preserved
ALGEBRA-017,p01,algebra.tex,algebra.tex:18643-18646,FA8BB92E58A4F78A2BD01B3B6A4A87DE0A0D279F5DD90641B574DD5FBFFFA4F3,"The proof says $\operatorname{Tor}_p$ is computed as cohomology groups of the lower-indexed complex $F_\bullet\otimes_RN$.","Tor is the homology of a homological free-resolution complex; the cited lemma constructs that lower-indexed complex.","Replace cohomology groups by homology groups (or singular homology group for fixed $p$).",provisionally_accepted_as_MC-STK-ERR-0414_R6_proof_intake_2026-08-23_unmaterialized_authority_unchanged_target_current_disposition_preserved
ALGEBRA-018,p01,algebra.tex,algebra.tex:522,FA8BB92E58A4F78A2BD01B3B6A4A87DE0A0D279F5DD90641B574DD5FBFFFA4F3,"The phrase reads 'there exist an n ... and an surjection'.","The indefinite article before surjection disagrees with its consonant onset.","Replace 'an surjection' by 'a surjection'.",provisionally_accepted_as_MC-STK-ERR-0415_R6_proof_intake_2026-08-23_unmaterialized_authority_unchanged_target_current_disposition_preserved
ALGEBRA-019,p01,algebra.tex,algebra.tex:972,FA8BB92E58A4F78A2BD01B3B6A4A87DE0A0D279F5DD90641B574DD5FBFFFA4F3,"An element is said to have image zero 'on H'.","The image lies in the target module $H$; standard English uses 'in H'.","Replace 'on $H$' by 'in $H$'.",provisionally_accepted_as_MC-STK-ERR-0416_R6_proof_intake_2026-08-23_unmaterialized_authority_unchanged_target_current_disposition_preserved
ALGEBRA-020,p01,algebra.tex,algebra.tex:1148-1150,FA8BB92E58A4F78A2BD01B3B6A4A87DE0A0D279F5DD90641B574DD5FBFFFA4F3,"The sentence combines 'Denote by' with 'be the equivalence class' and then repeats the construction for $S^{-1}M$.","Either 'Denote by ... the ...' or 'Let ... be ...' is grammatical; the current hybrid is not.","Use 'Denote by $m/s$ ... the equivalence class ... and by $S^{-1}M$ the set ...'.",provisionally_accepted_as_MC-STK-ERR-0417_R6_proof_intake_2026-08-23_unmaterialized_authority_unchanged_target_current_disposition_preserved
ALGEBRA-021,p01,algebra.tex,algebra.tex:1140-1156,FA8BB92E58A4F78A2BD01B3B6A4A87DE0A0D279F5DD90641B574DD5FBFFFA4F3,"Scalar multiplication is printed $m/s\cdot n/t=mn/st$ after both $m$ and $n$ were introduced as elements of the module $M$.","A general module has no product $mn$; scalar multiplication requires a numerator from the ring $A$ and one from $M$.","For $a\in A$ and $m\in M$, write $(a/s)\cdot(m/t)=am/(st)$.",provisionally_accepted_as_MC-STK-ERR-0418_R6_proof_intake_2026-08-23_unmaterialized_authority_unchanged_target_current_disposition_preserved
ALGEBRA-022,p01,algebra.tex,algebra.tex:1172,FA8BB92E58A4F78A2BD01B3B6A4A87DE0A0D279F5DD90641B574DD5FBFFFA4F3,"The hypothesis reads 'Let S subset R a multiplicative subset'.","The copular verb is missing.","Insert 'be' before 'a multiplicative subset'.",provisionally_accepted_as_MC-STK-ERR-0419_R6_proof_intake_2026-08-23_unmaterialized_authority_unchanged_target_current_disposition_preserved
ALGEBRA-023,p01,algebra.tex,algebra.tex:1187,FA8BB92E58A4F78A2BD01B3B6A4A87DE0A0D279F5DD90641B574DD5FBFFFA4F3,"The phrase uses bare text 'R-linear' while $R$ is a mathematical symbol.","Nearby module and map symbols consistently use math mode.","Replace bare R by `$R$` in `$R$-linear'.",provisionally_accepted_as_MC-STK-ERR-0420_R6_proof_intake_2026-08-23_unmaterialized_authority_unchanged_target_current_disposition_preserved
ALGEBRA-024,p01,algebra.tex,algebra.tex:1308,FA8BB92E58A4F78A2BD01B3B6A4A87DE0A0D279F5DD90641B574DD5FBFFFA4F3,"The sentence reads 'given a $A$-module M'.","The article must be 'an' before A and the module symbol $M$ should be in math mode.","Use 'given an $A$-module $M$'.",provisionally_accepted_as_MC-STK-ERR-0421_R6_proof_intake_2026-08-23_unmaterialized_authority_unchanged_target_current_disposition_preserved
ALGEBRA-025,p01,algebra.tex,algebra.tex:1322,FA8BB92E58A4F78A2BD01B3B6A4A87DE0A0D279F5DD90641B574DD5FBFFFA4F3,"The sentence says 'independent the choice of the fraction'.","The adjective independent requires the preposition 'of'.","Insert 'of' after 'independent'.",provisionally_accepted_as_MC-STK-ERR-0422_R6_proof_intake_2026-08-23_unmaterialized_authority_unchanged_target_current_disposition_preserved
ALGEBRA-026,p01,algebra.tex,algebra.tex:1327-1329,FA8BB92E58A4F78A2BD01B3B6A4A87DE0A0D279F5DD90641B574DD5FBFFFA4F3,"The module-localization paragraph calls $u$ 'an $A$ homomorphism'.","The surrounding objects are $A$-modules and the intended structure is module-linearity.","Use '$A$-module homomorphism' or '$A$-linear homomorphism'.",provisionally_accepted_as_MC-STK-ERR-0423_R6_proof_intake_2026-08-23_unmaterialized_authority_unchanged_target_current_disposition_preserved
ALGEBRA-027,p01,algebra.tex,algebra.tex:1375-1377,FA8BB92E58A4F78A2BD01B3B6A4A87DE0A0D279F5DD90641B574DD5FBFFFA4F3,"The prose refers to 'the preceding Corollary'.","The immediately preceding result is the lemma labelled lemma-localize-quotient-modules.","Replace Corollary by Lemma.",provisionally_accepted_as_MC-STK-ERR-0424_R6_proof_intake_2026-08-23_unmaterialized_authority_unchanged_target_current_disposition_preserved
ALGEBRA-028,p01,algebra.tex,algebra.tex:1769-1774,FA8BB92E58A4F78A2BD01B3B6A4A87DE0A0D279F5DD90641B574DD5FBFFFA4F3,"The universal-property proof composes $(j\circ j')$ with $g:X\to T$ and $(j'\circ j)$ with $g':X\to T'$, making both displayed composites ill-typed.","With $j:T\to T'$ and $j':T'\to T$, the conclusion requires $j'\circ j=\mathrm{id}_T$ and $j\circ j'=\mathrm{id}_{T'}$.","At line 1771 use $(j'\circ j)\circ g$; at line 1774 use $(j\circ j')\circ g'$.",provisionally_accepted_as_MC-STK-ERR-0425_R6_proof_intake_2026-08-23_unmaterialized_authority_unchanged_target_current_disposition_preserved
ALGEBRA-029,p01,algebra.tex,algebra.tex:1771-1772,FA8BB92E58A4F78A2BD01B3B6A4A87DE0A0D279F5DD90641B574DD5FBFFFA4F3,"The plural subject 'both the maps ... and g' is followed by 'satisfies'.","Plural subject-verb agreement requires 'satisfy'.","Replace satisfies by satisfy.",provisionally_accepted_as_MC-STK-ERR-0426_R6_proof_intake_2026-08-23_unmaterialized_authority_unchanged_target_current_disposition_preserved
ALGEBRA-030,p01,algebra.tex,algebra.tex:1807-1809,FA8BB92E58A4F78A2BD01B3B6A4A87DE0A0D279F5DD90641B574DD5FBFFFA4F3,"The module symbol T is left outside math mode in 'an R-module T'.","The pair is immediately denoted $(T,g)$ and all mathematical symbols should be in math mode.","Replace bare T by `$T$`.",provisionally_accepted_as_MC-STK-ERR-0427_R6_proof_intake_2026-08-23_unmaterialized_authority_unchanged_target_current_disposition_preserved
ALGEBRA-031,p01,algebra.tex,algebra.tex:1899-1902,FA8BB92E58A4F78A2BD01B3B6A4A87DE0A0D279F5DD90641B574DD5FBFFFA4F3,"The sentence reads 'isomorphic as both as A-module and B-module'.","The first 'as' is duplicated and the two module senses need parallel grammar.","Use 'isomorphic both as $A$-modules and as $B$-modules'.",provisionally_accepted_as_MC-STK-ERR-0428_R6_proof_intake_2026-08-23_unmaterialized_authority_unchanged_target_current_disposition_preserved
ALGEBRA-032,p01,algebra.tex,algebra.tex:2057-2060,FA8BB92E58A4F78A2BD01B3B6A4A87DE0A0D279F5DD90641B574DD5FBFFFA4F3,"The definition says 'N is said to be flat R-module'.","The singular count phrase requires an article and $R$ is a mathematical symbol.","Use 'N is said to be a flat $R$-module'.",provisionally_accepted_as_MC-STK-ERR-0429_R6_proof_intake_2026-08-23_unmaterialized_authority_unchanged_target_current_disposition_preserved
ALGEBRA-033,p01,algebra.tex,algebra.tex:19523-19527,FA8BB92E58A4F78A2BD01B3B6A4A87DE0A0D279F5DD90641B574DD5FBFFFA4F3,"After the split surjection $\varphi_f:P_{1,f}\to P_{2,f}$, the proof says $\Ker(\varphi)_f$ is a direct summand of $P_{2,f}$.","The kernel is a submodule of the source, and a section gives $P_{1,f}\cong\Ker(\varphi)_f\oplus P_{2,f}$; this is what proves the kernel finite projective.","Replace the final $P_{2,f}$ on line 19526 by $P_{1,f}$.",provisionally_accepted_as_MC-STK-ERR-0430_R6_proof_intake_2026-08-23_unmaterialized_authority_unchanged_target_current_disposition_preserved
ALGEBRA-034,p01,algebra.tex,algebra.tex:2606-2612,FA8BB92E58A4F78A2BD01B3B6A4A87DE0A0D279F5DD90641B574DD5FBFFFA4F3,"The proof says the element $x+fy$ 'is not contained in' the ideals $\mathfrak p_1,\ldots,\mathfrak p_s$.","Containment is a relation between subsets; the argument proves elementwise non-membership in every listed ideal, using $x\notin\mathfrak p_i$ for $i<s$ and $fy\notin\mathfrak p_s$.","Replace the sentence by 'Then $x+fy$ does not belong to any of $\mathfrak p_1,\ldots,\mathfrak p_s$.'",provisionally_accepted_as_MC-STK-ERR-0431_R6_proof_intake_2026-08-23_unmaterialized_authority_unchanged_target_current_disposition_preserved
ALGEBRA-035,p01,algebra.tex,algebra.tex:2728-2737,FA8BB92E58A4F78A2BD01B3B6A4A87DE0A0D279F5DD90641B574DD5FBFFFA4F3,"For the $m\times m$ matrix $A_1$ and its adjugate $B$, the proof writes $A_1B=BA_1=f$, where $f=\det(A_1)$.","Both products are $m\times m$ matrices whereas $f$ is a scalar; the adjugate identity is $A_1B=BA_1=fI_m$.","Replace the final $f$ by $fI_m$ (or $f\,1_{m\times m}$).",provisionally_accepted_as_MC-STK-ERR-0432_R6_proof_intake_2026-08-23_unmaterialized_authority_unchanged_target_current_disposition_preserved
ALGEBRA-036,p01,algebra.tex,algebra.tex:2738-2743,FA8BB92E58A4F78A2BD01B3B6A4A87DE0A0D279F5DD90641B574DD5FBFFFA4F3,"The displayed expansion uses $\det(A_1^{jk})$, but the following sentence defines $A_1^{ij}$ while saying that the $j$th row and $k$th column are removed.","The summation index is $k$, the cofactor sign is $(-1)^{j+k}$, and the prose explicitly names row $j$ and column $k$; $i$ is the external row index of $A$.","Replace $A_1^{ij}$ in the explanatory sentence by $A_1^{jk}$.",provisionally_accepted_as_MC-STK-ERR-0433_R6_proof_intake_2026-08-23_unmaterialized_authority_unchanged_target_current_disposition_preserved
ALGEBRA-037,p01,algebra.tex,algebra.tex:2860-2868,FA8BB92E58A4F78A2BD01B3B6A4A87DE0A0D279F5DD90641B574DD5FBFFFA4F3,"The monic polynomial is written $P=t^n+a_1t^{n-1}+\ldots+a_n\in R[T]$, mixing lowercase $t$ in the formula with uppercase $T$ in the declared polynomial ring.","No lowercase $t$ is introduced in the lemma, while the ambient polynomial ring explicitly uses the indeterminate $T$; the polynomial is subsequently evaluated at $\varphi$.","Replace every lowercase $t$ in the displayed polynomial by uppercase $T$.",provisionally_accepted_as_MC-STK-ERR-0434_R6_proof_intake_2026-08-23_unmaterialized_authority_unchanged_target_current_disposition_preserved
ALGEBRA-038,p01,algebra.tex,algebra.tex:2906-2911,FA8BB92E58A4F78A2BD01B3B6A4A87DE0A0D279F5DD90641B574DD5FBFFFA4F3,"The summation is typeset as $\sum_{j=1,\ldots,n}b_j(\varphi)$, placing the entire range in the subscript.","Standard indexed-sum syntax requires the initial index below and the terminal bound above; the intended finite sum is clear from the preceding $a_1,\ldots,a_n$.","Replace $\sum_{j=1,\ldots,n}$ by $\sum_{j=1}^{n}$.",provisionally_accepted_as_MC-STK-ERR-0435_R6_proof_intake_2026-08-23_unmaterialized_authority_unchanged_target_current_disposition_preserved
ALGEBRA-039,p01,algebra.tex,algebra.tex:3029-3035,FA8BB92E58A4F78A2BD01B3B6A4A87DE0A0D279F5DD90641B574DD5FBFFFA4F3,"The sentence has bare prose numeral `1` immediately before the mathematical relation `$\notin I$`.","The unit is a mathematical object and the following line likewise uses bare `1`; the mixed boundary produces incorrect mathematical typesetting.","Typeset the complete relation as `$1\notin I$` and the following unit occurrence as `$1$`.",provisionally_accepted_as_MC-STK-ERR-0436_R6_proof_intake_2026-08-23_unmaterialized_authority_unchanged_target_current_disposition_preserved
ALGEBRA-040,p01,algebra.tex,algebra.tex:3072-3075,FA8BB92E58A4F78A2BD01B3B6A4A87DE0A0D279F5DD90641B574DD5FBFFFA4F3,"The proof says `either $I$ of $J$ is in $\mathfrak p$`.","The word `of` is a typo for `or`, and ideals are contained in a prime ideal rather than elements of it; primality applied to $IJ\subset\mathfrak p$ gives $I\subset\mathfrak p$ or $J\subset\mathfrak p$.","Replace the clause by `either $I\subset\mathfrak p$ or $J\subset\mathfrak p$`.",provisionally_accepted_as_MC-STK-ERR-0437_R6_proof_intake_2026-08-23_unmaterialized_authority_unchanged_target_current_disposition_preserved
ALGEBRA-041,p01,algebra.tex,algebra.tex:3177-3183,FA8BB92E58A4F78A2BD01B3B6A4A87DE0A0D279F5DD90641B574DD5FBFFFA4F3,"The instruction reads `let $\mathfrak p$ the inverse image`.","The object-complement construction requires the copula `be`.","Insert `be`: `let $\mathfrak p$ be the inverse image ...`.",provisionally_accepted_as_MC-STK-ERR-0438_R6_proof_intake_2026-08-23_unmaterialized_authority_unchanged_target_current_disposition_preserved
ALGEBRA-042,p01,algebra.tex,algebra.tex:3293-3297,FA8BB92E58A4F78A2BD01B3B6A4A87DE0A0D279F5DD90641B574DD5FBFFFA4F3,"After writing $U=\bigcup_{i=1}^nD(f_i)$ and $V=\bigcup_{j=1}^mD(g_j)$, the proof writes `$U\cap V=\bigcup D(f_ig_j)$` without any union indices.","The displayed union is not bound and therefore does not state which of the finitely many pairwise intersections are taken; quasi-compactness uses all $1\le i\le n$ and $1\le j\le m$.","Write `$U\cap V=\bigcup_{1\le i\le n,\ 1\le j\le m}D(f_ig_j)$` (or an equivalent doubly indexed finite union).",provisionally_accepted_as_MC-STK-ERR-0439_R6_proof_intake_2026-08-23_unmaterialized_authority_unchanged_target_current_disposition_preserved
ALGEBRA-043,p01,algebra.tex,algebra.tex:21138-21156,FA8BB92E58A4F78A2BD01B3B6A4A87DE0A0D279F5DD90641B574DD5FBFFFA4F3,"The tensor-product proof first writes $M\otimes_RN=\colim M_i\otimes_RM_j$ and later types the second auxiliary map as $b:M_{j''}\to M_{j'}$.","The same paragraph defines $N=\colim_jN_j$, transition maps $g_{jj'}:N_j\to N_{j'}$, and then uses $a\otimes b:M_{i''}\otimes_RN_{j''}\to M_{i'}\otimes_RN_{j'}$; both second factors must belong to the $N$-system.","In line 21145 replace the final $M_j$ by $N_j$; in line 21151 replace both $M_{j''}$ and $M_{j'}$ in the type of $b$ by $N_{j''}$ and $N_{j'}$.",provisionally_accepted_as_MC-STK-ERR-0440_R6_proof_intake_2026-08-23_unmaterialized_authority_unchanged_target_current_disposition_preserved
ALGEBRA-044,p01,algebra.tex,algebra.tex:3380-3396,FA8BB92E58A4F78A2BD01B3B6A4A87DE0A0D279F5DD90641B574DD5FBFFFA4F3,"The proof reads `The equivalence (1) and (2) is tautological.`","The noun `equivalence` requires `of` before the paired assertions, as the immediately preceding sentence correctly says `the equivalence of (1) and (3)`.","Insert `of`: `The equivalence of (1) and (2) is tautological.`",provisionally_accepted_as_MC-STK-ERR-0441_R6_proof_intake_2026-08-23_unmaterialized_authority_unchanged_target_current_disposition_preserved
ALGEBRA-045,p01,algebra.tex,algebra.tex:3527-3537,FA8BB92E58A4F78A2BD01B3B6A4A87DE0A0D279F5DD90641B574DD5FBFFFA4F3,"After displaying $F_{\overline{\mathfrak q}}\cong S_\mathfrak q\otimes_{R_\mathfrak p}\kappa(\mathfrak p)$, the remark says one ring map `is ... isomorphic to` the localization map $F\to F_{\overline{\mathfrak q}}$.","The displayed codomain isomorphism identifies the two maps; without specifying an arrow-category isomorphism, saying that a map itself is isomorphic to another is imprecise.","Write `which, under the displayed isomorphism, identifies with $F\to F_{\overline{\mathfrak q}}$`.",provisionally_accepted_as_MC-STK-ERR-0442_R6_proof_intake_2026-08-23_unmaterialized_authority_unchanged_target_current_disposition_preserved
ALGEBRA-046,p01,algebra.tex,algebra.tex:36369-36375,FA8BB92E58A4F78A2BD01B3B6A4A87DE0A0D279F5DD90641B574DD5FBFFFA4F3,"The fibre ideal is defined as $\overline J=J/\mathfrak m_R\cap J\subset\overline S$.","Since $\overline S=S/\mathfrak m_RS$ and $\overline B=\overline S/\overline J$, the image of $J$ in $\overline S$ is $J/(\mathfrak m_RS\cap J)$; the source omits the factor $S$ and denominator parentheses.","Replace $J/\mathfrak m_R\cap J$ by $J/(\mathfrak m_RS\cap J)$.",provisionally_accepted_as_MC-STK-ERR-0443_R6_proof_intake_2026-08-23_unmaterialized_authority_unchanged_target_current_disposition_preserved
ALGEBRA-047,p01,algebra.tex,algebra.tex:36389-36396,FA8BB92E58A4F78A2BD01B3B6A4A87DE0A0D279F5DD90641B574DD5FBFFFA4F3,"Two occurrences read $S/(f_1,\ldots,f_{\overline c})+IS$, formally adding an ideal to a quotient ring.","The intended ring must be the quotient by the sum of ideals, as confirmed by the surjection to $B$ and the conclusion $J=(f_1,\ldots,f_{\overline c})+IS$.","Parenthesize the full denominator in both occurrences: $S/((f_1,\ldots,f_{\overline c})+IS)$.",provisionally_accepted_as_MC-STK-ERR-0444_R6_proof_intake_2026-08-23_unmaterialized_authority_unchanged_target_current_disposition_preserved
ALGEBRA-048,p01,algebra.tex,algebra.tex:37000-37010,FA8BB92E58A4F78A2BD01B3B6A4A87DE0A0D279F5DD90641B574DD5FBFFFA4F3,"For syntomic $S\to S'$, the proof places $\mathfrak q'$ in $S$ and localizes $S$ at products involving $g'\in S'$.","The prime $\mathfrak q'$ lies over $\mathfrak q\subset S$ and is subsequently treated as a prime of $S'$; since $g'\in S'$, the rings localized at $gg'$ must be localizations of $S'$.","Replace $\mathfrak q'\subset S$ by $\mathfrak q'\subset S'$ and each $S_{gg'}$ in lines 37008-37010 by $S'_{gg'}$.",provisionally_accepted_as_MC-STK-ERR-0445_R6_proof_intake_2026-08-23_unmaterialized_authority_unchanged_target_current_disposition_preserved
ALGEBRA-049,p01,algebra.tex,algebra.tex:37021-37037 and 37760-37775,FA8BB92E58A4F78A2BD01B3B6A4A87DE0A0D279F5DD90641B574DD5FBFFFA4F3,"The syntomic and smooth lifting lemmas each introduce only elements $\overline g_i\in\overline S$ but write the localization $\overline S_{g_i}$ in both statement and proof (four occurrences total).","No unbarred $g_i$ is defined in either lemma; every localization is by the introduced image element $\overline g_i$.","Replace all four occurrences of $\overline S_{g_i}$ at lines 37027, 37036, 37766 and 37774 by $\overline S_{\overline g_i}$.",provisionally_accepted_as_MC-STK-ERR-0446_R6_proof_intake_2026-08-23_unmaterialized_authority_unchanged_target_current_disposition_preserved
ALGEBRA-050,p01,algebra.tex,algebra.tex:3679-3683,FA8BB92E58A4F78A2BD01B3B6A4A87DE0A0D279F5DD90641B574DD5FBFFFA4F3,"The proof says an element of $1+\operatorname{rad}(R)$ `is invertible element of $R$`.","The singular count noun requires an indefinite article.","Insert `an`: `is an invertible element of $R$`.",provisionally_accepted_as_MC-STK-ERR-0447_R6_proof_intake_2026-08-23_unmaterialized_authority_unchanged_target_current_disposition_preserved
ALGEBRA-051,p01,algebra.tex,algebra.tex:3718-3725,FA8BB92E58A4F78A2BD01B3B6A4A87DE0A0D279F5DD90641B574DD5FBFFFA4F3,"The sentence reads `$x_1,\ldots,x_r$ generates $M_{st}$`.","The coordinated list is a plural subject.","Replace `generates` by `generate`.",provisionally_accepted_as_MC-STK-ERR-0448_R6_proof_intake_2026-08-23_unmaterialized_authority_unchanged_target_current_disposition_preserved
ALGEBRA-052,p01,algebra.tex,algebra.tex:37934-37945; 38017-38025; 38131-38140,FA8BB92E58A4F78A2BD01B3B6A4A87DE0A0D279F5DD90641B574DD5FBFFFA4F3,"Three formulas use $\Omega_{P/R}\otimes_RS$ although $\Omega_{P/R}$ is a $P$-module being extended along $P\to S$.","The exact sequence at 37934 and the adjacent equalities at 38021-38025 use $\Omega_{P/R}\otimes_PS$; at 38138-38139 the claimed equality with $\bigoplus S\,\mathrm dx_t$ also requires tensoring over $P$.","Replace the tensor subscript $R$ by $P$ at lines 37945, 38020 and 38138.",provisionally_accepted_as_MC-STK-ERR-0449_R6_proof_intake_2026-08-23_unmaterialized_authority_unchanged_target_current_disposition_preserved
ALGEBRA-053,p01,algebra.tex,algebra.tex:37946-37962,FA8BB92E58A4F78A2BD01B3B6A4A87DE0A0D279F5DD90641B574DD5FBFFFA4F3,"The Leibniz identity is written $\sigma(\lambda\,\mathrm d\mu+\mu\,\mathrm d\lambda-\mathrm d\lambda\,\mu)=0$.","As typeset, the second and third terms cancel in a commutative module, leaving $\lambda\,\mathrm d\mu$; the following calculation uses the differential of the product $\lambda\mu$.","Replace the final $\mathrm d\lambda\,\mu$ by $\mathrm d(\lambda\mu)$.",provisionally_accepted_as_MC-STK-ERR-0450_R6_proof_intake_2026-08-23_unmaterialized_authority_unchanged_target_current_disposition_preserved
ALGEBRA-054,p01,algebra.tex,algebra.tex:21748-21760,FA8BB92E58A4F78A2BD01B3B6A4A87DE0A0D279F5DD90641B574DD5FBFFFA4F3,"To prove the inverse image $E'$ finite from $0\to\operatorname{Im}(\varphi)\to E'\to E\to0$, the proof cites finiteness of $\operatorname{Ker}(\varphi)$.","The extension lemma at this step applies to the left term $\operatorname{Im}(\varphi)$, whose finiteness was established at line 21749; the kernel belongs to a different exact sequence.","Replace $\operatorname{Ker}(\varphi)$ in line 21757 by $\operatorname{Im}(\varphi)$.",provisionally_accepted_as_MC-STK-ERR-0451_R6_proof_intake_2026-08-23_unmaterialized_authority_unchanged_target_current_disposition_preserved
ALGEBRA-055,p01,algebra.tex,algebra.tex:21930-21946,FA8BB92E58A4F78A2BD01B3B6A4A87DE0A0D279F5DD90641B574DD5FBFFFA4F3,"Three colimits are indexed by $j\in J$, but the directed system in this proof is indexed by $I$ and no $J$ is defined.","The surrounding quantifiers use $j\ge i$ with $i,j\in I$, and the modules are the same $M_j$ system.","Replace $J$ by $I$ in line 21937 and both occurrences in line 21944.",provisionally_accepted_as_MC-STK-ERR-0452_R6_proof_intake_2026-08-23_unmaterialized_authority_unchanged_target_current_disposition_preserved
ALGEBRA-056,p01,algebra.tex,algebra.tex:22062-22071,FA8BB92E58A4F78A2BD01B3B6A4A87DE0A0D279F5DD90641B574DD5FBFFFA4F3,"The sentence reads `Since $I'_1$ is a countable, we can enlarge it ...`.","The adjective `countable` lacks its head noun.","Insert `set`: `Since $I'_1$ is a countable set, ...`.",provisionally_accepted_as_MC-STK-ERR-0453_R6_proof_intake_2026-08-23_unmaterialized_authority_unchanged_target_current_disposition_preserved
ALGEBRA-057,p01,algebra.tex,algebra.tex:22062-22075,FA8BB92E58A4F78A2BD01B3B6A4A87DE0A0D279F5DD90641B574DD5FBFFFA4F3,"The summary says witnesses $j$ are added when $\ell$ is odd and directed closure is taken when $\ell$ is even.","The explicit construction adds witnesses to $I'_0$ to form $I'_1$, then takes directed closure of $I'_1$ to form $I'_2$, so the stated parity conditions are reversed.","Use `even` for the witness-adding step and `odd` for the directed-enlargement step.",provisionally_accepted_as_MC-STK-ERR-0454_R6_proof_intake_2026-08-23_unmaterialized_authority_unchanged_target_current_disposition_preserved
ALGEBRA-058,p01,algebra.tex,algebra.tex:22482-22497,FA8BB92E58A4F78A2BD01B3B6A4A87DE0A0D279F5DD90641B574DD5FBFFFA4F3,"For $P\subset M/M_\alpha$, the proof identifies $P\otimes_RS$ with the image of a displayed map to $M\otimes_RS$.","There is no canonical map from this quotient submodule to $M$; flatness embeds $P\otimes_RS$ into $(M/M_\alpha)\otimes_RS$, which is the ambient direct sum used by the adapted-submodule lemma.","Replace the target of the image map by $(M/M_\alpha)\otimes_RS$.",provisionally_accepted_as_MC-STK-ERR-0455_R6_proof_intake_2026-08-23_unmaterialized_authority_unchanged_target_current_disposition_preserved
ALGEBRA-059,p01,algebra.tex,algebra.tex:22503-22512,FA8BB92E58A4F78A2BD01B3B6A4A87DE0A0D279F5DD90641B574DD5FBFFFA4F3,"The proof introduces a `large enough ordinal $S$`, reusing $S$ which already denotes the faithfully flat target ring throughout the theorem.","The collision makes $\alpha\in S$ and the direct-sum index ambiguous between ordinal membership and ring membership.","Use a fresh ordinal such as $\gamma$ consistently in lines 22508-22512.",provisionally_accepted_as_MC-STK-ERR-0456_R6_proof_intake_2026-08-23_unmaterialized_authority_unchanged_target_current_disposition_preserved
ALGEBRA-060,p01,algebra.tex,algebra.tex:3895-3905,FA8BB92E58A4F78A2BD01B3B6A4A87DE0A0D279F5DD90641B574DD5FBFFFA4F3,"The proof states universally that `An idempotent is not nilpotent`.","The zero element is both idempotent and nilpotent; the preceding sentence establishes that at least one of the two idempotents under consideration is nonzero, which is the needed hypothesis.","Replace by `A nonzero idempotent is not nilpotent`.",provisionally_accepted_as_MC-STK-ERR-0457_R6_proof_intake_2026-08-23_unmaterialized_authority_unchanged_target_current_disposition_preserved
ALGEBRA-061,p01,algebra.tex,algebra.tex:4017-4022,FA8BB92E58A4F78A2BD01B3B6A4A87DE0A0D279F5DD90641B574DD5FBFFFA4F3,"The proof reads `we have see that the hypotheses ... are satisfied`.","The perfect auxiliary `have` requires `seen`, while the simple present requires omitting `have`.","Replace by `we see that` (or `we have seen that`).",provisionally_accepted_as_MC-STK-ERR-0458_R6_proof_intake_2026-08-23_unmaterialized_authority_unchanged_target_current_disposition_preserved
ALGEBRA-062,p01,algebra.tex,algebra.tex:38564-38575,FA8BB92E58A4F78A2BD01B3B6A4A87DE0A0D279F5DD90641B574DD5FBFFFA4F3,"After introducing maximal ideals $\mathfrak m'\subset S'$ and $\mathfrak m\subset S$, the proof writes $\dim(S_{\mathfrak m'})\ge d$.","The prime $\mathfrak m'$ belongs to $S'$, and the preceding and following sentences concern the surjection $S'_{\mathfrak m'}\to S_{\mathfrak m}$ and regularity of $S'_{\mathfrak m'}$.","Replace $S_{\mathfrak m'}$ in line 38572 by $S'_{\mathfrak m'}$.",provisionally_accepted_as_MC-STK-ERR-0459_R6_proof_intake_2026-08-23_unmaterialized_authority_unchanged_target_current_disposition_preserved
ALGEBRA-063,p01,algebra.tex,algebra.tex:38580-38586,FA8BB92E58A4F78A2BD01B3B6A4A87DE0A0D279F5DD90641B574DD5FBFFFA4F3,"The proof chooses $g'\in S'$ but then states $g\notin\mathfrak m'$.","No new unprimed $g$ is introduced in this sentence; the principal localization element is $g'$ and must avoid $\mathfrak m'$.","Replace $g\notin\mathfrak m'$ by $g'\notin\mathfrak m'$.",provisionally_accepted_as_MC-STK-ERR-0460_R6_proof_intake_2026-08-23_unmaterialized_authority_unchanged_target_current_disposition_preserved
ALGEBRA-064,p01,algebra.tex,algebra.tex:38898-38907,FA8BB92E58A4F78A2BD01B3B6A4A87DE0A0D279F5DD90641B574DD5FBFFFA4F3,"The sentence reads `$S\otimes_RK$ is a geometrically reduced over $K$`.","The predicate adjective phrase does not take the indefinite article.","Delete `a`: `$S\otimes_RK$ is geometrically reduced over $K$`.",provisionally_accepted_as_MC-STK-ERR-0461_R6_proof_intake_2026-08-23_unmaterialized_authority_unchanged_target_current_disposition_preserved
ALGEBRA-065,p01,algebra.tex,algebra.tex:4353-4356,FA8BB92E58A4F78A2BD01B3B6A4A87DE0A0D279F5DD90641B574DD5FBFFFA4F3,"The list is typeset `$f_1,f_2,\ldots f_n\in R$`, omitting the separator after the ellipsis.","The intended finite list has $f_n$ as a distinct final item and standard mathematical typography also separates the membership relation.","Write `$f_1,f_2,\ldots,f_n\in R$` (with the project's conventional spaces).",provisionally_accepted_as_MC-STK-ERR-0462_R6_proof_intake_2026-08-23_unmaterialized_authority_unchanged_target_current_disposition_preserved
ALGEBRA-066,p01,algebra.tex,algebra.tex:38869-38883,FA8BB92E58A4F78A2BD01B3B6A4A87DE0A0D279F5DD90641B574DD5FBFFFA4F3,"The characteristic-$p$ example uses $\alpha$ in both the defining equation and prime ideal without introducing or constraining it.","For $\mathfrak q=(y,x^p+\alpha)$ to supply the stated nonsmooth regular example, $x^p+\alpha$ must define the intended purely inseparable field extension; this requires a specified $\alpha\in\mathbf F_p(t)$ that is not a $p$th power (for example $\alpha=t$).","Replace both unbound $\alpha$ tokens by the explicit element $t$, so the defining equation and prime ideal both use $x^p+t$.",provisionally_accepted_as_MC-STK-ERR-0463_R6_proof_intake_2026-08-23_unmaterialized_authority_unchanged_target_current_disposition_preserved
ALGEBRA-067,p01,algebra.tex,algebra.tex:4550-4556,FA8BB92E58A4F78A2BD01B3B6A4A87DE0A0D279F5DD90641B574DD5FBFFFA4F3,"After stating $\mathfrak pR_{\mathfrak p}=0$, the proof says `hence it is a field`.","The grammatical antecedent of `it` is the zero ideal, whereas the intended conclusion is that the local ring $R_{\mathfrak p}$ is a field.","Replace by `hence $R_{\mathfrak p}$ is a field`.",provisionally_accepted_as_MC-STK-ERR-0464_R6_proof_intake_2026-08-23_unmaterialized_authority_unchanged_target_current_disposition_preserved
ALGEBRA-068,p01,algebra.tex,algebra.tex:4622-4626,FA8BB92E58A4F78A2BD01B3B6A4A87DE0A0D279F5DD90641B574DD5FBFFFA4F3,"The proof says a nonzerodivisor `is contained in $R\setminus\mathfrak q_i$`.","An element belongs to a set; containment is a relation between subsets.","Replace `is contained in` by `lies in` (or `belongs to`).",provisionally_accepted_as_MC-STK-ERR-0465_R6_proof_intake_2026-08-23_unmaterialized_authority_unchanged_target_current_disposition_preserved
ALGEBRA-069,p01,algebra.tex,algebra.tex:38998-39013,FA8BB92E58A4F78A2BD01B3B6A4A87DE0A0D279F5DD90641B574DD5FBFFFA4F3,"The displayed identification ends with $\bigoplus_{j=1}^mS\,\mathrm dx_j$.","The polynomial presentation has variables $x_1,\ldots,x_n$, and the same cotangent complex is displayed with $\bigoplus_{j=1}^nS\,\mathrm dx_j$ at line 39002; $m$ counts equations, not variables.","Replace the upper bound $m$ at line 39012 by $n$.",provisionally_accepted_as_MC-STK-ERR-0466_R6_proof_intake_2026-08-23_unmaterialized_authority_unchanged_target_current_disposition_preserved
ALGEBRA-070,p01,algebra.tex,algebra.tex:39102-39110,FA8BB92E58A4F78A2BD01B3B6A4A87DE0A0D279F5DD90641B574DD5FBFFFA4F3,"The parenthetical sentence says `these tensor product are ...`.","The demonstrative and verb are plural, so the head noun must also be plural.","Replace `tensor product` by `tensor products`.",provisionally_accepted_as_MC-STK-ERR-0467_R6_proof_intake_2026-08-23_unmaterialized_authority_unchanged_target_current_disposition_preserved
ALGEBRA-071,p01,algebra.tex,algebra.tex:4758-4773,FA8BB92E58A4F78A2BD01B3B6A4A87DE0A0D279F5DD90641B574DD5FBFFFA4F3,"An equivalence lemma ends its enumerated assertions with the unresolved editorial placeholder `add more here`.","The placeholder is asserted as condition (9) but is not a mathematical proposition, so the published equivalence statement is formally incomplete and the proof discusses only conditions (1) through (8).","Delete the placeholder ninth item, and replace condition (8)'s dangling comma plus `and` by a period; the proof uses exactly conditions (1) through (8).",provisionally_accepted_as_MC-STK-ERR-0468_R6_proof_intake_2026-08-23_unmaterialized_authority_unchanged_target_current_disposition_preserved
ALGEBRA-072,p01,algebra.tex,algebra.tex:39186-39195,FA8BB92E58A4F78A2BD01B3B6A4A87DE0A0D279F5DD90641B574DD5FBFFFA4F3,"The dimension formula at line 39193 uses $\kappa(m)$, although the maximal ideal in the statement is $\mathfrak m$.","The same item uses $S_{\mathfrak m}$ immediately before and $\kappa(\mathfrak m)$ on the right-hand side of the same equality; plain $m$ is not the quantified maximal ideal.","Replace $\dim_{\kappa(m)}$ by $\dim_{\kappa(\mathfrak m)}$.",provisionally_accepted_as_MC-STK-ERR-0469_R6_proof_intake_2026-08-23_unmaterialized_authority_unchanged_target_current_disposition_preserved
ALGEBRA-073,p01,algebra.tex,algebra.tex:39434-39444,FA8BB92E58A4F78A2BD01B3B6A4A87DE0A0D279F5DD90641B574DD5FBFFFA4F3,"The first enumerated conclusion reads `we have $\mathfrak pS_{\mathfrak q}=\mathfrak qS_{\mathfrak q}$ is the maximal ideal`.","The construction combines `we have A` with `A is B`, producing an ungrammatical double predicate; the equality itself is the subject of `is the maximal ideal`.","Remove `we have`, so the item begins `$\mathfrak pS_{\mathfrak q}=\mathfrak qS_{\mathfrak q}$ is the maximal ideal ...`.",provisionally_accepted_as_MC-STK-ERR-0470_R6_proof_intake_2026-08-23_unmaterialized_authority_unchanged_target_current_disposition_preserved
ALGEBRA-074,p01,algebra.tex,algebra.tex:39460-39466,FA8BB92E58A4F78A2BD01B3B6A4A87DE0A0D279F5DD90641B574DD5FBFFFA4F3,"The proof says the fibre ring is `a finite products of fields finite separable over $\kappa(\mathfrak p)$`.","The article is singular while `products` is plural; the intended standard statement is that an étale algebra of finite type over a field is a finite product of finite separable field extensions.","Use `a finite product of fields finite separable over $\kappa(\mathfrak p)$` (or the equivalent standard phrasing `a finite product of finite separable extensions of $\kappa(\mathfrak p)$`).",provisionally_accepted_as_MC-STK-ERR-0471_R6_proof_intake_2026-08-23_unmaterialized_authority_unchanged_target_current_disposition_preserved
ALGEBRA-075,p01,algebra.tex,algebra.tex:39488-39501,FA8BB92E58A4F78A2BD01B3B6A4A87DE0A0D279F5DD90641B574DD5FBFFFA4F3,"The sentence reads `Replace $S$ by $S_g$ again we may assume that $R\to S$ is smooth`.","Two clauses are run together without punctuation or subordination; the preceding sentence has produced the second localization used here.","Use `Replacing $S$ by $S_g$ again, we may assume that $R\to S$ is smooth.`",provisionally_accepted_as_MC-STK-ERR-0472_R6_proof_intake_2026-08-23_unmaterialized_authority_unchanged_target_current_disposition_preserved
ALGEBRA-076,p01,algebra.tex,algebra.tex:39533-39538,FA8BB92E58A4F78A2BD01B3B6A4A87DE0A0D279F5DD90641B574DD5FBFFFA4F3,"The lemma says `there exist an idempotent $e\in R$`.","The subject `an idempotent` is singular.","Replace `there exist` by `there exists`.",provisionally_accepted_as_MC-STK-ERR-0473_R6_proof_intake_2026-08-23_unmaterialized_authority_unchanged_target_current_disposition_preserved
ALGEBRA-077,p01,algebra.tex,algebra.tex:39684-39747,FA8BB92E58A4F78A2BD01B3B6A4A87DE0A0D279F5DD90641B574DD5FBFFFA4F3,"After defining $\Delta=\operatorname{Res}_x(g,h)$ and localizing at $\Delta$, the proof says `$\operatorname{Res}_x(f,g)$ is invertible`.","The constructed factorization is $f=gh$, so $f$ and a positive-degree $g$ have the common factor $g$ and $\operatorname{Res}_x(f,g)=0$; conversely $\operatorname{Res}_x(g,h)=\Delta$ is precisely the element inverted, and its invertibility gives the Bézout relation used in the next line.","Replace `$\operatorname{Res}_x(f,g)$` by `$\operatorname{Res}_x(g,h)$`.",provisionally_accepted_as_MC-STK-ERR-0474_R6_proof_intake_2026-08-23_unmaterialized_authority_unchanged_target_current_disposition_preserved
ALGEBRA-078,p01,algebra.tex,algebra.tex:4868-4886,FA8BB92E58A4F78A2BD01B3B6A4A87DE0A0D279F5DD90641B574DD5FBFFFA4F3,"In the case $\phi^{-1}(\mathfrak p)=(0)$, the classification says $\mathfrak p$ must be generated by nonconstant polynomials and concludes it is generated by one irreducible polynomial.","The zero prime $\mathfrak p=(0)$ also contracts to $(0)$ in $\mathbf Z$ but is not generated by a nonconstant irreducible; the proof applies only after assuming $\mathfrak p\ne(0)$.","Split off `$\mathfrak p=(0)$`; if $\mathfrak p\ne(0)$, then continue with a nonconstant irreducible generator.",provisionally_accepted_as_MC-STK-ERR-0475_R6_proof_intake_2026-08-23_unmaterialized_authority_unchanged_target_current_disposition_preserved
ALGEBRA-079,p01,algebra.tex,algebra.tex:4899-4904,FA8BB92E58A4F78A2BD01B3B6A4A87DE0A0D279F5DD90641B574DD5FBFFFA4F3,"After applying the Euclidean algorithm in $k(x)[y]$ and clearing denominators, the proof states `$p=af+bg$ for $p,a,b\in k[x]$`.","Clearing denominators makes the scalar $p$ lie in $k[x]$, but the Bézout coefficients retain their $y$-dependence and generally lie in $k[x,y]$.","State `$0\ne p\in k[x]$ and $a,b\in k[x,y]$`.",provisionally_accepted_as_MC-STK-ERR-0476_R6_proof_intake_2026-08-23_unmaterialized_authority_unchanged_target_current_disposition_preserved
ALGEBRA-080,p01,algebra.tex,algebra.tex:4905-4910,FA8BB92E58A4F78A2BD01B3B6A4A87DE0A0D279F5DD90641B574DD5FBFFFA4F3,"Gauss's lemma is used to choose $a,b\in k(x)$ with `$ah\mid f$ and $bh\mid g$ for $ah,bh\in k[x]$`.","Here $h\in k(x)[y]$ is a nonunit with positive $y$-degree, so scalar multiples $ah,bh$ cannot lie in $k[x]$; the intended primitive representatives lie in $k[x,y]$.","Replace `$ah,bh\in k[x]$` by `$ah,bh\in k[x,y]$`.",provisionally_accepted_as_MC-STK-ERR-0477_R6_proof_intake_2026-08-23_unmaterialized_authority_unchanged_target_current_disposition_preserved
ALGEBRA-081,p01,algebra.tex,algebra.tex:4952-4959,FA8BB92E58A4F78A2BD01B3B6A4A87DE0A0D279F5DD90641B574DD5FBFFFA4F3,"After defining $f(z)=A(z)g(z)+a$ and assuming $\deg(g)<2$, the proof writes `$h(z)=c_1z+c_0$`.","The polynomial whose degree is bounded and which is immediately substituted into the formula for $f$ is $g$, while $h$ is introduced only in the following higher-degree case.","Replace `$h(z)=c_1z+c_0$` by `$g(z)=c_1z+c_0$`.",provisionally_accepted_as_MC-STK-ERR-0478_R6_proof_intake_2026-08-23_unmaterialized_authority_unchanged_target_current_disposition_preserved
ALGEBRA-082,p01,algebra.tex,algebra.tex:4956-4963,FA8BB92E58A4F78A2BD01B3B6A4A87DE0A0D279F5DD90641B574DD5FBFFFA4F3,"The higher-degree expansion ends `$f(z)=A(z)^2h(z)+b_1B(z)+b_0A(z)$`.","The preceding identity is $f(z)=A(z)g(z)+a$ and division gives $g(z)=A(z)h(z)+b_1z+b_0$; substitution therefore retains the constant summand $+a$.","Append `$+a$` to the displayed expansion of $f(z)$.",provisionally_accepted_as_MC-STK-ERR-0479_R6_proof_intake_2026-08-23_unmaterialized_authority_unchanged_target_current_disposition_preserved
ALGEBRA-083,p01,algebra.tex,algebra.tex:4981-4987,FA8BB92E58A4F78A2BD01B3B6A4A87DE0A0D279F5DD90641B574DD5FBFFFA4F3,"The sentence introduces `for a ring T` with the mathematical symbol $T$ outside math mode.","The immediately following occurrences use `$S\subset T$`, `$S^{-1}T$`, and `$\operatorname{Spec}(T)$`; the bare letter is an accidental TeX-mode omission.","Replace bare `T` by `$T$`.",provisionally_accepted_as_MC-STK-ERR-0480_R6_proof_intake_2026-08-23_unmaterialized_authority_unchanged_target_current_disposition_preserved
ALGEBRA-084,p01,algebra.tex,algebra.tex:4989-4993,FA8BB92E58A4F78A2BD01B3B6A4A87DE0A0D279F5DD90641B574DD5FBFFFA4F3,"The distinguished open is written `$D(f)\subset T$`.","By the preceding localization lemma and by definition, $D(f)$ is a subset of the prime spectrum, not a subset of the ring's elements.","Replace `$D(f)\subset T$` by `$D(f)\subset\operatorname{Spec}(T)$`.",provisionally_accepted_as_MC-STK-ERR-0481_R6_proof_intake_2026-08-23_unmaterialized_authority_unchanged_target_current_disposition_preserved
ALGEBRA-085,p01,algebra.tex,algebra.tex:5042-5050,FA8BB92E58A4F78A2BD01B3B6A4A87DE0A0D279F5DD90641B574DD5FBFFFA4F3,"The second covering generator changes from `$(z^2+z+2a-2)(z-a)$` at lines 5043–5045 to `$(z^2+z+2a-a)(z-a)$` at line 5049.","The latter simplifies to $(z^2+z+a)(z-a)$ and is not the distinguished-open function whose complement and root at $1-a$ are analyzed in the surrounding argument.","Replace `$2a-a$` by `$2a-2$` at line 5049.",provisionally_accepted_as_MC-STK-ERR-0482_R6_proof_intake_2026-08-23_unmaterialized_authority_unchanged_target_current_disposition_preserved
ALGEBRA-086,p01,algebra.tex,algebra.tex:5057-5067,FA8BB92E58A4F78A2BD01B3B6A4A87DE0A0D279F5DD90641B574DD5FBFFFA4F3,"The ring $\mathbf Q[z,1/(z-a)]$ is called the localization of $\mathbf Q[z]$ `at the maximal ideal $(z-a)$`.","Adjoining $1/(z-a)$ localizes at the multiplicative set of powers of the element $z-a$; localization at the prime/maximal ideal $(z-a)$ instead inverts every element outside that ideal and does not invert $z-a$.","Say `the localization ... at the element $z-a$` (or `with respect to its powers`), and qualify the later claim as `Any proper localization`.",provisionally_accepted_as_MC-STK-ERR-0483_R6_proof_intake_2026-08-23_unmaterialized_authority_unchanged_target_current_disposition_preserved
ALGEBRA-087,p01,algebra.tex,algebra.tex:5063-5082,FA8BB92E58A4F78A2BD01B3B6A4A87DE0A0D279F5DD90641B574DD5FBFFFA4F3,"After describing units as $c(z-a)^n$, the final paragraph abruptly uses unbound exponents $k,\ell$ in `$(z-a)^{k+\ell}$` and says `for $k=\ell=0$`.","No $k$ or $\ell$ is introduced in the example; the immediately preceding argument uses the single exponent $n$, and the exceptional parity statement at $a=1/2$ applies to that exponent.","Use the already defined exponent and the correct membership target: `$(z-a)^n$ can belong to $R_a$ only for $n=0$`; in the exceptional case say it belongs to $R_a$ whenever $n$ is even.",provisionally_accepted_as_MC-STK-ERR-0484_R6_proof_intake_2026-08-23_unmaterialized_authority_unchanged_target_current_disposition_preserved
ALGEBRA-088,p01,algebra.tex,algebra.tex:23670-23691,FA8BB92E58A4F78A2BD01B3B6A4A87DE0A0D279F5DD90641B574DD5FBFFFA4F3,"The final tensor product in the exact sequence is written `$N\otimes_{R/}M/IM$`.","Every module in the paragraph is annihilated by $I$; the immediately preceding identity is `$N\otimes_RM=N\otimes_{R/I}M/IM$`, and the other two terms in this exact sequence are tensor products over $R/I$.","Replace the incomplete base `$R/$` by `$R/I$`.",provisionally_accepted_as_MC-STK-ERR-0485_R6_proof_intake_2026-08-23_unmaterialized_authority_unchanged_target_current_disposition_preserved
ALGEBRA-089,p01,algebra.tex,algebra.tex:23900-23918,FA8BB92E58A4F78A2BD01B3B6A4A87DE0A0D279F5DD90641B574DD5FBFFFA4F3,"The proof says the displayed map of chain complexes induces a surjection `on cohomology`.","The complexes run $F_2\to F_1\to F_0$ and are explicitly used to compute $\operatorname{Tor}_1$, which is their first homology; no cochain grading or cohomology is involved.","Replace `cohomology` by `homology`.",provisionally_accepted_as_MC-STK-ERR-0486_R6_proof_intake_2026-08-23_unmaterialized_authority_unchanged_target_current_disposition_preserved
ALGEBRA-090,p01,algebra.tex,algebra.tex:24218-24235,FA8BB92E58A4F78A2BD01B3B6A4A87DE0A0D279F5DD90641B574DD5FBFFFA4F3,"The faithfully flat descent argument says `If $I\otimes_RM\to M$ has a kernel, so does` its faithfully flat base change.","Every homomorphism has a kernel; the contradiction with the injectivity proved at lines 24228–24235 requires the original map to have a nonzero kernel, which faithful flatness then preserves as nonzero.","Insert `nonzero`: `If ... has a nonzero kernel, so does ...`.",provisionally_accepted_as_MC-STK-ERR-0487_R6_proof_intake_2026-08-23_unmaterialized_authority_unchanged_target_current_disposition_preserved
ALGEBRA-091,p01,algebra.tex,algebra.tex:24494-24500,FA8BB92E58A4F78A2BD01B3B6A4A87DE0A0D279F5DD90641B574DD5FBFFFA4F3,"After writing $R=\prod R_i$, the proof says this induces similar product decompositions for both `$R$ and $S$`.","The decomposition of $R$ is already the one just stated; its idempotents induce the decompositions of the two remaining objects in the lemma, the $R$-module $M$ and the $R$-algebra $S$, which are needed to reduce the assertion to local factors.","Replace `both $R$ and $S$` by `both $M$ and $S$`.",provisionally_accepted_as_MC-STK-ERR-0488_R6_proof_intake_2026-08-23_unmaterialized_authority_unchanged_target_current_disposition_preserved
ALGEBRA-092,p01,algebra.tex,algebra.tex:24501-24510,FA8BB92E58A4F78A2BD01B3B6A4A87DE0A0D279F5DD90641B574DD5FBFFFA4F3,"The proof introduces an index set $A$ and says `$x_\alpha\in A$` before taking the images of these elements in $M/\mathfrak mM$.","Here $A$ is the set indexing the family; $x_\alpha$ must be elements of the module $M$ for their residue classes to form a basis and for Nakayama's lemma to apply.","Replace `$x_\alpha\in A$` by `$x_\alpha\in M$` (indexed by $\alpha\in A$).",provisionally_accepted_as_MC-STK-ERR-0489_R6_proof_intake_2026-08-23_unmaterialized_authority_unchanged_target_current_disposition_preserved
ALGEBRA-093,p01,algebra.tex,algebra.tex:24548-24562,FA8BB92E58A4F78A2BD01B3B6A4A87DE0A0D279F5DD90641B574DD5FBFFFA4F3,"From injectivity of $IS\otimes_SM\to M$, the proof concludes `$\operatorname{Tor}_1^S(IS,M)=0$`.","The exact sequence $0\to IS\to S\to S/IS\to0$ identifies the kernel of $IS\otimes_SM\to M$ with $\operatorname{Tor}_1^S(S/IS,M)$; this is also the quotient-module vanishing required by the cited flatness criterion. The displayed first argument $IS$ is wrong.","Replace `$\operatorname{Tor}_1^S(IS,M)$` by `$\operatorname{Tor}_1^S(S/IS,M)$`.",provisionally_accepted_as_MC-STK-ERR-0490_R6_proof_intake_2026-08-23_unmaterialized_authority_unchanged_target_current_disposition_preserved
ALGEBRA-094,p01,algebra.tex,algebra.tex:5275-5285,FA8BB92E58A4F78A2BD01B3B6A4A87DE0A0D279F5DD90641B574DD5FBFFFA4F3,"The proof says `a chain ... of ideals that not principal`.","The relative clause lacks its finite verb; its subject is the plural noun `ideals`.","Insert `are`: `ideals that are not principal`.",provisionally_accepted_as_MC-STK-ERR-0491_R6_proof_intake_2026-08-23_unmaterialized_authority_unchanged_target_current_disposition_preserved
ALGEBRA-095,p01,algebra.tex,algebra.tex:5329-5338,FA8BB92E58A4F78A2BD01B3B6A4A87DE0A0D279F5DD90641B574DD5FBFFFA4F3,"The example says closed subsets correspond to `radical ideas of $R$`.","The cited Zariski-topology lemma and the remainder of the same sentence concern radical ideals; `ideas` is a typographical substitution.","Replace `ideas` by `ideals`.",provisionally_accepted_as_MC-STK-ERR-0492_R6_proof_intake_2026-08-23_unmaterialized_authority_unchanged_target_current_disposition_preserved
ALGEBRA-096,p01,algebra.tex,algebra.tex:24702-24708,FA8BB92E58A4F78A2BD01B3B6A4A87DE0A0D279F5DD90641B574DD5FBFFFA4F3,"The lemma says `Let $R$ be a Artinian local ring`.","The following word begins with a vowel sound, and the same source uses the correct phrase `an Artinian local ring` in the proof.","Replace `a Artinian` by `an Artinian`.",reported_to_canon_2026-08-23_authority_unchanged_target_idiomatic_prose
ALGEBRA-097,p01,algebra.tex,algebra.tex:24798-24815,FA8BB92E58A4F78A2BD01B3B6A4A87DE0A0D279F5DD90641B574DD5FBFFFA4F3,"The quotient $\ker(M_i\to M_{i-1})/\operatorname{im}(M_{i+1}\to M_i)$ of a homological complex is called `the cohomology group`.","The complex is indexed with differentials lowering degree and the quotient is its $i$th homology module; the source itself calls analogous Tor-computing objects homology elsewhere.","Replace `cohomology group` by `homology group`.",reported_to_canon_2026-08-23_authority_unchanged_target_idiomatic_prose
ALGEBRA-098,p01,algebra.tex,algebra.tex:16496-16517,FA8BB92E58A4F78A2BD01B3B6A4A87DE0A0D279F5DD90641B574DD5FBFFFA4F3,"After introducing a second submodule $K'$ with nowhere-dense support, the proof says `This means that $K_{\mathfrak q_j}=0$`.","The asserted consequence applies to the newly quantified submodule $K'$; the vanishing of $K_{\mathfrak q_j}$ is established and used separately later, while lines 16509–16513 require an element $m\in K'$ to vanish after localization.","Replace `$K_{\mathfrak q_j}=0$` at line 16508 by `$K'_{\mathfrak q_j}=0$`.",reported_to_canon_2026-08-23_authority_unchanged_target_retains_source
ALGEBRA-099,p01,algebra.tex,algebra.tex:1743-1767,FA8BB92E58A4F78A2BD01B3B6A4A87DE0A0D279F5DD90641B574DD5FBFFFA4F3,"The tensor-product construction names the free module $P$ in `$T=P/Q$`, then reuses $P$ as the arbitrary codomain of the bilinear map in the universal property.","The two modules have unrelated roles; the reuse makes `$f':T\to P$` appear to target the construction's free module rather than the arbitrary module quantified by the universal property.","Rename the free module, for example `$T=F/Q$, where $F=R^{(M\times N)}$`; retain $P$ for the arbitrary codomain.",reported_to_canon_2026-08-23_authority_unchanged_target_retains_source
ALGEBRA-100,p01,algebra.tex,algebra.tex:5382-5392,FA8BB92E58A4F78A2BD01B3B6A4A87DE0A0D279F5DD90641B574DD5FBFFFA4F3,"Condition (4) writes `$X\setminus V(I)=U$` although the lemma introduces only $U\subset\operatorname{Spec}(R)$ and no $X$.","The ambient space in conditions (1)–(3) and throughout the proof is $\operatorname{Spec}(R)$; the equivalence with a finite union of standard opens is $\operatorname{Spec}(R)\setminus V(I)=U$.","Replace undefined `$X$` by `$\operatorname{Spec}(R)$`.",reported_to_canon_2026-08-23_authority_unchanged_target_retains_source
ALGEBRA-101,p01,algebra.tex,algebra.tex:5422-5428,FA8BB92E58A4F78A2BD01B3B6A4A87DE0A0D279F5DD90641B574DD5FBFFFA4F3,"The proof says `write $U$ as a finite open of standard opens`.","The cited lemma states that a quasi-compact open is a finite union of standard opens, and the next sentence uses exactly that finite-union description.","Replace `finite open` by `finite union`.",reported_to_canon_2026-08-23_authority_unchanged_target_idiomatic_prose
ALGEBRA-102,p01,algebra.tex,algebra.tex:5568-5584,FA8BB92E58A4F78A2BD01B3B6A4A87DE0A0D279F5DD90641B574DD5FBFFFA4F3,"The element $\bar f$ is called `the image of $f$ viewed in $\kappa(\mathfrak p)$`.","Here $f\in A$ and the multiplication map is on the fibre algebra $A\otimes_R\kappa(\mathfrak p)$; in general $\bar f=f\otimes1$ lies in that algebra, not in the coefficient field $\kappa(\mathfrak p)$ itself. Lines 5581–5582 explicitly define it this way.","Say `the image of $f$ in $A\otimes_R\kappa(\mathfrak p)$` (an element of this $\kappa(\mathfrak p)$-algebra).",reported_to_canon_2026-08-23_authority_unchanged_target_idiomatic_prose
ALGEBRA-103,p01,algebra.tex,algebra.tex:5597-5604,FA8BB92E58A4F78A2BD01B3B6A4A87DE0A0D279F5DD90641B574DD5FBFFFA4F3,"The lemma says `There exists elements $r_i\in R$`.","The existential subject `elements` is plural.","Replace `There exists elements` by `There exist elements`.",reported_to_canon_2026-08-23_authority_unchanged_target_idiomatic_prose
ALGEBRA-104,p01,algebra.tex,algebra.tex:5652-5665,FA8BB92E58A4F78A2BD01B3B6A4A87DE0A0D279F5DD90641B574DD5FBFFFA4F3,"The reduction of a constructible set to a finite union of subsets $D(f_i)\cap V(g_1,\ldots,g_m)$ cites `Lemma \ref{lemma-qc-open}`.","Lemma `lemma-qc-open` treats quasi-compact open subsets, while Lemma `lemma-constructible` at lines 5433–5451 states exactly the normal form invoked here.","Replace `\ref{lemma-qc-open}` by `\ref{lemma-constructible}` at line 5659.",reported_to_canon_2026-08-23_authority_unchanged_target_retains_source
ALGEBRA-105,p01,algebra.tex,algebra.tex:5657-5661,FA8BB92E58A4F78A2BD01B3B6A4A87DE0A0D279F5DD90641B574DD5FBFFFA4F3,"The sentence reads `By Lemma ... suffices to show`.","The impersonal construction lacks its subject pronoun.","Insert `it`: `By Lemma ..., it suffices to show`.",reported_to_canon_2026-08-23_authority_unchanged_target_idiomatic_prose
ALGEBRA-106,p01,algebra.tex,algebra.tex:5695-5701,FA8BB92E58A4F78A2BD01B3B6A4A87DE0A0D279F5DD90641B574DD5FBFFFA4F3,"The displayed ideal is written `$(g_1,g_2',g_3\ldots,g_m)$`.","The ellipsis separates list entries and the immediately preceding version of the ideal has the correct comma after $g_3$.","Insert the missing comma: `$(g_1,g_2',g_3,\ldots,g_m)$`.",reported_to_canon_2026-08-23_authority_unchanged_target_retains_source
ALGEBRA-107,p01,algebra.tex,algebra.tex:5703-5708,FA8BB92E58A4F78A2BD01B3B6A4A87DE0A0D279F5DD90641B574DD5FBFFFA4F3,"The proof says `The bases case ... are the cases`.","The subject is the plural mathematical term `base cases`; `bases case` is a number/form error.","Replace `The bases case` by `The base cases`.",reported_to_canon_2026-08-23_authority_unchanged_target_idiomatic_prose
ALGEBRA-108,p01,algebra.tex,algebra.tex:25055-25074,FA8BB92E58A4F78A2BD01B3B6A4A87DE0A0D279F5DD90641B574DD5FBFFFA4F3,"The proof successively applies the one-element Cohen–Macaulay lemma to the modules `$M/(g_1,\ldots,g_i)$`.","The proposition and the support chain use quotients by the submodule $(g_1,\ldots,g_i)M$; without the terminal $M$, the denominator denotes an ideal of $R$, not a submodule of $M$, so the displayed module quotient is ill-typed.","Replace `$M/(g_1,\ldots,g_i)$` by `$M/(g_1,\ldots,g_i)M$`.",reported_to_canon_2026-08-23_authority_unchanged_target_retains_source
ALGEBRA-109,p01,algebra.tex,algebra.tex:39809-39818;algebra.tex:40463-40470,FA8BB92E58A4F78A2BD01B3B6A4A87DE0A0D279F5DD90641B574DD5FBFFFA4F3,"Two lemmas say the extension `$\kappa(\mathfrak p')/\kappa(\mathfrak p)$ is isomorphic to $\kappa(\mathfrak p)\subset L$`.","The left side denotes an extension as a quotient-style pair while the right side denotes an inclusion; in both occurrences the intended two extensions have top fields $\kappa(\mathfrak p')$ and $L$ over the same base $\kappa(\mathfrak p)$.","At both loci write `$\kappa(\mathfrak p')/\kappa(\mathfrak p)$ is isomorphic to $L/\kappa(\mathfrak p)$`, or express both as inclusions.",reported_to_canon_2026-08-23_authority_unchanged_target_retains_source
ALGEBRA-110,p01,algebra.tex,algebra.tex:39861-39868,FA8BB92E58A4F78A2BD01B3B6A4A87DE0A0D279F5DD90641B574DD5FBFFFA4F3,"The spreading-out step says `$R=R\otimes_{R_0}S_0$`.","The étale map $R_0\to S_0$ is being base-changed along $R_0\to R$ to recover the target algebra $S$; the displayed equality with $R$ on both sides would instead identify the base ring with the base-changed target and does not support the following reduction from $(R_0,S_0)$ to $(R,S)$.","Replace the left-hand side `$R$` by `$S$`: `$S=R\otimes_{R_0}S_0$`.",reported_to_canon_2026-08-23_authority_unchanged_target_retains_source
ALGEBRA-111,p01,algebra.tex,algebra.tex:39871-39881,FA8BB92E58A4F78A2BD01B3B6A4A87DE0A0D279F5DD90641B574DD5FBFFFA4F3,"The sentence contains the duplicated construction `an element ... such that ... such that`.","A single relative clause can state both required properties; the repetition is ungrammatical and obscures the list returned by the cited lemma.","Remove the second `such that`, joining the two conditions with `and`.",reported_to_canon_2026-08-23_authority_unchanged_target_idiomatic_prose
ALGEBRA-112,p01,algebra.tex,algebra.tex:39871-39881,FA8BB92E58A4F78A2BD01B3B6A4A87DE0A0D279F5DD90641B574DD5FBFFFA4F3,"The text declares `$g'\in S'$` and then writes `$g'\notin\mathfrak q$`, although $\mathfrak q$ is an ideal of $S$.","Membership is ill-typed until $g'$ is mapped along the stated algebra map $S'\to S$; the subsequent notation $S_{g'}$ likewise uses its image in $S$.","Say `the image of $g'$ in $S$ does not belong to $\mathfrak q$` (equivalently $g'$ is outside the inverse image of $\mathfrak q$ in $S'$).",reported_to_canon_2026-08-23_authority_unchanged_target_idiomatic_prose
ALGEBRA-113,p01,algebra.tex,algebra.tex:5769-5778,FA8BB92E58A4F78A2BD01B3B6A4A87DE0A0D279F5DD90641B574DD5FBFFFA4F3,"After defining $X$ and $Y$, the lemma says `Write $f:Y\to X$ the induced map of spectra`.","The transitive construction needs `write ... for ...`; equivalently the map may be denoted by $f$.","Use `Write $f:Y\to X$ for the induced map of spectra` (or `Denote the induced map ... by $f$`).",reported_to_canon_2026-08-23_authority_unchanged_target_idiomatic_prose
ALGEBRA-114,p01,algebra.tex,algebra.tex:5892-5902,FA8BB92E58A4F78A2BD01B3B6A4A87DE0A0D279F5DD90641B574DD5FBFFFA4F3,"The proof says `$V(f)$ is a proper closed subset of $R$`.","By definition $V(f)$ is the vanishing locus inside $\operatorname{Spec}(R)$, and the preceding sentence explicitly discusses density in $\operatorname{Spec}(R)$; it is not a subset of the ring's elements.","Replace `of $R$` by `of $\operatorname{Spec}(R)$`.",reported_to_canon_2026-08-23_authority_unchanged_target_idiomatic_prose
ALGEBRA-115,p01,algebra.tex,algebra.tex:25344-25351,FA8BB92E58A4F78A2BD01B3B6A4A87DE0A0D279F5DD90641B574DD5FBFFFA4F3,"The lemma begins `Let $R$ be Noetherian local`.","The predicative phrase lacks both the indefinite article and the head noun naming the object; the following sentence and cited result concern a Noetherian local ring.","Replace by `Let $R$ be a Noetherian local ring.`",reported_to_canon_2026-08-23_authority_unchanged_target_idiomatic_prose
ALGEBRA-116,p01,algebra.tex,algebra.tex:25344-25354,FA8BB92E58A4F78A2BD01B3B6A4A87DE0A0D279F5DD90641B574DD5FBFFFA4F3,"The dimension lemma says `Any maximal chain of ideals` has length $d$.","Krull dimension and the cited maximal-chain Cohen–Macaulay lemma concern chains of prime ideals; arbitrary ideals need not form saturated prime chains and their maximal-chain lengths are not measured by $\dim(R)$.","Insert `prime`: `Any maximal chain of prime ideals`.",reported_to_canon_2026-08-23_authority_unchanged_target_idiomatic_prose
ALGEBRA-117,p01,algebra.tex,algebra.tex:25410-25423,FA8BB92E58A4F78A2BD01B3B6A4A87DE0A0D279F5DD90641B574DD5FBFFFA4F3,"For a module of depth $e$, the lemma always displays a complex beginning with `$F_{d-e-1}$`.","The allowed maximal Cohen–Macaulay case $e=d$ gives the undefined negative index $F_{-1}$; iteration of the cited depth-shift lemma requires no free step in that case and simply takes $K=M$.","Split off the case $e=d$: take $K=M$ and the empty free segment; display the indexed free resolution only when $e<d$.",reported_to_canon_2026-08-23_authority_unchanged_target_retains_source
ALGEBRA-118,p01,algebra.tex,algebra.tex:40258-40274,FA8BB92E58A4F78A2BD01B3B6A4A87DE0A0D279F5DD90641B574DD5FBFFFA4F3,"After proving that the fibre point $\overline{\mathfrak q}'$ is closed, the proof says this follows from `$\mathfrak q'$ being closed`.","The closed point under discussion belongs to $\operatorname{Spec}(F')$ and is consistently denoted $\overline{\mathfrak q}'$ at lines 40259–40274; unbarred $\mathfrak q'$ is a prime of $S'$.","Insert the missing bar: replace `$\mathfrak q'$` by `$\overline{\mathfrak q}'$` at line 40272.",reported_to_canon_2026-08-23_authority_unchanged_target_retains_source
ALGEBRA-119,p01,algebra.tex,algebra.tex:40375-40382;algebra.tex:40434-40443,FA8BB92E58A4F78A2BD01B3B6A4A87DE0A0D279F5DD90641B574DD5FBFFFA4F3,"Two enumerated conclusions read `$R'\to B$ not quasi-finite at any prime ...`.","Both sentences lack the finite verb required between their subject and predicate.","At both loci insert `is`: `$R'\to B$ is not quasi-finite ...`.",reported_to_canon_2026-08-23_authority_unchanged_target_idiomatic_prose
ALGEBRA-120,p01,algebra.tex,algebra.tex:40451-40457,FA8BB92E58A4F78A2BD01B3B6A4A87DE0A0D279F5DD90641B574DD5FBFFFA4F3,"The proof says `there are finitely may primes`.","The intended quantifier phrase is `finitely many`; `may` is a one-letter typographical error.","Replace `may` by `many`.",reported_to_canon_2026-08-23_authority_unchanged_target_idiomatic_prose
ALGEBRA-121,p01,algebra.tex,algebra.tex:40451-40461,FA8BB92E58A4F78A2BD01B3B6A4A87DE0A0D279F5DD90641B574DD5FBFFFA4F3,"With the fibre at a fixed prime $\mathfrak p\subset R$, the proof calls $\mathfrak q_i$ primes of $S$ `lying over $R$`.","A prime of $S$ lies over a prime ideal of the base, not over the ring as an object; the preceding line fixes the fibre at $\mathfrak p$ and the residue-field extensions in the next lines are over $\kappa(\mathfrak p)$.","Replace `lying over $R$` by `lying over $\mathfrak p$`.",reported_to_canon_2026-08-23_authority_unchanged_target_idiomatic_prose
ALGEBRA-122,p01,algebra.tex,algebra.tex:6033-6045,FA8BB92E58A4F78A2BD01B3B6A4A87DE0A0D279F5DD90641B574DD5FBFFFA4F3,"The proof defines $I_d$ by the leading term $ax^d$ `for each integer $d$`.","Negative exponents do not belong to the formal power-series ring $R[[x]]$; the subsequent ascending chain begins at $I_0$ and all later ranges use $d=0,\ldots,d_0$.","Replace `For each integer $d$` by `For each nonnegative integer $d$`.",reported_to_canon_2026-08-23_authority_unchanged_target_idiomatic_prose
ALGEBRA-123,p01,algebra.tex,algebra.tex:6061-6067,FA8BB92E58A4F78A2BD01B3B6A4A87DE0A0D279F5DD90641B574DD5FBFFFA4F3,"After displaying an equality for the element $f$, the proof says it `is contained in $I'$`.","Containment is a relation between subsets; the displayed $f$ is an element and belongs to the ideal $I'$.","Replace `is contained in` by `belongs to` (or `lies in`).",reported_to_canon_2026-08-23_authority_unchanged_target_idiomatic_prose
ALGEBRA-124,p01,algebra.tex,algebra.tex:6080-6085,FA8BB92E58A4F78A2BD01B3B6A4A87DE0A0D279F5DD90641B574DD5FBFFFA4F3,"The proof says `$\mathbf Z$ is Noetherian ring`.","The singular predicate noun requires an indefinite article.","Insert `a`: `$\mathbf Z$ is a Noetherian ring`.",reported_to_canon_2026-08-23_authority_unchanged_target_idiomatic_prose
ALGEBRA-125,p01,algebra.tex,algebra.tex:25552-25562,FA8BB92E58A4F78A2BD01B3B6A4A87DE0A0D279F5DD90641B574DD5FBFFFA4F3,"The proof says `Chains of primes ideals`.","The compound noun uses singular attributive `prime`; the immediately following sentence has the correct phrase `chains of prime ideals`.","Replace `primes ideals` by `prime ideals`.",reported_to_canon_2026-08-23_authority_unchanged_target_idiomatic_prose
ALGEBRA-126,p01,algebra.tex,algebra.tex:40511-40516,FA8BB92E58A4F78A2BD01B3B6A4A87DE0A0D279F5DD90641B574DD5FBFFFA4F3,"The lemma says `there exists an $t\in\mathfrak m_R$`.","The symbol name is pronounced with an initial consonant sound and takes the article `a`.","Replace `an $t$` by `a $t$`.",reported_to_canon_2026-08-23_authority_unchanged_target_idiomatic_prose
ALGEBRA-127,p01,algebra.tex,algebra.tex:40511-40516,FA8BB92E58A4F78A2BD01B3B6A4A87DE0A0D279F5DD90641B574DD5FBFFFA4F3,"The conclusion calls the quotient map `an isomorphsm`.","The mathematical noun is misspelled by omission of the second `i`.","Replace `isomorphsm` by `isomorphism`.",reported_to_canon_2026-08-23_authority_unchanged_target_idiomatic_prose
ALGEBRA-128,p01,algebra.tex,algebra.tex:40532-40539,FA8BB92E58A4F78A2BD01B3B6A4A87DE0A0D279F5DD90641B574DD5FBFFFA4F3,"The sentence reads `the derivative of $f$ is invertible in $T$ in particular is not contained in $\mathfrak q$`.","Two finite predicates are run together without a conjunction or punctuation; invertibility supplies the stated nonmembership consequence.","Use `is invertible in $T$ and in particular does not belong to $\mathfrak q$`.",reported_to_canon_2026-08-23_authority_unchanged_target_idiomatic_prose
ALGEBRA-129,p01,algebra.tex,algebra.tex:40556-40567,FA8BB92E58A4F78A2BD01B3B6A4A87DE0A0D279F5DD90641B574DD5FBFFFA4F3,"A period is placed inside the displayed factorization after `$S'_{\mathfrak m'}$`, and the next line begins the fragment `of the ring map ...`.","The pre-display clause `there is a factorization` is completed by the post-display prepositional phrase; the intervening period wrongly splits one sentence into a complete clause and an orphaned fragment.","Remove the period after the displayed target and end the sentence after `of the ring map $R\to S'_{\mathfrak m'}$`, or recast the lead-in so the display closes the sentence.",reported_to_canon_2026-08-23_authority_unchanged_target_idiomatic_prose
ALGEBRA-130,p01,algebra.tex,algebra.tex:6402-6410,FA8BB92E58A4F78A2BD01B3B6A4A87DE0A0D279F5DD90641B574DD5FBFFFA4F3,"The lemma says a unit `is a $n$th power`.","The ordinal symbol is pronounced with an initial vowel sound and requires the article `an`; the next clause in the same sentence uses `an $n$th power` correctly.","Replace `a $n$th power` by `an $n$th power`.",reported_to_canon_2026-08-23_authority_unchanged_target_idiomatic_prose
ALGEBRA-131,p01,algebra.tex,algebra.tex:25759-25766,FA8BB92E58A4F78A2BD01B3B6A4A87DE0A0D279F5DD90641B574DD5FBFFFA4F3,"In a single equality of vector-space dimensions, the third term is written `\dim(\overline{\mathfrak m}/\overline{\mathfrak m}^2)` while the first two terms explicitly use `\dim_\kappa`.","Here `\overline{\mathfrak m}/\overline{\mathfrak m}^2` is a vector space over the same residue field `\kappa=R/\mathfrak m`; an unqualified dimension is ambiguous and breaks the displayed equality's explicit scalar-field binding.","Replace the third `\dim` by `\dim_\kappa`.",reported_to_canon_2026-08-23_authority_unchanged_target_source_formula_pending
ALGEBRA-132,p01,algebra.tex,algebra.tex:25845-25855,FA8BB92E58A4F78A2BD01B3B6A4A87DE0A0D279F5DD90641B574DD5FBFFFA4F3,"The proof cites Lemma `lemma-regular-graded` for the statement that each regular local ring $R_i$ is a domain.","Lemma `lemma-regular-domain` immediately states `Any regular local ring is a domain`; `lemma-regular-graded` instead identifies the associated graded ring and is only an ingredient in the proof of that direct result.","Replace `lemma-regular-graded` by `lemma-regular-domain`.",reported_to_canon_2026-08-23_authority_unchanged_target_cross_reference_pending
ALGEBRA-133,p01,algebra.tex,algebra.tex:40623-40627,FA8BB92E58A4F78A2BD01B3B6A4A87DE0A0D279F5DD90641B574DD5FBFFFA4F3,"The coordinated list `1, x, ..., x^{d-1}` is followed by the singular verb `is a B'-basis`.","The displayed basis has multiple elements and takes plural agreement.","Replace `is a $B'$-basis` by `are a $B'$-basis`.",reported_to_canon_2026-08-23_authority_unchanged_target_idiomatic_prose
ALGEBRA-134,p01,algebra.tex,algebra.tex:40659-40688,FA8BB92E58A4F78A2BD01B3B6A4A87DE0A0D279F5DD90641B574DD5FBFFFA4F3,"After differentiating `T^p-1=\prod_{j=0}^{p-1}(T-\alpha_j)` at $T=\alpha_i$, the displayed product starts with $(\alpha_i-\alpha_1)$ and also ends with $(\alpha_i-\alpha_1)$.","The derivative is the product over every $j\ne i$ with $0\le j\le p-1$; the printed formula duplicates the $j=1$ factor and omits the boundary factors $j=0$ and $j=p-1$.","Replace the endpoints by `(\alpha_i-\alpha_0)` and `(\alpha_i-\alpha_{p-1})`, retaining the omitted $j=i$ factor under the hat.",reported_to_canon_2026-08-23_authority_unchanged_target_formula_pending
ALGEBRA-135,p01,algebra.tex,algebra.tex:40734-40745,FA8BB92E58A4F78A2BD01B3B6A4A87DE0A0D279F5DD90641B574DD5FBFFFA4F3,"The proof resumes after a display with the editorial residue `OK, and the elements ...`.","`OK` has no mathematical or grammatical role in the published proof and reads as an unremoved drafting marker.","Delete `OK, ` and begin the sentence `The elements ...`.",reported_to_canon_2026-08-23_authority_unchanged_target_editorial_prose
ALGEBRA-136,p01,algebra.tex,algebra.tex:40748-40761,FA8BB92E58A4F78A2BD01B3B6A4A87DE0A0D279F5DD90641B574DD5FBFFFA4F3,"The coordinated gerund subjects `taking tensor products and taking integral closures` are followed by the singular verb `commutes`.","Two coordinated operations form a plural grammatical subject.","Replace `commutes` by `commute`.",reported_to_canon_2026-08-23_authority_unchanged_target_idiomatic_prose
ALGEBRA-137,p01,algebra.tex,algebra.tex:6462-6468,FA8BB92E58A4F78A2BD01B3B6A4A87DE0A0D279F5DD90641B574DD5FBFFFA4F3,"The proof says the element `$f/1 \in S^{-1}R$ is contained in every prime ideal`.","Containment is a relation between subsets; an element belongs to or lies in an ideal.","Replace `is contained in` by `belongs to` (or `lies in`).",reported_to_canon_2026-08-23_authority_unchanged_target_idiomatic_prose
ALGEBRA-138,p01,algebra.tex,algebra.tex:25987-25997,FA8BB92E58A4F78A2BD01B3B6A4A87DE0A0D279F5DD90641B574DD5FBFFFA4F3,"A lemma whose only algebra variable is $S$ concludes by discussing `R \to R \otimes_k R` and `\dim_k(R)`.","$R$ is undefined in this lemma and proof; the direct argument concerns the stated $k$-algebra $S$.","Replace all three occurrences of $R$ in the final direct-argument clause by $S$.",reported_to_canon_2026-08-23_authority_unchanged_target_symbol_pending
ALGEBRA-139,p01,algebra.tex,algebra.tex:26047-26058,FA8BB92E58A4F78A2BD01B3B6A4A87DE0A0D279F5DD90641B574DD5FBFFFA4F3,"The proof reads `Writing $k_i=(a_{i,j})_{j\in J}$ and we obtain what we want`.","The initial participial clause cannot be coordinated with the finite predicate by `and` in this construction.","Delete `and`: `Writing ..., we obtain what we want.`",reported_to_canon_2026-08-23_authority_unchanged_target_idiomatic_prose
ALGEBRA-140,p01,algebra.tex,algebra.tex:26060-26096,FA8BB92E58A4F78A2BD01B3B6A4A87DE0A0D279F5DD90641B574DD5FBFFFA4F3,"For an arbitrary ring map $\varphi:R\to S$, the proof says `\sum_{i\ne0}a_{i,j}s_i\in R`.","The sum is an element of $S$, and $R$ has not been identified with a subring because $\varphi$ need not be injective. The lemma's condition (2b) correctly requires membership in $\varphi(R)$.","Replace `\in R` by `\in \varphi(R)`.",reported_to_canon_2026-08-23_authority_unchanged_target_membership_pending
ALGEBRA-141,p01,algebra.tex,algebra.tex:26100-26117,FA8BB92E58A4F78A2BD01B3B6A4A87DE0A0D279F5DD90641B574DD5FBFFFA4F3,"The displayed matrix factorization and all subsequent products use uppercase matrices $Y$ and $Z$, but their defining sentence says `let $y$ be the row vector ... and let $z$ be the column vector`.","Lowercase $y,z$ are not used as matrices afterward; the sentence is intended to define the uppercase $Y,Z$ appearing in $(g)=YXZ$, $YX$, and $XZ$.","Replace lowercase `$y$` and `$z$` in the vector-definition sentence by `$Y$` and `$Z$`.",reported_to_canon_2026-08-23_authority_unchanged_target_symbol_pending
ALGEBRA-142,p01,algebra.tex,algebra.tex:40984-40995,FA8BB92E58A4F78A2BD01B3B6A4A87DE0A0D279F5DD90641B574DD5FBFFFA4F3,"The universal differential is printed as `g \mapsto \frac{\partial g}{\partial x_i}\mathrm{d}x_i\otimes1` with a free index $i$.","Immediately above, the variation formula sums over every $i$, and the differential of a polynomial is `\sum_i (\partial g/\partial x_i)\mathrm{d}x_i`; without the sum the displayed map is not defined independently of an unbound index.","Insert `\sum_i` before the partial-derivative term.",reported_to_canon_2026-08-23_authority_unchanged_target_formula_pending
ALGEBRA-143,p01,algebra.tex,algebra.tex:41103-41122,FA8BB92E58A4F78A2BD01B3B6A4A87DE0A0D279F5DD90641B574DD5FBFFFA4F3,"With $B=P/J$, $B'=P/J'$, and $J'=(f_i)+J^2\subset J$, the proof says the differentials generate modulo the nilpotent ideal `$J'/J^2$`.","The nilpotent kernel ideal of the surjection $B'=P/J'\to B=P/J$ is $J/J'$. By contrast, $J'/J^2$ is not an ideal of $B'$ and cannot be the modulus used for Nakayama in the stated module.","Replace both occurrences of `$J'/J^2$` in this sentence by `$J/J'$`.",reported_to_canon_2026-08-23_authority_unchanged_target_quotient_pending
ALGEBRA-144,p01,algebra.tex,algebra.tex:26229-26235,FA8BB92E58A4F78A2BD01B3B6A4A87DE0A0D279F5DD90641B574DD5FBFFFA4F3,"After tensoring $0\to J\to R\to R/J\to0$ with $R/I$, the printed cokernel is `$R/I + J$`.","The tensor product $(R/J)\otimes_R(R/I)$ is the quotient ring $R/(I+J)$; the printed unparenthesized expression is neither that quotient nor the correct cokernel of the displayed map.","Replace `$R/I + J$` by `$R/(I + J)$`.",reported_to_canon_2026-08-23_authority_unchanged_target_quotient_pending
ALGEBRA-145,p01,algebra.tex,algebra.tex:26251-26261,FA8BB92E58A4F78A2BD01B3B6A4A87DE0A0D279F5DD90641B574DD5FBFFFA4F3,"The sentence reads `then $x\in I$ implies ..., implies $x$ maps to zero ...`.","The repeated finite verb `implies` produces an ungrammatical chain; the second step is the consequence of the first implication.","Replace the second `implies` by `and hence` (or split the sentence equivalently).",reported_to_canon_2026-08-23_authority_unchanged_target_idiomatic_prose
ALGEBRA-146,p01,algebra.tex,algebra.tex:26407-26420,FA8BB92E58A4F78A2BD01B3B6A4A87DE0A0D279F5DD90641B574DD5FBFFFA4F3,"For (2)⇒(1), the proof cites `lemma-pure-ideal-determined-by-zero-set` after showing supports of quotients by pure ideals are open.","That lemma proves only uniqueness of a pure ideal from its vanishing set. The required existence for every closed subset stable under generalizations is the bijection in `lemma-pure-open-closed-specializations`.","Replace the citation `lemma-pure-ideal-determined-by-zero-set` by `lemma-pure-open-closed-specializations`.",reported_to_canon_2026-08-23_authority_unchanged_target_cross_reference_pending
ALGEBRA-147,p01,algebra.tex,algebra.tex:41290-41302,FA8BB92E58A4F78A2BD01B3B6A4A87DE0A0D279F5DD90641B574DD5FBFFFA4F3,"For ring maps $R\to S\to S'$, the kernel $J'$ is defined using the multiplication map `$S'\otimes_{R'}S'\to S'$` although $R'$ is nowhere defined.","The displayed comparison, the proof, and the concluding differentials all use the common base ring $R$; $J'$ must be the diagonal ideal in $S'\otimes_R S'$.","Replace the undefined subscript `$R'$` by `$R$`.",reported_to_canon_2026-08-23_authority_unchanged_target_base_ring_pending
ALGEBRA-148,p01,algebra.tex,algebra.tex:41319-41331,FA8BB92E58A4F78A2BD01B3B6A4A87DE0A0D279F5DD90641B574DD5FBFFFA4F3,"For an $S$-module $M$ and ring map $S\to S'$, the lemma sets `$M'=S'\otimes_R M$`.","The asserted base-change identity begins with $S'\otimes_S P^k_{S/R}(M)$ and the extension has codomain $S'\otimes_S N$; the intended extended $S'$-module is therefore $S'\otimes_S M$, not restriction followed by tensor over $R$.","Replace `$S'\otimes_R M$` by `$S'\otimes_S M$` in the definition of $M'$.",reported_to_canon_2026-08-23_authority_unchanged_target_base_change_pending
ALGEBRA-149,p01,algebra.tex,algebra.tex:41333-41350,FA8BB92E58A4F78A2BD01B3B6A4A87DE0A0D279F5DD90641B574DD5FBFFFA4F3,"The principal-parts equality chain prints `S'\otimes_R S'/(J')^{k+1}` twice and `S'\otimes_R M'/(J')^{k+1}(S'\otimes_R M')` without grouping the tensor-product numerators.","$J'$ is an ideal of $S'\otimes_R S'$, not of the final $S'$ factor, and its induced action is on $S'\otimes_R M'$; the preceding lemma states the correctly grouped quotient explicitly.","Write `((S'\otimes_R S')/(J')^{k+1})` at both occurrences and `(S'\otimes_R M')/(J')^{k+1}(S'\otimes_R M')` at the module occurrence.",reported_to_canon_2026-08-23_authority_unchanged_target_quotient_scope_pending
ALGEBRA-150,p01,algebra.tex,algebra.tex:41343-41352,FA8BB92E58A4F78A2BD01B3B6A4A87DE0A0D279F5DD90641B574DD5FBFFFA4F3,"The final object in the principal-parts chain is `$P^k_{S'/R'}(M')$`, but the lemma defines only $R\to S\to S'$.","The statement and all preceding terms concern differential operators relative to $R$, and the immediately preceding lemma concludes with $\Omega_{S'/R}$.","Replace the undefined base `$R'$` by `$R$`.",reported_to_canon_2026-08-23_authority_unchanged_target_base_ring_pending
ALGEBRA-151,p01,algebra.tex,algebra.tex:41351-41358,FA8BB92E58A4F78A2BD01B3B6A4A87DE0A0D279F5DD90641B574DD5FBFFFA4F3,"The extension paragraph takes the codomain and both scalar extensions of $\gamma$ over $R$, writing `$S'\otimes_R N$` and `$S'\otimes_R P^k_{S/R}(M)$`.","Here $M,N,$ and $P^k_{S/R}(M)$ are $S$-modules and the lemma statement requires the extension $M'=S'\otimes_S M\to S'\otimes_S N$ along $S\to S'$.","Replace each of the three displayed/inline `\otimes_R` subscripts in the extension construction by `\otimes_S`.",reported_to_canon_2026-08-23_authority_unchanged_target_scalar_extension_pending
ALGEBRA-152,p01,algebra.tex,algebra.tex:34929-34940,FA8BB92E58A4F78A2BD01B3B6A4A87DE0A0D279F5DD90641B574DD5FBFFFA4F3,"The lemma statement ends `such that the universal differential operators of order $k$ to the map given by ...`, with no finite verb and a plural noun for the single universal operator.","The isomorphism identifies the universal differential operator with the displayed map; the present wording is grammatically incomplete and suppresses that identification.","Use `such that the universal differential operator of order $k$ corresponds to the map given by ...`.",reported_to_canon_2026-08-23_authority_unchanged_target_missing_predicate
ALGEBRA-153,p01,algebra.tex,algebra.tex:6746-6755,FA8BB92E58A4F78A2BD01B3B6A4A87DE0A0D279F5DD90641B574DD5FBFFFA4F3,"The proof says `choose a closed point $t$ of space $T\cap D(f)$`.","The noun `space` refers to the specific topological space just constructed and requires the definite article.","Insert `the`: `of the space $T\cap D(f)$`.",reported_to_canon_2026-08-23_authority_unchanged_target_idiomatic_prose
ALGEBRA-154,p01,algebra.tex,algebra.tex:6791-6801,FA8BB92E58A4F78A2BD01B3B6A4A87DE0A0D279F5DD90641B574DD5FBFFFA4F3,"The proof says a nonzero element `$x\in R$ is contained in at most finitely many maximal ideals`.","An element belongs to an ideal rather than being contained in it; `at most finitely many` is redundant and obscures the intended finiteness assertion immediately restated as `$V(x)$ is finite`.","Use `belongs to only finitely many maximal ideals` (or `lies in only finitely many maximal ideals`).",reported_to_canon_2026-08-23_authority_unchanged_target_membership_prose
ALGEBRA-155,p01,algebra.tex,algebra.tex:6906-6917,FA8BB92E58A4F78A2BD01B3B6A4A87DE0A0D279F5DD90641B574DD5FBFFFA4F3,"The cardinality assertion ends with a period and is followed by the fragment `Because the cardinality of $I\times\ldots\times I$ is ...`.","The `Because` clause supplies the reason for the preceding cardinality bound and has no independent main clause.","Join the clauses with `, because` or begin `This is because ...`.",reported_to_canon_2026-08-23_authority_unchanged_target_sentence_fragment
ALGEBRA-156,p01,algebra.tex,algebra.tex:26488-26502,FA8BB92E58A4F78A2BD01B3B6A4A87DE0A0D279F5DD90641B574DD5FBFFFA4F3,"The lemma says `there exist a commutative diagram`.","The existential verb agrees with the singular noun phrase `a commutative diagram`.","Replace `exist` by `exists`.",reported_to_canon_2026-08-23_authority_unchanged_target_idiomatic_prose
ALGEBRA-157,p01,algebra.tex,algebra.tex:26677-26699,FA8BB92E58A4F78A2BD01B3B6A4A87DE0A0D279F5DD90641B574DD5FBFFFA4F3,"The proof defines $P_d=\ker(F_{d-1}\to F_{d-2})$ only `at least if $d\ge2$`, then uses that formula to claim the displayed finite-projective resolution for every $d\ge0$.","For $d=1$ the relevant projective module is $\ker(F_0\to M)$, and for $d=0$ it is $M$ itself, exactly as separated in conditions (3) and (4) of the cited preceding lemma. The printed proof leaves both boundary cases unhandled and invokes undefined negative-index modules if read literally.","Add the two boundary cases explicitly: for $d=1$ take $P_1=\ker(F_0\to M)$; for $d=0$ use that $M$ is already finite projective. Then retain the displayed construction for $d\ge2$.",reported_to_canon_2026-08-23_authority_unchanged_target_boundary_cases_pending
ALGEBRA-158,p01,algebra.tex,algebra.tex:41377-41383,FA8BB92E58A4F78A2BD01B3B6A4A87DE0A0D279F5DD90641B574DD5FBFFFA4F3,"The section introduction says `an G-unramified ring map`.","The letter name `G` begins with a consonant sound and takes the article `a`.","Replace `an G-unramified` by `a G-unramified`.",reported_to_canon_2026-08-23_authority_unchanged_target_idiomatic_prose
ALGEBRA-159,p01,algebra.tex,algebra.tex:41440-41452,FA8BB92E58A4F78A2BD01B3B6A4A87DE0A0D279F5DD90641B574DD5FBFFFA4F3,"The third parallel criterion says `of finite type (resp. presentation)` while the two immediately preceding criteria say `of finite type (resp. finite presentation)`.","The parenthetical alternative is the standard property `finite presentation`; omitting `finite` breaks the parallel terminology and yields the nonstandard phrase `of presentation`.","Insert `finite`: `of finite type (resp. finite presentation)`.",reported_to_canon_2026-08-23_authority_unchanged_target_omitted_adjective
ALGEBRA-160,p01,algebra.tex,algebra.tex:41567-41579,FA8BB92E58A4F78A2BD01B3B6A4A87DE0A0D279F5DD90641B574DD5FBFFFA4F3,"Item (1) reads `we have $\mathfrak pS_{\mathfrak q}=\mathfrak qS_{\mathfrak q}$ is the maximal ideal`.","The sentence runs the predicates `we have` and `is` together; the equality identifies an ideal, which the following clause characterizes.","Use `$\mathfrak pS_{\mathfrak q}=\mathfrak qS_{\mathfrak q}$, which is the maximal ideal ...`.",reported_to_canon_2026-08-23_authority_unchanged_target_double_predicate
ALGEBRA-161,p01,algebra.tex,algebra.tex:41653-41665,FA8BB92E58A4F78A2BD01B3B6A4A87DE0A0D279F5DD90641B574DD5FBFFFA4F3,"The coordinated subject `the characterization ... and the structure ...` is followed by the singular verb `shows`.","Two cited results jointly supply the implication and form a plural subject.","Replace `shows` by `show`.",reported_to_canon_2026-08-23_authority_unchanged_target_idiomatic_prose
ALGEBRA-162,p01,algebra.tex,algebra.tex:41698-41706,FA8BB92E58A4F78A2BD01B3B6A4A87DE0A0D279F5DD90641B574DD5FBFFFA4F3,"The proof says `we my apply Lemma ...`.","The modal verb is a typographical error.","Replace `my` by `may`.",reported_to_canon_2026-08-23_authority_unchanged_target_typo
ALGEBRA-163,p01,algebra.tex,algebra.tex:7033-7038,FA8BB92E58A4F78A2BD01B3B6A4A87DE0A0D279F5DD90641B574DD5FBFFFA4F3,"After `Let $R$ be ... Let $K$ be ...`, the hypothesis reads `Let $R\subset K$ and $K$ is of finite type over $R$`.","The imperative `Let` cannot govern the coordinated finite clause `$K$ is ...`; this is a pair of assumptions about the already introduced objects.","Use `Assume $R\subset K$ and that $K$ is of finite type over $R$`.",reported_to_canon_2026-08-23_authority_unchanged_target_idiomatic_prose
ALGEBRA-164,p01,algebra.tex,algebra.tex:7099-7106,FA8BB92E58A4F78A2BD01B3B6A4A87DE0A0D279F5DD90641B574DD5FBFFFA4F3,"The lemma says `Write $f:Y\to X$ the induced map of spectra`.","In this construction `write [symbol] for [object]`, the preposition `for` is required between the notation and its referent.","Insert `for`: `Write $f:Y\to X$ for the induced map of spectra`.",reported_to_canon_2026-08-23_authority_unchanged_target_missing_preposition
ALGEBRA-165,p01,algebra.tex,algebra.tex:7158-7168,FA8BB92E58A4F78A2BD01B3B6A4A87DE0A0D279F5DD90641B574DD5FBFFFA4F3,"The compound subject `This diagram and the density ...` is followed by the singular verb `shows`.","The diagram and the density are two coordinated grounds for the conclusion and take plural agreement.","Replace `shows` by `show`.",reported_to_canon_2026-08-23_authority_unchanged_target_idiomatic_prose
ALGEBRA-166,p01,algebra.tex,algebra.tex:26940-26950,FA8BB92E58A4F78A2BD01B3B6A4A87DE0A0D279F5DD90641B574DD5FBFFFA4F3,"The proof begins `We saw, Lemma ... that ...`.","The cited lemma is the locus in which the result was seen; the construction requires the preposition `in`.","Insert `in`: `We saw, in Lemma ..., that ...`.",reported_to_canon_2026-08-23_authority_unchanged_target_missing_preposition
ALGEBRA-167,p01,algebra.tex,algebra.tex:26940-26961,FA8BB92E58A4F78A2BD01B3B6A4A87DE0A0D279F5DD90641B574DD5FBFFFA4F3,"For $n\ge0$, the proof displays `0\to K_n\to F_{n-1}\to\cdots\to F_0\to M\to0` without separating $n=0$.","At $n=0$ the display invokes the undefined module $F_{-1}$. The local-projectivity argument still works by setting $K_0=M$, whose localizations are projective under the hypothesis.","Handle $n=0$ explicitly by setting $K_0=M$; use the displayed syzygy resolution only for $n\ge1$.",reported_to_canon_2026-08-23_authority_unchanged_target_boundary_case_pending
ALGEBRA-168,p01,algebra.tex,algebra.tex:27079-27088,FA8BB92E58A4F78A2BD01B3B6A4A87DE0A0D279F5DD90641B574DD5FBFFFA4F3,"The proof says the maps `have to property that ...`.","The phrase contains a typographical substitution of `to` for the definite article.","Replace `to` by `the`.",reported_to_canon_2026-08-23_authority_unchanged_target_typo
ALGEBRA-169,p01,algebra.tex,algebra.tex:27188-27212,FA8BB92E58A4F78A2BD01B3B6A4A87DE0A0D279F5DD90641B574DD5FBFFFA4F3,"With $d=\dim S\ge0$, the proof sets `$K_d=\ker(F_{d-1}\to F_{d-2})$` without separating $d=0,1$.","For $d=1$ the first syzygy is $\ker(F_0\to\kappa)$, while for $d=0$ it is $K_0=\kappa$; the printed formula otherwise invokes $F_{-1}$ or $F_{-2}$ and the following exact complex is not defined at the allowed boundary values.","Define $K_0=\kappa$, $K_1=\ker(F_0\to\kappa)$, and $K_d=\ker(F_{d-1}\to F_{d-2})$ only for $d\ge2$; adapt the displayed complex accordingly.",reported_to_canon_2026-08-23_authority_unchanged_target_boundary_cases_pending
ALGEBRA-170,p01,algebra.tex,algebra.tex:7175-7180,FA8BB92E58A4F78A2BD01B3B6A4A87DE0A0D279F5DD90641B574DD5FBFFFA4F3,"The introduction says `images of a constructible is constructible`.","The phrase omits the noun `set` after `constructible` and combines a plural subject with a singular verb.","Use `the image of a constructible set is constructible`.",reported_to_canon_2026-08-23_authority_unchanged_target_missing_noun_agreement
ALGEBRA-171,p01,algebra.tex,algebra.tex:7181-7186,FA8BB92E58A4F78A2BD01B3B6A4A87DE0A0D279F5DD90641B574DD5FBFFFA4F3,"The notation paragraph says `Write $f:Y\to X$ the induced map of spectra`.","The construction `write [symbol] for [object]` requires the preposition `for`.","Insert `for` after the displayed map.",reported_to_canon_2026-08-23_authority_unchanged_target_missing_preposition
ALGEBRA-172,p01,algebra.tex,algebra.tex:7189-7193,FA8BB92E58A4F78A2BD01B3B6A4A87DE0A0D279F5DD90641B574DD5FBFFFA4F3,"The lemma begins with the sentence fragment `With notation as above.` followed by `Assume ...`.","The initial prepositional phrase has no predicate and modifies the following assumption.","Join the clauses: `With notation as above, assume that ...`.",reported_to_canon_2026-08-23_authority_unchanged_target_sentence_fragment
ALGEBRA-173,p01,algebra.tex,algebra.tex:7206-7214,FA8BB92E58A4F78A2BD01B3B6A4A87DE0A0D279F5DD90641B574DD5FBFFFA4F3,"For $f:Y\to X$, the proof says `the image of a constructible set in $X$ is constructible in $Y$`.","Chevalley's theorem applies to a constructible subset of the source $Y$ and places its image in the target $X$; the printed sentence reverses source and target.","Replace `in $X$ ... in $Y$` by `in $Y$ ... in $X$`.",reported_to_canon_2026-08-23_authority_unchanged_target_source_target_pending
ALGEBRA-174,p01,algebra.tex,algebra.tex:7246-7254,FA8BB92E58A4F78A2BD01B3B6A4A87DE0A0D279F5DD90641B574DD5FBFFFA4F3,"The proof says that if `$\mathfrak p$ is any ideal containing $xy$, then either $x$ or $y$` lies in it.","This implication is false for an arbitrary ideal: $(xy)$ contains $xy$ but contains neither $x$ nor $y$. It is precisely the prime-ideal property used by the next sentence about minimal primes; the sentence also describes element membership as containment.","Replace `any ideal` by `any prime ideal` and say `either $x$ or $y$ belongs to $\mathfrak p$`.",reported_to_canon_2026-08-23_authority_unchanged_target_prime_hypothesis_pending
ALGEBRA-175,p01,algebra.tex,algebra.tex:7257-7263,FA8BB92E58A4F78A2BD01B3B6A4A87DE0A0D279F5DD90641B574DD5FBFFFA4F3,"The polynomial ring ends `$k[\ldots,y_{22}])$` with a closing parenthesis for which no opening parenthesis exists.","The ring expression begins directly with `$k[` and should close only its square bracket before the math delimiter.","Delete the unmatched `)` after the closing square bracket.",reported_to_canon_2026-08-23_authority_unchanged_target_delimiter_pending
ALGEBRA-176,p01,algebra.tex,algebra.tex:7287-7297,FA8BB92E58A4F78A2BD01B3B6A4A87DE0A0D279F5DD90641B574DD5FBFFFA4F3,"The proof says `the image of irreducible an algebraic set`.","The indefinite article and adjectives are in the wrong order.","Use `the image of an irreducible algebraic set`.",reported_to_canon_2026-08-23_authority_unchanged_target_word_order
ALGEBRA-177,p01,algebra.tex,algebra.tex:7317-7327,FA8BB92E58A4F78A2BD01B3B6A4A87DE0A0D279F5DD90641B574DD5FBFFFA4F3,"The parenthesis reads `reason($Y=0$ is contained the previous case)`.","A space is missing before the parenthesis, `contained` lacks the preposition `in`, and the intended relation is that the zero case was already covered rather than that an equation is a subset.","Use `reason (the case $Y=0$ was covered above):` or an equivalent idiomatic parenthesis.",reported_to_canon_2026-08-23_authority_unchanged_target_malformed_parenthesis
ALGEBRA-178,p01,algebra.tex,algebra.tex:7364-7373,FA8BB92E58A4F78A2BD01B3B6A4A87DE0A0D279F5DD90641B574DD5FBFFFA4F3,"The example says `$T$ is classified by the its rank`.","Two determiners are duplicated before `rank`.","Delete `the`: `classified by its rank`.",reported_to_canon_2026-08-23_authority_unchanged_target_duplicated_article
ALGEBRA-179,p01,algebra.tex,algebra.tex:7373-7376,FA8BB92E58A4F78A2BD01B3B6A4A87DE0A0D279F5DD90641B574DD5FBFFFA4F3,"The example says `every idempotent matrix is contained in one such orbit`.","A matrix is an element of an orbit, not a subset contained in it.","Use `belongs to one such orbit` (or `lies in`).",reported_to_canon_2026-08-23_authority_unchanged_target_membership_prose
ALGEBRA-180,p01,algebra.tex,algebra.tex:7377-7391,FA8BB92E58A4F78A2BD01B3B6A4A87DE0A0D279F5DD90641B574DD5FBFFFA4F3,"The positive-characteristic example says `$char=3$` with an undefined bare symbol `char`.","The characteristic belongs to the base field $k$ introduced in the example.","Use `$\operatorname{char}(k)=3$` or `if $k$ has characteristic $3$`.",reported_to_canon_2026-08-23_authority_unchanged_target_notation_pending
ALGEBRA-181,p01,algebra.tex,algebra.tex:7392-7395,FA8BB92E58A4F78A2BD01B3B6A4A87DE0A0D279F5DD90641B574DD5FBFFFA4F3,"In characteristic $3$, the example claims $\operatorname{tr}(\wedge^3T)$ is $1$ on the rank-$3$ component and $0$ on every other component.","For an idempotent of rank $r$, this trace is $\binom r3$ in $k$. Rank $4$ already gives $\binom43=4=1$ in characteristic $3$, so the stated separation is false whenever $n\ge4$.","Use the valid general separation: for ranks $r<s$, $\operatorname{tr}(\wedge^sT)$ is $0$ on rank $r$ and $1$ on rank $s$; or explicitly restrict the printed illustration to $n=3$.",reported_to_canon_2026-08-23_authority_unchanged_target_false_claim_pending
ALGEBRA-182,p01,algebra.tex,algebra.tex:27238-27264,FA8BB92E58A4F78A2BD01B3B6A4A87DE0A0D279F5DD90641B574DD5FBFFFA4F3,"In the depth-zero base case, $e=\operatorname{pd}_R(M)$ may be $0$ or $1$, but the displayed decomposition simultaneously starts with $K_{e-2}$ and ends with $K_0$.","At $e=0$ or $e=1$ this invokes $K_{-2}$ or $K_{-1}$ and does not describe the minimal resolution. The desired depth inequality is immediate/direct in those two short cases; the printed chain is valid only for $e\ge2$.","Treat $e=0$ and $e=1$ directly, then introduce the displayed chain and its $K_i$ only for $e\ge2$.",reported_to_canon_2026-08-23_authority_unchanged_target_boundary_cases_pending
ALGEBRA-183,p01,algebra.tex,algebra.tex:41753-41765,FA8BB92E58A4F78A2BD01B3B6A4A87DE0A0D279F5DD90641B574DD5FBFFFA4F3,"The quasi-finite reduction says `an element $g'\in S'$ such that $g'\notin\mathfrak q$ such that ...`, where $\mathfrak q\subset S$.","The sentence duplicates `such that`, and an element of $S'$ cannot literally be tested for membership in an ideal of $S$ without applying the map $S'\to S$.","Use `an element $g'\in S'$ whose image in $S$ does not belong to $\mathfrak q$ and such that ...`.",reported_to_canon_2026-08-23_authority_unchanged_target_typed_membership_pending
ALGEBRA-184,p01,algebra.tex,algebra.tex:41847-41854,FA8BB92E58A4F78A2BD01B3B6A4A87DE0A0D279F5DD90641B574DD5FBFFFA4F3,"Condition (b) reads `$S$ finite over $R$`.","The predicate adjective requires the copula, parallel to conditions (a), (c), and (d).","Insert `is`: `$S$ is finite over $R$`.",reported_to_canon_2026-08-23_authority_unchanged_target_missing_copula
ALGEBRA-185,p01,algebra.tex,algebra.tex:41857-41865,FA8BB92E58A4F78A2BD01B3B6A4A87DE0A0D279F5DD90641B574DD5FBFFFA4F3,"After defining the ideal $\overline I\subset\kappa(\mathfrak p)[x]$, the proof chooses its monic generator `$\overline h\in\kappa(\mathfrak p)$`.","A nonconstant generator of an ideal in the polynomial PID belongs to $\kappa(\mathfrak p)[x]$, not merely to its coefficient field.","Replace the membership target by `$\overline h\in\kappa(\mathfrak p)[x]$`.",reported_to_canon_2026-08-23_authority_unchanged_target_polynomial_membership_pending
ALGEBRA-186,p01,algebra.tex,algebra.tex:41861-41865,FA8BB92E58A4F78A2BD01B3B6A4A87DE0A0D279F5DD90641B574DD5FBFFFA4F3,"The proof rescales the generator $\overline h$ by `some $\lambda\in\kappa(\mathfrak p)$` without requiring $\lambda\ne0$.","Multiplication by zero destroys the generator and the subsequent factorization; rescaling a generator is valid only by a unit of the residue field.","Require `$\lambda\in\kappa(\mathfrak p)^\times$` (or explicitly `$\lambda\ne0$`).",reported_to_canon_2026-08-23_authority_unchanged_target_nonzero_scalar_pending
ALGEBRA-187,p01,algebra.tex,algebra.tex:41866-41880,FA8BB92E58A4F78A2BD01B3B6A4A87DE0A0D279F5DD90641B574DD5FBFFFA4F3,"The factorization defines only $e_2,\ldots,e_n$, then asserts `$A_i=\kappa(\mathfrak p)[x]/(\overline h_i^{e_i})$` without restricting $i$.","The exponent $e_1$ is undefined; the preceding factorization gives the separable factor $\overline h_1$ exponent one and identifies $A_1$ with its residue-field quotient.","Set `$e_1=1$` explicitly before the uniform formula, or restrict the formula to $i\ge2$ and state $A_1=\kappa(\mathfrak p)[x]/(\overline h_1)$ separately.",reported_to_canon_2026-08-23_authority_unchanged_target_undefined_exponent_pending
ALGEBRA-188,p01,algebra.tex,algebra.tex:27334-27341,FA8BB92E58A4F78A2BD01B3B6A4A87DE0A0D279F5DD90641B574DD5FBFFFA4F3,"The conditional hypothesis ends `If $\mathfrak q\subset S$ is a maximal ideal.` and the next sentence begins `Then ...`.","The period separates the if-clause from its required main clause.","Replace the period after `ideal` by a comma and continue `then ...`.",reported_to_canon_2026-08-23_authority_unchanged_target_pending
ALGEBRA-189,p01,algebra.tex,algebra.tex:27440-27456,FA8BB92E58A4F78A2BD01B3B6A4A87DE0A0D279F5DD90641B574DD5FBFFFA4F3,"With $e=\dim(R_{\mathfrak p})\ge0$, the going-down construction unconditionally starts by choosing $\mathfrak q_{-1}$ over $\mathfrak p_{e-1}$.","When $e=0$, $\mathfrak p_{-1}$ is undefined and the original fibre chain $\mathfrak q_0\subset\cdots\subset\mathfrak q_d$ already has the required length $d$.","Separate the case $e=0$; run the negative-index going-down construction only for $e\ge1$.",reported_to_canon_2026-08-23_authority_unchanged_target_pending
ALGEBRA-190,p01,algebra.tex,algebra.tex:27488-27494,FA8BB92E58A4F78A2BD01B3B6A4A87DE0A0D279F5DD90641B574DD5FBFFFA4F3,"The hypothesis says `Assume $R$ Cohen-Macaulay`.","The predicate adjective requires the copula.","Insert `is`: `Assume $R$ is Cohen-Macaulay`.",reported_to_canon_2026-08-23_authority_unchanged_target_pending
ALGEBRA-191,p01,algebra.tex,algebra.tex:7568-7590,FA8BB92E58A4F78A2BD01B3B6A4A87DE0A0D279F5DD90641B574DD5FBFFFA4F3,"For arbitrary maps $R_i\to S_i$, the lemma concludes that the maps `$R\to S$` and `$R_i\to S_i$` are `integrally closed`.","The immediately preceding definition defines only a subring $R\subset S$ as integrally closed in $S$; it does not define an arbitrary ring map as integrally closed, and the displayed maps were not assumed injective.","Either add injectivity hypotheses and say `$R$ is integrally closed in $S$ iff each $R_i$ is integrally closed in $S_i$`, or explicitly define the intended map-level property before using it.",reported_to_canon_2026-08-23_authority_unchanged_target_pending
ALGEBRA-192,p01,algebra.tex,algebra.tex:7796-7801,FA8BB92E58A4F78A2BD01B3B6A4A87DE0A0D279F5DD90641B574DD5FBFFFA4F3,"The proof says `Let $S$ integral over $k$`.","The predicate adjective requires the copula.","Insert `be`: `Let $S$ be integral over $k$`.",reported_to_canon_2026-08-23_authority_unchanged_target_pending
ALGEBRA-193,p01,algebra.tex,algebra.tex:7800-7809,FA8BB92E58A4F78A2BD01B3B6A4A87DE0A0D279F5DD90641B574DD5FBFFFA4F3,"To prove a finite-dimensional domain $S$ is a field, the proof says `Pick $s\in S$` and claims multiplication by $s$ is surjective.","Multiplication by $0$ is not surjective in a nonzero algebra; the dimension argument applies because multiplication by a nonzero element of a domain is injective.","Require `Pick a nonzero $s\in S$`.",reported_to_canon_2026-08-23_authority_unchanged_target_pending
ALGEBRA-194,p01,algebra.tex,algebra.tex:7842-7850,FA8BB92E58A4F78A2BD01B3B6A4A87DE0A0D279F5DD90641B574DD5FBFFFA4F3,"The proof concludes `there are at most finitely many` primes.","The intended conclusion is simple finiteness; `at most finitely many` is redundant and non-idiomatic.","Use `there are only finitely many`.",reported_to_canon_2026-08-23_authority_unchanged_target_pending
ALGEBRA-195,p01,algebra.tex,algebra.tex:42224-42238,FA8BB92E58A4F78A2BD01B3B6A4A87DE0A0D279F5DD90641B574DD5FBFFFA4F3,"For a retraction $\tau:R'\to R$, the proof writes `$\mathfrak m=\tau^{-1}(\mathfrak m')$` with $\mathfrak m'\subset R'$.","Inverse image under $\tau$ takes an ideal of the codomain $R$ to one in the domain $R'$; the printed expression is ill-typed. The parallel proof at line 42250 gives the correct relation.","Replace it by `$\mathfrak m'=\tau^{-1}(\mathfrak m)$`.",reported_to_canon_2026-08-23_authority_unchanged_target_pending
ALGEBRA-196,p01,algebra.tex,algebra.tex:42241-42258,FA8BB92E58A4F78A2BD01B3B6A4A87DE0A0D279F5DD90641B574DD5FBFFFA4F3,"The tensor-base-change product begins with the $A'_1$ factor and also ends its ellipsis with another `$A'_1\otimes_{R',\tau}R$`.","The preceding product has distinct factors $A'_1,\ldots,A'_n$, and the following line names their base changes $A_1,\ldots,A_n$; the final displayed factor must be the $n$th one.","Replace the second `$A'_1$` by `$A'_n$`.",reported_to_canon_2026-08-23_authority_unchanged_target_pending
ALGEBRA-197,p01,algebra.tex,algebra.tex:8007-8010,FA8BB92E58A4F78A2BD01B3B6A4A87DE0A0D279F5DD90641B574DD5FBFFFA4F3,"The definition says that every almost integral element of the fraction field is `contained in $R$`.","An element belongs to a ring; it is not a subset contained in the ring.","Replace `is contained in $R$` by `belongs to $R$`.",reported_to_canon_2026-08-23_authority_unchanged_target_pending
ALGEBRA-198,p01,algebra.tex,algebra.tex:8031-8033,FA8BB92E58A4F78A2BD01B3B6A4A87DE0A0D279F5DD90641B574DD5FBFFFA4F3,"The proof says `there exists an $d>0$`.","The indefinite article before the consonant sound of $d$ must be `a`.","Replace `an` by `a`.",reported_to_canon_2026-08-23_authority_unchanged_target_pending
ALGEBRA-199,p01,algebra.tex,algebra.tex:8053-8061,FA8BB92E58A4F78A2BD01B3B6A4A87DE0A0D279F5DD90641B574DD5FBFFFA4F3,"After defining $P=x^d+\sum_{j<d}a_jx^j$, the proof quantifies the same coefficients as $a_i$ in two consecutive sentences.","No independent index $i$ is introduced; the polynomial and the scaled polynomial both use the summation index $j$.","Replace both coefficient occurrences `$a_i$` by `$a_j$`.",reported_to_canon_2026-08-23_authority_unchanged_target_pending
ALGEBRA-200,p01,algebra.tex,algebra.tex:8101-8104,FA8BB92E58A4F78A2BD01B3B6A4A87DE0A0D279F5DD90641B574DD5FBFFFA4F3,"The proof says `the set of almost integral elements form a subring`.","The grammatical subject is the singular noun `set`.","Replace `form` by `forms`.",reported_to_canon_2026-08-23_authority_unchanged_target_pending
ALGEBRA-201,p01,algebra.tex,algebra.tex:42460-42470,FA8BB92E58A4F78A2BD01B3B6A4A87DE0A0D279F5DD90641B574DD5FBFFFA4F3,"For a finite etale $R$-algebra $S=\prod A_i$, the proof says each local factor $A_i$ is finite etale over $S$.","Each $A_i$ is a factor of $S$ and is finite etale over the base ring $R$; the following reduction modulo $\mathfrak m$ and cited henselian lemmas use the $R$-algebra structure.","Replace `finite etale over $S$` by `finite etale over $R$`.",reported_to_canon_2026-08-23_authority_unchanged_target_pending
ALGEBRA-202,p01,algebra.tex,algebra.tex:42474-42486,FA8BB92E58A4F78A2BD01B3B6A4A87DE0A0D279F5DD90641B574DD5FBFFFA4F3,"For an $R$-algebra map $\varphi:S_1\to S_2$, the induced multiplication map on $S_1\otimes_RS_2$ is printed as `$\varphi\times1$`.","The map from the tensor product is induced by the tensor product of $\varphi$ with the identity followed by multiplication; the symbol $\times$ is not the tensor-product map used here.","Replace `$\varphi\times1$` by `$\varphi\otimes1$`.",reported_to_canon_2026-08-23_authority_unchanged_target_pending
ALGEBRA-203,p01,algebra.tex,algebra.tex:8223-8225,FA8BB92E58A4F78A2BD01B3B6A4A87DE0A0D279F5DD90641B574DD5FBFFFA4F3,"The set-builder expression is printed as `$I=\{f\in R, fx\in R\}$`.","The comma does not mark the predicate of the set-builder unambiguously; the standard TeX notation here is a vertical bar or colon.","Replace the comma after `$f\in R$` by `$\mid$` (or a colon).",reported_to_canon_2026-08-23_authority_unchanged_target_pending
ALGEBRA-204,p01,algebra.tex,algebra.tex:8292-8298,FA8BB92E58A4F78A2BD01B3B6A4A87DE0A0D279F5DD90641B574DD5FBFFFA4F3,"The proof says `Denote $e_i=(\ldots)$ the $i$th idempotent`.","The English construction `denote ... the ...` requires `by`, or may be recast with `let ... be`.","Use `Let $e_i=(\ldots)$ be the $i$th idempotent`.",reported_to_canon_2026-08-23_authority_unchanged_target_pending
ALGEBRA-205,p01,algebra.tex,algebra.tex:8301-8308,FA8BB92E58A4F78A2BD01B3B6A4A87DE0A0D279F5DD90641B574DD5FBFFFA4F3,"The proof calls each map `$R/\mathfrak p_i\to R_{\mathfrak p_i}$` `integrally closed`.","Definition 7568-7576 defines an integrally closed subring or subalgebra, not an arbitrary map; the intended property is that the source is integrally closed in the target.","Say that `$R/\mathfrak p_i$ is integrally closed in $R_{\mathfrak p_i}$` (or explicitly define the map-level shorthand).",reported_to_canon_2026-08-23_authority_unchanged_target_pending
ALGEBRA-206,p01,algebra.tex,algebra.tex:8326-8330,FA8BB92E58A4F78A2BD01B3B6A4A87DE0A0D279F5DD90641B574DD5FBFFFA4F3,"The proof says that elements `$a,b\in R$` `come from objects $a_i,b_i$ over $R_i$`.","The preimages $a_i,b_i$ are elements of the rings $R_i$, not categorical objects over them.","Replace `objects $a_i,b_i$ over $R_i$` by `elements $a_i,b_i\in R_i$`.",reported_to_canon_2026-08-23_authority_unchanged_target_pending
ALGEBRA-207,p01,algebra.tex,algebra.tex:27688-27704,FA8BB92E58A4F78A2BD01B3B6A4A87DE0A0D279F5DD90641B574DD5FBFFFA4F3,"The induction assumes injectivity of $\psi_i$, proves the case $i+1$, but concludes that `$\psi_i$ is injective` again.","The displayed quotient at the conclusion contains variables and relations through index $i+1$, so the map just proved injective is $\psi_{i+1}$.","Replace the concluding `$\psi_i$` by `$\psi_{i+1}$`.",reported_to_canon_2026-08-23_authority_unchanged_target_pending
ALGEBRA-208,p01,algebra.tex,algebra.tex:42545;42677;42679;42682;42685;42736,FA8BB92E58A4F78A2BD01B3B6A4A87DE0A0D279F5DD90641B574DD5FBFFFA4F3,"Six polynomial-ring expressions place `[T]` or `[x_1,\ldots,x_n]` directly after an unparenthesized quotient such as `$R/\mathfrak m^{n+1}[T]$` and `$R/\mathfrak m_R[x_1,\ldots,x_n]$`.","The intended coefficient rings are the residue quotients, whereas the printed scope can attach the polynomial variables to the ideal or make the quotient ill-typed; the surrounding prose explicitly calls these polynomial rings over the residue fields.","Parenthesize every coefficient quotient, e.g. `$(R/\mathfrak m^{n+1})[T]$`, `$(R/\mathfrak m_R)[x_1,\ldots,x_n]$`, and `$(S/\mathfrak m_S)[x_1,\ldots,x_n]$`.",reported_to_canon_2026-08-23_authority_unchanged_target_pending
ALGEBRA-209,p01,algebra.tex,algebra.tex:42737-42744,FA8BB92E58A4F78A2BD01B3B6A4A87DE0A0D279F5DD90641B574DD5FBFFFA4F3,"The factorization specifies `$Q_2=(T-1)^e\bmod\mathfrak m_RR[T]$` but never quantifies $e$.","The exponent is introduced only in this congruence and must be a positive integer representing the multiplicity of the factor $T-1$.","Add `for some $e\geq1$` to the quantified factorization data.",reported_to_canon_2026-08-23_authority_unchanged_target_pending
ALGEBRA-210,p01,algebra.tex,algebra.tex:8398-8407,FA8BB92E58A4F78A2BD01B3B6A4A87DE0A0D279F5DD90641B574DD5FBFFFA4F3,"The lemma says `The set of elements ... form a $R$-submodule`.","The grammatical subject is the singular noun `set`.","Replace `form` by `forms`.",reported_to_canon_2026-08-23_authority_unchanged_target_pending
ALGEBRA-211,p01,algebra.tex,algebra.tex:8414-8419,FA8BB92E58A4F78A2BD01B3B6A4A87DE0A0D279F5DD90641B574DD5FBFFFA4F3,"The final sentence of the proof ends with a comma immediately before `\end{proof}`.","The sentence and proof terminate there.","Replace the terminal comma by a period.",reported_to_canon_2026-08-23_authority_unchanged_target_pending
ALGEBRA-212,p01,algebra.tex,algebra.tex:8552-8560,FA8BB92E58A4F78A2BD01B3B6A4A87DE0A0D279F5DD90641B574DD5FBFFFA4F3,"From `$Q(g)=g^n+\sum_{j<n}a_jg^j=0$`, the proof writes `$g^n=\sum_{j<n}a_jg^j$`.","Rearranging the defining polynomial equation introduces a minus sign, although the subsequent ideal-membership conclusion is unaffected.","Insert the missing minus sign: `$g^n=-\sum_{j<n}a_jg^j$`.",reported_to_canon_2026-08-23_authority_unchanged_target_pending
ALGEBRA-213,p01,algebra.tex,algebra.tex:8562-8568,FA8BB92E58A4F78A2BD01B3B6A4A87DE0A0D279F5DD90641B574DD5FBFFFA4F3,"For $y=zg$, the proof declares the degree-$n$ scaled polynomial $Q'$ to be the minimal polynomial of $y$ without excluding $z=0$.","If $z=0$, then $y=0$ has minimal polynomial $x$, so the displayed degree-$n$ polynomial need not be minimal; the desired conclusion $z\in\mathfrak p$ is then immediate.","Handle `if $z=0$ there is nothing to prove`; thereafter assume $z\ne0$ before asserting that $Q'$ is the minimal polynomial.",reported_to_canon_2026-08-23_authority_unchanged_target_pending
ALGEBRA-214,p01,algebra.tex,algebra.tex:42770-42775,FA8BB92E58A4F78A2BD01B3B6A4A87DE0A0D279F5DD90641B574DD5FBFFFA4F3,"The conclusion reads `then so is $R'\otimes_RA$ is a filtered colimit`.","The sentence contains two competing predicates (`so is` and `is a filtered colimit`).","Delete `so is`, yielding `then $R'\otimes_RA$ is a filtered colimit ...`.",reported_to_canon_2026-08-23_authority_unchanged_target_pending
ALGEBRA-215,p01,algebra.tex,algebra.tex:42834-42839,FA8BB92E58A4F78A2BD01B3B6A4A87DE0A0D279F5DD90641B574DD5FBFFFA4F3,"The category definition says `and morphisms triples ...`.","The copular verb between `morphisms` and `triples` is missing.","Insert `are`: `and morphisms are triples ...`.",reported_to_canon_2026-08-23_authority_unchanged_target_pending
ALGEBRA-216,p01,algebra.tex,algebra.tex:42882-42893,FA8BB92E58A4F78A2BD01B3B6A4A87DE0A0D279F5DD90641B574DD5FBFFFA4F3,"For `$f:A\to S$` and `$\tau:\kappa(\mathfrak q)\to S/\mathfrak m_S$`, the conclusion writes `$f\bmod\mathfrak q=\tau$`.","The two displayed maps have different domains and codomains; the immediately preceding finite-etale lemma at lines 42611-42613 states the correctly typed residue-field condition.","Replace the formula by `and $f$ induces the map $\tau$ on residue fields`.",reported_to_canon_2026-08-23_authority_unchanged_target_pending
ALGEBRA-217,p01,algebra.tex,algebra.tex:27927-27949,FA8BB92E58A4F78A2BD01B3B6A4A87DE0A0D279F5DD90641B574DD5FBFFFA4F3,"The proof says that for `each $i$`, `$e_{i-1}>A_ie_i+\cdots+A_ne_n$`.","At $i=1$ this invokes undefined $e_0$; the subsequent induction starts with the equation for $e_1$ and therefore needs the inequalities only for $i=2,\ldots,n$.","Replace `for each $i$` by `for $i=2,\ldots,n$`.",reported_to_canon_2026-08-23_authority_unchanged_target_pending
ALGEBRA-218,p01,algebra.tex,algebra.tex:28024-28053,FA8BB92E58A4F78A2BD01B3B6A4A87DE0A0D279F5DD90641B574DD5FBFFFA4F3,"After constructing generators in the stated $\mathbf Z$-subalgebra, the proof says `The last assertion follows from Lemma integral-sub-dim-equal`.","That cited lemma proves the preceding equality $r=\dim S$, whereas the literal last assertion is the $\mathbf Z$-subalgebra choice supplied by the induction and construction.","Replace `The last assertion` by `The assertion that $r$ is the dimension of $S$` (leaving the generator choice to the construction).",reported_to_canon_2026-08-23_authority_unchanged_target_pending
ALGEBRA-219,p01,algebra.tex,algebra.tex:28086-28102,FA8BB92E58A4F78A2BD01B3B6A4A87DE0A0D279F5DD90641B574DD5FBFFFA4F3,"The transformed polynomial is said to be monic in $x_n$ over `$k[x_1,\ldots,x_n]$`.","A polynomial monic in the variable $x_n$ has coefficients in the polynomial ring on the remaining variables; including $x_n$ in the coefficient ring makes the statement vacuous and defeats the following finiteness argument.","Replace the coefficient ring by `$k[x_1,\ldots,x_{n-1}]$`.",reported_to_canon_2026-08-23_authority_unchanged_target_pending
ALGEBRA-220,p01,algebra.tex,algebra.tex:43084-43089,FA8BB92E58A4F78A2BD01B3B6A4A87DE0A0D279F5DD90641B574DD5FBFFFA4F3,"The proof says `Now that triple $(S'',\ldots)$ determines an element`.","The intended demonstrative noun phrase is `the triple`; `that triple` would require different punctuation or context after `Now`.","Replace `Now that triple` by `Now the triple`.",reported_to_canon_2026-08-23_authority_unchanged_target_pending
ALGEBRA-221,p01,algebra.tex,algebra.tex:28373-28380,FA8BB92E58A4F78A2BD01B3B6A4A87DE0A0D279F5DD90641B574DD5FBFFFA4F3,"The proof says `Hence the first equality by Lemma ...`.","The sentence lacks a finite verb.","Use `Hence the first equality follows from Lemma ...`.",reported_to_canon_2026-08-23_authority_unchanged_target_pending
ALGEBRA-222,p01,algebra.tex,algebra.tex:8729-8733,FA8BB92E58A4F78A2BD01B3B6A4A87DE0A0D279F5DD90641B574DD5FBFFFA4F3,"The proof says `The implications (flat) implies (injective) implies ... are all trivial`.","The plural noun `implications` is followed by a chain of singular finite verbs, producing an ungrammatical sentence.","Use `The successive implications (flat) => (injective) => ... are all trivial` (with the existing references).",reported_to_canon_2026-08-23_authority_unchanged_target_pending
ALGEBRA-223,p01,algebra.tex,algebra.tex:8803-8818,FA8BB92E58A4F78A2BD01B3B6A4A87DE0A0D279F5DD90641B574DD5FBFFFA4F3,"With `$L\subset L'\subset R^{\oplus n}$`, the footnote calls `$L'\otimes_RM\to L\otimes_RM$` the obvious map.","Tensoring the given inclusion produces the natural map in the opposite direction, from $L\otimes_RM$ to $L'\otimes_RM$; the claimed commutative inclusions into $M^{\oplus n}$ use that direction.","Reverse the displayed map to `$L\otimes_RM\to L'\otimes_RM$`.",reported_to_canon_2026-08-23_authority_unchanged_target_pending
ALGEBRA-224,p01,algebra.tex,algebra.tex:43229-43288,FA8BB92E58A4F78A2BD01B3B6A4A87DE0A0D279F5DD90641B574DD5FBFFFA4F3,"The equalizer construction says that the map `$F'\to\kappa(\mathfrak p)$` corresponds to `$\mathfrak p'$`.","No $\mathfrak p'$ is defined; the two morphisms have codomain pair $(S',\mathfrak q')$, and the prime $\mathfrak q'$ induces the displayed residue-field map on the fibre $F'$.","Replace `$\mathfrak p'$` by `$\mathfrak q'$`.",reported_to_canon_2026-08-23_authority_unchanged_target_pending
ALGEBRA-225,p01,algebra.tex,algebra.tex:9036-9045,FA8BB92E58A4F78A2BD01B3B6A4A87DE0A0D279F5DD90641B574DD5FBFFFA4F3,"The lemma begins `Suppose that $R$ is a ring, [sequence] a short exact sequence, and $N$ an $R$-module`.","The sequence and module noun phrases both lack a copular verb.","Use `Suppose that $R$ is a ring, that [sequence] is a short exact sequence, and that $N$ is an $R$-module` (or an equivalent `Let ... be` construction).",reported_to_canon_2026-08-23_authority_unchanged_target_pending
ALGEBRA-226,p01,algebra.tex,algebra.tex:9096-9105,FA8BB92E58A4F78A2BD01B3B6A4A87DE0A0D279F5DD90641B574DD5FBFFFA4F3,"`The following are equivalent` runs directly into the enumeration without punctuation.","A colon conventionally introduces the list of equivalent conditions and is used in the surrounding lemmas.","Add a colon after `equivalent`.",reported_to_canon_2026-08-23_authority_unchanged_target_pending
ALGEBRA-227,p01,algebra.tex,algebra.tex:9124-9138,FA8BB92E58A4F78A2BD01B3B6A4A87DE0A0D279F5DD90641B574DD5FBFFFA4F3,"Condition (2) reads `for every nonzero $R$-module $N$, then tensor product ...`.","The conditional adverb `then` is extraneous in an enumerated noun clause, and the noun `tensor product` lacks its article.","Use `for every nonzero $R$-module $N$, the tensor product ...`.",reported_to_canon_2026-08-23_authority_unchanged_target_pending
ALGEBRA-228,p01,algebra.tex,algebra.tex:43342-43361,FA8BB92E58A4F78A2BD01B3B6A4A87DE0A0D279F5DD90641B574DD5FBFFFA4F3,"For the map `$f:A\to S^{sh}$`, the conclusion requires `$f^{-1}(\mathfrak m_{S^h})=\mathfrak q$`.","The codomain is the strict henselization $S^{sh}$, so its maximal ideal—not that of the ordinary henselization $S^h$—has a preimage under $f$.","Replace `$\mathfrak m_{S^h}$` by `$\mathfrak m_{S^{sh}}$`.",reported_to_canon_2026-08-23_authority_unchanged_target_pending
ALGEBRA-229,p01,algebra.tex,algebra.tex:43417-43427,FA8BB92E58A4F78A2BD01B3B6A4A87DE0A0D279F5DD90641B574DD5FBFFFA4F3,"Immediately after defining morphisms of triples $(S,\mathfrak q,\phi)$, the proof calls their category `the category of pairs`.","The objects carry three pieces of data and are consistently called triples in the statement and following sentences.","Replace `category of pairs` by `category of triples`.",reported_to_canon_2026-08-23_authority_unchanged_target_pending
ALGEBRA-230,p01,algebra.tex,algebra.tex:43434-43449,FA8BB92E58A4F78A2BD01B3B6A4A87DE0A0D279F5DD90641B574DD5FBFFFA4F3,"The proof says `Combining the maps the above we get a unique ...`.","The word `the` is stray and the introductory participial phrase should be set off by a comma.","Use `Combining the maps above, we get a unique ...`.",reported_to_canon_2026-08-23_authority_unchanged_target_pending
ALGEBRA-231,p01,algebra.tex,algebra.tex:43455-43463,FA8BB92E58A4F78A2BD01B3B6A4A87DE0A0D279F5DD90641B574DD5FBFFFA4F3,"Two displayed arrows between triples $(S,\mathfrak q,\phi)\to(S',\mathfrak q',\phi')$ are called `morphisms of pairs`.","The extra residue-field embedding is part of the object and its compatibility is required by the immediately preceding definition of morphisms of triples.","Replace `morphisms of pairs` by `morphisms of triples`.",reported_to_canon_2026-08-23_authority_unchanged_target_pending
ALGEBRA-232,p01,algebra.tex,algebra.tex:28762-28773,FA8BB92E58A4F78A2BD01B3B6A4A87DE0A0D279F5DD90641B574DD5FBFFFA4F3,"After defining filtration quotients `$M_i/M_{i-1}\cong S/J_i$` for ideals `$J_i\subset S$`, the proof says it suffices to treat modules `$R/J_i$`.","The ideals $J_i$ need not be ideals of $R$, so $R/J_i$ is generally undefined; the next sentence correctly reduces to $M=S/J$.","Replace `$R/J_i$` by `$S/J_i$`.",reported_to_canon_2026-08-23_authority_unchanged_target_pending
ALGEBRA-233,p01,algebra.tex,algebra.tex:9486-9507,FA8BB92E58A4F78A2BD01B3B6A4A87DE0A0D279F5DD90641B574DD5FBFFFA4F3,"The lemma uses `$M/IM$`, `$V(I)$`, and `$I\subset\mathfrak p$` without introducing $I$.","The statement and proof require $I$ to be an ideal of the base ring $R$.","Add `Let $I\subset R$ be an ideal` to the lemma hypotheses (or explicitly to item (1)).",reported_to_canon_2026-08-23_authority_unchanged_target_pending
ALGEBRA-234,p01,algebra.tex,algebra.tex:43820-43832,FA8BB92E58A4F78A2BD01B3B6A4A87DE0A0D279F5DD90641B574DD5FBFFFA4F3,"The proof says `since filtered colimit commute with tensor products`.","The generic noun should be plural to agree with `commute`, or singular with an article and `commutes`.","Use `since filtered colimits commute with tensor products`.",reported_to_canon_2026-08-23_authority_unchanged_target_pending
ALGEBRA-235,p01,algebra.tex,algebra.tex:9518-9522,FA8BB92E58A4F78A2BD01B3B6A4A87DE0A0D279F5DD90641B574DD5FBFFFA4F3,"The exposition says `Denote $x\in X$ the point corresponding ... and $x'$ ... the point`.","The construction is ungrammatical in English; the points should be introduced with `let`/`denote ... by`.","Use `Let $x\in X$ be the point ... and $x'\in X$ the point ...` (or equivalent).",reported_to_canon_2026-08-23_authority_unchanged_target_pending
ALGEBRA-236,p01,algebra.tex,algebra.tex:9531-9542,FA8BB92E58A4F78A2BD01B3B6A4A87DE0A0D279F5DD90641B574DD5FBFFFA4F3,"Both definition items say `We say a $\varphi:R\to S$ satisfies ...`.","The named map is preceded by an extraneous indefinite article.","Use `We say $\varphi:R\to S$ satisfies ...` in both items.",reported_to_canon_2026-08-23_authority_unchanged_target_pending
ALGEBRA-237,p01,algebra.tex,algebra.tex:9550-9552,FA8BB92E58A4F78A2BD01B3B6A4A87DE0A0D279F5DD90641B574DD5FBFFFA4F3,"The overview begins `So far we have see the following cases`.","The past participle is missing: after `have` the verb must be `seen`.","Replace `see` by `seen`.",reported_to_canon_2026-08-23_authority_unchanged_target_pending
ALGEBRA-238,p01,algebra.tex,algebra.tex:9557-9559,FA8BB92E58A4F78A2BD01B3B6A4A87DE0A0D279F5DD90641B574DD5FBFFFA4F3,"The item ending at the cross-reference `Lemma \ref{lemma-flat-going-down}` has no terminal punctuation.","The enumeration continues after the reference; a period is required before the next item.","Add a period after the lemma reference.",reported_to_canon_2026-08-23_authority_unchanged_target_pending
ALGEBRA-239,p01,algebra.tex,algebra.tex:9611-9615,FA8BB92E58A4F78A2BD01B3B6A4A87DE0A0D279F5DD90641B574DD5FBFFFA4F3,"The proof ends with the reference `Topology, Lemma \ref{topology-lemma-lift-specialization-composition}` without punctuation.","The proof sentence needs a terminal period.","Add a period after the lemma reference.",reported_to_canon_2026-08-23_authority_unchanged_target_pending
ALGEBRA-240,p01,algebra.tex,algebra.tex:9633-9639,FA8BB92E58A4F78A2BD01B3B6A4A87DE0A0D279F5DD90641B574DD5FBFFFA4F3,"The sentence says `we see there exists a $\mathfrak p'\in T$`.","The existential clause requires the complementizer `that`.","Use `we see that there exists ...`.",reported_to_canon_2026-08-23_authority_unchanged_target_pending
ALGEBRA-241,p01,algebra.tex,algebra.tex:9708-9718,FA8BB92E58A4F78A2BD01B3B6A4A87DE0A0D279F5DD90641B574DD5FBFFFA4F3,"A proposition proof says `Thus to prove the lemma ...`.","The enclosing environment is a proposition, not a lemma.","Replace `the lemma` by `the proposition`.",reported_to_canon_2026-08-23_authority_unchanged_target_pending
ALGEBRA-242,p01,algebra.tex,algebra.tex:9839-9844,FA8BB92E58A4F78A2BD01B3B6A4A87DE0A0D279F5DD90641B574DD5FBFFFA4F3,"The proof says `all the elements ... are all invertible`.","The quantifier `all` is duplicated.","Delete the second `all`: `all the elements ... are invertible`.",reported_to_canon_2026-08-23_authority_unchanged_target_pending
ALGEBRA-243,p01,algebra.tex,algebra.tex:9851-9863,FA8BB92E58A4F78A2BD01B3B6A4A87DE0A0D279F5DD90641B574DD5FBFFFA4F3,"The proof introduces `$\mathfrak q'\subset S$` and immediately continues `be a prime ...` without sentence punctuation.","The first sentence/imperative needs punctuation before the following `Then` sentence; the target supplies it.","Terminate the introduction after `$\mathfrak q'\in\operatorname{Supp}(N)$` with a period.",reported_to_canon_2026-08-23_authority_unchanged_target_pending
ALGEBRA-244,p01,algebra.tex,algebra.tex:10403-10405,FA8BB92E58A4F78A2BD01B3B6A4A87DE0A0D279F5DD90641B574DD5FBFFFA4F3,"In the proof of lemma-characterize-separable-field-extensions, the active variables are $d$ and $x_{d+1}$, but the invocation of lemma-mini-separability states 1 <= j <= n + 1; no n is defined in this proof.","The mini-separability lemma is being applied to the d+1 generators, so the displayed bound appears to carry an undefined variable from the preceding lemma; the source may intend d+1.","Canon review: determine whether n + 1 should be d + 1; the French target preserves the authority text pending adjudication.",suspected
ALGEBRA-245,p01,algebra.tex,algebra.tex:13070-13074 and 13154-13158,FA8BB92E58A4F78A2BD01B3B6A4A87DE0A0D279F5DD90641B574DD5FBFFFA4F3,"In two split short exact sequences $0 \to M' \to M \to M'' \to 0$, the text states $M \cong M' \oplus M'$ rather than using the quotient term $M''$.","Both passages invoke a splitting and immediately use rank(M) = rank(M') + rank(M''); a splitting yields M isomorphic to M' direct-sum M'', not two copies of M'.","At both algebra.tex:13073 and algebra.tex:13157 replace the second $M'$ in $M \cong M' \oplus M'$ by $M''$.",reported_to_canon_2026-08-23_authority_unchanged_target_pending
ALGEBRA-246,p01,algebra.tex,algebra.tex:14046-14048,FA8BB92E58A4F78A2BD01B3B6A4A87DE0A0D279F5DD90641B574DD5FBFFFA4F3,"The lemma says `Then there exists a constants $c_1, c_2$`.","The singular determiner `a` is incompatible with plural `constants`; the mathematical statement requires two constants.","Replace `there exists a constants` by `there exist constants`.",reported_to_canon_2026-08-23_authority_unchanged_target_reader_prose_corrected
ALGEBRA-247,p01,algebra.tex,algebra.tex:14331-14343,FA8BB92E58A4F78A2BD01B3B6A4A87DE0A0D279F5DD90641B574DD5FBFFFA4F3,"The displayed prime chain ends with a period and the following line is the fragment `of length $n$.`.","The phrase `of length $n$` modifies the displayed chain and cannot stand as a sentence after the display has already been terminated.","Either remove the period inside the display so `of length $n$` continues the sentence or rewrite the following line as `This chain has length $n$.`.",reported_to_canon_2026-08-23_authority_unchanged_target_reader_prose_corrected
ALGEBRA-248,p01,algebra.tex,algebra.tex:14483-14487,FA8BB92E58A4F78A2BD01B3B6A4A87DE0A0D279F5DD90641B574DD5FBFFFA4F3,"The proof says `follows from directly the definitions`.","The adverb is misplaced in standard English.","Use `follows directly from the definitions`.",reported_to_canon_2026-08-23_authority_unchanged_target_reader_prose_corrected
ALGEBRA-249,p01,algebra.tex,algebra.tex:14594-14596,FA8BB92E58A4F78A2BD01B3B6A4A87DE0A0D279F5DD90641B574DD5FBFFFA4F3,"The proof concludes `Reading back the reader will see we proved the circular inequalities as desired.`.","The opening participial phrase is malformed and the object being reread is unstated.","Use `Reading the proof backwards, the reader will see that we proved the desired circular inequalities.` or an equivalent grammatical sentence.",reported_to_canon_2026-08-23_authority_unchanged_target_reader_prose_corrected
ALGEBRA-250,p01,algebra.tex,algebra.tex:14790-14805,FA8BB92E58A4F78A2BD01B3B6A4A87DE0A0D279F5DD90641B574DD5FBFFFA4F3,"The equivalence list ends with the literal unfinished item `add more here`.","The placeholder is not a mathematical assertion, while the proof establishes equivalence only for conditions (1) through (7).","Delete the placeholder eighth item, or replace it with a genuine equivalent condition and extend the proof accordingly.",reported_to_canon_2026-08-23_authority_unchanged_target_placeholder_translated_literally
ALGEBRA-251,p01,algebra.tex,algebra.tex:14960-14966 and 15016-15021,FA8BB92E58A4F78A2BD01B3B6A4A87DE0A0D279F5DD90641B574DD5FBFFFA4F3,"Two lemma openings say `Let $R$, $M$, $M_i$, $\mathfrak p_i$ as in ...`.","Both sentences omit the verb `be` after the list of mathematical objects.","At both loci use `Let ... be as in Lemma ...`.",reported_to_canon_2026-08-23_authority_unchanged_target_reader_prose_corrected
ALGEBRA-252,p01,algebra.tex,algebra.tex:14949-14957,FA8BB92E58A4F78A2BD01B3B6A4A87DE0A0D279F5DD90641B574DD5FBFFFA4F3,"The second proof says `there is a maximal counter example $J$`.","The standard English noun is the single word `counterexample`.","Replace `counter example` by `counterexample`.",reported_to_canon_2026-08-23_authority_unchanged_target_reader_prose_corrected
ALGEBRA-253,p01,algebra.tex,algebra.tex:15138-15149,FA8BB92E58A4F78A2BD01B3B6A4A87DE0A0D279F5DD90641B574DD5FBFFFA4F3,"The proof says `the annilator of the image`.","`annilator` is a typographical error for `annihilator`.","Replace `annilator` by `annihilator`.",reported_to_canon_2026-08-23_authority_unchanged_target_reader_prose_corrected
ALGEBRA-254,p01,algebra.tex,algebra.tex:15296-15308,FA8BB92E58A4F78A2BD01B3B6A4A87DE0A0D279F5DD90641B574DD5FBFFFA4F3,"The lemma opens `Let $R$ is a Noetherian local ring`.","The imperative construction requires `be`, not `is`.","Replace `Let $R$ is` by `Let $R$ be`.",reported_to_canon_2026-08-23_authority_unchanged_target_reader_prose_corrected
ALGEBRA-255,p01,algebra.tex,algebra.tex:15436-15447,FA8BB92E58A4F78A2BD01B3B6A4A87DE0A0D279F5DD90641B574DD5FBFFFA4F3,"The Noetherian localization proof quantifies `for $\mathfrak p \in R$, $S \cap \mathfrak p = \emptyset$` even though $\mathfrak p$ is used as a prime ideal and as a localization index.","A prime ideal is not an element of the underlying ring; the condition and localization identity require a prime of $R$ disjoint from $S$.","Use `for $\mathfrak p \in \Spec(R)$ with $S \cap \mathfrak p = \emptyset$` or the equivalent prime-ideal wording.",reported_to_canon_2026-08-23_authority_unchanged_target_math_retained_pending_adjudication
ALGEBRA-256,p01,algebra.tex,algebra.tex:15518-15520,FA8BB92E58A4F78A2BD01B3B6A4A87DE0A0D279F5DD90641B574DD5FBFFFA4F3,"The reader contains the editorial note `This lemma should probably be put somewhere else.`.","This is an unresolved source-maintenance instruction rather than mathematical exposition.","Move the lemma to its intended location or remove the editorial note after disposition.",reported_to_canon_2026-08-23_authority_unchanged_target_editorial_note_translated_literally
ALGEBRA-257,p01,algebra.tex,algebra.tex:15577-15582,FA8BB92E58A4F78A2BD01B3B6A4A87DE0A0D279F5DD90641B574DD5FBFFFA4F3,"The lemma opens `Let $R \to S$ be flat ring map.`.","The singular count noun `ring map` requires an article.","Use `Let $R \to S$ be a flat ring map.`.",reported_to_canon_2026-08-23_authority_unchanged_target_reader_prose_corrected
ALGEBRA-258,p01,algebra.tex,algebra.tex:15624-15630,FA8BB92E58A4F78A2BD01B3B6A4A87DE0A0D279F5DD90641B574DD5FBFFFA4F3,"The definition of $A'$ writes $\text{Ass}_{S \otimes \kappa(\mathfrak p)}(N \otimes_R \kappa(\mathfrak p))$.","The fibre ring is the tensor product over $R$, as the immediately following canonical map correctly writes $\Spec(S \otimes_R \kappa(\mathfrak p))$; omitting the base leaves the tensor product underspecified.","Insert the missing base: $S \otimes_R \kappa(\mathfrak p)$ in the Ass subscript.",reported_to_canon_2026-08-23_authority_unchanged_target_math_retained_pending_adjudication
ALGEBRA-259,p01,algebra.tex,algebra.tex:15642-15655,FA8BB92E58A4F78A2BD01B3B6A4A87DE0A0D279F5DD90641B574DD5FBFFFA4F3,"The comparison lemma inventories $A$, $A'$, $A_{fin}$, $B$, and $B_{fin}$ but omits $A'_{fin}$, which its conclusions use repeatedly.","All six subsets were introduced immediately above and the lemma claims relations among all six; the inventory is incomplete.","Insert $A'_{fin}$ between $A_{fin}$ and $B$ in the introductory list.",reported_to_canon_2026-08-23_authority_unchanged_target_math_retained_pending_adjudication
ALGEBRA-260,p01,algebra.tex,algebra.tex:15666-15676,FA8BB92E58A4F78A2BD01B3B6A4A87DE0A0D279F5DD90641B574DD5FBFFFA4F3,"The proof says `This prove that $A = A'$.`.","The singular demonstrative subject requires `proves`, not `prove`.","Replace `This prove` by `This proves`.",reported_to_canon_2026-08-23_authority_unchanged_target_reader_prose_corrected
ALGEBRA-261,p01,algebra.tex,algebra.tex:15707-15719,FA8BB92E58A4F78A2BD01B3B6A4A87DE0A0D279F5DD90641B574DD5FBFFFA4F3,"After establishing that $N/\mathfrak p'N$ is flat over $R/\mathfrak p'$, the proof says every nonzero element is a nonzerodivisor on $N/\mathfrak p'$.","The quotient module throughout the argument is $N/\mathfrak p'N$; $N/\mathfrak p'$ omits the required factor $N$ in the submodule and is not the stated module.","Replace $N/\mathfrak p'$ by $N/\mathfrak p'N$.",reported_to_canon_2026-08-23_authority_unchanged_target_math_retained_pending_adjudication
ALGEBRA-262,p01,algebra.tex,algebra.tex:15818-15829,FA8BB92E58A4F78A2BD01B3B6A4A87DE0A0D279F5DD90641B574DD5FBFFFA4F3,"The contradiction writes $\mathfrak qS_{\mathfrak q} \in \text{Ass}_S((M \otimes_R N)_{\mathfrak q})$.","The ideal $\mathfrak qS_{\mathfrak q}$ is a prime of the localized ring $S_{\mathfrak q}$, not an ideal of $S$; the same proof correctly uses $\text{Ass}_{S_{\mathfrak q}}$ at line 15809.","Replace the operator subscript $S$ by $S_{\mathfrak q}$.",reported_to_canon_2026-08-23_authority_unchanged_target_math_retained_pending_adjudication
ALGEBRA-263,p01,algebra.tex,algebra.tex:15773-15783 and 15879-15894,FA8BB92E58A4F78A2BD01B3B6A4A87DE0A0D279F5DD90641B574DD5FBFFFA4F3,"Two lemma hypotheses say `flat as $R$-module`.","The singular count noun requires the article `an`: `flat as an $R$-module`.","Insert `an` at both occurrences.",reported_to_canon_2026-08-23_authority_unchanged_target_reader_prose_corrected
ALGEBRA-264,p01,algebra.tex,algebra.tex:15905-15918,FA8BB92E58A4F78A2BD01B3B6A4A87DE0A0D279F5DD90641B574DD5FBFFFA4F3,"The remark ends with the fragment `The first equality by Lemma ... and the second by Lemma ...`.","Both coordinated clauses lack a finite verb.","Use `The first equality follows from Lemma ... and the second from Lemma ...`.",reported_to_canon_2026-08-23_authority_unchanged_target_reader_prose_corrected
ALGEBRA-265,p01,algebra.tex,algebra.tex:15812-15817,FA8BB92E58A4F78A2BD01B3B6A4A87DE0A0D279F5DD90641B574DD5FBFFFA4F3,"The displayed localization identity ends without punctuation immediately before the new sentence beginning `If`.","The display completes the sentence `Note that ...`; it needs terminal punctuation before the following conditional sentence.","Add a period to the end of the displayed identity.",reported_to_canon_2026-08-23_authority_unchanged_target_source_punctuation_retained_for_exact_math_replay
ALGEBRA-266,p01,algebra.tex,algebra.tex:28903-28906,FA8BB92E58A4F78A2BD01B3B6A4A87DE0A0D279F5DD90641B574DD5FBFFFA4F3,"The proof says `Choose any valuation ring ... (which exist by Lemma ...)`.","The relative pronoun refers to the singular noun `ring`, so the verb must be singular.","Replace `which exist` by `which exists`, or recast as `such a ring exists`.",reported_to_canon_2026-08-23_authority_unchanged_target_reader_prose_corrected
ALGEBRA-267,p01,algebra.tex,algebra.tex:28934-28937,FA8BB92E58A4F78A2BD01B3B6A4A87DE0A0D279F5DD90641B574DD5FBFFFA4F3,"Condition (4) runs `a finite ring map ... which is not an isomorphism whose kernel and cokernel ... such that ...`.","The unpunctuated relative-clause chain can grammatically attach `whose kernel` to `isomorphism` and obscures which hypotheses modify the map.","Insert commas or recast: `a finite ring map ... which is not an isomorphism, whose kernel and cokernel are ..., and such that ...`.",reported_to_canon_2026-08-23_authority_unchanged_target_reader_prose_clarified
ALGEBRA-268,p01,algebra.tex,algebra.tex:28991-28994,FA8BB92E58A4F78A2BD01B3B6A4A87DE0A0D279F5DD90641B574DD5FBFFFA4F3,"The proof says that the map is an isomorphism `in the generic point`.","The standard English preposition for a stalk or localization at a point is `at`.","Replace `in the generic point` by `at the generic point`.",reported_to_canon_2026-08-23_authority_unchanged_target_reader_prose_corrected
ALGEBRA-269,p01,algebra.tex,algebra.tex:29072-29078,FA8BB92E58A4F78A2BD01B3B6A4A87DE0A0D279F5DD90641B574DD5FBFFFA4F3,"The remark assumes only that $R$ is semilocal and then applies Lemma \\ref{lemma-nonregular-dimension-one} directly to $(R, \\mathfrak m)$.","That lemma assumes its ring is local. Applying it to $R_{\\mathfrak m}$ does not by itself produce the asserted finite global extension $R \\subset R_1$; a globalization or blow-up argument is missing.","Either assume $R$ local, or supply and cite the finite global blow-up/descent construction that produces $R \\subset R_1$ from the local modification.",reported_to_canon_2026-08-23_authority_unchanged_target_source_logic_retained_pending_adjudication
ALGEBRA-270,p01,algebra.tex,algebra.tex:29098-29100,FA8BB92E58A4F78A2BD01B3B6A4A87DE0A0D279F5DD90641B574DD5FBFFFA4F3,"The remark ends with the literal editorial placeholder `(insert future reference here)` after a claim about completions at all maximal ideals.","The reader contains no supporting reference, and the phrasing `completion ... in all of its maximal ideals` is semantically imprecise for the family of maximal-adic completions.","Supply the intended reference and say `if the completion of $R$ at each maximal ideal is reduced`, or remove the unsupported parenthetical after verification.",reported_to_canon_2026-08-23_authority_unchanged_target_editorial_placeholder_translated_literally
ALGEBRA-271,p01,algebra.tex,algebra.tex:29114-29116,FA8BB92E58A4F78A2BD01B3B6A4A87DE0A0D279F5DD90641B574DD5FBFFFA4F3,"The unique expression of a nonzero element is written $u\\pi^n$ with $u$ a unit, but the range of $n$ is not stated.","For elements of the valuation ring the exponent is a nonnegative integer; without that qualifier the uniqueness statement is formally incomplete.","Add `$n \\in \\mathbf Z_{\\geq 0}$` to the sentence.",reported_to_canon_2026-08-23_authority_unchanged_target_qualifier_omission_retained_pending_adjudication
ALGEBRA-272,p01,algebra.tex,algebra.tex:29129-29135,FA8BB92E58A4F78A2BD01B3B6A4A87DE0A0D279F5DD90641B574DD5FBFFFA4F3,"The associated graded ring is written `$\\bigoplus \\mathfrak m^n/\\mathfrak m^{n + 1}$ is isomorphic to $A/\\mathfrak m[T]$`.","The polynomial ring over the residue field is $(A/\\mathfrak m)[T]`; the printed expression can instead be parsed as a quotient by the ill-typed ideal $\\mathfrak m[T]$. The direct-sum index is also left implicit.","Write `$\\bigoplus_{n \\geq 0} \\mathfrak m^n/\\mathfrak m^{n + 1}$ is isomorphic to $(A/\\mathfrak m)[T]$`.",reported_to_canon_2026-08-23_authority_unchanged_target_math_retained_pending_adjudication
ALGEBRA-273,p01,algebra.tex,algebra.tex:29192-29195,FA8BB92E58A4F78A2BD01B3B6A4A87DE0A0D279F5DD90641B574DD5FBFFFA4F3,"The proof says `$M$ generates ... as a vectors space`.","The compound noun requires singular attributive `vector`.","Replace `a vectors space` by `a vector space`.",reported_to_canon_2026-08-23_authority_unchanged_target_reader_prose_corrected
ALGEBRA-274,p01,algebra.tex,algebra.tex:29221-29225,FA8BB92E58A4F78A2BD01B3B6A4A87DE0A0D279F5DD90641B574DD5FBFFFA4F3,"The displayed strict chain contains `$N_2 \\subset \\ldots N_k$`.","The relation between the ellipsis and $N_k$ is omitted, so the displayed chain is syntactically incomplete.","Insert the missing relation: `$N_2 \\subset \\ldots \\subset N_k$`.",reported_to_canon_2026-08-23_authority_unchanged_target_math_retained_pending_adjudication
ALGEBRA-275,p01,algebra.tex,algebra.tex:29259-29263,FA8BB92E58A4F78A2BD01B3B6A4A87DE0A0D279F5DD90641B574DD5FBFFFA4F3,"The proof says `The structural results on Artinian rings implies parts (1) and (2)`.","The plural subject `results` requires the plural verb `imply`.","Replace `implies` by `imply`.",reported_to_canon_2026-08-23_authority_unchanged_target_reader_prose_corrected
ALGEBRA-276,p01,algebra.tex,algebra.tex:29311-29318,FA8BB92E58A4F78A2BD01B3B6A4A87DE0A0D279F5DD90641B574DD5FBFFFA4F3,"The lemma states `Then there exists discrete valuation ring $A$`.","The singular count noun `ring` requires an article.","Insert `a`: `there exists a discrete valuation ring $A$`.",reported_to_canon_2026-08-23_authority_unchanged_target_reader_prose_corrected
ALGEBRA-277,p01,algebra.tex,algebra.tex:29363-29364,FA8BB92E58A4F78A2BD01B3B6A4A87DE0A0D279F5DD90641B574DD5FBFFFA4F3,"Prime means only that $(x)$ is prime.","In a domain $(0)$ is prime, so $0$ becomes a prime element; the multiplicative set generated by prime elements at 29591 would then contain $0$, contradicting the asserted fraction-field localization.","Require $x$ to be nonzero in the definition of prime element.",reported_to_canon_2026-08-24_authority_unchanged_target_source_logic_retained_pending_adjudication
ALGEBRA-278,p01,algebra.tex,algebra.tex:29377,FA8BB92E58A4F78A2BD01B3B6A4A87DE0A0D279F5DD90641B574DD5FBFFFA4F3,"The proof takes $f,g\in A$ although the ambient ring is $R$.","$A$ is undefined in the lemma; both multipliers arise from equality of ideals in $R$.","Replace $f,g\in A$ by $f,g\in R$.",reported_to_canon_2026-08-24_authority_unchanged_target_math_retained_pending_adjudication
ALGEBRA-279,p01,algebra.tex,algebra.tex:29374-29379,FA8BB92E58A4F78A2BD01B3B6A4A87DE0A0D279F5DD90641B574DD5FBFFFA4F3,"From $x=fgx$ the proof cancels $x$ and concludes $fg=1$.","The lemma includes $x=y=0$, where cancellation is invalid, although the conclusion still holds because $0$ and $0$ are associates.","Handle $x=0$ separately; then $y=0$ and the unit $1$ witnesses association. Otherwise cancel $x$.",reported_to_canon_2026-08-24_authority_unchanged_target_source_logic_retained_pending_adjudication
ALGEBRA-280,p01,algebra.tex,algebra.tex:29395-29402,FA8BB92E58A4F78A2BD01B3B6A4A87DE0A0D279F5DD90641B574DD5FBFFFA4F3,"The nonfactorization proof claims $x=yz$ may be chosen with neither $y$ nor $z$ irreducible or a unit.","Nonirreducibility of $x$ guarantees a factorization with both factors nonunits, but one factor may itself be irreducible; only the fact that at least one factor lacks an irreducible factorization is needed.","Say only that neither $y$ nor $z$ is a unit, then choose a factor which lacks an irreducible factorization.",reported_to_canon_2026-08-24_authority_unchanged_target_source_logic_retained_pending_adjudication
ALGEBRA-281,p01,algebra.tex,algebra.tex:29434-29442,FA8BB92E58A4F78A2BD01B3B6A4A87DE0A0D279F5DD90641B574DD5FBFFFA4F3,"The UFD proof chooses irreducible factorizations of $a$, $b$, and $c$ without qualification.","The UFD axiom supplies such factorizations only for nonzero nonunits, while $ab=cx$ permits zero and unit cases.","Dispose first of $a=0$ or $b=0$, and treat units by the empty-factorization convention before invoking uniqueness.",reported_to_canon_2026-08-24_authority_unchanged_target_source_logic_retained_pending_adjudication
ALGEBRA-282,p01,algebra.tex,algebra.tex:29448-29455,FA8BB92E58A4F78A2BD01B3B6A4A87DE0A0D279F5DD90641B574DD5FBFFFA4F3,"After cancelling associated factors, the proof prints $a_2\ldots a_n=u b_2\ldots b_m$.","The original sides have $m$ and $n$ factors respectively; swapping the endpoints presupposes the equality $m=n$ that the induction is proving.","Replace the formula by $a_2\ldots a_m=u b_2\ldots b_n$ and state how the unit is absorbed in the induction.",reported_to_canon_2026-08-24_authority_unchanged_target_math_retained_pending_adjudication
ALGEBRA-283,p01,algebra.tex,algebra.tex:29549-29553,FA8BB92E58A4F78A2BD01B3B6A4A87DE0A0D279F5DD90641B574DD5FBFFFA4F3,"The ACC proof immediately factors $a_1$.","An ascending chain may begin with the zero ideal, whose generator has no prime factorization.","If every term is zero, stop; otherwise discard the finite initial zero segment and begin with the first nonzero generator.",reported_to_canon_2026-08-24_authority_unchanged_target_source_logic_retained_pending_adjudication
ALGEBRA-284,p01,algebra.tex,algebra.tex:29563-29574,FA8BB92E58A4F78A2BD01B3B6A4A87DE0A0D279F5DD90641B574DD5FBFFFA4F3,"The polynomial ACC proof immediately compares degrees and leading coefficients of all $f_n$.","An ascending chain may begin with zero polynomials, for which degree and leading coefficient are unavailable.","Treat the all-zero chain separately and otherwise discard its finite initial zero segment.",reported_to_canon_2026-08-24_authority_unchanged_target_source_logic_retained_pending_adjudication
ALGEBRA-285,p01,algebra.tex,algebra.tex:29583-29595,FA8BB92E58A4F78A2BD01B3B6A4A87DE0A0D279F5DD90641B574DD5FBFFFA4F3,"The proof says every element of $R[x]$ factors into irreducibles and every nonunit of $R$ is a product of primes.","Both assertions wrongly include $0$ and exceed the cited factorization lemma; the second assertion is used to identify $S^{-1}R$ with the fraction field.","Insert 'nonzero nonunit' in both assertions.",reported_to_canon_2026-08-24_authority_unchanged_target_source_logic_retained_pending_adjudication
ALGEBRA-286,p01,algebra.tex,algebra.tex:29605-29610,FA8BB92E58A4F78A2BD01B3B6A4A87DE0A0D279F5DD90641B574DD5FBFFFA4F3,"The normality proof writes every integral fraction $x$ as a unit times powers of irreducibles.","That representation applies only to nonzero $x$, while $x=0$ is also integral.","Begin with 'If $x=0$ there is nothing to prove'; then assume $x$ is nonzero.",reported_to_canon_2026-08-24_authority_unchanged_target_source_logic_retained_pending_adjudication
ALGEBRA-287,p01,algebra.tex,algebra.tex:29652-29657,FA8BB92E58A4F78A2BD01B3B6A4A87DE0A0D279F5DD90641B574DD5FBFFFA4F3,"The PID-to-Dedekind proof says element factorizations become factorizations into primes.","The Dedekind definition requires products of prime ideals, not an unspecified product of prime elements.","Say that a factorization of a nonzero principal ideal yields the corresponding product of principal prime ideals; include the empty product for the unit ideal.",reported_to_canon_2026-08-24_authority_unchanged_target_reader_prose_clarified
ALGEBRA-288,p01,algebra.tex,algebra.tex:29696-29704,FA8BB92E58A4F78A2BD01B3B6A4A87DE0A0D279F5DD90641B574DD5FBFFFA4F3,"The Dedekind proof takes an arbitrary prime $\mathfrak p$ and asserts $\mathfrak p\ne\mathfrak p^2$, then chooses $x\in\mathfrak p\setminus\mathfrak p^2$.","The zero prime of a domain satisfies $\mathfrak p=\mathfrak p^2$, and the Dedekind factorization axiom applies only to nonzero ideals.","Treat $\mathfrak p=(0)$ separately as finitely generated, and thereafter take $\mathfrak p$ nonzero.",reported_to_canon_2026-08-24_authority_unchanged_target_source_logic_retained_pending_adjudication
ALGEBRA-289,p01,algebra.tex,algebra.tex:29713-29717,FA8BB92E58A4F78A2BD01B3B6A4A87DE0A0D279F5DD90641B574DD5FBFFFA4F3,"From $(1-by)y=ax$ the proof immediately concludes $y\in(x)R_{\mathfrak p}$.","The implication requires $1-by$ to be invertible; it is invertible because $by\in\mathfrak pR_{\mathfrak p}$, but this step is unstated.","Add that $by\in\mathfrak pR_{\mathfrak p}$, hence $1-by$ is a unit in the local ring $R_{\mathfrak p}$.",reported_to_canon_2026-08-24_authority_unchanged_target_source_logic_retained_pending_adjudication
ALGEBRA-290,p01,algebra.tex,algebra.tex:29727-29729,FA8BB92E58A4F78A2BD01B3B6A4A87DE0A0D279F5DD90641B574DD5FBFFFA4F3,"The conclusion names $R_{\mathfrak m}$ but quantifies every prime ideal $\mathfrak p$, including $\mathfrak p=(0)$.","The localization variable is inconsistent, and the DVR claim used in condition (2) concerns nonzero primes or maximal ideals.","Write $R_{\mathfrak p}$ is a DVR for every nonzero prime $\mathfrak p$, or consistently use $R_{\mathfrak m}$ for every nonzero maximal $\mathfrak m$.",reported_to_canon_2026-08-24_authority_unchanged_target_math_retained_pending_adjudication
ALGEBRA-291,p01,algebra.tex,algebra.tex:29734-29738,FA8BB92E58A4F78A2BD01B3B6A4A87DE0A0D279F5DD90641B574DD5FBFFFA4F3,"The factorization argument starts with an arbitrary ideal $I$.","The zero ideal is outside the Dedekind factorization requirement, while $I=R$ is not prime and is contained in no maximal ideal, so the next selection of $\mathfrak p$ fails.","Take $I$ nonzero; dispose of $I=R$ by the empty product, then assume $I$ is proper.",reported_to_canon_2026-08-24_authority_unchanged_target_source_logic_retained_pending_adjudication
ALGEBRA-292,p01,algebra.tex,algebra.tex:29738-29746,FA8BB92E58A4F78A2BD01B3B6A4A87DE0A0D279F5DD90641B574DD5FBFFFA4F3,"Noetherian induction is invoked for $J=(I:\mathfrak p)$ without proving $J$ strictly contains $I$.","Strict containment is required to apply induction on larger ideals; $J\mathfrak p=I$ alone does not state it.","At $\mathfrak p$, write $I_{\mathfrak p}=(\pi^n)$ with $n\ge1$ and observe $J_{\mathfrak p}=(\pi^{n-1})\supsetneq I_{\mathfrak p}$.",reported_to_canon_2026-08-24_authority_unchanged_target_source_logic_retained_pending_adjudication
ALGEBRA-293,p01,algebra.tex,algebra.tex:29745-29747,FA8BB92E58A4F78A2BD01B3B6A4A87DE0A0D279F5DD90641B574DD5FBFFFA4F3,"The proof explicitly omits uniqueness of prime-ideal factorization.","Uniqueness is part of the definition of a Dedekind domain, so existence alone does not establish the implication to condition (1).","Supply uniqueness by localizing both factorizations at each nonzero maximal ideal and comparing DVR valuation exponents.",reported_to_canon_2026-08-24_authority_unchanged_target_source_omission_retained_pending_adjudication
ALGEBRA-294,p01,algebra.tex,algebra.tex:29518-29535,FA8BB92E58A4F78A2BD01B3B6A4A87DE0A0D279F5DD90641B574DD5FBFFFA4F3,"Both directions in the Nagata proof infer divisibility by $p_1\cdots p_r$ from the statement that each $p_i$ divides the same element.","If prime factors repeat, individual divisibility does not preserve multiplicity; for example $p$ divides $y$ does not imply $p^2$ divides $y$.","Divide and cancel the prime factors successively, updating the remaining equality after each cancellation.",reported_to_canon_2026-08-24_authority_unchanged_target_source_logic_retained_pending_adjudication
ALGEBRA-295,p01,algebra.tex,algebra.tex:29637-29644,FA8BB92E58A4F78A2BD01B3B6A4A87DE0A0D279F5DD90641B574DD5FBFFFA4F3,"The Dedekind definition quantifies every nonzero ideal but writes only a product of prime ideals without specifying the empty product.","The unit ideal $R$ is nonzero and cannot be a positive product of proper prime ideals.","Allow $r=0$ explicitly and declare the empty product to be $R$.",reported_to_canon_2026-08-24_authority_unchanged_target_source_definition_retained_pending_adjudication
ALGEBRA-296,p01,algebra.tex,algebra.tex:29763-29766,FA8BB92E58A4F78A2BD01B3B6A4A87DE0A0D279F5DD90641B574DD5FBFFFA4F3,"The proof applies the Dedekind characterization after establishing only Noetherianity and dimension one.","The cited characterization also requires normality; $B$ is normal because it is the integral closure and its fraction field is $L$, but that step is absent.","Add that $\operatorname{Frac}(B)=L$ and that, as the integral closure of $A$ in $L$, $B$ is integrally closed and hence normal.",reported_to_canon_2026-08-24_authority_unchanged_target_source_logic_retained_pending_adjudication
ALGEBRA-297,p01,algebra.tex,algebra.tex:29441-29442,FA8BB92E58A4F78A2BD01B3B6A4A87DE0A0D279F5DD90641B574DD5FBFFFA4F3,"The list of possible associates is printed as '$a_1,\ldots,b_m$'.","This omits the endpoint $a_n$ and merges two distinct factor lists, obscuring the dichotomy needed for $a\in(x)$ or $b\in(x)$.","Write '$a_1,\ldots,a_n,b_1,\ldots,b_m$'.",reported_to_canon_2026-08-24_authority_unchanged_target_math_retained_pending_adjudication
ALGEBRA-298,p01,algebra.tex,algebra.tex:29868-29875;29937-29942,FA8BB92E58A4F78A2BD01B3B6A4A87DE0A0D279F5DD90641B574DD5FBFFFA4F3,"The quotient expressions are printed without grouping: $M/M \cap M'$, $M'/M \cap M'$, and $M + M' / M'$.","Under ordinary parsing these expressions are ill-typed and do not denote the quotient modules used by the proof or the distance definition.","Write $M/(M\cap M')$, $M'/(M\cap M')$, $(M+M')/M'$, and $(M+M')/M$ at every occurrence.",reported_to_canon_2026-08-24_authority_unchanged_target_math_retained_pending_adjudication
ALGEBRA-299,p01,algebra.tex,algebra.tex:29996-30000,FA8BB92E58A4F78A2BD01B3B6A4A87DE0A0D279F5DD90641B574DD5FBFFFA4F3,"The left side $d(M, \varphi(\psi((M)))$ lacks the closing parenthesis for $d($ and contains redundant grouping around $M$.","The expression is syntactically unbalanced and cannot denote the distance used in the following equality chain.","Write $d(M, \varphi(\psi(M)))$.",reported_to_canon_2026-08-24_authority_unchanged_target_math_retained_pending_adjudication
ALGEBRA-300,p01,algebra.tex,algebra.tex:30020-30034,FA8BB92E58A4F78A2BD01B3B6A4A87DE0A0D279F5DD90641B574DD5FBFFFA4F3,"The proof writes $E_1(a)(R^{\oplus b})$ although $b$ is undefined.","The ambient vector space has dimension $n$, and the same line and the next line use $R^{\oplus n}$ and $R^{\oplus n-1}$.","Replace $R^{\oplus b}$ by $R^{\oplus n}$.",reported_to_canon_2026-08-24_authority_unchanged_target_math_retained_pending_adjudication
ALGEBRA-301,p01,algebra.tex,algebra.tex:30334-30336,FA8BB92E58A4F78A2BD01B3B6A4A87DE0A0D279F5DD90641B574DD5FBFFFA4F3,"The sentence says that $S_1'$ 'is Artinian ring'.","The singular count noun ring requires an article; the omission makes the source sentence ungrammatical.","Write 'is an Artinian ring'.",reported_to_canon_2026-08-24_authority_unchanged_target_prose_naturalized
ALGEBRA-302,p01,algebra.tex,algebra.tex:30381-30386,FA8BB92E58A4F78A2BD01B3B6A4A87DE0A0D279F5DD90641B574DD5FBFFFA4F3,"The proof invokes 'the stability of finite type property under base change'.","The bare noun phrase is ungrammatical and obscures that the property of being of finite type is meant.","Write 'the stability under base change of the property of being of finite type'.",reported_to_canon_2026-08-24_authority_unchanged_target_prose_naturalized
ALGEBRA-303,p01,algebra.tex,algebra.tex:30432-30444,FA8BB92E58A4F78A2BD01B3B6A4A87DE0A0D279F5DD90641B574DD5FBFFFA4F3,"After defining the family of monic polynomials $P_i$, the proof twice writes $P(x_i)^{e_i}=0$.","The symbol $P$ is undefined; local nilpotence applies separately to each already defined element $P_i(x_i)$.","Replace both occurrences by $P_i(x_i)^{e_i}=0$.",reported_to_canon_2026-08-24_authority_unchanged_target_math_retained_pending_adjudication
ALGEBRA-304,p01,algebra.tex,algebra.tex:30483-30495,FA8BB92E58A4F78A2BD01B3B6A4A87DE0A0D279F5DD90641B574DD5FBFFFA4F3,"The lemma permits $n=0$, but its proof multiplies by $\varphi(a_n)^{n-1}$.","For $n=0$ this calls for exponent $-1$ even though the conclusion is immediate because $\varphi(a_0)=0$.","Handle $n=0$ separately, or assume $n\geq1$ before the displayed multiplication.",reported_to_canon_2026-08-24_authority_unchanged_target_source_logic_retained
ALGEBRA-305,p01,algebra.tex,algebra.tex:30488-30491,FA8BB92E58A4F78A2BD01B3B6A4A87DE0A0D279F5DD90641B574DD5FBFFFA4F3,"The proof says 'multiply the equation ... with $\varphi(a_n)^{n-1}$'.","Standard English for multiplication uses 'by' rather than 'with'.","Write 'multiply the equation ... by $\varphi(a_n)^{n-1}$'.",reported_to_canon_2026-08-24_authority_unchanged_target_prose_naturalized
ALGEBRA-306,p01,algebra.tex,algebra.tex:30570-30580,FA8BB92E58A4F78A2BD01B3B6A4A87DE0A0D279F5DD90641B574DD5FBFFFA4F3,"The situation says 'Assume $\varphi(R) \subset S$ integrally closed in $S$'.","The modifier is grammatically attached to the inclusion rather than clearly asserting the property of the subring $\varphi(R)$.","Write 'Assume that $\varphi(R)$ is integrally closed in $S$'.",reported_to_canon_2026-08-24_authority_unchanged_target_prose_naturalized
ALGEBRA-307,p01,algebra.tex,algebra.tex:30713-30718,FA8BB92E58A4F78A2BD01B3B6A4A87DE0A0D279F5DD90641B574DD5FBFFFA4F3,"The lemma says 'Assume $x\in S$ be strongly transcendental over $R$'.","The construction 'Assume ... be' is ungrammatical in this declarative context.","Write 'Assume $x\in S$ is strongly transcendental over $R$'.",reported_to_canon_2026-08-24_authority_unchanged_target_prose_naturalized
ALGEBRA-308,p01,algebra.tex,algebra.tex:30754-30756,FA8BB92E58A4F78A2BD01B3B6A4A87DE0A0D279F5DD90641B574DD5FBFFFA4F3,"The proof says 'The base case is $m=0$ is vacuous'.","The duplicated finite verb makes the sentence ungrammatical.","Write 'The base case $m=0$ is vacuous'.",reported_to_canon_2026-08-24_authority_unchanged_target_prose_naturalized
ALGEBRA-309,p01,algebra.tex,algebra.tex:30759-30767,FA8BB92E58A4F78A2BD01B3B6A4A87DE0A0D279F5DD90641B574DD5FBFFFA4F3,"Both cases infer $b_mx\in S'$ directly from Lemma ref{lemma-make-integral-trivial}.","The cited lemma gives integrality over $S'$; membership in $S'$ additionally uses that $S'$ is integral over $R$, transitivity of integrality, and the definition of $S'$ as the integral closure of $R$ in $S$.","State the transitivity step before concluding $b_mx\in S'$, in both cases.",reported_to_canon_2026-08-24_authority_unchanged_target_source_logic_retained
ALGEBRA-310,p01,algebra.tex,algebra.tex:30778-30785,FA8BB92E58A4F78A2BD01B3B6A4A87DE0A0D279F5DD90641B574DD5FBFFFA4F3,"The theorem says 'Let $R\to S$ be a finite type $R$-algebra'.","A ring homomorphism is not itself an $R$-algebra; $S$ is the algebra, or the map is a homomorphism of finite type.","Write 'Let $S$ be an $R$-algebra of finite type' or 'Let $R\to S$ be a ring homomorphism of finite type'.",reported_to_canon_2026-08-24_authority_unchanged_target_prose_naturalized
ALGEBRA-311,p01,algebra.tex,algebra.tex:30789-30793,FA8BB92E58A4F78A2BD01B3B6A4A87DE0A0D279F5DD90641B574DD5FBFFFA4F3,"The proof says 'We prove the proposition by induction'.","The enclosing result is a theorem, not a proposition.","Write 'We prove the theorem by induction'.",reported_to_canon_2026-08-24_authority_unchanged_target_prose_naturalized
ALGEBRA-312,p01,algebra.tex,algebra.tex:30789-30793,FA8BB92E58A4F78A2BD01B3B6A4A87DE0A0D279F5DD90641B574DD5FBFFFA4F3,"The parenthesis says '(For example generators of $S$ over $R$.)'.","The fragment lacks a finite verb and the expected introductory comma.","Write '(For example, take generators of $S$ over $R$.)'.",reported_to_canon_2026-08-24_authority_unchanged_target_prose_naturalized
ALGEBRA-313,p01,algebra.tex,algebra.tex:30859-30861,FA8BB92E58A4F78A2BD01B3B6A4A87DE0A0D279F5DD90641B574DD5FBFFFA4F3,"The explanation consists of the fragments 'Surjectivity because ... injectivity because ...'.","Both clauses lack finite verbs, and the exactness argument belongs with injectivity.","State that surjectivity follows from the choice of the $y_i$ and injectivity from $R''\subset R'$ together with exactness of localization.",reported_to_canon_2026-08-24_authority_unchanged_target_prose_naturalized
ALGEBRA-314,p01,algebra.tex,algebra.tex:30965-30984;30991-31007,FA8BB92E58A4F78A2BD01B3B6A4A87DE0A0D279F5DD90641B574DD5FBFFFA4F3,"The quasi-finite extension lemma invokes $\operatorname{ord}_{B_{\mathfrak m_i}}$ for every maximal ideal and the proof treats $\mathfrak n_i=C\cap\mathfrak m_i$ as maximal under hypotheses that permit $B=\operatorname{Frac}(A)$.","For $A=k[t]_{(t)}$ and $B=k(t)=A[1/t]$, all stated hypotheses hold, but the unique maximal ideal is $(0)$; $B_{(0)}$ has dimension zero so Definition definition-ord does not apply, $[\kappa((0)):\kappa(\mathfrak m_A)]=[k(t):k]$ need not be finite, and $\mathfrak n_i=(0)$ is not maximal in the finite algebra $C$.","Add the hypothesis that $B$ is not a field (equivalently here, $\dim(B)=1$ or $\mathfrak m_A B\ne B$), so every maximal ideal lies over $\mathfrak m_A$ and the local orders and proof recurrence are well-typed.",reported_to_canon_2026-08-24_authority_unchanged_target_math_exact
ALGEBRA-315,p01,algebra.tex,algebra.tex:31171-31183,FA8BB92E58A4F78A2BD01B3B6A4A87DE0A0D279F5DD90641B574DD5FBFFFA4F3,"The lemma introduces only $\mathfrak q\subset S$, but the proof immediately forms $\kappa(\mathfrak p)$ and the fibre over $\mathfrak p$.","The prime $\mathfrak p$ is never bound in the statement, so the first proof paragraph uses an undefined mathematical variable.","Add 'Set $\mathfrak p=R\cap\mathfrak q$.'",reported_to_canon_2026-08-24_authority_unchanged_target-math-exact
ALGEBRA-316,p01,algebra.tex,algebra.tex:31187,FA8BB92E58A4F78A2BD01B3B6A4A87DE0A0D279F5DD90641B574DD5FBFFFA4F3,"The proof writes $\overline q\in U$ after defining the prime $\overline{\mathfrak q}$.","The ordinary-letter $q$ with an overline is a different and undefined symbol.","Replace $\overline q$ by $\overline{\mathfrak q}$.",reported_to_canon_2026-08-24_authority_unchanged_target-math-exact
ALGEBRA-317,p01,algebra.tex,algebra.tex:31203,FA8BB92E58A4F78A2BD01B3B6A4A87DE0A0D279F5DD90641B574DD5FBFFFA4F3,"The polynomial ring is printed as $\kappa(\mathfrak p)[t_1\ldots,t_n]$.","The comma after $t_1$ is missing, producing a malformed variable list.","Write $\kappa(\mathfrak p)[t_1,\ldots,t_n]$.",reported_to_canon_2026-08-24_authority_unchanged_target-math-exact
ALGEBRA-318,p01,algebra.tex,algebra.tex:31280-31284,FA8BB92E58A4F78A2BD01B3B6A4A87DE0A0D279F5DD90641B574DD5FBFFFA4F3,"After defining $S'$ inside $S_{\mathfrak p}$, the proof says that $\mathfrak q'\subset S'$ lies over $\mathfrak q\subset S$.","There is no map $S\to S'$ giving this direction; $\mathfrak q'$ is the contraction of $\mathfrak qS_{\mathfrak p}$, so $\mathfrak qS_{\mathfrak p}$ lies over $\mathfrak q'$.","Define $\mathfrak q'=S'\cap\mathfrak qS_{\mathfrak p}$ instead of saying that $\mathfrak q'$ lies over $\mathfrak q$.",reported_to_canon_2026-08-24_authority_unchanged_target-math-exact
ALGEBRA-319,p01,algebra.tex,algebra.tex:31295-31297,FA8BB92E58A4F78A2BD01B3B6A4A87DE0A0D279F5DD90641B574DD5FBFFFA4F3,"The lemma states a quasi-finite $k$-algebra map as the inclusion $k[t_1,\ldots,t_n]\subset S$.","Quasi-finite maps need not be injective, for example $k[t]\to k$ with $t\mapsto0$, and the subsequent application uses an arbitrary map.","Replace $\subset$ by $\to$.",reported_to_canon_2026-08-24_authority_unchanged_target-math-exact
ALGEBRA-320,p01,algebra.tex,algebra.tex:31358-31376,FA8BB92E58A4F78A2BD01B3B6A4A87DE0A0D279F5DD90641B574DD5FBFFFA4F3,"The proof fixes $n$ as the fibre-dimension bound and then presents $S$ using exactly $n$ polynomial generators.","The number of algebra generators is unrelated to the bound $n$; for $n=0$ and $S=R[x]$ this proof step is impossible.","Use a fresh symbol $N$ in $R[x_1,\ldots,x_N]$ and in $S_0$.",reported_to_canon_2026-08-24_authority_unchanged_target-math-exact
ALGEBRA-321,p01,algebra.tex,algebra.tex:31381-31397,FA8BB92E58A4F78A2BD01B3B6A4A87DE0A0D279F5DD90641B574DD5FBFFFA4F3,"The valuation-ring proof uses $\dim_{\mathfrak q}(S/k)$ three times although $k=R/\mathfrak m_R$ need not map to $S$.","The relative dimension $S/k$ is ill-typed; for $R=\mathbf Z_{(p)}$ and $S=R$ there is no unital map $\mathbf F_p\to S$. The intended quantity is the special-fibre dimension of $S/R$ at $\mathfrak q$.","Replace all three occurrences by $\dim_{\mathfrak q}(S/R)$, equivalently refer explicitly to $S\otimes_Rk$.",reported_to_canon_2026-08-24_authority_unchanged_target-math-exact
ALGEBRA-322,p01,algebra.tex,algebra.tex:31454-31457,FA8BB92E58A4F78A2BD01B3B6A4A87DE0A0D279F5DD90641B574DD5FBFFFA4F3,"The expansion of $y_j$ names the elements $x_{ji}$ twice, but the following sentence declares $A$ generated by $x_{ij}$.","The two index orders do not denote the same previously bound family; as printed, $y_j\in A'$ does not follow without an unstated reindexing.","Smallest edit: replace $x_{ij}$ by $x_{ji}$ at line 31457; alternatively normalize both preceding $x_{ji}$ occurrences to $x_{ij}$.",reported_to_canon_2026-08-24_authority_unchanged_target-math-exact
ALGEBRA-323,p01,algebra.tex,algebra.tex:31478-31481,FA8BB92E58A4F78A2BD01B3B6A4A87DE0A0D279F5DD90641B574DD5FBFFFA4F3,"The expansion of $g_j$ names the elements $f_{ji}$ twice, but the following sentence declares $J$ generated by $f_{ij}$.","The index orders mismatch exactly as in the preceding descent proof, so $g_j\in R'\otimes_RJ$ is not justified by the printed definition.","Smallest edit: replace $f_{ij}$ by $f_{ji}$ at line 31481; alternatively normalize both preceding $f_{ji}$ occurrences to $f_{ij}$.",reported_to_canon_2026-08-24_authority_unchanged_target-math-exact
ALGEBRA-324,p01,algebra.tex,algebra.tex:31658-31659,FA8BB92E58A4F78A2BD01B3B6A4A87DE0A0D279F5DD90641B574DD5FBFFFA4F3,"After obtaining $S'=S\times C$, the proof says to localize at the idempotent corresponding to the factor $C$ to obtain the required $S$ localization.","In $S\times C$, inverting the $C$-idempotent $(0,1)$ kills $S$ and yields $C$, the opposite factor from the one needed.","Localize at the idempotent corresponding to the factor $S$, equivalently invert the complement of the $C$-idempotent.",reported_to_canon_2026-08-24_authority_unchanged_target-math-exact
ALGEBRA-325,p01,algebra.tex,algebra.tex:31684-31693,FA8BB92E58A4F78A2BD01B3B6A4A87DE0A0D279F5DD90641B574DD5FBFFFA4F3,"The proof presents $S'$ with $m$ variables, then uses polynomial rings in the undefined number $n$ at lines 31685, 31688 and 31692 before returning to $m$ at line 31693.","No $n$ is bound in this proof; the elements $g_1,\ldots,g_m$ and the final automorphism show that all three intervening rings must use $m$ variables.","Replace $n$ by $m$ at lines 31685, 31688 and 31692.",reported_to_canon_2026-08-24_authority_unchanged_target-math-exact
ALGEBRA-326,p01,algebra.tex,algebra.tex:31707-31709;31735-31737,FA8BB92E58A4F78A2BD01B3B6A4A87DE0A0D279F5DD90641B574DD5FBFFFA4F3,"Item (4) twice reads '$S'$ of finite presentation over $R$' without a finite verb.","Each enumerated hypothesis is a sentence parallel to the surrounding items and requires 'is'.","Insert 'is': '$S'$ is of finite presentation over $R$' in both lemmas.",reported_to_canon_2026-08-24_authority_unchanged_target-prose-naturalized
ALGEBRA-327,p01,algebra.tex,algebra.tex:31642-31645;31651-31653,FA8BB92E58A4F78A2BD01B3B6A4A87DE0A0D279F5DD90641B574DD5FBFFFA4F3,"Both 'After replacing' clauses coordinate a localization of $S'$ with a bare polynomial ring lacking the parallel verb and role of that ring.","The sentence as printed cannot say what is being done to $R[y_1,\ldots,y_m,y_{m+1}]$; the proof needs it as the corresponding presentation after adjoining an inverse.","State that after localizing $S'$, one uses $R[y_1,\ldots,y_m,y_{m+1}]$ as the corresponding presentation, in both occurrences.",reported_to_canon_2026-08-24_authority_unchanged_target-prose-naturalized
ALGEBRA-328,p01,algebra.tex,algebra.tex:43650-43656;43683-43698,FA8BB92E58A4F78A2BD01B3B6A4A87DE0A0D279F5DD90641B574DD5FBFFFA4F3,"The statement defines the kernel prime but never names it $\mathfrak q'$, while the proof uses $\mathfrak q'$ three times and says it was given in the statement; line 43683 also implicitly contracts it to $R_{\mathfrak p}^{sh}\otimes_R S$.","No binding for $\mathfrak q'$ occurs between the displayed kernel and its first use, and the ambient ring at line 43683 is not the localized tensor product in the statement.","Name the displayed kernel $\mathfrak q'$ in the statement and explicitly call its contraction to $R_{\mathfrak p}^{sh}\otimes_R S$ by that name at line 43683 (or give the contraction a separate symbol).",reported_to_canon_2026-08-24_authority_unchanged_target-math-exact
ALGEBRA-329,p01,algebra.tex,algebra.tex:43832,FA8BB92E58A4F78A2BD01B3B6A4A87DE0A0D279F5DD90641B574DD5FBFFFA4F3,"The sentence reads 'since filtered colimit commute with tensor products'.","The generic subject is plural and the verb already has the plural form; the singular noun is an agreement typo.","Replace 'filtered colimit' by 'filtered colimits'.",reported_to_canon_2026-08-24_authority_unchanged_target-prose-naturalized
ALGEBRA-330,p01,algebra.tex,algebra.tex:44031-44041,FA8BB92E58A4F78A2BD01B3B6A4A87DE0A0D279F5DD90641B574DD5FBFFFA4F3,"The proof invokes alternative (4) of lemma-hart-serre-loc-thm immediately after constructing $R'=R[x]$, without separating the trivial case $x\in R$ or verifying that $\mathfrak m$ is not an associated prime of $R'$.","If $x\in R$ there is nothing to prove; otherwise the map must be shown nonisomorphic, and alternative (4) also requires $\mathfrak m\notin\operatorname{Ass}_R(R')$. A nonzerodivisor in $\mathfrak m$ supplied by depth at least two stays injective on $R'\subset Q(R)$, which supplies the missing check.","Insert the $x\in R$ branch and the nonisomorphism/nonassociated-prime verification before invoking the lemma.",reported_to_canon_2026-08-24_authority_unchanged_target-math-exact
ALGEBRA-331,p01,algebra.tex,algebra.tex:44071;44108,FA8BB92E58A4F78A2BD01B3B6A4A87DE0A0D279F5DD90641B574DD5FBFFFA4F3,"The statement says 'associates primes' and the proof says 'associate primes'.","Both loci refer to the associated primes of the displayed quotient modules; 'associate(s)' is the wrong English adjective.","Replace both phrases by 'associated primes'.",reported_to_canon_2026-08-24_authority_unchanged_target-prose-naturalized
ALGEBRA-332,p01,algebra.tex,algebra.tex:44078,FA8BB92E58A4F78A2BD01B3B6A4A87DE0A0D279F5DD90641B574DD5FBFFFA4F3,"The parenthetical sentence ending '(use Lemma ... for example)' has no terminal punctuation before the following sentence beginning 'Hence'.","The capitalized 'Hence' starts a separate sentence; the missing period incorrectly fuses the two sentences.","Add a period after the closing parenthesis.",reported_to_canon_2026-08-24_authority_unchanged_target-prose-naturalized
ALGEBRA-333,p01,algebra.tex,algebra.tex:44287-44288,FA8BB92E58A4F78A2BD01B3B6A4A87DE0A0D279F5DD90641B574DD5FBFFFA4F3,"The proof says 'K is the field of fractions of the domain. S = K[X_1,...,X_{r+1}]/(G)', breaking the sentence and using K rather than k as coefficient field.","G was defined over k at lines 44283-44285 and evaluation at the x_i identifies K with the fraction field of this quotient; using K as coefficient field makes the presentation circular.","Join the sentence and replace S = K[...] by S = k[X_1,...,X_{r+1}]/(G).",reported_to_canon_2026-08-24_authority_unchanged_target-math-exact
ALGEBRA-334,p01,algebra.tex,algebra.tex:44298;44314,FA8BB92E58A4F78A2BD01B3B6A4A87DE0A0D279F5DD90641B574DD5FBFFFA4F3,"Both displays use the unintroduced shorthand $\Omega_k$.","The statement and all surrounding formulas are relative to $\mathbf F_p$; $\Omega_k$ occurs nowhere else in the authority and is never defined.","Replace both occurrences by $\Omega_{k/\mathbf F_p}$.",reported_to_canon_2026-08-24_authority_unchanged_target-math-exact
ALGEBRA-335,p01,algebra.tex,algebra.tex:44324,FA8BB92E58A4F78A2BD01B3B6A4A87DE0A0D279F5DD90641B574DD5FBFFFA4F3,"The displayed map has codomain $\Omega_{S/\mathbf F_p}$.","The lemma asks for injectivity into $\Omega_{K/\mathbf F_p}$, and lines 44306-44321 have just localized the S-differentials to obtain the K-differentials.","Replace the codomain by $\Omega_{K/\mathbf F_p}$.",reported_to_canon_2026-08-24_authority_unchanged_target-math-exact
ALGEBRA-336,p01,algebra.tex,algebra.tex:44389-44393,FA8BB92E58A4F78A2BD01B3B6A4A87DE0A0D279F5DD90641B574DD5FBFFFA4F3,"The proof applies lemma-separable-differentials without separating characteristic zero, although that lemma explicitly assumes characteristic p > 0.","In characteristic zero every field extension is separable; in characteristic p one must identify absolute differentials over Z with those over F_p before applying the cited lemma.","Add the trivial characteristic-zero branch and state the characteristic-p identification before invoking lemma-separable-differentials.",reported_to_canon_2026-08-24_authority_unchanged_target-math-exact
ALGEBRA-337,p01,algebra.tex,algebra.tex:44405,FA8BB92E58A4F78A2BD01B3B6A4A87DE0A0D279F5DD90641B574DD5FBFFFA4F3,"The proof says 'a vector spaces is free'.","The singular article and verb require the singular noun.","Replace 'spaces' by 'space'.",reported_to_canon_2026-08-24_authority_unchanged_target-prose-naturalized
ALGEBRA-338,p01,algebra.tex,algebra.tex:44477,FA8BB92E58A4F78A2BD01B3B6A4A87DE0A0D279F5DD90641B574DD5FBFFFA4F3,"The characteristic-zero clause 'If the characteristic of k is zero then' is followed by a five-item list without a predicate.","The positive-characteristic clause explicitly says 'the following are equivalent'; the zero-characteristic list has the same logical role but an incomplete introductory sentence.","Write 'If the characteristic of k is zero, then the following are equivalent:'.",reported_to_canon_2026-08-24_authority_unchanged_target-prose-naturalized
ALGEBRA-339,p01,algebra.tex,algebra.tex:44500-44504,FA8BB92E58A4F78A2BD01B3B6A4A87DE0A0D279F5DD90641B574DD5FBFFFA4F3,"The proof's reference list omits lemma-characterize-formally-smooth-field-extension and lacks a comma after lemma-fields-are-formally-smooth.","The omitted lemma is exactly what equates formal smoothness with $H_1(L_{K/k})=0$; none of the listed lemmas supplies that equivalence.","Add the missing lemma reference and the list comma.",reported_to_canon_2026-08-24_authority_unchanged_target-math-exact
ALGEBRA-340,p01,algebra.tex,algebra.tex:44547,FA8BB92E58A4F78A2BD01B3B6A4A87DE0A0D279F5DD90641B574DD5FBFFFA4F3,"The proof calls $P_i$ the 'minimum polynomial' of $y_i$.","The monic annihilating polynomial of least degree is the minimal polynomial; 'minimum polynomial' is not the mathematical term.","Replace 'minimum' by 'minimal'.",reported_to_canon_2026-08-24_authority_unchanged_target-prose-naturalized
ALGEBRA-341,p01,algebra.tex,algebra.tex:44549-44551,FA8BB92E58A4F78A2BD01B3B6A4A87DE0A0D279F5DD90641B574DD5FBFFFA4F3,"The sentence says '$P_1,...,P_r$ is' and both displayed base fields use $k(x_1,...,x_r)$ rather than $k(x_1,...,x_d)$.","d indexes the transcendence basis $x_1,...,x_d$, whereas r counts the algebraic generators $y_1,...,y_r$; using r changes the base field and may invoke undefined x_i.","Use plural agreement and replace both occurrences of x_r by x_d.",reported_to_canon_2026-08-24_authority_unchanged_target-math-exact
ALGEBRA-342,p01,algebra.tex,algebra.tex:44590;44607;44617,FA8BB92E58A4F78A2BD01B3B6A4A87DE0A0D279F5DD90641B574DD5FBFFFA4F3,"The object components change order from $(k',R\to R',\phi)$ to $(R_i,k_i,\phi_i)$ and then $(R',k',\phi')$.","All three notations denote objects of the same category, but they permute the first two components; the first also records the structure map rather than just the target ring.","Choose one component order and use it consistently, including the fixed map $R\to R_i$ where needed.",canon_r9_accepted_MC-STK-ERR-0686_2026-08-24_authority_unchanged_target-math-exact
ALGEBRA-343,p01,algebra.tex,algebra.tex:44595-44603,FA8BB92E58A4F78A2BD01B3B6A4A87DE0A0D279F5DD90641B574DD5FBFFFA4F3,"Category morphisms are called ring maps but are not required to commute with the fixed maps from $R$.","Commutativity of the displayed residue-field diagram does not force $R$-compatibility; without it the colimit need not inherit a coherent map $R\to R'$ and the flatness claim at 44615 is unsupported.","Require $\psi$ to be an $R$-algebra map, equivalently add commutativity with the two structure maps from $R$.",canon_r9_accepted_MC-STK-ERR-0687_2026-08-24_authority_unchanged_target-math-exact
ALGEBRA-344,p01,algebra.tex,algebra.tex:44620-44621,FA8BB92E58A4F78A2BD01B3B6A4A87DE0A0D279F5DD90641B574DD5FBFFFA4F3,"The counterfactual reads 'if $\mathcal C$ was a set'.","An unreal counterfactual requires the modal preterite 'were'.","Replace 'was' by 'were'.",canon_r9_rejected_optional_style_2026-08-24_authority_unchanged_target-prose-naturalized
ALGEBRA-345,p01,algebra.tex,algebra.tex:44625-44629,FA8BB92E58A4F78A2BD01B3B6A4A87DE0A0D279F5DD90641B574DD5FBFFFA4F3,"$K(x)$ must be the subfield generated over $k$ by the elements at most $x$.","The subfield generated only by those elements need not contain $k$, so the asserted extension $K(x)/k$ can be undefined.","Insert 'over $k$' in the definition of $K(x)$.",canon_r9_accepted_MC-STK-ERR-0688_2026-08-24_authority_unchanged_target-math-exact
ALGEBRA-346,p01,algebra.tex,algebra.tex:44631;44637,FA8BB92E58A4F78A2BD01B3B6A4A87DE0A0D279F5DD90641B574DD5FBFFFA4F3,"The field adjunctions are printed as $K(x')[x]$ and $K'(x)[x]$.","If $x$ is transcendental, square brackets give a polynomial ring rather than the field $K(x)$; the opening construction explicitly handles both algebraic and transcendental cases.","Use $K(x')(x)$ and $K'(x)(x)$.",canon_r9_accepted_MC-STK-ERR-0689_2026-08-24_authority_unchanged_target-math-exact
ALGEBRA-347,p01,algebra.tex,algebra.tex:44634-44638,FA8BB92E58A4F78A2BD01B3B6A4A87DE0A0D279F5DD90641B574DD5FBFFFA4F3,"The no-predecessor branch does not initialize $R'(x)$ or $K'(x)$ at the least element.","For the least element the predecessor set is empty; the displayed colimit and union do not supply the pair $R$ and $k$ used by the next step.","State the least-element convention $R'(x)=R$ and $K'(x)=k$, or formulate the based colimit and union explicitly.",canon_r9_accepted_MC-STK-ERR-0690_2026-08-24_authority_unchanged_target-math-exact
ALGEBRA-348,p01,algebra.tex,algebra.tex:44624-44639;44652-44656,FA8BB92E58A4F78A2BD01B3B6A4A87DE0A0D279F5DD90641B574DD5FBFFFA4F3,"A general well-order need not have a greatest element, and the proof never takes a final colimit over all $x\in K$.","The recursion only produces the rings $R(x)$; without a last element or final colimit no constructed ring is shown to have residue field $K$, although the next lemma says this colimit was constructed.","Either choose a well-order with a last element or append $R'=\operatorname{colim}_{x\in K}R(x)$ and verify its residue field is $K$.",canon_r9_accepted_MC-STK-ERR-0691_2026-08-24_authority_unchanged_target-math-exact
ALGEBRA-349,p01,algebra.tex,algebra.tex:44661-44671,FA8BB92E58A4F78A2BD01B3B6A4A87DE0A0D279F5DD90641B574DD5FBFFFA4F3,"Finite-etale descent produces an algebra but the proof does not verify explicitly that it and all later base changes are local rings.","The stated system must consist of local rings. Here locality descends faithfully flatly: $R_i\to R_\alpha$ is flat local and hence faithfully flat, while the exact base change is the local ring $R_{\alpha+1}$.","Add the faithfully-flat descent argument showing the descended finite-etale algebra and the later stages are local.",canon_r9_accepted_MC-STK-ERR-0692_2026-08-24_authority_unchanged_target-math-exact
ALGEBRA-350,p01,algebra.tex,algebra.tex:44669-44671,FA8BB92E58A4F78A2BD01B3B6A4A87DE0A0D279F5DD90641B574DD5FBFFFA4F3,"The sentence has the malformed coordination 'Since ... and we see ...'.","The subordinate clause introduced by 'Since' is immediately followed by 'and' without an independent main clause.","Delete 'and' or split the argument into two sentences.",canon_r9_accepted_MC-STK-ERR-0693_2026-08-24_authority_unchanged_target-prose-naturalized
ALGEBRA-351,p01,algebra.tex,algebra.tex:44685,FA8BB92E58A4F78A2BD01B3B6A4A87DE0A0D279F5DD90641B574DD5FBFFFA4F3,"The proof says 'By induction of the degree'.","The induction is on the degree; 'of' is the wrong preposition.","Replace 'of' by 'on'.",canon_r9_accepted_MC-STK-ERR-0694_2026-08-24_authority_unchanged_target-prose-naturalized
ALGEBRA-352,p01,algebra.tex,algebra.tex:44687-44691,FA8BB92E58A4F78A2BD01B3B6A4A87DE0A0D279F5DD90641B574DD5FBFFFA4F3,"The intermediate extension $L'$ is not required to be proper and nontrivial; the phrase also says 'then construction'.","With the printed weak inclusions the two endpoints are always available and do not reduce the degree, so the induction does not follow. The verb form 'construction' is independently ungrammatical.","Require $\kappa(\mathfrak p)\subsetneq L'\subsetneq L$ and replace 'then construction' by 'then constructing'.",canon_r9_accepted_MC-STK-ERR-0695_2026-08-24_authority_unchanged_target-math-exact
ALGEBRA-353,p01,algebra.tex,algebra.tex:44748,FA8BB92E58A4F78A2BD01B3B6A4A87DE0A0D279F5DD90641B574DD5FBFFFA4F3,"The word 'choicse' is misspelled.","The noun required after 'Given these' is 'choices'.","Replace 'choicse' by 'choices'.",canon_r9_accepted_MC-STK-ERR-0696_2026-08-24_authority_unchanged_target-prose-naturalized
ALGEBRA-354,p01,algebra.tex,algebra.tex:44755-44756,FA8BB92E58A4F78A2BD01B3B6A4A87DE0A0D279F5DD90641B574DD5FBFFFA4F3,"The phrase reads 'has at most cardinality $\kappa$'.","The printed word order is ungrammatical, and the following line already uses the correct construction 'cardinality ... at most'.","Replace it by 'has cardinality at most $\kappa$'.",canon_r9_accepted_MC-STK-ERR-0697_2026-08-24_authority_unchanged_target-prose-naturalized
ALGEBRA-355,p01,algebra.tex,algebra.tex:44813,FA8BB92E58A4F78A2BD01B3B6A4A87DE0A0D279F5DD90641B574DD5FBFFFA4F3,"The assertion says that any quotient of $R$ is a local ring, including the zero quotient $R/R$.","The project's definition at algebra.tex:3313 requires a local ring to have exactly one maximal ideal; the zero ring has none.","Replace 'Any quotient' by 'Any proper quotient', or state explicitly that the quotient is by a proper ideal.",canon_r9_accepted_MC-STK-ERR-0698_2026-08-24_authority_unchanged_target-math-exact
ALGEBRA-356,p01,algebra.tex,algebra.tex:44814,FA8BB92E58A4F78A2BD01B3B6A4A87DE0A0D279F5DD90641B574DD5FBFFFA4F3,"The sentence reads 'Given a finite ring map $R \to S$, then $S$ is ...'.","The introductory participial construction already supplies the condition; 'then' cannot coordinate the resulting main clause in this form.","Delete 'then', or write 'If $R \to S$ is a finite ring map, then ...'.",canon_r9_accepted_MC-STK-ERR-0699_2026-08-24_authority_unchanged_target-prose-naturalized
ALGEBRA-357,p01,algebra.tex,algebra.tex:44873-44874,FA8BB92E58A4F78A2BD01B3B6A4A87DE0A0D279F5DD90641B574DD5FBFFFA4F3,"The definition reads 'with uniformizer $p$ a prime number' without a copula or clarifying punctuation.","The intended condition is that the chosen uniformizer $p$ is a prime number.","Write 'whose uniformizer $p$ is a prime number'.",canon_r9_accepted_MC-STK-ERR-0700_2026-08-24_authority_unchanged_target-prose-naturalized
ALGEBRA-358,p01,algebra.tex,algebra.tex:44994,FA8BB92E58A4F78A2BD01B3B6A4A87DE0A0D279F5DD90641B574DD5FBFFFA4F3,"The arrow with domain $\Lambda/p^n\Lambda$ is labelled $\varphi_{n-1}$.","The map $\varphi_{n-1}$ was constructed on $\Lambda/p^{n-1}\Lambda$; the displayed arrow is its composition with reduction modulo $p^{n-1}$, not literally the same typed map.","Label the arrow by the composite $\Lambda/p^n\Lambda \to \Lambda/p^{n-1}\Lambda \xrightarrow{\varphi_{n-1}} R/\mathfrak m^{n-1}$, or state that convention.",canon_r9_accepted_MC-STK-ERR-0701_2026-08-24_authority_unchanged_target-math-exact
ALGEBRA-359,p01,algebra.tex,algebra.tex:45016-45019,FA8BB92E58A4F78A2BD01B3B6A4A87DE0A0D279F5DD90641B574DD5FBFFFA4F3,"The proof says both sides are $(x_1,\ldots,x_n)$-adically complete.","The source power-series ring is complete for $(x_1,\ldots,x_n)$, whereas the target $R$ is complete for $(y_1,\ldots,y_n)=\mathfrak m$; the $x_i$ are not named elements of $R$.","Say that the source and target are complete for the respective ideals $(x_1,\ldots,x_n)$ and $(y_1,\ldots,y_n)=\mathfrak m$, and likewise use the respective ideals in the reduction argument.",canon_r9_accepted_MC-STK-ERR-0702_2026-08-24_authority_unchanged_target-math-exact
ALGEBRA-360,p01,algebra.tex,algebra.tex:45067,FA8BB92E58A4F78A2BD01B3B6A4A87DE0A0D279F5DD90641B574DD5FBFFFA4F3,"The statement says 'there exists a $R_0 \subset R$'.","The indefinite article is ungrammatical here, and the object is specifically a subring.","Write 'there exists a subring $R_0 \subset R$'.",canon_r9_accepted_MC-STK-ERR-0703_2026-08-24_authority_unchanged_target-prose-naturalized
ALGEBRA-361,p01,algebra.tex,algebra.tex:45099-45102,FA8BB92E58A4F78A2BD01B3B6A4A87DE0A0D279F5DD90641B574DD5FBFFFA4F3,"The phrase 'and the lemma is proved' appears before the proof begins Case II.","Only Case I has been established at line 45099; the Cohen-ring case still occupies lines 45102 onward.","Replace the phrase by 'This proves Case I' and reserve the proof-closing sentence for the end of Case II.",canon_r9_accepted_MC-STK-ERR-0704_2026-08-24_authority_unchanged_target-prose-exact
ALGEBRA-362,p01,algebra.tex,algebra.tex:44799-44802,FA8BB92E58A4F78A2BD01B3B6A4A87DE0A0D279F5DD90641B574DD5FBFFFA4F3,"The footnote places 'in which case' immediately after a lemma citation, leaving its antecedent editorially ambiguous.","Mathematically the finite generation of $\mathfrak m$ prevents the cited pathology and yields a Noetherian completion; the printed attachment can instead appear to refer to the citation itself.","Punctuate as two assertions: when $\mathfrak m$ is finitely generated the pathology does not occur; in that case the completion is Noetherian.",canon_r9_accepted_MC-STK-ERR-0705_2026-08-24_authority_unchanged_target-prose-exact
ALGEBRA-363,p01,algebra.tex,algebra.tex:45311-45312,FA8BB92E58A4F78A2BD01B3B6A4A87DE0A0D279F5DD90641B574DD5FBFFFA4F3,"The apposition after $K=L^G$ lacks punctuation and a head noun: it reads `$L^G$ the $G$-invariants`.","Without a comma or `field/subfield of`, the sentence juxtaposes the fraction field's value and its explanation instead of clearly identifying $L^G$ with the invariant subfield of $L$.","Write `$K=L^G$, the subfield of $G$-invariants in the fraction field $L$ of $A$`.",reported_to_canon_2026-08-24_authority_unchanged_target-prose-naturalized
ALGEBRA-364,p01,algebra.tex,algebra.tex:45325-45326,FA8BB92E58A4F78A2BD01B3B6A4A87DE0A0D279F5DD90641B574DD5FBFFFA4F3,"The derivation is typed as $D:R\to R$ but is immediately evaluated at $a\in K$.","A derivation of the domain $R$ extends uniquely to its fraction field $K$, but the displayed type of $D$ does not literally permit $D(a)$ until that extension is stated.","Say that the unique extension of $D$ to $K$ satisfies $D(a)\ne0$.",reported_to_canon_2026-08-24_authority_unchanged_target-math-exact
ALGEBRA-365,p01,algebra.tex,algebra.tex:45364-45366,FA8BB92E58A4F78A2BD01B3B6A4A87DE0A0D279F5DD90641B574DD5FBFFFA4F3,"The proof concludes that $D(a)^{i+1}a_0$ lies in $R$ merely because it is a difference of elements integral over $R$.","The difference is integral, but membership in $R$ additionally uses that it equals an element of $K$ and that the normal domain $R$ is integrally closed in $K$.","State that the displayed difference belongs to $K$ and is integral over $R$, hence belongs to $R$ by normality.",reported_to_canon_2026-08-24_authority_unchanged_target-math-exact
ALGEBRA-366,p01,algebra.tex,algebra.tex:45429-45431,FA8BB92E58A4F78A2BD01B3B6A4A87DE0A0D279F5DD90641B574DD5FBFFFA4F3,"The sentence says that the integral closure of $R[x]$ `is finite in any finite purely inseparable extension of $L/K(x)$`, misplacing the field variable and the scope of `in`.","The assertion concerns every finite purely inseparable extension $L/K(x)$ and the integral closure of $R[x]$ inside that field $L$.","Write: `For every finite purely inseparable extension $L/K(x)$, the integral closure of $R[x]$ in $L$ is finite over $R[x]$.`",reported_to_canon_2026-08-24_authority_unchanged_target-prose-naturalized
ALGEBRA-367,p01,algebra.tex,algebra.tex:45435-45437,FA8BB92E58A4F78A2BD01B3B6A4A87DE0A0D279F5DD90641B574DD5FBFFFA4F3,"The definition of $R'$ follows $R'[x^{1/q}]$ without a relative word: `with $R\subset R'\subset L'$ the integral closure`.","A relative clause is needed to identify $R'$ as the integral closure of $R$ in $L'$; recycling the symbol after the preceding reduction to the normal case is not itself erroneous.","Insert `where`: `... equals $R'[x^{1/q}]$, where $R'$ is the integral closure of $R$ in $L'$.`",reported_to_canon_2026-08-24_authority_unchanged_target-prose-naturalized
ALGEBRA-368,p01,algebra.tex,algebra.tex:45458-45464,FA8BB92E58A4F78A2BD01B3B6A4A87DE0A0D279F5DD90641B574DD5FBFFFA4F3,"The alternatives introduced by `either` are joined by `and` at the end of Case I.","Cases I and II are alternatives supplied by Serre's criterion; the external connective must be `or`, whereas each case's internal `and` joins its two conditions.","Replace the terminal `, and` in Case I by `, or`.",reported_to_canon_2026-08-24_authority_unchanged_target-prose-naturalized
ALGEBRA-369,p01,algebra.tex,algebra.tex:45509,FA8BB92E58A4F78A2BD01B3B6A4A87DE0A0D279F5DD90641B574DD5FBFFFA4F3,"The sentence reads `denote $Z_{R'}\subset\Spec(R)$ this image`.","The notation is $Z_{R'}$ and its referent is the closed image from the preceding sentence; the printed object order is ungrammatical.","Write `For such a ring $R'$, denote this image by $Z_{R'}\subset\Spec(R)$.`",reported_to_canon_2026-08-24_authority_unchanged_target-prose-naturalized
ALGEBRA-370,p01,algebra.tex,algebra.tex:45523-45529,FA8BB92E58A4F78A2BD01B3B6A4A87DE0A0D279F5DD90641B574DD5FBFFFA4F3,"The proof neither defines $\mathfrak p'_i$ as a contraction nor explains why normality of $(R'_i)_{\mathfrak p'_i}$ gives $R'_{\mathfrak p'}=(R'_i)_{\mathfrak p'_i}$.","For $\mathfrak p'\subset R'$, the empty intersection of the $Z_{R'_i}$ supplies an index $i$ after contraction to $R$; with $\mathfrak p'_i=\mathfrak p'\cap R'_i$, the ring $R'_{\mathfrak p'}$ is integral over the normal local domain $(R'_i)_{\mathfrak p'_i}$ inside their common fraction field $K$, hence they are equal.","Define $\mathfrak p'_i=\mathfrak p'\cap R'_i$ and append the integrality-plus-normality argument yielding the displayed equality.",reported_to_canon_2026-08-24_authority_unchanged_target-math-exact
ALGEBRA-371,p01,algebra.tex,algebra.tex:45561-45563,FA8BB92E58A4F78A2BD01B3B6A4A87DE0A0D279F5DD90641B574DD5FBFFFA4F3,"The proof enlarges $L$ so that it contains a $q$th root of $x$ but does not justify reduction back to the original extension.","The integral closure in the original field is an $R$-submodule of the finite integral closure obtained in the larger finite purely inseparable field; it is therefore finite because $R$ is Noetherian.","After enlarging $L$, state this submodule argument to justify that proving finiteness for the larger field proves it for the original one.",reported_to_canon_2026-08-24_authority_unchanged_target-math-exact
ALGEBRA-372,p01,algebra.tex,algebra.tex:45749,FA8BB92E58A4F78A2BD01B3B6A4A87DE0A0D279F5DD90641B574DD5FBFFFA4F3,"The proof says that each $R_{f_i}/\mathfrak pR_{f_i}=(R/\mathfrak p)_{f_i}$ is N-2.","If $f_i\in\mathfrak p$, this localization is the zero ring, whereas Definition \ref{definition-N} defines N-2 only for domains; the indices with $f_i\notin\mathfrak p$ suffice because their images still generate the unit ideal.","Restrict the assertion to indices with $f_i\notin\mathfrak p$, discard the zero localizations, and apply Lemma \ref{lemma-Japanese-local} to the surviving cover.",pending_canon_intake_2026-08-24_authority_unchanged_target-math-exact
ALGEBRA-373,p01,algebra.tex,algebra.tex:45877,FA8BB92E58A4F78A2BD01B3B6A4A87DE0A0D279F5DD90641B574DD5FBFFFA4F3,"The phrase reads `is a $R^\wedge$-submodule`.","The letter $R$ is pronounced with an initial vowel sound, and the source elsewhere consistently uses `an $R$-submodule`.","Replace `a $R^\wedge$-submodule` by `an $R^\wedge$-submodule`.",pending_canon_intake_2026-08-24_authority_unchanged_target-prose-naturalized
ALGEBRA-374,p01,algebra.tex,algebra.tex:46047-46051,FA8BB92E58A4F78A2BD01B3B6A4A87DE0A0D279F5DD90641B574DD5FBFFFA4F3,"The proof says that after further multiplying the field generators by elements of $\mathfrak m$, all coefficients may be placed in $\mathfrak m/\mathfrak p$.","When $\mathfrak p=\mathfrak m$, every element of $\mathfrak m$ maps to zero in $R/\mathfrak p$, so this multiplication destroys the generators of a nontrivial extension $L/\kappa(\mathfrak p)$; equivalently, no element of $\mathfrak m\setminus\mathfrak p$ exists.","First dispose of $\mathfrak p=\mathfrak m$, where the base is a field; otherwise choose an element of $\mathfrak m\setminus\mathfrak p$ and rescale the generators.",pending_canon_intake_2026-08-24_authority_unchanged_target-math-exact
ALGEBRA-375,p01,algebra.tex,algebra.tex:46110,FA8BB92E58A4F78A2BD01B3B6A4A87DE0A0D279F5DD90641B574DD5FBFFFA4F3,"Step 4 begins with the additional hypothesis that $R$ is a normal Nagata domain.","Reduction (**) at lines 46104-46107 concerns every Nagata domain, and no preceding step reduces it to the normal case; the subsequent construction of the integral closure $R'$ supplies normality and does not require the original $R$ to be normal.","Delete `normal` from the opening sentence of Step 4.",pending_canon_intake_2026-08-24_authority_unchanged_target-math-exact
ALGEBRA-376,p01,algebra.tex,algebra.tex:46143,FA8BB92E58A4F78A2BD01B3B6A4A87DE0A0D279F5DD90641B574DD5FBFFFA4F3,"The sentence reads `and $S$ by $S_a$, may assume`, omitting the subject of the main clause.","The introductory replacement phrase must be followed by a subject and finite verb.","Write `and $S$ by $S_a$, we may assume`.",pending_canon_intake_2026-08-24_authority_unchanged_target-prose-naturalized
ALGEBRA-377,p01,algebra.tex,algebra.tex:46144,FA8BB92E58A4F78A2BD01B3B6A4A87DE0A0D279F5DD90641B574DD5FBFFFA4F3,"The polynomial $f(X)$ is said to lie in $R[x]$.","Here $X$ is the polynomial indeterminate, while $x$ is the fixed element of the fraction field used to generate $S$.","Replace `$R[x]$` by `$R[X]$`.",pending_canon_intake_2026-08-24_authority_unchanged_target-math-exact
ALGEBRA-378,p01,algebra.tex,algebra.tex:46152-46159,FA8BB92E58A4F78A2BD01B3B6A4A87DE0A0D279F5DD90641B574DD5FBFFFA4F3,"The proof assumes N-1 at every maximal ideal $\mathfrak m'$ of $S'$ in order to infer that $S'_{\mathfrak m}$ is N-1.","The construction that follows treats only maximal ideals $\mathfrak m'$ lying over the fixed $\mathfrak m$; these are precisely the maximal ideals relevant to the base localization $S'_{\mathfrak m}$.","Replace `every maximal ideal $\mathfrak m'$ of $S'$` by `every maximal ideal $\mathfrak m'$ of $S'$ lying over $\mathfrak m$`.",pending_canon_intake_2026-08-24_authority_unchanged_target-math-exact
ALGEBRA-379,p01,algebra.tex,algebra.tex:46173-46181,FA8BB92E58A4F78A2BD01B3B6A4A87DE0A0D279F5DD90641B574DD5FBFFFA4F3,"The proof calls property (1), namely $x\ne0$, trivial.","The recap gives only $x\in K$ and $x\in\mathfrak m$, so $x=0$ remains possible; moreover, Lemma \ref{lemma-normal-domain-intersection-localizations-height-1}, invoked at line 46197, also assumes that $x$ is nonzero.","Before applying the criterion, say that if $x=0$ then $S=R$ and there is nothing to prove, and thereafter assume $x\ne0$.",pending_canon_intake_2026-08-24_authority_unchanged_target-math-exact
ALGEBRA-380,p01,algebra.tex,algebra.tex:46185,FA8BB92E58A4F78A2BD01B3B6A4A87DE0A0D279F5DD90641B574DD5FBFFFA4F3,"The displayed polynomial reads `$g = a_d X^d + \ldots a_1 X + a_0 \in I$`.","The missing plus sign after `\ldots` juxtaposes the ellipsis with the term $a_1X$ instead of continuing the displayed sum.","Insert `+` after `\ldots`, giving `$g = a_d X^d + \ldots + a_1 X + a_0 \in I$`.",pending_canon_intake_2026-08-24_authority_unchanged_target-math-exact
ALGEBRA-381,p01,algebra.tex,algebra.tex:46280-46285,FA8BB92E58A4F78A2BD01B3B6A4A87DE0A0D279F5DD90641B574DD5FBFFFA4F3,"The proof invokes Lemma \ref{lemma-local-nagata-domain-analytically-unramified} for $B$ without establishing that $B$ is local.","That lemma requires a local domain; here locality follows because the finite radicial algebra has special fibre $\kappa[x]/(x^p-\overline a)$ with a unique prime, and its maximal-adic and $\mathfrak mB$-adic topologies then agree.","State that $B$ is local and that its maximal-adic completion agrees with its $\mathfrak mB$-adic completion before invoking the local Nagata lemma.",pending_canon_intake_2026-08-24_authority_unchanged_target-math-exact
ALGEBRA-382,p01,algebra.tex,algebra.tex:46314-46361,FA8BB92E58A4F78A2BD01B3B6A4A87DE0A0D279F5DD90641B574DD5FBFFFA4F3,"The proof lets $n$ be the right hand side and proceeds by induction on $n$ without treating $M=0$ or $N=0$.","The local convention gives depth$(0)=\infty$; the finite modules are not assumed nonzero, so $n$ can be infinite and neither the stated induction nor the cited depth-drop lemma applies as written.","Before defining $n$, state that if $M=0$ or $N=0$, both sides are infinite; thereafter assume both modules are nonzero.",pending_canon_intake_2026-08-24_authority_unchanged_target-math-exact
ALGEBRA-383,p01,algebra.tex,algebra.tex:46464;46493,FA8BB92E58A4F78A2BD01B3B6A4A87DE0A0D279F5DD90641B574DD5FBFFFA4F3,"Both assumption lists contain the item `$S$ is Noetherian` without the comma used after every neighboring nonfinal item.","The missing punctuation breaks the two continuing lists and occurs at the same item in each lemma.","Add a comma after `Noetherian` at both loci.",pending_canon_intake_2026-08-24_authority_unchanged_target-prose-naturalized
ALGEBRA-384,p01,algebra.tex,algebra.tex:46536,FA8BB92E58A4F78A2BD01B3B6A4A87DE0A0D279F5DD90641B574DD5FBFFFA4F3,"The clause `since $R_0\subset R$ is reduced` grammatically attaches `is reduced` to the displayed inclusion rather than explicitly to $R_0$.","The argument uses that the subalgebra $R_0$ of the reduced ring $R$ is reduced, so $R_0$ is the required grammatical and mathematical subject.","Write `since the subalgebra $R_0\subset R$ is reduced`.",pending_canon_intake_2026-08-24_authority_unchanged_target-prose-naturalized
ALGEBRA-385,p01,algebra.tex,algebra.tex:46623,FA8BB92E58A4F78A2BD01B3B6A4A87DE0A0D279F5DD90641B574DD5FBFFFA4F3,"The phrase `Lemma ... applied for all $(R_k)$` quantifies over the property notation rather than over its index.","The proof applies the lemma for every integer $k\geq0$ in order to obtain all properties $(R_k)$.","Write `by applying Lemma ... for every $k\geq0$`.",pending_canon_intake_2026-08-24_authority_unchanged_target-prose-naturalized
ALGEBRA-386,p01,algebra.tex,algebra.tex:46640,FA8BB92E58A4F78A2BD01B3B6A4A87DE0A0D279F5DD90641B574DD5FBFFFA4F3,"The singular subject `the assumption on the ring map` takes the plural verb `are`.","The comparison is between the single assumption on the ring map and the assumptions in the corresponding lemmas.","Replace `are` by `is`.",pending_canon_intake_2026-08-24_authority_unchanged_target-prose-naturalized
ALGEBRA-387,p01,algebra.tex,algebra.tex:46698,FA8BB92E58A4F78A2BD01B3B6A4A87DE0A0D279F5DD90641B574DD5FBFFFA4F3,"The phrase `$S_{\mathfrak p}$ is faithfully over $R_{\mathfrak p}$` omits `flat`.","The descent argument and the choice of a prime above the maximal ideal require the localized map to remain faithfully flat.","Insert `flat`, giving `$S_{\mathfrak p}$ is faithfully flat over $R_{\mathfrak p}$`.",pending_canon_intake_2026-08-24_authority_unchanged_target-prose-emended
ALGEBRA-388,p01,algebra.tex,algebra.tex:46814,FA8BB92E58A4F78A2BD01B3B6A4A87DE0A0D279F5DD90641B574DD5FBFFFA4F3,"The parenthetical `(by going down, see Lemma ...)` has no punctuation before the next sentence begins.","The parenthetical closes a complete sentence.","Add a period after the closing parenthesis.",pending_canon_intake_2026-08-24_authority_unchanged_target-prose-naturalized
ALGEBRA-389,p01,algebra.tex,algebra.tex:46834,FA8BB92E58A4F78A2BD01B3B6A4A87DE0A0D279F5DD90641B574DD5FBFFFA4F3,"The symbol $A'$ first appears in `Via this map $A'$ maps into $B'$` without being defined.","The proof and the following tensor product require $A'$ to be the integral closure of $A$ in its fraction field $Q(A)$, parallel to the earlier definition of $B'$.","Before using $A'$, define it as the integral closure of $A$ in $Q(A)$.",pending_canon_intake_2026-08-24_authority_unchanged_target-prose-explicit-definition
ALGEBRA-390,p01,algebra.tex,algebra.tex:46844,FA8BB92E58A4F78A2BD01B3B6A4A87DE0A0D279F5DD90641B574DD5FBFFFA4F3,"The conclusion says `we conclude that the $x_i$ also generated $A'$`.","The governing verb is present-tense `conclude`, and the asserted result is that the $x_i$ generate $A'$ as an $A$-module.","Replace `generated` by `generate`.",pending_canon_intake_2026-08-24_authority_unchanged_target-prose-naturalized
ALGEBRA-391,p01,algebra.tex,algebra.tex:46856,FA8BB92E58A4F78A2BD01B3B6A4A87DE0A0D279F5DD90641B574DD5FBFFFA4F3,"The phrase `the same residue fields as that of $A$` mismatches plural `fields` with singular `that` and leaves the comparison ambiguous.","Each of the two local rings is intended to have the same residue field as the local ring $A$.","Write `with each having the same residue field as $A$`.",pending_canon_intake_2026-08-24_authority_unchanged_target-prose-naturalized
ALGEBRA-392,p01,algebra.tex,algebra.tex:47042,FA8BB92E58A4F78A2BD01B3B6A4A87DE0A0D279F5DD90641B574DD5FBFFFA4F3,"The proof writes `$A \otimes_K L$`, but $A$ has only been given a $k$-algebra structure and no $K$-algebra structure on $A$ is available.","Geometric normality of $A/k$ gives normality of $A \otimes_k L$; the next sentence identifies this ring with the localization of $A \otimes_k B$ at $B \setminus \{0\}$.","Replace `$A \otimes_K L$` by `$A \otimes_k L$`.",pending_canon_intake_2026-08-24_source-emendation_applied_in_target
ALGEBRA-393,p01,algebra.tex,"algebra.tex:47011;47023",FA8BB92E58A4F78A2BD01B3B6A4A87DE0A0D279F5DD90641B574DD5FBFFFA4F3,"The repeated phrase `fractions fields` reverses the standard English compound `fraction fields`.","The domains $A$ and $B$ have respective fraction fields $K$ and $L$.","Replace `fractions fields` by `fraction fields` at both loci.",pending_canon_intake_2026-08-24_authority_unchanged_target-prose-naturalized
ALGEBRA-394,p01,algebra.tex,"algebra.tex:47013;47015;47016",FA8BB92E58A4F78A2BD01B3B6A4A87DE0A0D279F5DD90641B574DD5FBFFFA4F3,"The compounds `sub algebra` and `sub algebras` are incorrectly split.","The standard mathematical English forms are `subalgebra` and `subalgebras`; the proof considers finite type normal $k$-subalgebras of $B$.","Close the compounds to `subalgebra` and `subalgebras` at the three loci.",pending_canon_intake_2026-08-24_authority_unchanged_target-prose-naturalized
ALGEBRA-395,p01,algebra.tex,algebra.tex:47214,FA8BB92E58A4F78A2BD01B3B6A4A87DE0A0D279F5DD90641B574DD5FBFFFA4F3,"The equality `$k_i = k \otimes_{k_i} k_i'$` incorrectly identifies the indexing subfield with the descended base change of $k'/k$.","The next line requires `$A \otimes_k k' = A \otimes_{k_i} k_i'$`, so the preceding left-hand side must be $k'$.","Replace `$k_i = k \otimes_{k_i} k_i'$` by `$k' = k \otimes_{k_i} k_i'$`.",pending_canon_intake_2026-08-24_source-emendation_applied_in_target
ALGEBRA-396,p01,algebra.tex,algebra.tex:47344,FA8BB92E58A4F78A2BD01B3B6A4A87DE0A0D279F5DD90641B574DD5FBFFFA4F3,"The phrase `together with a ring maps` mixes a singular article with a plural noun.","Two ring maps are then listed.","Replace `together with a ring maps` by `together with ring maps`.",pending_canon_intake_2026-08-24_authority_unchanged_target-prose-naturalized
ALGEBRA-397,p01,algebra.tex,algebra.tex:47394-47396,FA8BB92E58A4F78A2BD01B3B6A4A87DE0A0D279F5DD90641B574DD5FBFFFA4F3,"The proof chooses merely an open subset on which the module is flat and also omits the copula at line 47396; the next inference requires $U_\lambda$ to be the entire flat locus.","Flatness at $\mathfrak q_\lambda$ must imply $\mathfrak q_\lambda\in U_\lambda$, which follows only when $U_\lambda$ denotes the full flat locus, open by the cited theorem.","Define $U_\lambda$ as the set of all primes at which $M_\lambda$ is flat over $R_\lambda$, and state that this set is open.",pending_canon_intake_2026-08-24_authority_unchanged_target-proof-locus-explicit
ALGEBRA-398,p01,algebra.tex,algebra.tex:47410,FA8BB92E58A4F78A2BD01B3B6A4A87DE0A0D279F5DD90641B574DD5FBFFFA4F3,"The coefficients are introduced as `$s_1, \ldots, s_n$` although they pair with exactly `$f_1, \ldots, f_r$` in both following sums.","The index $n$ is unbound in this passage; the relations $\sum f_i s_i=1$ run from 1 to $r$.","Replace `$s_1, \ldots, s_n$` by `$s_1, \ldots, s_r$`.",pending_canon_intake_2026-08-24_source-emendation_applied_in_target
ALGEBRA-399,p01,algebra.tex,algebra.tex:47488,FA8BB92E58A4F78A2BD01B3B6A4A87DE0A0D279F5DD90641B574DD5FBFFFA4F3,"The phrase `with $R$ replaced $\mathbf Z$` omits `by`.","The construction begins by replacing $R$ by $\mathbf Z$.","Insert `by`: `with $R$ replaced by $\mathbf Z$`.",pending_canon_intake_2026-08-24_authority_unchanged_target-prose-naturalized
ALGEBRA-400,p01,algebra.tex,algebra.tex:47851,FA8BB92E58A4F78A2BD01B3B6A4A87DE0A0D279F5DD90641B574DD5FBFFFA4F3,"The prime-correspondence map is written `$S_g \to S'_g$` although $S'=S_g/(f_1,\ldots,f_d)$ already makes $g$ a unit.","The further localization is canonically redundant; the quotient map inducing the correspondence is `$S_g \to S'$`.","Replace `$S_g \to S'_g$` by `$S_g \to S'$`.",pending_canon_intake_2026-08-24_source-emendation_applied_in_target
ALGEBRA-401,p01,algebra.tex,algebra.tex:47852,FA8BB92E58A4F78A2BD01B3B6A4A87DE0A0D279F5DD90641B574DD5FBFFFA4F3,"Quasi-finiteness of `$R \to S'$` is asserted at `$\mathfrak q$`, a prime of $S$ rather than of $S'$.","The immediately preceding prime of $S'$ is $\mathfrak q'$, and the displayed fibre local ring is computed there.","Replace `$\mathfrak q$` by `$\mathfrak q'$` in the quasi-finiteness assertion.",pending_canon_intake_2026-08-24_source-emendation_applied_in_target
ALGEBRA-402,p01,algebra.tex,algebra.tex:47855,FA8BB92E58A4F78A2BD01B3B6A4A87DE0A0D279F5DD90641B574DD5FBFFFA4F3,"The quotient denominator does not enclose the sum `(f_1,\ldots,f_d)+\mathfrak pS_\mathfrak q`.","The fibre local ring is the quotient of $S_\mathfrak q$ by the sum of the two ideals; the unparenthesized expression instead adds an ideal after quotienting.","Use `$S_{\mathfrak q}/\big((f_1, \ldots, f_d)+\mathfrak pS_{\mathfrak q}\big)$`.",pending_canon_intake_2026-08-24_source-emendation_applied_in_target
BRAUER-001,p02,brauer.tex,brauer.tex:711,B2504820D769EBE4E9E33B8ADD78753FB30ACA6E8A7F75C8D54DDA885EDCD682,"The proposition concludes that every Brauer class has a finite separable `spitting field`.","The proposition label is `proposition-separable-splitting-field`; the preceding and following argument concern splitting fields, while `spitting field` has no mathematical meaning here.","Replace `spitting field` by `splitting field`.",pending_canon_intake_2026-08-25_authority_unchanged_target-prose-corrected
BRAUER-002,p02,brauer.tex,brauer.tex:274-276,B2504820D769EBE4E9E33B8ADD78753FB30ACA6E8A7F75C8D54DDA885EDCD682,"For a two-sided ideal J of Mat(n x n R), the proof omits the direct-sum indices and says that all corners e_ii J e_jj are equal to each other and are a two-sided ideal I of R.","For n greater than 1 and nonzero J these corners occupy different matrix positions, so they are distinct subsets of the matrix ring; what is common is their coefficient ideal I in R, equivalently e_ii J e_jj = I e_ij under the standard matrix-unit notation.","Write the direct sum over i,j and say that all corners have the same coefficient ideal I (or state e_ii J e_jj = I e_ij), whence J = I R_n.",pending_canon_intake_2026-08-25_source-emendation_applied_in_target
BRAUER-003,p02,brauer.tex,brauer.tex:63-64,B2504820D769EBE4E9E33B8ADD78753FB30ACA6E8A7F75C8D54DDA885EDCD682,"The definition calls A simple when its only two-sided ideals are 0 and A but does not require A to be nonzero.","The chapter permits the zero algebra; under the printed definition it is simple, while later Wedderburn and simple-module assertions require a nonzero algebra.","Require A to be nonzero in the definition of a simple algebra.",pending_canon_intake_2026-08-25_source-emendation_applied_in_target
BRAUER-004,p02,brauer.tex,brauer.tex:295-296,B2504820D769EBE4E9E33B8ADD78753FB30ACA6E8A7F75C8D54DDA885EDCD682,"Part (6) quantifies over every finite A-module N, including N=0.","For N=0 one has End_A(N)=0 and End_0(0)=0, which is not A when A is the nonzero simple algebra of the lemma.","Require N to be a nonzero finite A-module.",pending_canon_intake_2026-08-25_source-emendation_applied_in_target
BRAUER-005,p02,brauer.tex,brauer.tex:512-514,B2504820D769EBE4E9E33B8ADD78753FB30ACA6E8A7F75C8D54DDA885EDCD682,"The lemma says every automorphism of a finite central simple k-algebra is inner, including arbitrary ring automorphisms.","Skolem-Noether applies to k-algebra automorphisms; if k has a nontrivial automorphism, its entrywise action on a matrix algebra need not be inner.","Qualify both occurrences as k-algebra automorphisms.",pending_canon_intake_2026-08-25_source-emendation_applied_in_target
BRAUER-006,p02,brauer.tex,brauer.tex:570-579,B2504820D769EBE4E9E33B8ADD78753FB30ACA6E8A7F75C8D54DDA885EDCD682,"The statement writes the literal equality A = B tensor_k C.","The proof constructs the natural multiplication map B tensor_k C to A and proves that it is an isomorphism; the presented rings are not literally equal.","Write A isomorphic to B tensor_k C, or explicitly state that multiplication is an isomorphism.",pending_canon_intake_2026-08-25_source-emendation_applied_in_target
BRAUER-007,p02,brauer.tex,brauer.tex:733,B2504820D769EBE4E9E33B8ADD78753FB30ACA6E8A7F75C8D54DDA885EDCD682,"The contradiction hypothesis says no element of K is separable over k.","Every element of the ground field k is separable over k; the preceding line seeks an element of K outside k.","Say that no element of K setminus k is separable over k.",pending_canon_intake_2026-08-25_source-emendation_applied_in_target
BRAUER-008,p02,brauer.tex,brauer.tex:561,B2504820D769EBE4E9E33B8ADD78753FB30ACA6E8A7F75C8D54DDA885EDCD682,"The sentence combines `follows because of` with the finite clause `(2) ... shows`.","The resulting English syntax is ungrammatical; the dimension argument itself is clear.","Use `follows since (2) ... shows`.",pending_canon_intake_2026-08-25_target-prose_was_already_idiomatic
BRAUER-009,p02,brauer.tex,brauer.tex:728,B2504820D769EBE4E9E33B8ADD78753FB30ACA6E8A7F75C8D54DDA885EDCD682,"The conditional clause has an erroneous comma after `then`.","The sentence reads `If ... finite then, the result is clear`.","Delete the comma after `then`.",pending_canon_intake_2026-08-25_target-prose_was_already_idiomatic
BRAUER-010,p02,brauer.tex,brauer.tex:771,B2504820D769EBE4E9E33B8ADD78753FB30ACA6E8A7F75C8D54DDA885EDCD682,"The first equivalent condition reads `A is finite central simple k-algebra` without an article.","The singular count noun `algebra` requires `a`.","Write `A is a finite central simple k-algebra`.",pending_canon_intake_2026-08-25_target-prose_was_already_idiomatic
HOMOLOGY-001,p02,homology.tex,homology.tex:634,483CAF01B4BD164DBC9103D76196E294E00EFE17E706178ECF2DC2C1DEF4ABE0,"The proof says 'we observes that'.","The first-person plural subject is incompatible with the third-person singular verb.","Replace observes by observe.",pending_canon_intake_2026-08-25_authority_unchanged_target-prose-naturalized
HOMOLOGY-002,p02,homology.tex,homology.tex:729-730,483CAF01B4BD164DBC9103D76196E294E00EFE17E706178ECF2DC2C1DEF4ABE0,"The definition reads 'We a sequence as above is exact', omitting the governing verb.","The surrounding sentences consistently introduce terminology with 'We say'.","Insert say: 'We say a sequence as above is exact'.",pending_canon_intake_2026-08-25_authority_unchanged_target-prose-naturalized
HOMOLOGY-003,p02,homology.tex,homology.tex:965,483CAF01B4BD164DBC9103D76196E294E00EFE17E706178ECF2DC2C1DEF4ABE0,"The proof says the single morphism j is 'an epimorphisms'.","The singular article and subject require the singular noun.","Replace epimorphisms by epimorphism.",pending_canon_intake_2026-08-25_authority_unchanged_target-prose-naturalized
HOMOLOGY-004,p02,homology.tex,homology.tex:1056;1081-1088;1107,483CAF01B4BD164DBC9103D76196E294E00EFE17E706178ECF2DC2C1DEF4ABE0,"The exact sequence at line 1107 labels the canonical map u to Coker(alpha) by p.","The canonical projection is explicitly defined as pi double-prime at line 1056 and used with that name in the surrounding proof; p denotes another morphism.","Replace the arrow label p at line 1107 by pi double-prime.",pending_canon_intake_2026-08-25_source-emendation_applied_in_target
HOMOLOGY-005,p02,homology.tex,homology.tex:1494,483CAF01B4BD164DBC9103D76196E294E00EFE17E706178ECF2DC2C1DEF4ABE0,"The sentence begins 'Similarly holds if (3) holds'.","The adverb Similarly cannot be the grammatical subject of holds.","Write 'The same holds if (3) holds'.",pending_canon_intake_2026-08-25_authority_unchanged_target-prose-naturalized
HOMOLOGY-006,p02,homology.tex,homology.tex:1530,483CAF01B4BD164DBC9103D76196E294E00EFE17E706178ECF2DC2C1DEF4ABE0,"The proof says 'it suffice to check'.","The third-person singular subject requires suffices.","Replace suffice by suffices.",pending_canon_intake_2026-08-25_authority_unchanged_target-prose-naturalized
HOMOLOGY-007,p02,homology.tex,homology.tex:1568,483CAF01B4BD164DBC9103D76196E294E00EFE17E706178ECF2DC2C1DEF4ABE0,"A present-tense implication says 'F preserved direct sums'.","The surrounding proof draws the current consequence that F preserves direct sums.","Replace preserved by preserves.",pending_canon_intake_2026-08-25_authority_unchanged_target-prose-naturalized
HOMOLOGY-008,p02,homology.tex,homology.tex:1716,483CAF01B4BD164DBC9103D76196E294E00EFE17E706178ECF2DC2C1DEF4ABE0,"The Coker expression ends with two closing parentheses after aA_1.","Only the Coker parenthesis remains open at that point.","Delete the final superfluous closing parenthesis.",pending_canon_intake_2026-08-25_source-emendation_applied_in_target
HOMOLOGY-009,p02,homology.tex,homology.tex:1785,483CAF01B4BD164DBC9103D76196E294E00EFE17E706178ECF2DC2C1DEF4ABE0,"The proof says 'Let us show construction above is well defined'.","The definite construction introduced immediately above requires the article the.","Insert the before construction.",pending_canon_intake_2026-08-25_authority_unchanged_target-prose-naturalized
HOMOLOGY-010,p02,homology.tex,homology.tex:1841-1848,483CAF01B4BD164DBC9103D76196E294E00EFE17E706178ECF2DC2C1DEF4ABE0,"Both extension equations at line 1848 end in f, so b is also made to extend f.","The diagram lists f, g, and f+g; a must extend f and b must extend g before constructing the extension of f+g.","Replace the second right-hand side s_2 composed with f by s_2 composed with g.",pending_canon_intake_2026-08-25_source-emendation_applied_in_target
HOMOLOGY-011,p02,homology.tex,homology.tex:2347-2359,483CAF01B4BD164DBC9103D76196E294E00EFE17E706178ECF2DC2C1DEF4ABE0,"The sentence after the displayed presentation ends with the malformed clause 'with ... of K_0(A)'.","The display is already introduced as a presentation; the clause is intended to define the first arrow.","State that the first map sends [A to B to C] to [B]-[A]-[C].",pending_canon_intake_2026-08-25_authority_unchanged_target-prose-corrected
HOMOLOGY-012,p02,homology.tex,homology.tex:2365,483CAF01B4BD164DBC9103D76196E294E00EFE17E706178ECF2DC2C1DEF4ABE0,"The sentence says examples 'where computed'.","The clause is passive past tense.","Replace where by were.",pending_canon_intake_2026-08-25_authority_unchanged_target-prose-naturalized
HOMOLOGY-013,p02,homology.tex,homology.tex:2467-2468,483CAF01B4BD164DBC9103D76196E294E00EFE17E706178ECF2DC2C1DEF4ABE0,"The sentence says 'The proof of Lemmas ... show that we choose'.","Two cited lemmas have separate proofs, and the conclusion is an existence statement requiring the modal can.","Write 'The proofs of Lemmas ... show that we can choose'.",pending_canon_intake_2026-08-25_authority_unchanged_target-prose-naturalized
HOMOLOGY-014,p02,homology.tex,homology.tex:2678-2679,483CAF01B4BD164DBC9103D76196E294E00EFE17E706178ECF2DC2C1DEF4ABE0,"A collection indexed by n is called a collection of transformation of functors.","The collection contains one transformation t^n for every n.","Use the plural transformations of functors.",pending_canon_intake_2026-08-25_authority_unchanged_target-prose-naturalized
HOMOLOGY-015,p02,homology.tex,homology.tex:2722-2723,483CAF01B4BD164DBC9103D76196E294E00EFE17E706178ECF2DC2C1DEF4ABE0,"The inductive construction is called a sequence of transformation of functors.","The sequence contains multiple transformations t^i.","Use the plural transformations of functors.",pending_canon_intake_2026-08-25_authority_unchanged_target-prose-naturalized
HOMOLOGY-016,p02,homology.tex,homology.tex:3246,483CAF01B4BD164DBC9103D76196E294E00EFE17E706178ECF2DC2C1DEF4ABE0,"The word exactnesss has a duplicated final s.","The standard spelling is exactness.","Delete the duplicated s.",pending_canon_intake_2026-08-25_authority_unchanged_target-prose-naturalized
HOMOLOGY-017,p02,homology.tex,homology.tex:3554-3562,483CAF01B4BD164DBC9103D76196E294E00EFE17E706178ECF2DC2C1DEF4ABE0,"A lemma about cochain complexes and groups H^i calls the associated sequence the long exact homology sequence.","For cochain complexes and upper-index cohomology groups, the cited construction is the long exact cohomology sequence.","Replace homology by cohomology at line 3560.",pending_canon_intake_2026-08-25_source-emendation_applied_in_target
HOMOLOGY-018,p02,homology.tex,homology.tex:4048,483CAF01B4BD164DBC9103D76196E294E00EFE17E706178ECF2DC2C1DEF4ABE0,"The compound is printed as vectors spaces.","The attributive noun is singular in standard English vector spaces.","Replace vectors by vector.",pending_canon_intake_2026-08-25_authority_unchanged_target-prose-naturalized
HOMOLOGY-019,p02,homology.tex,homology.tex:4048-4049;4074-4081,483CAF01B4BD164DBC9103D76196E294E00EFE17E706178ECF2DC2C1DEF4ABE0,"The proof contains the unfinished sentence 'As unit we take'.","The preceding example defines the monoidal unit as the graded object 1, and the next sentence immediately identifies it with F in degree zero.","Complete the sentence as 'As unit we take the object 1 described above'.",pending_canon_intake_2026-08-25_authority_unchanged_target-prose-corrected
HOMOLOGY-020,p02,homology.tex,homology.tex:4228-4233,483CAF01B4BD164DBC9103D76196E294E00EFE17E706178ECF2DC2C1DEF4ABE0,"The summation sign syntactically governs only d_1; the two signed component differentials that follow lie outside its scope.","The total differential is the sum over p+q+r=n of the entire signed three-term differential.","Parenthesize all three component differentials after the indexed summation.",pending_canon_intake_2026-08-25_source-emendation_applied_in_target
HOMOLOGY-021,p02,homology.tex,homology.tex:4242,483CAF01B4BD164DBC9103D76196E294E00EFE17E706178ECF2DC2C1DEF4ABE0,"The phrase 'combine sum of those' omits the article.","It refers to the definite sum formed in the preceding step.","Write 'combine the sum of those'.",pending_canon_intake_2026-08-25_authority_unchanged_target-prose-naturalized
HOMOLOGY-022,p02,homology.tex,homology.tex:4434-4436,483CAF01B4BD164DBC9103D76196E294E00EFE17E706178ECF2DC2C1DEF4ABE0,"The component s^{p,q} is typed as mapping C^{p,q} to the whole column complex B^{bullet,q}.","The map s^q has that column complex as codomain, while its bidegree component lands in B^{p,q}.","Replace the codomain of s^{p,q} by B^{p,q}.",pending_canon_intake_2026-08-25_source-emendation_applied_in_target
HOMOLOGY-023,p02,homology.tex,homology.tex:4516-4518,483CAF01B4BD164DBC9103D76196E294E00EFE17E706178ECF2DC2C1DEF4ABE0,"After defining h=(h^p), the text calls h^{p,q} the degree-p component of h^q.","The displayed type shows that h^{p,q} is the degree-q component of the column-complex homotopy h^p.","Replace degree p of h^q by degree q of h^p.",pending_canon_intake_2026-08-25_source-emendation_applied_in_target
HOMOLOGY-024,p02,homology.tex,homology.tex:4573-4583;4601-4604,483CAF01B4BD164DBC9103D76196E294E00EFE17E706178ECF2DC2C1DEF4ABE0,"In the first-index complex convention, delta is displayed with target A[0,1].","The comparison diagram two paragraphs later correctly totalizes delta with target A[1,0], and the splittings are indexed by the first degree.","Replace A[0,1] by A[1,0] at line 4581.",pending_canon_intake_2026-08-25_source-emendation_applied_in_target
HOMOLOGY-025,p02,homology.tex,homology.tex:4608-4609,483CAF01B4BD164DBC9103D76196E294E00EFE17E706178ECF2DC2C1DEF4ABE0,"The second comparison again types s^{p,q} into B^{bullet,q} and calls the components those of s^q and pi^q.","The setup explicitly gives splittings s^p and pi^p of the row complexes; their bidegree components land in B^{p,q}.","Use codomain B^{p,q} and refer to the components of s^p and pi^p.",pending_canon_intake_2026-08-25_source-emendation_applied_in_target
HOMOLOGY-026,p02,homology.tex,homology.tex:5007,483CAF01B4BD164DBC9103D76196E294E00EFE17E706178ECF2DC2C1DEF4ABE0,"The proof says 'hence map' before a specific graded map.","The definite article is required.","Write 'hence the map'.",pending_canon_intake_2026-08-25_authority_unchanged_target-prose-naturalized
HOMOLOGY-027,p02,homology.tex,homology.tex:5007-5012,483CAF01B4BD164DBC9103D76196E294E00EFE17E706178ECF2DC2C1DEF4ABE0,"The printed map has the ill-typed target A/X + F^{p+1}A, and the kernel formula omits quotient and intersection parentheses.","The induced map on the p-th graded quotient is F^pA/F^{p+1}A to (F^pA+X)/(F^{p+1}A+X), with kernel (F^{p+1}A+(X intersect F^pA))/F^{p+1}A, canonically isomorphic to F^pX/F^{p+1}X.","Restore the typed graded quotient map and the fully parenthesized kernel quotient.",pending_canon_intake_2026-08-25_source-emendation_applied_in_target
HOMOLOGY-028,p02,homology.tex,homology.tex:5013,483CAF01B4BD164DBC9103D76196E294E00EFE17E706178ECF2DC2C1DEF4ABE0,"The sentence says 'The two short exact sequence'.","The determiner two requires the plural.","Replace sequence by sequences.",pending_canon_intake_2026-08-25_authority_unchanged_target-prose-naturalized
HOMOLOGY-029,p02,homology.tex,homology.tex:5052,483CAF01B4BD164DBC9103D76196E294E00EFE17E706178ECF2DC2C1DEF4ABE0,"The phrase is printed 'induces and isomorphism'.","The indefinite article before isomorphism is an.","Replace and by an.",pending_canon_intake_2026-08-25_authority_unchanged_target-prose-naturalized
HOMOLOGY-030,p02,homology.tex,homology.tex:5081-5082,483CAF01B4BD164DBC9103D76196E294E00EFE17E706178ECF2DC2C1DEF4ABE0,"The displayed quotient ends with three closing parentheses after Im(gr(alpha)).","Only two parentheses are required for Im and gr.","Delete the final superfluous closing parenthesis.",pending_canon_intake_2026-08-25_source-emendation_applied_in_target
HOMOLOGY-031,p02,homology.tex,homology.tex:5118-5125,483CAF01B4BD164DBC9103D76196E294E00EFE17E706178ECF2DC2C1DEF4ABE0,"The induction hypothesis is said to give exactness of the quotients for p >= n, followed by a new case p=n+1.","For the decreasing finite filtrations, quotienting by F^n yields the result for p <= n; otherwise the stated next case is already included and the induction does not progress.","Replace p >= n by p <= n.",pending_canon_intake_2026-08-25_source-emendation_applied_in_target
HOMOLOGY-032,p02,homology.tex,homology.tex:5567-5569,483CAF01B4BD164DBC9103D76196E294E00EFE17E706178ECF2DC2C1DEF4ABE0,"The differential d_r is defined by treating z in Z_r as an element of A and by mixing representatives with residue classes.","Z_r lies in A/alpha A; the equation d(z)=alpha^r(y) must use representatives z and y in A, while d_r acts on their classes modulo alpha A.","Choose representatives z and y, denote their residue classes by barred symbols, and define d_r on those classes.",pending_canon_intake_2026-08-25_source-emendation_applied_in_target
HOMOLOGY-033,p02,homology.tex,homology.tex:5773,483CAF01B4BD164DBC9103D76196E294E00EFE17E706178ECF2DC2C1DEF4ABE0,"The transition map of the filtration is printed F^{p+1}A to F^pA.","K is the filtered object; A is the graded direct sum subsequently formed from the filtration pieces.","Replace both occurrences of A by K in this transition map.",pending_canon_intake_2026-08-25_source-emendation_applied_in_target
HOMOLOGY-034,p02,homology.tex,homology.tex:6384,483CAF01B4BD164DBC9103D76196E294E00EFE17E706178ECF2DC2C1DEF4ABE0,"The vanishing condition is printed F^{p+r}K^n=0.","The immediately preceding inverse-image condition is in K^{n+1}, so the simplifying vanishing must also be in degree n+1.","Replace K^n by K^{n+1}.",pending_canon_intake_2026-08-25_source-emendation_applied_in_target
HOMOLOGY-035,p02,homology.tex,homology.tex:6399-6400,483CAF01B4BD164DBC9103D76196E294E00EFE17E706178ECF2DC2C1DEF4ABE0,"Part (4) says E_r^{p,q} lies in C without quantifying p and q and leaves the clause defining C grammatically incomplete.","The conclusion requires membership for every bidegree, and C is the weak Serre subcategory fixed by the hypothesis.","Quantify all p,q in Z and complete the clause 'where C is a weak Serre subcategory of A'.",pending_canon_intake_2026-08-25_source-emendation_applied_in_target
HOMOLOGY-036,p02,homology.tex,homology.tex:6442,483CAF01B4BD164DBC9103D76196E294E00EFE17E706178ECF2DC2C1DEF4ABE0,"The proof refers to the smallest Serre subcategory although the lemma fixes the smallest weak Serre subcategory.","The argument uses the weak Serre closure specified in the statement, not the generally larger Serre closure.","Insert 'weak' before 'Serre'.",pending_canon_intake_2026-08-25_source-emendation_applied_in_target
HOMOLOGY-037,p02,homology.tex,homology.tex:6516-6522,483CAF01B4BD164DBC9103D76196E294E00EFE17E706178ECF2DC2C1DEF4ABE0,"Two cohomological indices in the convergence argument are printed n-1.","The maps and filtration pieces in the surrounding diagram are in the fixed degree n; using n-1 breaks the stated identification.","Replace the two erroneous n-1 indices by n.",pending_canon_intake_2026-08-25_source-emendation_applied_in_target
HOMOLOGY-038,p02,homology.tex,homology.tex:6999,483CAF01B4BD164DBC9103D76196E294E00EFE17E706178ECF2DC2C1DEF4ABE0,"A differential in the shifted resolution is indexed d^n where the displayed source degree is -n.","The element under discussion lies in cohomological degree -n and must be acted on by d^{-n}.","Replace d^n by d^{-n}.",pending_canon_intake_2026-08-25_source-emendation_applied_in_target
HOMOLOGY-039,p02,homology.tex,homology.tex:7003,483CAF01B4BD164DBC9103D76196E294E00EFE17E706178ECF2DC2C1DEF4ABE0,"The lifting sentence assigns y to the wrong term and reverses the displayed differential equation.","To lift the cocycle x, one needs y in T^{-1} with d(y)=x in the exact complex.","Restore y in T^{-1} and d(y)=x.",pending_canon_intake_2026-08-25_source-emendation_applied_in_target
HOMOLOGY-040,p02,homology.tex,homology.tex:7043,483CAF01B4BD164DBC9103D76196E294E00EFE17E706178ECF2DC2C1DEF4ABE0,"The recursive resolution is indexed B_n=A_n.","The construction advances one step at a time, so the object built from A_n is B_{n+1}; the stated base and induction require n>=0.","Replace B_n=A_n by B_{n+1}=A_n and retain n>=0.",pending_canon_intake_2026-08-25_source-emendation_applied_in_target
HOMOLOGY-041,p02,homology.tex,homology.tex:7060-7062,483CAF01B4BD164DBC9103D76196E294E00EFE17E706178ECF2DC2C1DEF4ABE0,"The rearranged total-complex equation has the wrong sign and places the existential qualifier after its justification.","Moving the preceding term across the equality yields a positive term; y_1 must be introduced before explaining why it exists.","Restore the positive sign and move 'for some y_1 in A_2^1' next to the equation.",pending_canon_intake_2026-08-25_source-emendation_applied_in_target
HOMOLOGY-042,p02,homology.tex,homology.tex:7538-7571,483CAF01B4BD164DBC9103D76196E294E00EFE17E706178ECF2DC2C1DEF4ABE0,"Four occurrences print colim_I F direct-sum G without parentheses.","The construction takes the colimit of the pointwise direct-sum functor F direct-sum G, not the direct sum of colim F with the functor G.","Write colim_I(F direct-sum G) at all four loci.",pending_canon_intake_2026-08-25_source-emendation_applied_in_target
HOMOLOGY-043,p02,homology.tex,homology.tex:7624,483CAF01B4BD164DBC9103D76196E294E00EFE17E706178ECF2DC2C1DEF4ABE0,"The third term of the inverse-system sequence is printed N_i.","The three declared inverse systems are K_i, L_i, and M_i; N_i is undefined.","Replace N_i by M_i.",pending_canon_intake_2026-08-25_source-emendation_applied_in_target
HOMOLOGY-044,p02,homology.tex,homology.tex:7866,483CAF01B4BD164DBC9103D76196E294E00EFE17E706178ECF2DC2C1DEF4ABE0,"Termwise surjectivity is stated for 'the map' while the degree n is unquantified.","The induction requires surjectivity in every cohomological degree.","Insert 'for every n in Z' before the map.",pending_canon_intake_2026-08-25_source-emendation_applied_in_target
HOMOLOGY-045,p02,homology.tex,homology.tex:7878,483CAF01B4BD164DBC9103D76196E294E00EFE17E706178ECF2DC2C1DEF4ABE0,"The induction hypothesis calls the fixed-degree group lim K_gamma^n acyclic.","Acyclicity is a property of the inverse-limit complex, not of a single abelian group in degree n.","Replace K_gamma^n by K_gamma^bullet under the limit.",pending_canon_intake_2026-08-25_source-emendation_applied_in_target
HOMOLOGY-046,p02,homology.tex,homology.tex:7648,483CAF01B4BD164DBC9103D76196E294E00EFE17E706178ECF2DC2C1DEF4ABE0,"The result of taking limits is called a 'system of limits'.","The displayed result is a sequence of three limit objects and two maps, not a new inverse system.","Replace 'system of limits' by 'sequence of limits'.",pending_canon_intake_2026-08-25_authority_unchanged_target-prose-naturalized
HOMOLOGY-047,p02,homology.tex,homology.tex:5427-5430,483CAF01B4BD164DBC9103D76196E294E00EFE17E706178ECF2DC2C1DEF4ABE0,"Two passive constructions omit the auxiliary verb in 'Let ... induced'.","The morphisms are induced by the preceding maps, so English grammar requires 'be induced'.","Insert 'be' at both loci.",pending_canon_intake_2026-08-25_authority_unchanged_target-prose-naturalized
HOMOLOGY-048,p02,homology.tex,homology.tex:5680;5977,483CAF01B4BD164DBC9103D76196E294E00EFE17E706178ECF2DC2C1DEF4ABE0,"The repeated relative clause reads 'which has countable direct sums and countable direct sums are exact'.","The second conjunct is another assertion about the category and needs the relative phrase 'in which'.","Insert 'in which' at both loci.",pending_canon_intake_2026-08-25_authority_unchanged_target-prose-naturalized
HOMOLOGY-049,p02,homology.tex,homology.tex:5781,483CAF01B4BD164DBC9103D76196E294E00EFE17E706178ECF2DC2C1DEF4ABE0,"The phrase 'we have E_r ... is an object' omits the complementizer.","The finite clause following 'have' requires 'that'.","Insert 'that'.",pending_canon_intake_2026-08-25_authority_unchanged_target-prose-naturalized
HOMOLOGY-050,p02,homology.tex,homology.tex:5786;6088,483CAF01B4BD164DBC9103D76196E294E00EFE17E706178ECF2DC2C1DEF4ABE0,"The repeated phrase says the singular description 'hold'.","The singular subject 'description' requires 'holds'.","Replace 'hold' by 'holds' at both loci.",pending_canon_intake_2026-08-25_authority_unchanged_target-prose-naturalized
HOMOLOGY-051,p02,homology.tex,homology.tex:5793;6102,483CAF01B4BD164DBC9103D76196E294E00EFE17E706178ECF2DC2C1DEF4ABE0,"The repeated idiom reads 'translates into a straightforward manner into'.","English requires 'in a ... manner' before the target introduced by the second 'into'.","Replace the first 'into' by 'in' at both loci.",pending_canon_intake_2026-08-25_authority_unchanged_target-prose-naturalized
HOMOLOGY-052,p02,homology.tex,homology.tex:6293-6294,483CAF01B4BD164DBC9103D76196E294E00EFE17E706178ECF2DC2C1DEF4ABE0,"An introductory prepositional phrase ends with a period and the following 'Let' begins an unintended fragment.","The two lines form one sentence introducing the notation in the situation of the cited definition.","Replace the period by a comma and lowercase 'Let'.",pending_canon_intake_2026-08-25_authority_unchanged_target-prose-naturalized
HOMOLOGY-053,p02,homology.tex,homology.tex:6468;6470,483CAF01B4BD164DBC9103D76196E294E00EFE17E706178ECF2DC2C1DEF4ABE0,"Two clauses say 'there exist' before a single integer p_0(n) or p_1(n).","Each quantified object is singular.","Replace 'exist' by 'exists' at both loci.",pending_canon_intake_2026-08-25_authority_unchanged_target-prose-naturalized
HOMOLOGY-054,p02,homology.tex,homology.tex:6828,483CAF01B4BD164DBC9103D76196E294E00EFE17E706178ECF2DC2C1DEF4ABE0,"The sentence omits its subject and uses 'analogues' as an adjective.","The intended clause is 'for which we do not (yet) have the analogous results'.","Insert 'we' and replace 'analogues' by 'analogous'.",pending_canon_intake_2026-08-25_authority_unchanged_target-prose-naturalized
HOMOLOGY-055,p02,homology.tex,homology.tex:6924,483CAF01B4BD164DBC9103D76196E294E00EFE17E706178ECF2DC2C1DEF4ABE0,"The sentence refers to two cocycles but says 'their image ... are'.","There are two images, matching the plural verb.","Replace 'image' by 'images'.",pending_canon_intake_2026-08-25_authority_unchanged_target-prose-naturalized
HOMOLOGY-056,p02,homology.tex,homology.tex:7222-7240,483CAF01B4BD164DBC9103D76196E294E00EFE17E706178ECF2DC2C1DEF4ABE0,"Three phrases use 'an' before surjective or projective.","Both adjectives begin with a consonant sound.","Replace 'an' by 'a' at all three loci.",pending_canon_intake_2026-08-25_authority_unchanged_target-prose-naturalized
HOMOLOGY-057,p02,homology.tex,homology.tex:7356,483CAF01B4BD164DBC9103D76196E294E00EFE17E706178ECF2DC2C1DEF4ABE0,"The phrase 'as In Lemma' capitalizes the preposition inside a sentence.","The reference continues the same sentence.","Lowercase 'In'.",pending_canon_intake_2026-08-25_authority_unchanged_target-prose-naturalized
HOMOLOGY-058,p02,homology.tex,homology.tex:7547,483CAF01B4BD164DBC9103D76196E294E00EFE17E706178ECF2DC2C1DEF4ABE0,"The phrase 'defines natural transformation' omits the article.","The singular count noun requires an indefinite article.","Insert 'a'.",pending_canon_intake_2026-08-25_authority_unchanged_target-prose-naturalized
HOMOLOGY-059,p02,homology.tex,homology.tex:7832,483CAF01B4BD164DBC9103D76196E294E00EFE17E706178ECF2DC2C1DEF4ABE0,"The sentence 'Thus an exact sequence' contains no finite verb.","The paragraph announces the displayed exact sequence.","Write 'Thus we have an exact sequence'.",pending_canon_intake_2026-08-25_authority_unchanged_target-prose-naturalized
DERIVED-001,p02,derived.tex,derived.tex:1340,EFDA4CB361DD40909D1991161EAE716E58B6CF9E79380971502E1DA12396D402,"The proof says i composed with g equals a, but g is undefined in this proof.","The distinguished triangle at line 1337 names its second arrow u; the diagram at lines 1344-1348 also labels that arrow u; exactness factors a through u.","Replace i \\circ g = a by i \\circ u = a.",pending_canon_intake_2026-08-25_source-emendation-applied-in-target
DERIVED-002,p02,derived.tex,derived.tex:1423,EFDA4CB361DD40909D1991161EAE716E58B6CF9E79380971502E1DA12396D402,"The right vertical arrow is labelled g[1].","The corresponding left vertical arrow is k : X to X double-prime, so functoriality of the shift requires k[1]; g is a different horizontal triangle arrow.","Replace \\ar[d]^{g[1]} by \\ar[d]^{k[1]}.",pending_canon_intake_2026-08-25_source-emendation-applied-in-target
DERIVED-003,p02,derived.tex,derived.tex:1445,EFDA4CB361DD40909D1991161EAE716E58B6CF9E79380971502E1DA12396D402,"The proof calls its enclosing numbered unit a lemma.","The unit opened at line 1359 and closed at line 1368 is a proposition.","Replace 'first statement of the lemma' by 'first statement of the proposition'.",pending_canon_intake_2026-08-25_authority-unchanged-target-prose-naturalized
DERIVED-004,p02,derived.tex,derived.tex:1521,EFDA4CB361DD40909D1991161EAE716E58B6CF9E79380971502E1DA12396D402,"The sentence contains the duplicated finite verb 'is is'.","One copula is grammatically sufficient.","Replace 'Hence S-prime is is a' by 'Hence S-prime is a'.",pending_canon_intake_2026-08-25_authority-unchanged-target-prose-naturalized
DERIVED-005,p02,derived.tex,derived.tex:2061-2062,EFDA4CB361DD40909D1991161EAE716E58B6CF9E79380971502E1DA12396D402,"The parenthetical sentence says 'It is also follows'.","The auxiliary is is extraneous before the finite verb follows.","Replace 'It is also follows' by 'It also follows'.",pending_canon_intake_2026-08-25_authority-unchanged-target-prose-naturalized
DERIVED-006,p02,derived.tex,derived.tex:2204,EFDA4CB361DD40909D1991161EAE716E58B6CF9E79380971502E1DA12396D402,"The sentence says that S is multiplicative system.","The singular count noun multiplicative system requires an indefinite article.","Insert 'a' before multiplicative system.",pending_canon_intake_2026-08-25_authority-unchanged-target-prose-naturalized
DERIVED-007,p02,derived.tex,derived.tex:2361,EFDA4CB361DD40909D1991161EAE716E58B6CF9E79380971502E1DA12396D402,"The proof applies Hom_D-prime(W,-) although X and G(C) lie in D.","F maps D to D-prime and G maps D-prime to D; the triangle G(A) to G(B) to X and the comparison X to G(C) are in D.","Replace Hom_D-prime(W,-) by Hom_D(W,-).",pending_canon_intake_2026-08-25_source-emendation-applied-in-target
DERIVED-008,p02,derived.tex,derived.tex:2362,EFDA4CB361DD40909D1991161EAE716E58B6CF9E79380971502E1DA12396D402,"The Yoneda test object W is said to lie in D-prime.","The representable functor is applied to objects X and G(C) of D.","Replace D-prime by D for the category of W.",pending_canon_intake_2026-08-25_source-emendation-applied-in-target
DERIVED-009,p02,derived.tex,derived.tex:2364,EFDA4CB361DD40909D1991161EAE716E58B6CF9E79380971502E1DA12396D402,"Both displayed Hom groups are subscripted by D-prime.","Both arguments X and G(C) are objects of D; this bijection is used with Yoneda in D.","Replace both D-prime subscripts by D.",pending_canon_intake_2026-08-25_source-emendation-applied-in-target
DERIVED-010,p02,derived.tex,derived.tex:2424-2425,EFDA4CB361DD40909D1991161EAE716E58B6CF9E79380971502E1DA12396D402,"The definition reads 'We set ... be the category'.","The infinitive construction requires 'We let ... be'.","Replace 'We set' by 'We let'.",pending_canon_intake_2026-08-25_authority-unchanged-target-prose-naturalized
DERIVED-011,p02,derived.tex,derived.tex:2533,EFDA4CB361DD40909D1991161EAE716E58B6CF9E79380971502E1DA12396D402,"The sentence says 'A matrix computation show'.","The singular subject requires a singular finite verb.","Replace 'show' by 'shows'.",pending_canon_intake_2026-08-25_authority-unchanged-target-prose-naturalized
DERIVED-012,p02,derived.tex,derived.tex:2855,EFDA4CB361DD40909D1991161EAE716E58B6CF9E79380971502E1DA12396D402,"One displayed exact sequence is called 'exact sequences'.","The Let construction has one singular displayed subject.","Replace 'be termwise split exact sequences' by 'be a termwise split exact sequence'.",pending_canon_intake_2026-08-25_authority-unchanged-target-prose-naturalized
DERIVED-013,p02,derived.tex,derived.tex:3129,EFDA4CB361DD40909D1991161EAE716E58B6CF9E79380971502E1DA12396D402,"The first cone triangle tuple omits its first arrow f.","A triangle is a sextuple and the surrounding sentence compares the cone triangles of f and tilde f.","Insert f between C(f) and i.",pending_canon_intake_2026-08-25_source-emendation-applied-in-target
DERIVED-014,p02,derived.tex,derived.tex:3130,EFDA4CB361DD40909D1991161EAE716E58B6CF9E79380971502E1DA12396D402,"The second cone triangle tuple omits its first arrow tilde f.","It is the corresponding sextuple for the cone of tilde f.","Insert tilde f between C(tilde f) and tilde i.",pending_canon_intake_2026-08-25_source-emendation-applied-in-target
DERIVED-015,p02,derived.tex,derived.tex:3422,EFDA4CB361DD40909D1991161EAE716E58B6CF9E79380971502E1DA12396D402,"The sentence says 'isomorphic to an termwise split injection'.","The consonant-initial phrase 'termwise split injection' requires the article 'a'.","Replace 'an termwise split injection' by 'a termwise split injection'.",pending_canon_intake_2026-08-25_authority-unchanged-target-prose-naturalized
DERIVED-016,p02,derived.tex,derived.tex:3651,EFDA4CB361DD40909D1991161EAE716E58B6CF9E79380971502E1DA12396D402,"Reader prose contains the literal placeholder '(insert future reference here)'.","The immediately following sentence already gives the precise Homology lemmas for the compatibility and agreement being asserted.","Delete the unresolved editorial placeholder.",pending_canon_intake_2026-08-25-source-emendation-applied-in-target
DERIVED-017,p02,derived.tex,derived.tex:3702,EFDA4CB361DD40909D1991161EAE716E58B6CF9E79380971502E1DA12396D402,"The definition says 'We denote H^0 ... the unique functor'.","The English construction requires 'denote by X the object'; the preposition is missing.","Insert 'by' after 'denote'.",pending_canon_intake_2026-08-25-authority-unchanged-target-prose-naturalized
DERIVED-018,p02,derived.tex,derived.tex:3968,EFDA4CB361DD40909D1991161EAE716E58B6CF9E79380971502E1DA12396D402,"The lemma says 'The functor ... defined has the natural structure'.","The postpositive participle is incomplete; the lemma refers back to the preceding construction.","Replace 'defined has' by 'defined above has' (or 'just defined has').",pending_canon_intake_2026-08-25-authority-unchanged-target-prose-naturalized
DERIVED-019,p02,derived.tex,derived.tex:4056,EFDA4CB361DD40909D1991161EAE716E58B6CF9E79380971502E1DA12396D402,"The lemma introduces 'a short exact sequences of complexes'.","The indefinite article and single displayed row require the singular noun.","Replace 'a short exact sequences' by 'a short exact sequence'.",pending_canon_intake_2026-08-25-authority-unchanged-target-prose-naturalized
DERIVED-020,p02,derived.tex,derived.tex:4062,EFDA4CB361DD40909D1991161EAE716E58B6CF9E79380971502E1DA12396D402,"The lemma says the delta-functor maps 'the short exact sequences' although it has introduced exactly one sequence.","The following line repeats the same single displayed sequence.","Replace plural 'sequences' by singular 'sequence'.",pending_canon_intake_2026-08-25-authority-unchanged-target-prose-naturalized
DERIVED-021,p02,derived.tex,derived.tex:4361,EFDA4CB361DD40909D1991161EAE716E58B6CF9E79380971502E1DA12396D402,"The proof says 'For the last one the statement we have to do a little bit of work'.","The noun phrase 'the statement' has no grammatical role and breaks the finite-clause construction.","Delete 'the statement'.",pending_canon_intake_2026-08-25-authority-unchanged-target-prose-naturalized
DERIVED-022,p02,derived.tex,derived.tex:5260,EFDA4CB361DD40909D1991161EAE716E58B6CF9E79380971502E1DA12396D402,"The proof says 'there exists quasi-isomorphism'.","The singular count noun requires an indefinite article.","Insert 'a' before 'quasi-isomorphism'.",pending_canon_intake_2026-08-25-authority-unchanged-target-prose-naturalized
DERIVED-023,p02,derived.tex,derived.tex:5454,EFDA4CB361DD40909D1991161EAE716E58B6CF9E79380971502E1DA12396D402,"The proof says Im(d^0)=Ker(d^1) 'is an elements' of I.","The subject is singular.","Replace 'an elements' by 'an element'.",pending_canon_intake_2026-08-25-authority-unchanged-target-prose-naturalized
DERIVED-024,p02,derived.tex,derived.tex:5459,EFDA4CB361DD40909D1991161EAE716E58B6CF9E79380971502E1DA12396D402,"The conclusion calls F(A)[0] to F(I^bullet) an isomorphism.","The goal at line 5437 is quasi-isomorphism; I^bullet generally has nonzero terms away from degree zero, while the proof establishes cohomology isomorphisms rather than a chainwise isomorphism.","Replace 'is an isomorphism as desired' by 'is a quasi-isomorphism as desired'.",pending_canon_intake_2026-08-25-source-emendation-applied-in-target
DERIVED-025,p02,derived.tex,derived.tex:5580,EFDA4CB361DD40909D1991161EAE716E58B6CF9E79380971502E1DA12396D402,"The formula H^i(RF(A[0])=0 is missing the closing parenthesis of the outer H^i application.","The invoked negative-vanishing lemma and the surrounding proof require H^i(RF(A[0]))=0.","Insert the missing ')' after RF(A[0]).",pending_canon_intake_2026-08-25-source-emendation-applied-in-target
DERIVED-026,p02,derived.tex,derived.tex:5922,EFDA4CB361DD40909D1991161EAE716E58B6CF9E79380971502E1DA12396D402,"The definition says 'We let D_B(A) the full subcategory'.","The let construction requires the infinitive 'be' before its predicate complement.","Insert 'be' after D_B(A).",pending_canon_intake_2026-08-25-authority-unchanged-target-prose-naturalized
DERIVED-027,p02,derived.tex,derived.tex:5948,EFDA4CB361DD40909D1991161EAE716E58B6CF9E79380971502E1DA12396D402,"The proof says the summands are 'kernels of maps between maps of objects of B'.","The repeated word maps makes the phrase malformed; each summand is the kernel of an idempotent endomorphism of H^n(X direct-sum Y), an object of B.","Delete the second 'maps of', yielding 'kernels of maps between objects of B'.",pending_canon_intake_2026-08-25-authority-unchanged-target-prose-naturalized
DERIVED-028,p02,derived.tex,derived.tex:6128,EFDA4CB361DD40909D1991161EAE716E58B6CF9E79380971502E1DA12396D402,"The formula X,Y in Ob(A)) has an unmatched extra closing parenthesis.","The object-class expression Ob(A) is already balanced.","Delete the extra ')' after Ob(A).",pending_canon_intake_2026-08-25-source-emendation-applied-in-target
DERIVED-029,p02,derived.tex,derived.tex:6197,EFDA4CB361DD40909D1991161EAE716E58B6CF9E79380971502E1DA12396D402,"After proving faithfulness the proof says 'Fully faithfulness is proved in the exact same manner'.","The remaining property is fullness, and 'fully faithfulness' is ungrammatical.","Replace 'Fully faithfulness' by 'Fullness'.",pending_canon_intake_2026-08-25-authority-unchanged-target-prose-naturalized
DERIVED-030,p02,derived.tex,derived.tex:4727,EFDA4CB361DD40909D1991161EAE716E58B6CF9E79380971502E1DA12396D402,"The ind-object is indexed by s' : Y' to Y, reversing the arrows in the filtered category Y/S.","Lines 4527-4529 define objects of Y/S as arrows s' : Y to Y' with fixed source Y; the surrounding diagram at lines 4707-4712 uses that direction, and the proof then factors s'' = h composed with s'.","Reverse the index arrow to s' : Y to Y'.",pending_canon_intake_2026-08-25-source-emendation-applied-in-target
DERIVED-031,p02,derived.tex,derived.tex:4842,EFDA4CB361DD40909D1991161EAE716E58B6CF9E79380971502E1DA12396D402,"The restriction on Y/S is written G|_{Y/S}, but G is undefined in the standing situation.","Only F is defined; the same paragraph, displayed direct sum, and conclusion consistently use F on both X/S and Y/S.","Replace G|_{Y/S} by F|_{Y/S}.",pending_canon_intake_2026-08-25-source-emendation-applied-in-target
DERIVED-032,p02,derived.tex,derived.tex:4845,EFDA4CB361DD40909D1991161EAE716E58B6CF9E79380971502E1DA12396D402,"The product pullback is written G|_{Y/S} composed with pr_2, but G is undefined.","This is the pullback of the single functor F restricted to Y/S; the immediately following displayed formula and conclusion use F|_{Y/S}.","Replace G|_{Y/S} composed with pr_2 by F|_{Y/S} composed with pr_2.",pending_canon_intake_2026-08-25-source-emendation-applied-in-target
DERIVED-033,p02,derived.tex,derived.tex:6297,EFDA4CB361DD40909D1991161EAE716E58B6CF9E79380971502E1DA12396D402,"The construction writes I_0/A although it has just embedded A into I^0.","The induced differential is d^0 : I^0 to I^1 and no object I_0 is defined; the next cokernel must be I^0/A.","Replace I_0/A by I^0/A.",pending_canon_intake_2026-08-25-source-emendation-applied-in-target
DERIVED-034,p02,derived.tex,"derived.tex:6326,6328,6330,6333,6338",EFDA4CB361DD40909D1991161EAE716E58B6CF9E79380971502E1DA12396D402,"Five occurrences use h^{n-1} where the homotopy extension argument requires h^n.","The stated identity is alpha^n=d_I^{n-1}h^n+h^{n+1}d_K^n. Only alpha^n-d_I^{n-1}h^n is defined on K^n, vanishes on Ker(d_K^n), descends to Im(d_K^n), and has the cancellation shown in the display; h^{n-1} is ill-typed in all five loci.","Replace h^{n-1} by h^n at the five linked loci.",pending_canon_intake_2026-08-25-source-emendation-applied-in-target
DERIVED-035,p02,derived.tex,"derived.tex:6412,6502",EFDA4CB361DD40909D1991161EAE716E58B6CF9E79380971502E1DA12396D402,"Two invocations of Lemma make-injective write tilde alpha : K to tilde L^bullet.","The source object throughout both lemmas is the complex K^bullet; plain K is undefined and omits the cochain-complex decoration.","Restore K^bullet in both displayed inline maps.",pending_canon_intake_2026-08-25-source-emendation-applied-in-target
DERIVED-036,p02,derived.tex,derived.tex:6532,EFDA4CB361DD40909D1991161EAE716E58B6CF9E79380971502E1DA12396D402,"The homotopy correction is printed as (d h^n + h^{n+1}) d.","The two summands inside the printed parentheses have incompatible types. The degree-n homotopy coboundary is d_I h^n + h^{n+1} d_L.","Move the final composition with d inside the second summand: (d h^n + h^{n+1} d).",pending_canon_intake_2026-08-25-source-emendation-applied-in-target
DERIVED-037,p02,derived.tex,derived.tex:6600,EFDA4CB361DD40909D1991161EAE716E58B6CF9E79380971502E1DA12396D402,"The enumerated lemma contains the literal item 'add more here.'.","This is an unresolved authoring placeholder, not a mathematical hypothesis or conclusion; the proof establishes the three substantive clauses (1)-(3).","Delete the placeholder item.",pending_canon_intake_2026-08-25-source-emendation-applied-in-target
DERIVED-038,p02,derived.tex,"derived.tex:6844-6845",EFDA4CB361DD40909D1991161EAE716E58B6CF9E79380971502E1DA12396D402,"The projective-resolution short-exact-sequence lemma twice places its complexes and diagram in Comp^+(A).","The lemma is the stated dual of the injective-resolution result; projective resolutions are bounded above, and the surrounding projective section consistently uses the minus-bounded category.","Replace both Comp^+(A) occurrences by Comp^-(A).",pending_canon_intake_2026-08-25-source-emendation-applied-in-target
DERIVED-039,p02,derived.tex,derived.tex:6962,EFDA4CB361DD40909D1991161EAE716E58B6CF9E79380971502E1DA12396D402,"The proof says 'Part (2) is a direct consequences of part (1)'.","The singular article and finite verb require the singular noun; this is a grammatical typo rather than a mathematical change.","Replace 'a direct consequences' by 'a direct consequence'.",pending_canon_intake_2026-08-25-target-prose-was-already-idiomatic
DERIVED-040,p02,derived.tex,derived.tex:7113,EFDA4CB361DD40909D1991161EAE716E58B6CF9E79380971502E1DA12396D402,"The definition says 'There exists a i << 0'.","The variable name begins with a vowel sound, so the English indefinite article must be 'an'; this is a grammatical typo only.","Replace 'a i' by 'an i'.",pending_canon_intake_2026-08-25-target-prose-was-already-idiomatic
DERIVED-041,p02,derived.tex,derived.tex:7278,EFDA4CB361DD40909D1991161EAE716E58B6CF9E79380971502E1DA12396D402,"The introduction says 'Suppose that A, B, C be abelian categories'.","After 'suppose that', the plural subject requires the finite indicative 'are'; the printed 'be' is ungrammatical.","Replace 'be abelian categories' by 'are abelian categories'.",pending_canon_intake_2026-08-25-target-prose-was-already-idiomatic
DERIVED-042,p02,derived.tex,"derived.tex:7303,7305",EFDA4CB361DD40909D1991161EAE716E58B6CF9E79380971502E1DA12396D402,"The displayed canonical map ends with a full stop before the following predicate, which then says 'is isomorphism'.","The displayed map is the subject of the continuing sentence; its internal full stop must be removed, and the singular count noun requires the article 'an'.","Remove the terminal full stop after RF and change 'is isomorphism' to 'is an isomorphism'.",pending_canon_intake_2026-08-25-source-emendation-applied-in-target
DERIVED-043,p02,derived.tex,derived.tex:7320,EFDA4CB361DD40909D1991161EAE716E58B6CF9E79380971502E1DA12396D402,"The displayed composite is printed as G(F(I^bullet))) with three closing parentheses.","Only two parentheses are opened by G(F(...)); the third closing parenthesis is unmatched and breaks the formula.","Replace G(F(I^bullet))) by G(F(I^bullet)).",pending_canon_intake_2026-08-25-source-emendation-applied-in-target
DERIVED-044,p02,derived.tex,"derived.tex:7330-7331",EFDA4CB361DD40909D1991161EAE716E58B6CF9E79380971502E1DA12396D402,"The Grothendieck spectral-sequence lemma begins with 'With assumptions ... and assuming ... .' as a sentence fragment.","The prepositional and participial phrase has no main predicate; it is intended to impose the preceding lemma's hypotheses and its equivalent conditions.","Rewrite as 'Assume the hypotheses of Lemma ... and that the equivalent conditions (1) and (2) hold.'",pending_canon_intake_2026-08-25-target-prose-was-already-idiomatic
DERIVED-045,p02,derived.tex,"derived.tex:7575-7576",EFDA4CB361DD40909D1991161EAE716E58B6CF9E79380971502E1DA12396D402,"For i:K->I, i':K->J and a:I->J, the remark prints i'=i composed with a as morphisms in K+(I).","The printed composite is ill-typed: a composed with i is the map K->J. Moreover K need not be injective, so i and i' are morphisms in K+(A), while a alone lies in K+(I).","Replace i'=i o a by i'=a o i and replace K+(I) by K+(A) in the equality clause.",pending_canon_intake_2026-08-25-source-emendation-applied-in-target
DERIVED-046,p02,derived.tex,derived.tex:7396,EFDA4CB361DD40909D1991161EAE716E58B6CF9E79380971502E1DA12396D402,"The proof says 'Fully faithfulness is a consequence of'.","The standard noun phrase is 'full faithfulness'; the adverb 'fully' cannot modify the noun 'faithfulness'.","Replace 'Fully faithfulness' by 'Full faithfulness'.",pending_canon_intake_2026-08-25-target-prose-was-already-idiomatic
DERIVED-047,p02,derived.tex,derived.tex:7570,EFDA4CB361DD40909D1991161EAE716E58B6CF9E79380971502E1DA12396D402,"The remark says the proof shows that any two localization functors are canonically isomorphic.","The section defines and constructs injective resolution functors j; the cited proof establishes uniqueness for these. Elsewhere localization functor denotes Q, not the objects compared here.","Replace 'localization functors' by 'resolution functors'.",pending_canon_intake_2026-08-25-source-emendation-applied-in-target
DERIVED-048,p02,derived.tex,derived.tex:7676,EFDA4CB361DD40909D1991161EAE716E58B6CF9E79380971502E1DA12396D402,"The proof says 'it rests to show that the construction above is functorial'.","The idiomatic predicate for the outstanding proof obligation is 'it remains to show'; 'rests to show' is an English usage error.","Replace 'it rests to show' by 'it remains to show'.",pending_canon_intake_2026-08-25-target-prose-was-already-idiomatic
DERIVED-049,p02,derived.tex,derived.tex:7759,EFDA4CB361DD40909D1991161EAE716E58B6CF9E79380971502E1DA12396D402,"The final enumerated example is the literal item 'Add more here as needed.'.","This is an unresolved authoring placeholder, not a mathematical example; the three preceding items are complete cases covered by the construction.","Delete the placeholder item.",pending_canon_intake_2026-08-25-source-emendation-applied-in-target
DERIVED-050,p02,derived.tex,"derived.tex:7707,7710",EFDA4CB361DD40909D1991161EAE716E58B6CF9E79380971502E1DA12396D402,"The lower row of the functorial-resolution diagram writes j(K)^bullet and j(L)^bullet.","The functor j takes complexes K^bullet and L^bullet as arguments; plain K and L are not its objects here, and the surrounding formulas consistently use j(K^bullet), j(L^bullet).","Replace j(K)^bullet and j(L)^bullet by j(K^bullet) and j(L^bullet).",pending_canon_intake_2026-08-25-source-emendation-applied-in-target
DERIVED-051,p02,derived.tex,derived.tex:7780,EFDA4CB361DD40909D1991161EAE716E58B6CF9E79380971502E1DA12396D402,"The first Let-sentence in the lemma ends without punctuation before a second independent Let-sentence.","The sentence declaring A complete ends after 'enough injectives' and requires a terminal full stop.","Add a full stop after 'enough injectives'.",pending_canon_intake_2026-08-25-target-prose-was-already-idiomatic
DERIVED-052,p02,derived.tex,derived.tex:7782,EFDA4CB361DD40909D1991161EAE716E58B6CF9E79380971502E1DA12396D402,"The lemma calls (i,j) a resolution functor.","The defining data and the earlier resolution-functor lemma consistently order the pair as (j,i): j is the object assignment/functor and i is the family of quasi-isomorphisms.","Replace '(i, j)' by '(j, i)'.",pending_canon_intake_2026-08-25-source-emendation-applied-in-target
DERIVED-053,p02,derived.tex,derived.tex:7978,EFDA4CB361DD40909D1991161EAE716E58B6CF9E79380971502E1DA12396D402,"The proof invokes filtered quasi-isomorphisms A[0]->I and C[0]->J.","The lemma's data are f:A->B and resolutions of A and B; C is undefined. The same proof immediately names b:B->J^0 and displays B in the diagram.","Replace C[0] by B[0].",pending_canon_intake_2026-08-25-source-emendation-applied-in-target
DERIVED-054,p02,derived.tex,"derived.tex:7946,7948",EFDA4CB361DD40909D1991161EAE716E58B6CF9E79380971502E1DA12396D402,"Two steps call I^1 and I^2 filtered injective objects of A.","Filtered injective objects are defined as objects of Fil^f(A), not of A; both codomains carry the finite filtrations used in the resolution.","Replace 'of A' by 'of Fil^f(A)' at both loci.",pending_canon_intake_2026-08-25-source-emendation-applied-in-target
DERIVED-055,p02,derived.tex,derived.tex:8092,EFDA4CB361DD40909D1991161EAE716E58B6CF9E79380971502E1DA12396D402,"The proof labels the degree-zero map b direct-sum c o beta as M->I^0+J^0.","Both components have source B, and the preceding sentence declares this to be the map B[0]->M^bullet. Source M is therefore ill-typed.","Replace the displayed source M by B.",pending_canon_intake_2026-08-25-source-emendation-applied-in-target
DERIVED-056,p02,derived.tex,derived.tex:8176,EFDA4CB361DD40909D1991161EAE716E58B6CF9E79380971502E1DA12396D402,"The proof says 'Denote Tot(...) the total complex'.","The English verb denote requires the preposition 'by' before the notation assigned to the object.","Insert 'by' after 'Denote'.",pending_canon_intake_2026-08-25-target-prose-was-already-idiomatic
DERIVED-057,p02,derived.tex,"derived.tex:8288-8289",EFDA4CB361DD40909D1991161EAE716E58B6CF9E79380971502E1DA12396D402,"After proving the filtered Hom bijection, the conclusion writes both Hom groups in K(A).","The exact sequence, lemma statement, chain maps and homotopies all live in K(Fil^f(A)); forgetting the filtration is not the proved equality.","Replace K(A) by K(Fil^f(A)) in both Hom groups.",pending_canon_intake_2026-08-25-source-emendation-applied-in-target
DERIVED-058,p02,derived.tex,derived.tex:8364,EFDA4CB361DD40909D1991161EAE716E58B6CF9E79380971502E1DA12396D402,"The remark says 'a set worth of diagrams'.","The English measure phrase requires the possessive 'a set's worth'.","Replace 'a set worth' by 'a set's worth'.",pending_canon_intake_2026-08-25-target-prose-was-already-idiomatic
DERIVED-059,p02,derived.tex,derived.tex:8573,EFDA4CB361DD40909D1991161EAE716E58B6CF9E79380971502E1DA12396D402,"The discussion says 'Note that this stupid in the sense that'.","The sentence lacks its finite copula between subject and predicate adjective.","Insert 'is' after 'this'.",pending_canon_intake_2026-08-25-target-prose-was-already-idiomatic
DERIVED-060,p02,derived.tex,derived.tex:8603,EFDA4CB361DD40909D1991161EAE716E58B6CF9E79380971502E1DA12396D402,"The parenthesis says 'we could just have well developed'.","The fixed comparative idiom is 'could just as well have developed'.","Move 'as well' before 'have developed'.",pending_canon_intake_2026-08-25-target-prose-was-already-idiomatic
DERIVED-061,p02,derived.tex,derived.tex:8447,EFDA4CB361DD40909D1991161EAE716E58B6CF9E79380971502E1DA12396D402,"The sentence says 'see Lemmas' but supplies a single lemma reference.","A single cited numbered unit requires the singular reference noun.","Replace 'Lemmas' by 'Lemma'.",pending_canon_intake_2026-08-25-target-prose-was-already-idiomatic
DERIVED-062,p02,derived.tex,"derived.tex:8530-8531",EFDA4CB361DD40909D1991161EAE716E58B6CF9E79380971502E1DA12396D402,"The proof says the spectral sequence converges to H^n=R^n for an unspecified n and then vaguely mentions filtrations on 'each of the terms'.","A spectral sequence converges to the full graded abutment H^*=R^*; the lemma statement separately gives a finite filtration on each degree H^n=R^n.","Restore H^*=R^* as the abutment and say it induces a finite filtration on each H^n=R^n.",pending_canon_intake_2026-08-25-source-emendation-applied-in-target
DERIVED-063,p02,derived.tex,derived.tex:8044,EFDA4CB361DD40909D1991161EAE716E58B6CF9E79380971502E1DA12396D402,"The proof explicitly cites Homology but uses the unprefixed local label lemma-filtered-acyclic.","The required result is Homology's lemma asserting strictness for a filtered exact complex. The unprefixed label resolves to an unrelated Derived-category lemma about the triangulated subcategory of filtered acyclic complexes.","Prefix the reference as homology-lemma-filtered-acyclic.",pending_canon_intake_2026-08-25-source-emendation-applied-in-target
DERIVED-064,p02,derived.tex,derived.tex:8739,EFDA4CB361DD40909D1991161EAE716E58B6CF9E79380971502E1DA12396D402,"After replacing L by tau_{<=a}L, the proof says L^i vanishes for i<a.","The canonical truncation vanishes for i>a, and this upper bound is what forces Y^{i+n}=0 for n<b-a; the printed inequality reverses the argument.","Replace i<a by i>a.",pending_canon_intake_2026-08-25-source-emendation-applied-in-target
DERIVED-065,p02,derived.tex,"derived.tex:9386-9388;9440",EFDA4CB361DD40909D1991161EAE716E58B6CF9E79380971502E1DA12396D402,"The displayed alpha is written Q->P, contradicting the following P-to-Q diagram and comparison maps; the concluding H^i(alpha) formula also has unbalanced parentheses and omits F.","The proof constructs finite-stage maps H^i(F(P_n))->H^i(F(Q_n)) compatible with alpha. Thus alpha must be P->Q, and the conclusion must be H^i(F(alpha)):H^i(F(P))->H^i(F(Q)).","Swap the P and Q colimits around alpha and restore the complete H^i(F(alpha)) formula.",pending_canon_intake_2026-08-25-source-emendation-applied-in-target
DERIVED-066,p02,derived.tex,"derived.tex:9556;9562",EFDA4CB361DD40909D1991161EAE716E58B6CF9E79380971502E1DA12396D402,"A general localization lemma says its morphisms are in D(B) and D(A), although no abelian categories A or B occur in the setup.","The displayed Hom sets and the two cited localization remarks are respectively for (S')^{-1}D' and S^{-1}D.","Replace D(B) and D(A) by the two actual localized categories.",pending_canon_intake_2026-08-25-source-emendation-applied-in-target
DERIVED-067,p02,derived.tex,derived.tex:9993,EFDA4CB361DD40909D1991161EAE716E58B6CF9E79380971502E1DA12396D402,"The morphism H^i(RF(tau_{<=a}E) -> H^i(RF(E)) is missing a closing parenthesis.","The intended source of the morphism is H^i(RF(tau_{<=a}E)); as printed, the math expression is malformed.","Close RF(tau_{<=a}E) before the arrow.",pending_canon_intake_2026-08-25-source-emendation-applied-in-target
DERIVED-068,p02,derived.tex,derived.tex:10017,EFDA4CB361DD40909D1991161EAE716E58B6CF9E79380971502E1DA12396D402,"The definition prints max{0} union {i | R^iF(A) is nonzero}.","The maximum must be taken after forming the union; the printed expression instead unions a number with a set.","Write max({0} union {i | R^iF(A) is nonzero}).",pending_canon_intake_2026-08-25-source-emendation-applied-in-target
DERIVED-069,p02,derived.tex,derived.tex:10119,EFDA4CB361DD40909D1991161EAE716E58B6CF9E79380971502E1DA12396D402,"The dual morphism H^i(LF(tau_{<=a+n-1}E) -> H^i(LF(E)) repeats the missing closing parenthesis.","The intended source is H^i(LF(tau_{<=a+n-1}E)); the printed expression is malformed.","Close LF(tau_{<=a+n-1}E) before the arrow.",pending_canon_intake_2026-08-25-source-emendation-applied-in-target
DERIVED-070,p02,derived.tex,derived.tex:10208,EFDA4CB361DD40909D1991161EAE716E58B6CF9E79380971502E1DA12396D402,"For a morphism of systems a_n:K_n->L_n, the induced map is required to satisfy a o i_n=j_n.","The two sides then have domains K_n and L_n respectively, so the equality is ill-typed. Naturality requires j_n o a_n.","Replace a o i_n=j_n by a o i_n=j_n o a_n.",pending_canon_intake_2026-08-25-source-emendation-applied-in-target
DERIVED-071,p02,derived.tex,derived.tex:10681,EFDA4CB361DD40909D1991161EAE716E58B6CF9E79380971502E1DA12396D402,"The product subscript is printed p>=-n while p is the fixed cohomological degree.","The factors are indexed by the tower variable n for which tau_{>=-n}K has p-th cohomology H^p(K).","Make n the product index: product over n with p>=-n.",pending_canon_intake_2026-08-25-source-emendation-applied-in-target
DERIVED-072,p02,derived.tex,derived.tex:9709,EFDA4CB361DD40909D1991161EAE716E58B6CF9E79380971502E1DA12396D402,"The sentence says 'an complex'.","Complex begins with a consonant sound.","Replace 'an complex' by 'a complex'.",pending_canon_intake_2026-08-25-target-prose-was-already-idiomatic
DERIVED-073,p02,derived.tex,derived.tex:9870,EFDA4CB361DD40909D1991161EAE716E58B6CF9E79380971502E1DA12396D402,"The sentence says 'a acyclic complex'.","Acyclic begins with a vowel sound.","Replace 'a acyclic' by 'an acyclic'.",pending_canon_intake_2026-08-25-target-prose-was-already-idiomatic
DERIVED-074,p02,derived.tex,derived.tex:10328,EFDA4CB361DD40909D1991161EAE716E58B6CF9E79380971502E1DA12396D402,"The sentence says 'countable direct sums exists'.","The plural subject requires the plural verb exist.","Replace 'exists' by 'exist'.",pending_canon_intake_2026-08-25-target-prose-was-already-idiomatic
DERIVED-075,p02,derived.tex,derived.tex:10541,EFDA4CB361DD40909D1991161EAE716E58B6CF9E79380971502E1DA12396D402,"Occurrence is misspelled 'occurence'.","Standard English spelling doubles both c and r.","Replace 'occurence' by 'occurrence'.",pending_canon_intake_2026-08-25-target-prose-was-already-idiomatic
DERIVED-076,p02,derived.tex,derived.tex:10561,EFDA4CB361DD40909D1991161EAE716E58B6CF9E79380971502E1DA12396D402,"The sentence says 'is an inverse system of complexes and which in particular determines'.","The conjunction and and relative connector which are redundantly combined, leaving the sentence ungrammatical.","Delete 'and' before 'which'.",pending_canon_intake_2026-08-25-target-prose-was-already-idiomatic
DERIVED-077,p02,derived.tex,"derived.tex:10797-10798",EFDA4CB361DD40909D1991161EAE716E58B6CF9E79380971502E1DA12396D402,"The relative clause says 'whose objects consists of all objects F(A)'.","The plural subject objects requires the plural verb consist.","Replace 'consists' by 'consist'.",pending_canon_intake_2026-08-25-target-prose-was-already-idiomatic
DERIVED-078,p02,derived.tex,derived.tex:10872,EFDA4CB361DD40909D1991161EAE716E58B6CF9E79380971502E1DA12396D402,"In the base case b-a=0 the proof identifies K with H^i(K)[-a].","Only H^a(K) can be nonzero; i is unbound in this sentence.","Replace H^i(K)[-a] by H^a(K)[-a].",pending_canon_intake_2026-08-25-source-emendation-applied-in-target
DERIVED-079,p02,derived.tex,"derived.tex:10874-10877",EFDA4CB361DD40909D1991161EAE716E58B6CF9E79380971502E1DA12396D402,"The induction uses tau_{<=b-1}K^bullet -> K^bullet -> K^b[-b].","The proof concerns an intrinsic object K of the derived category; the canonical truncation triangle ends in H^b(K)[-b], not the b-th term of a chosen complex.","Use tau_{<=b-1}K -> K -> H^b(K)[-b].",pending_canon_intake_2026-08-25-source-emendation-applied-in-target
DERIVED-080,p02,derived.tex,"derived.tex:10886-10890",EFDA4CB361DD40909D1991161EAE716E58B6CF9E79380971502E1DA12396D402,"For X in smd(add(E[-m,m])^{star n}), the lemma prints the cohomological bound [-m+na,m+nb].","Each shifted generator has cohomology in [a-m,b+m], and sums, summands, and extensions preserve this same interval; multiplying a and b by n is false.","Replace the interval by [a-m,b+m].",pending_canon_intake_2026-08-25-source-emendation-applied-in-target
DERIVED-081,p02,derived.tex,derived.tex:10913,EFDA4CB361DD40909D1991161EAE716E58B6CF9E79380971502E1DA12396D402,"The sentence says 'Denote <E>_1 the strictly full subcategory'.","English requires 'denote by <E>_1' in this construction.","Insert 'by' after 'Denote'.",pending_canon_intake_2026-08-25-target-prose-was-already-idiomatic
DERIVED-082,p02,derived.tex,derived.tex:10966,EFDA4CB361DD40909D1991161EAE716E58B6CF9E79380971502E1DA12396D402,"The formula smd(add(E[-infinity,infinity])]) contains an unmatched closing square bracket.","The interval is already closed inside E[-infinity,infinity]; only the two function parentheses remain.","Delete the extra closing square bracket.",pending_canon_intake_2026-08-25-source-emendation-applied-in-target
DERIVED-083,p02,derived.tex,"derived.tex:10999-11007",EFDA4CB361DD40909D1991161EAE716E58B6CF9E79380971502E1DA12396D402,"The closure list for D' contains add(D) subset D'.","The argument must verify that every operation preserves D'; add(D) need not lie in D'.","Replace add(D) by add(D').",pending_canon_intake_2026-08-25-source-emendation-applied-in-target
DERIVED-084,p02,derived.tex,"derived.tex:11256-11258",EFDA4CB361DD40909D1991161EAE716E58B6CF9E79380971502E1DA12396D402,"After introducing a factorization through E''', the next line says E'' is supported on I'''.","E'' is the earlier induction object supported on I''; the newly introduced object is E'''.","Replace E'' by E''' at line 11258.",pending_canon_intake_2026-08-25-source-emendation-applied-in-target
DERIVED-085,p02,derived.tex,"derived.tex:11258-11262",EFDA4CB361DD40909D1991161EAE716E58B6CF9E79380971502E1DA12396D402,"The new object supported on I''' is said to use a finite subset I'.","The next union I' union I'' union I''' and the new object's notation require the new subset I'''.","Replace I' by I''' at line 11259.",pending_canon_intake_2026-08-25-source-emendation-applied-in-target
DERIVED-086,p02,derived.tex,"derived.tex:11277-11310",EFDA4CB361DD40909D1991161EAE716E58B6CF9E79380971502E1DA12396D402,"The proof closes by saying 'the lemma is proven'.","The enclosing numbered unit is a proposition.","Replace 'lemma' by 'proposition'.",pending_canon_intake_2026-08-25-target-prose-was-already-idiomatic
DERIVED-087,p02,derived.tex,"derived.tex:11622-11629",EFDA4CB361DD40909D1991161EAE716E58B6CF9E79380971502E1DA12396D402,"The Brown representability construction concludes with colim X_n = X -> Y.","Earlier in the same proof X is constructed as the homotopy colimit; an ordinary colimit is neither assumed nor constructed in the triangulated category.","Replace colim by hocolim.",pending_canon_intake_2026-08-25-source-emendation-applied-in-target
DERIVED-088,p02,derived.tex,derived.tex:11744,EFDA4CB361DD40909D1991161EAE716E58B6CF9E79380971502E1DA12396D402,"Subcategories is misspelled 'subcagories'.","The mathematical noun is subcategories.","Correct the spelling.",pending_canon_intake_2026-08-25-target-prose-was-already-idiomatic
DERIVED-089,p02,derived.tex,derived.tex:11890,EFDA4CB361DD40909D1991161EAE716E58B6CF9E79380971502E1DA12396D402,"Inclusion is misspelled 'incusion'.","The intended word is inclusion.","Correct the spelling.",pending_canon_intake_2026-08-25-target-prose-was-already-idiomatic
DERIVED-090,p02,derived.tex,"derived.tex:12278-12281",EFDA4CB361DD40909D1991161EAE716E58B6CF9E79380971502E1DA12396D402,"The composition through the target Postnikov system is printed Y_n[n] -> Y'_n[n] -> X_n[n].","The structure map Y'_n[n] lands in X'_n[n]; the next line and distinguished triangle both confirm the primed target.","Replace the final X_n[n] by X'_n[n].",pending_canon_intake_2026-08-25-source-emendation-applied-in-target
DERIVED-091,p02,derived.tex,"derived.tex:12551-12555",EFDA4CB361DD40909D1991161EAE716E58B6CF9E79380971502E1DA12396D402,"After the complete sentence introducing A, the displayed A_n -> B_n is followed by 'be an inverse system'.","The second subject lacks the finite construction 'Let ... be'.","Insert 'Let' before the displayed system.",pending_canon_intake_2026-08-25-target-prose-was-already-idiomatic
DERIVED-092,p02,derived.tex,"derived.tex:12559-12560",EFDA4CB361DD40909D1991161EAE716E58B6CF9E79380971502E1DA12396D402,"The singular subject 'the inverse system of maps' takes the plural verb 'define'.","The head noun system is singular.","Replace 'define' by 'defines'.",pending_canon_intake_2026-08-25-target-prose-was-already-idiomatic
SIMPLICIAL-001,p02,simplicial.tex,simplicial.tex:277,187B4CD4F20696BF35EED843528462780CA04ABBBC597AE1045F8404372FDC56,"The three d_j^2 maps are described as morphisms U_3 to U_2.","The defining formula gives d_j^n:U_n to U_{n-1}; for n=2 the source and target are U_2 and U_1.","Replace U_3 to U_2 by U_2 to U_1.",accepted_into_stacks_errata_a04446e_r21_2026-08-25-source-emendation-applied-in-target
SIMPLICIAL-002,p02,simplicial.tex,simplicial.tex:510,187B4CD4F20696BF35EED843528462780CA04ABBBC597AE1045F8404372FDC56,"The pushout example says X to Y is a morphism of C.","The standing category is mathcal C; plain C is undefined.","Replace C by mathcal C.",accepted_into_stacks_errata_a04446e_r21_2026-08-25-source-emendation-applied-in-target
SIMPLICIAL-003,p02,simplicial.tex,simplicial.tex:527,187B4CD4F20696BF35EED843528462780CA04ABBBC597AE1045F8404372FDC56,"The sentence says 'we denote C[n] the cosimplicial set'.","The English denote construction requires 'denote by'.","Insert 'by' after 'denote'.",accepted_into_stacks_errata_a04446e_r21_2026-08-25-target-prose-was-already-idiomatic
SIMPLICIAL-004,p02,simplicial.tex,simplicial.tex:545,187B4CD4F20696BF35EED843528462780CA04ABBBC597AE1045F8404372FDC56,"The proof writes sigma_i^{n-1} composed with delta_i^n equals id_{U_n}.","That composite is an endomorphism of U_{n-1}.","Replace id_{U_n} by id_{U_{n-1}}.",accepted_into_stacks_errata_a04446e_r21_2026-08-25-source-emendation-applied-in-target
SIMPLICIAL-005,p02,simplicial.tex,simplicial.tex:546,187B4CD4F20696BF35EED843528462780CA04ABBBC597AE1045F8404372FDC56,"The proof says 'for j<n' although the coface is indexed by i and gives no argument for i=n.","For i<n the displayed retraction applies; for i=n the retraction is sigma_{n-1}^{n-1} and follows from the second identity.","Use i instead of j and add the i=n retraction.",accepted_into_stacks_errata_a04446e_r21_2026-08-25-source-emendation-applied-in-target
SIMPLICIAL-006,p02,simplicial.tex,simplicial.tex:1338,187B4CD4F20696BF35EED843528462780CA04ABBBC597AE1045F8404372FDC56,"The phrase says 'simplicial objects mathcal C'.","The category complement requires the preposition of.","Insert 'of' before mathcal C.",accepted_into_stacks_errata_a04446e_r21_2026-08-25-target-prose-was-already-idiomatic
SIMPLICIAL-007,p02,simplicial.tex,simplicial.tex:1716,187B4CD4F20696BF35EED843528462780CA04ABBBC597AE1045F8404372FDC56,"The fibre-product expression ends its third Hom term with two closing parentheses.","Canon determined the second parenthesis closes the outer Mor call and is required.","Preserve the authority parenthesis; no source emendation.",rejected_by_stacks_canon_2026-08-25-restored_in_target
SIMPLICIAL-008,p02,simplicial.tex,simplicial.tex:1726,187B4CD4F20696BF35EED843528462780CA04ABBBC597AE1045F8404372FDC56,"The final Mor term ends with two closing parentheses.","Only the Mor call needs closing; the extra parenthesis is unmatched.","Delete the extra closing parenthesis after T.",accepted_as_MC-STK-ERR-0911_into_stacks_errata_a04446e_r21_2026-08-25-source-emendation-applied-in-target
SIMPLICIAL-009,p02,simplicial.tex,simplicial.tex:1731,187B4CD4F20696BF35EED843528462780CA04ABBBC597AE1045F8404372FDC56,"The displayed construction uses a fibre product of X times Delta[n] times V and X times Delta[n] times W over X times Delta[n] times U.","The maps point from the U term into the V and W terms; the next equality identifies the construction with X times Delta[n] times the pushout V amalg_U W.","Replace the fibre-product operator by the pushout operator amalg over X times Delta[n] times U.",accepted_as_MC-STK-ERR-0912_into_stacks_errata_a04446e_r21_2026-08-25-source-emendation-applied-in-target
SIMPLICIAL-010,p02,simplicial.tex,simplicial.tex:2301,187B4CD4F20696BF35EED843528462780CA04ABBBC597AE1045F8404372FDC56,"The sentence says the category has 'an final object'.","Final begins with a consonant sound.","Replace 'an final object' by 'a final object'.",accepted_as_MC-STK-ERR-0913_into_stacks_errata_a04446e_r21_2026-08-25-target-prose-was-already-idiomatic
SIMPLICIAL-011,p02,simplicial.tex,simplicial.tex:2762,187B4CD4F20696BF35EED843528462780CA04ABBBC597AE1045F8404372FDC56,"The proof reduces the condition to i=1 and u in X_1.","The fixed simplicial set is U and X is undefined in this lemma; the edge lies in U_1.","Replace X_1 by U_1.",accepted_as_MC-STK-ERR-0914_into_stacks_errata_a04446e_r21_2026-08-25-source-emendation-applied-in-target
SIMPLICIAL-012,p02,simplicial.tex,simplicial.tex:3860,187B4CD4F20696BF35EED843528462780CA04ABBBC597AE1045F8404372FDC56,"The factorization ends with psi composed with delta_i^n.","Psi already has domain [n-1], so that extra composition is ill-typed; the intended factorization through delta_j^m is delta_j^m composed with psi.","Delete the final composition with delta_i^n.",pending_canon_intake_2026-08-25-source-emendation-applied-in-target
SIMPLICIAL-013,p02,simplicial.tex,simplicial.tex:3862,187B4CD4F20696BF35EED843528462780CA04ABBBC597AE1045F8404372FDC56,"The induced identity uses U(psi composed with delta_i^n).","That inner composition is undefined; contravariance applied to the corrected factorization gives U(psi) composed with d_j^m.","Replace U(psi composed with delta_i^n) by U(psi).",pending_canon_intake_2026-08-25-source-emendation-applied-in-target
SIMPLICIAL-014,p02,simplicial.tex,simplicial.tex:3887,187B4CD4F20696BF35EED843528462780CA04ABBBC597AE1045F8404372FDC56,"The image d_n^n(s_j^{n-1}(N(U_{n-1})) has two opening parentheses but only one closing parenthesis.","The outer image under d_n^n also requires a closing parenthesis.","Add the missing closing parenthesis before the math delimiter.",pending_canon_intake_2026-08-25-source-emendation-applied-in-target
SIMPLICIAL-015,p02,simplicial.tex,simplicial.tex:4174,187B4CD4F20696BF35EED843528462780CA04ABBBC597AE1045F8404372FDC56,"The restriction of S(A)(varphi) is printed with target summand indexed by beta.","Since gamma=alpha composed with varphi, both the defining rule and the following composition require the target summand indexed by gamma.","Replace A_{k(beta)} beta by A_{k(gamma)} gamma.",pending_canon_intake_2026-08-25-source-emendation-applied-in-target
SIMPLICIAL-016,p02,simplicial.tex,simplicial.tex:4205,187B4CD4F20696BF35EED843528462780CA04ABBBC597AE1045F8404372FDC56,"The face maps are typed from degree n to degree n.","Every simplicial face map lowers degree; the next lines explicitly use the target in degree n-1.","Replace the codomain S(A)_n by S(A)_{n-1}.",pending_canon_intake_2026-08-25-source-emendation-applied-in-target
SIMPLICIAL-017,p02,simplicial.tex,simplicial.tex:4353,187B4CD4F20696BF35EED843528462780CA04ABBBC597AE1045F8404372FDC56,"The cochain differential in the diagram is labelled d_n.","It was defined immediately above as d^n from Q(U)^n to Q(U)^{n+1}; the subscript conflicts with cohomological grading.","Replace d_n by d^n.",pending_canon_intake_2026-08-25-source-emendation-applied-in-target
SIMPLICIAL-018,p02,simplicial.tex,simplicial.tex:4724,187B4CD4F20696BF35EED843528462780CA04ABBBC597AE1045F8404372FDC56,"The sentence says 'there are is a homotopy'.","The singular subject requires one finite verb.","Replace 'there are is' by 'there is'.",pending_canon_intake_2026-08-25-target-prose-was-already-idiomatic
SIMPLICIAL-019,p02,simplicial.tex,simplicial.tex:4949,187B4CD4F20696BF35EED843528462780CA04ABBBC597AE1045F8404372FDC56,"The cosimplicial homotopy family is written h_{n,i}.","This remark defines it with alpha in Delta[1]_n; integer i belongs to the simplicial convention.","Replace i by alpha in the family index.",pending_canon_intake_2026-08-25-source-emendation-applied-in-target
SIMPLICIAL-020,p02,simplicial.tex,simplicial.tex:4950,187B4CD4F20696BF35EED843528462780CA04ABBBC597AE1045F8404372FDC56,"The image family is written F(h_{n,i}).","It must retain the alpha indexing of the cosimplicial homotopy.","Replace i by alpha in the image family.",pending_canon_intake_2026-08-25-source-emendation-applied-in-target
SIMPLICIAL-021,p02,simplicial.tex,simplicial.tex:4991,187B4CD4F20696BF35EED843528462780CA04ABBBC597AE1045F8404372FDC56,"The primed endpoint maps are typed V' to Delta[1] times V.","After passage to the opposite category they are the simplicial cylinder inclusions V' to V' times Delta[1]; the printed target omits the prime and reverses the established order.","Use V' times Delta[1] as target.",pending_canon_intake_2026-08-25-source-emendation-applied-in-target
SIMPLICIAL-022,p02,simplicial.tex,simplicial.tex:5076,187B4CD4F20696BF35EED843528462780CA04ABBBC597AE1045F8404372FDC56,"The proof cites the pushout-with-section lemma to conclude a' and b' are homotopic.","That conclusion is exactly the preceding comparison-homotopies lemma; the cited pushout lemma is unrelated.","Replace the reference by lemma-compare-homotopies.",pending_canon_intake_2026-08-25-source-emendation-applied-in-target
SIMPLICIAL-023,p02,simplicial.tex,simplicial.tex:5189,187B4CD4F20696BF35EED843528462780CA04ABBBC597AE1045F8404372FDC56,"The formula applies a_n and b_n to d_n(x), d_n(y), and z in degree n-1.","Those arguments lie in A_{n-1}; the degree-n components cannot accept them.","Replace the four a_n/b_n occurrences by a_{n-1}/b_{n-1}.",pending_canon_intake_2026-08-25-source-emendation-applied-in-target
SIMPLICIAL-024,p02,simplicial.tex,simplicial.tex:5193,187B4CD4F20696BF35EED843528462780CA04ABBBC597AE1045F8404372FDC56,"The expression d_n(f_n(x,y,z) lacks a closing parenthesis.","The inner application f_n(x,y,z) must close before the alignment marker.","Insert the missing closing parenthesis.",pending_canon_intake_2026-08-25-source-emendation-applied-in-target
SIMPLICIAL-025,p02,simplicial.tex,simplicial.tex:5274,187B4CD4F20696BF35EED843528462780CA04ABBBC597AE1045F8404372FDC56,"The degree-n component (p_n,q_n,f_n r_n) is applied to d_n(s_n(x_3)) in B_{n-1}.","An element of B_{n-1} requires the degree-(n-1) component of the map B to diamond A.","Replace all component indices on the outer triple by n-1.",pending_canon_intake_2026-08-25-source-emendation-applied-in-target
SIMPLICIAL-026,p02,simplicial.tex,simplicial.tex:5275,187B4CD4F20696BF35EED843528462780CA04ABBBC597AE1045F8404372FDC56,"The expanded copy again uses the degree-n component on a degree-(n-1) element.","It must match the corrected degree-(n-1) component in the preceding line.","Replace all component indices on the outer triple by n-1.",pending_canon_intake_2026-08-25-source-emendation-applied-in-target
SIMPLICIAL-027,p02,simplicial.tex,simplicial.tex:5276,187B4CD4F20696BF35EED843528462780CA04ABBBC597AE1045F8404372FDC56,"The expansion applies a_n,b_n to f_n(x_3) in A_{n-1} and s_n to d_n(x_3) in C_{n-1}.","All three inclusions/splittings in that expansion have degree n-1.","Replace a_n,b_n,s_n by their degree-(n-1) components.",pending_canon_intake_2026-08-25-source-emendation-applied-in-target
SIMPLICIAL-028,p02,simplicial.tex,simplicial.tex:5278,187B4CD4F20696BF35EED843528462780CA04ABBBC597AE1045F8404372FDC56,"The third tuple component applies f_n to d_n(x_3) in C_{n-1}.","That argument requires f_{n-1}; the first two f_n(x_3) terms remain correct.","Replace only the third f_n by f_{n-1}.",pending_canon_intake_2026-08-25-source-emendation-applied-in-target
SIMPLICIAL-029,p02,simplicial.tex,simplicial.tex:5351,187B4CD4F20696BF35EED843528462780CA04ABBBC597AE1045F8404372FDC56,"The formula for h_{n-1}:U_{n-1} to degree n uses s_i^n.","The degeneracy with source U_{n-1} and target U_n is s_i^{n-1}.","Replace s_i^n by s_i^{n-1}.",pending_canon_intake_2026-08-25-source-emendation-applied-in-target
SIMPLICIAL-030,p02,simplicial.tex,simplicial.tex:5394,187B4CD4F20696BF35EED843528462780CA04ABBBC597AE1045F8404372FDC56,"The complex is written s(U times lowercase-delta[1]).","The interval object throughout is Delta[1]; lowercase delta is undefined.","Replace delta[1] by Delta[1].",pending_canon_intake_2026-08-25-source-emendation-applied-in-target
SIMPLICIAL-031,p02,simplicial.tex,simplicial.tex:5405,187B4CD4F20696BF35EED843528462780CA04ABBBC597AE1045F8404372FDC56,"The repeated complex uses lowercase-delta[1].","The interval object is Delta[1].","Replace delta[1] by Delta[1].",pending_canon_intake_2026-08-25-source-emendation-applied-in-target
SIMPLICIAL-032,p02,simplicial.tex,simplicial.tex:5414,187B4CD4F20696BF35EED843528462780CA04ABBBC597AE1045F8404372FDC56,"The repeated complex uses lowercase-delta[1].","The interval object is Delta[1].","Replace delta[1] by Delta[1].",pending_canon_intake_2026-08-25-source-emendation-applied-in-target
SIMPLICIAL-033,p02,simplicial.tex,simplicial.tex:5422,187B4CD4F20696BF35EED843528462780CA04ABBBC597AE1045F8404372FDC56,"The repeated complex uses lowercase-delta[1].","The interval object is Delta[1].","Replace delta[1] by Delta[1].",pending_canon_intake_2026-08-25-source-emendation-applied-in-target
SIMPLICIAL-034,p02,simplicial.tex,simplicial.tex:5492,187B4CD4F20696BF35EED843528462780CA04ABBBC597AE1045F8404372FDC56,"The text claims Phi composed with Psi is the identity.","The diagram and following quotient calculation prove the endomorphism Psi composed with Phi of diamond s(U) is the identity.","Reverse the displayed composition to Psi composed with Phi.",pending_canon_intake_2026-08-25-source-emendation-applied-in-target
SIMPLICIAL-035,p02,simplicial.tex,simplicial.tex:5498,187B4CD4F20696BF35EED843528462780CA04ABBBC597AE1045F8404372FDC56,"The final calculation uses d_0^n composed with s_n^n.","The only surviving alpha_n^n component comes from the i=n-1 term of h_{n-1}, namely s_{n-1}^{n-1}, and delta(sigma) applies d_n^n; these compose by the terminal simplicial identity.","Use d_n^n composed with s_{n-1}^{n-1} in both tuple components.",pending_canon_intake_2026-08-25-source-emendation-applied-in-target
SIMPLICIAL-036,p02,simplicial.tex,simplicial.tex:5579,187B4CD4F20696BF35EED843528462780CA04ABBBC597AE1045F8404372FDC56,"The extension is described as a larger simplicial subset of Z.","The construction has Z strictly contained in Z' contained in W, so Z' is a larger subset of W, not of Z.","Replace Z by W.",pending_canon_intake_2026-08-25-target-prose-was-already-corrected
SIMPLICIAL-037,p02,simplicial.tex,simplicial.tex:5648,187B4CD4F20696BF35EED843528462780CA04ABBBC597AE1045F8404372FDC56,"The sentence says 'an right inverse'.","Right begins with a consonant sound.","Replace 'an' by 'a'.",pending_canon_intake_2026-08-25-target-prose-was-already-idiomatic
SIMPLICIAL-038,p02,simplicial.tex,simplicial.tex:5937,187B4CD4F20696BF35EED843528462780CA04ABBBC597AE1045F8404372FDC56,"The lift is placed in H_n(Z[x]).","Lowercase x denotes the selected simplex; the functorial homology object throughout the argument is the free simplicial abelian group Z[X].","Replace H_n(Z[x]) by H_n(Z[X]).",pending_canon_intake_2026-08-25-source-emendation-applied-in-target
SIMPLICIAL-039,p02,simplicial.tex,simplicial.tex:5943,187B4CD4F20696BF35EED843528462780CA04ABBBC597AE1045F8404372FDC56,"The chain z is placed in N(Z[y]).","Lowercase y is the chosen simplex; z belongs to the normalized complex of the free simplicial abelian group Z[Y].","Replace N(Z[y]) by N(Z[Y]).",pending_canon_intake_2026-08-25-source-emendation-applied-in-target
SIMPLICIAL-040,p02,simplicial.tex,simplicial.tex:5947,187B4CD4F20696BF35EED843528462780CA04ABBBC597AE1045F8404372FDC56,"The homology class is placed in H_n(Z[y]).","The map under discussion is H_n(Z[X]) to H_n(Z[Y]); lowercase y is only an individual simplex.","Replace H_n(Z[y]) by H_n(Z[Y]).",pending_canon_intake_2026-08-25-source-emendation-applied-in-target
SIMPLICIAL-041,p02,simplicial.tex,simplicial.tex:6028,187B4CD4F20696BF35EED843528462780CA04ABBBC597AE1045F8404372FDC56,"The homotopy between maps cosk_0(A) to cosk_0(B) is printed with codomain cosk_0(A).","The displayed components immediately below take values in products of B, and a homotopy must have the common codomain of f^0 and f^1.","Replace the codomain by cosk_0(B).",pending_canon_intake_2026-08-25-source-emendation-applied-in-target
SIMPLICIAL-042,p02,simplicial.tex,simplicial.tex:6252,187B4CD4F20696BF35EED843528462780CA04ABBBC597AE1045F8404372FDC56,"The prose says 'funtors'.","This is a typographical error in an ordinary reference to functors.","Replace 'funtors' by 'functors'.",pending_canon_intake_2026-08-25-target-prose-was-already-idiomatic
SIMPLICIAL-043,p02,simplicial.tex,simplicial.tex:6425,187B4CD4F20696BF35EED843528462780CA04ABBBC597AE1045F8404372FDC56,"The prose says 'displayed formular'.","This is a typographical error for 'displayed formula'.","Replace 'formular' by 'formula'.",pending_canon_intake_2026-08-25-target-prose-was-already-idiomatic
SIMPLICIAL-044,p02,simplicial.tex,simplicial.tex:6440,187B4CD4F20696BF35EED843528462780CA04ABBBC597AE1045F8404372FDC56,"The second expansion term is d_j^{j+1} star 1_{n-j}.","After the face map on the initial j+1 factors, only n-j-1 trailing factors remain; this matches the terminal d_j^{n-1} star 1_1 term and the analogous degeneracy chain.","Replace 1_{n-j} by 1_{n-j-1} in that term.",pending_canon_intake_2026-08-25-source-emendation-applied-in-target
SIMPLICIAL-045,p02,simplicial.tex,simplicial.tex:6696,187B4CD4F20696BF35EED843528462780CA04ABBBC597AE1045F8404372FDC56,"The reconstructed simplicial object is described by X,s_i^n,s_i^n.","The first repeated degeneracy symbol duplicates the second and omits the face maps; the preceding line and the referenced construction use X,d_i^n,s_i^n.","Replace the first s_i^n by d_i^n.",pending_canon_intake_2026-08-25-source-emendation-applied-in-target
SIMPLICIAL-046,p02,simplicial.tex,simplicial.tex:6809,187B4CD4F20696BF35EED843528462780CA04ABBBC597AE1045F8404372FDC56,"The associated chain complex is said to have M as its only nonzero cohomology group.","The cited simplicial-abelian-group criterion and the chain complex here use homology groups, not cohomology groups.","Replace 'cohomology' by 'homology'.",pending_canon_intake_2026-08-25-source-emendation-applied-in-target
SIMPLICIAL-047,p02,simplicial.tex,simplicial.tex:6846,187B4CD4F20696BF35EED843528462780CA04ABBBC597AE1045F8404372FDC56,"The associated chain complex is said to have B as its only nonzero cohomology group.","As in the preceding module example, the chain complex is tested by homology; cohomology has the wrong variance here.","Replace 'cohomology' by 'homology'.",pending_canon_intake_2026-08-25-source-emendation-applied-in-target
MORE-ALGEBRA-001,p02,more-algebra.tex,more-algebra.tex:11360,0106554339E8966FE04411B2AE9F9CD856B165849FEEF0C7BC37634819064708,"The source contains the literal editorial placeholder '(insert future reference here)' after promising a later discussion of p-bases for F_p-algebras.","No actual cross-reference or tag is supplied at this locus; inventing one without locating the intended later treatment would be unsafe.","Replace the placeholder with the exact intended Stacks cross-reference once identified.",pending_canon_intake_2026-08-26-target-translated-placeholder-retained
MORE-ALGEBRA-002,p02,more-algebra.tex,more-algebra.tex:11408,0106554339E8966FE04411B2AE9F9CD856B165849FEEF0C7BC37634819064708,"The asserted isomorphism is L(x) congruent L[z]/(z^p-x).","The map sending z to x kills z^p-x^p because x^p lies in L; z^p-x does not vanish at x in general.","Replace z^p-x by z^p-x^p.",pending_canon_intake_2026-08-26-source-emendation-applied-in-target
MORE-ALGEBRA-003,p02,more-algebra.tex,more-algebra.tex:11554,0106554339E8966FE04411B2AE9F9CD856B165849FEEF0C7BC37634819064708,"The polynomial subring ends with y_d^p.","The ambient algebra was defined with variables y_1 through y_m and the proof applies every partial_y_j; d is not the terminal variable index.","Replace y_d^p by y_m^p.",pending_canon_intake_2026-08-26-source-emendation-applied-in-target
MORE-ALGEBRA-004,p02,more-algebra.tex,more-algebra.tex:12171,0106554339E8966FE04411B2AE9F9CD856B165849FEEF0C7BC37634819064708,"The formal-fibre formula tensors over A/q.","The quotient ring in the same factor is A/mathfrak q; plain q is undefined.","Replace A/q by A/mathfrak q in the tensor subscript.",pending_canon_intake_2026-08-26-source-emendation-applied-in-target
MORE-ALGEBRA-005,p02,more-algebra.tex,more-algebra.tex:12337,0106554339E8966FE04411B2AE9F9CD856B165849FEEF0C7BC37634819064708,"The completed C-factor is printed as C_mathfrak r although mathfrak r was defined as a prime of B.","The preceding sentence defines mathfrak q as the unique prime of C above mathfrak r, so the localization/completion of C must be at mathfrak q.","Replace C_mathfrak r by C_mathfrak q.",pending_canon_intake_2026-08-26-source-emendation-applied-in-target
MORE-ALGEBRA-006,p02,more-algebra.tex,more-algebra.tex:12899,0106554339E8966FE04411B2AE9F9CD856B165849FEEF0C7BC37634819064708,"The two localized fibres are called kappa(mathfrak q)-algebras.","Both rings are fibres over mathfrak p and inherit their algebra structures from kappa(mathfrak p); kappa(mathfrak q) is only their residue field after localization.","Replace kappa(mathfrak q)-algebras by kappa(mathfrak p)-algebras.",pending_canon_intake_2026-08-26-source-emendation-applied-in-target
MORE-ALGEBRA-007,p02,more-algebra.tex,more-algebra.tex:13176,0106554339E8966FE04411B2AE9F9CD856B165849FEEF0C7BC37634819064708,"The product for the strict-henselization fibre runs from i=1 through t.","The proof defines exactly s primes mathfrak r_1 through mathfrak r_s; t is not defined in this proof.","Replace the terminal product index t by s.",pending_canon_intake_2026-08-26-source-emendation-applied-in-target
MORE-ALGEBRA-008,p02,more-algebra.tex,more-algebra.tex:14011,0106554339E8966FE04411B2AE9F9CD856B165849FEEF0C7BC37634819064708,"The functor - tensor_R^L A is called the total right derived functor of the right-exact tensor functor.","Tensor product is right exact, so its derived tensor product is the total left derived functor; the immediately preceding module case and the displayed superscript L confirm the variance.","Replace 'total right derived functor' by 'total left derived functor'.",pending_canon_intake_2026-08-26-source-emendation-applied-in-target
MORE-ALGEBRA-009,p02,more-algebra.tex,more-algebra.tex:15400,0106554339E8966FE04411B2AE9F9CD856B165849FEEF0C7BC37634819064708,"The source contains the literal editorial placeholder '(insert future reference here)' after promising a later discussion of the algebra structure on Tor.","No actual cross-reference or tag is supplied at this locus; inventing one without locating the intended later treatment would be unsafe.","Replace the placeholder with the exact intended Stacks cross-reference once identified.",pending_canon_intake_2026-08-26-target-translated-placeholder-retained
MORE-ALGEBRA-010,p02,more-algebra.tex,more-algebra.tex:15706,0106554339E8966FE04411B2AE9F9CD856B165849FEEF0C7BC37634819064708,"The filtered kernel Omega_{n,i,m} is said to surject onto the kernel of H^n(F^i f_n).","Omega_{n,i,m} is constructed from P_m and the paired unfiltered statement uses f_m; the cohomological index n is not the stage index.","Replace F^i f_n by F^i f_m.",pending_canon_intake_2026-08-26-source-emendation-applied-in-target
MORE-ALGEBRA-011,p02,more-algebra.tex,more-algebra.tex:15717,0106554339E8966FE04411B2AE9F9CD856B165849FEEF0C7BC37634819064708,"The differential d_{P_m} is applied to the newly adjoined generator eta_z.","The generator eta_z belongs to P_{m+1}, not P_m; this line defines the extended differential on the newly constructed complex.","Replace d_{P_m}(eta_z) by d_{P_{m+1}}(eta_z).",pending_canon_intake_2026-08-26-source-emendation-applied-in-target
MORE-ALGEBRA-012,p02,more-algebra.tex,more-algebra.tex:15749,0106554339E8966FE04411B2AE9F9CD856B165849FEEF0C7BC37634819064708,"The colimit conclusion says similarly for H^n(F^i f_n).","This paragraph proves that the limiting map f and its filtered maps F^i f are quasi-isomorphisms; the next clause correctly uses gr^i f, while f_n is only a finite-stage map.","Replace F^i f_n by F^i f.",pending_canon_intake_2026-08-26-source-emendation-applied-in-target
MORE-ALGEBRA-013,p02,more-algebra.tex,more-algebra.tex:16072,0106554339E8966FE04411B2AE9F9CD856B165849FEEF0C7BC37634819064708,"The inductive decomposition of F^{n-1} again says that F^{n_0} is finite free.","F^{n_0} was handled in the preceding base step; the displayed inductive decomposition chooses C^{n-1} precisely so that F^{n-1} is finite free.","Replace the second F^{n_0} by F^{n-1}.",pending_canon_intake_2026-08-26-source-emendation-applied-in-target
MORE-ALGEBRA-014,p02,more-algebra.tex,more-algebra.tex:16115,0106554339E8966FE04411B2AE9F9CD856B165849FEEF0C7BC37634819064708,"The new differential is chosen with codomain Ker(F^n -> F^{n-1}).","The complex is cohomological and its existing differential out of F^n has target F^{n+1}; mapping into Ker(F^n -> F^{n-1}) reverses the differential and is ill-typed.","Replace Ker(F^n -> F^{n-1}) by Ker(F^n -> F^{n+1}).",pending_canon_intake_2026-08-26-source-emendation-applied-in-target
MORE-ALGEBRA-015,p02,more-algebra.tex,more-algebra.tex:16117,0106554339E8966FE04411B2AE9F9CD856B165849FEEF0C7BC37634819064708,"The prose reads 'We extend our of complexes to'.","A noun phrase is missing; the following diagram extends the partially constructed map of complexes.","Replace by 'We extend our map of complexes to'.",pending_canon_intake_2026-08-26-target-prose-repaired
MORE-ALGEBRA-016,p02,more-algebra.tex,more-algebra.tex:16129,0106554339E8966FE04411B2AE9F9CD856B165849FEEF0C7BC37634819064708,"The prose reads 'Dnote again'.","This is a typographical corruption of the instruction to denote the extended cone again by C.","Replace 'Dnote' by 'Denote'.",pending_canon_intake_2026-08-26-target-prose-repaired
MORE-ALGEBRA-017,p02,more-algebra.tex,more-algebra.tex:16139-16140,0106554339E8966FE04411B2AE9F9CD856B165849FEEF0C7BC37634819064708,"The sentence reads 'map to zero in F^n and the to xi_i in K^{n-1}'.","The construction assigns each new basis element two components: zero in F^n and xi_i in K^{n-1}; the second verb is missing.","Replace 'and the to' by 'and map to'.",pending_canon_intake_2026-08-26-target-prose-repaired
MORE-ALGEBRA-018,p02,more-algebra.tex,more-algebra.tex:16369,0106554339E8966FE04411B2AE9F9CD856B165849FEEF0C7BC37634819064708,"The proof calls E^bullet a complex of projective R-modules.","In this lemma E^bullet was chosen as a bounded complex of finite free A-modules and the equality E tensor_A^L B = E tensor_A B uses A-projectivity; R is not part of the lemma's data.","Replace 'projective R-modules' by 'projective A-modules'.",pending_canon_intake_2026-08-26-source-emendation-applied-in-target
MORE-ALGEBRA-G-001,p02,more-algebra.tex,more-algebra.tex:20318,0106554339E8966FE04411B2AE9F9CD856B165849FEEF0C7BC37634819064708,"The distinguished triangle uses M_b although the complex terms are denoted M^i.","Lines 20310-20311 define the terminal term as M^b; no subscripted module M_b is introduced.","Replace both M_b occurrences in the triangle by M^b.",pending_canon_intake_2026-08-26-source-defect-preserved-in-target
MORE-ALGEBRA-G-002,p02,more-algebra.tex,more-algebra.tex:20460,0106554339E8966FE04411B2AE9F9CD856B165849FEEF0C7BC37634819064708,"The sentence reads 'with L^i is finite free'.","The relative clause requires either 'with L^i finite free' or 'such that L^i is finite free'.","Delete 'is', yielding 'with L^i finite free'.",pending_canon_intake_2026-08-26-target-prose-translated-idiomatically
MORE-ALGEBRA-G-003,p02,more-algebra.tex,more-algebra.tex:20634,0106554339E8966FE04411B2AE9F9CD856B165849FEEF0C7BC37634819064708,"An orphaned sentence fragment 'Derived Categories.' occurs immediately after a complete Derived Categories lemma citation.","Lines 20631-20633 already give the full citation; the repeated fragment has no grammatical or referential role.","Delete the orphaned 'Derived Categories.' fragment.",pending_canon_intake_2026-08-26-target-prose-translated-idiomatically
MORE-ALGEBRA-G-004,p02,more-algebra.tex,more-algebra.tex:20724,0106554339E8966FE04411B2AE9F9CD856B165849FEEF0C7BC37634819064708,"The differential out of P^{-n+1} is labelled d^1.","The displayed cohomological complex labels adjacent differentials by their source degrees, from d^{-n-1} through d^{-1}; d^1 breaks that sequence and has the wrong degree.","Replace d^1 by d^{-n+1}.",pending_canon_intake_2026-08-26-source-defect-preserved-in-target
MORE-ALGEBRA-G-005,p02,more-algebra.tex,more-algebra.tex:21040,0106554339E8966FE04411B2AE9F9CD856B165849FEEF0C7BC37634819064708,"The prose says the displayed sequence presents M_f.","The displayed cokernel at line 21038 is M_g, and the construction localizes at g.","Replace M_f by M_g.",pending_canon_intake_2026-08-26-source-defect-preserved-in-target
MORE-ALGEBRA-G-006,p02,more-algebra.tex,more-algebra.tex:21043,0106554339E8966FE04411B2AE9F9CD856B165849FEEF0C7BC37634819064708,"The matrix block is printed as (x_0 f - )I_t with a missing operand.","The presentation adjoins x_0 as the inverse of f; the relation must be x_0 f - 1, parallel to the third block (x_{n+1}g' - 1)I_t.","Insert 1 after the minus sign, giving (x_0 f - 1)I_t.",pending_canon_intake_2026-08-26-source-defect-preserved-in-target
MORE-ALGEBRA-G-007,p02,more-algebra.tex,more-algebra.tex:21053,0106554339E8966FE04411B2AE9F9CD856B165849FEEF0C7BC37634819064708,"The base-change formula uses A' although no A' is defined in the lemma.","The preceding line names the scalar extension A tensor_R R', and the right side is M tensor_R R'.","Define A' = A tensor_R R' before the display, or replace A' there by A tensor_R R'.",pending_canon_intake_2026-08-26-source-defect-preserved-in-target
MORE-ALGEBRA-G-008,p02,more-algebra.tex,more-algebra.tex:21093,0106554339E8966FE04411B2AE9F9CD856B165849FEEF0C7BC37634819064708,"The target free module is over a polynomial ring containing an extra variable x_0.","The construction at lines 21081-21092 uses only x_1 through x_n and y_1 through y_m; x_0 is never introduced in this proof.","Remove x_0 from the polynomial ring at line 21093.",pending_canon_intake_2026-08-26-source-defect-preserved-in-target
MORE-ALGEBRA-G-009,p02,more-algebra.tex,more-algebra.tex:21526,0106554339E8966FE04411B2AE9F9CD856B165849FEEF0C7BC37634819064708,"The localization computation concludes with K^bullet tensor_A A_f.","The element lifted to g' and inverted throughout this calculation is g, and line 21538 correctly concludes with A_g.","Replace A_f by A_g.",pending_canon_intake_2026-08-26-source-defect-preserved-in-target
MORE-ALGEBRA-G-010,p02,more-algebra.tex,more-algebra.tex:21583,0106554339E8966FE04411B2AE9F9CD856B165849FEEF0C7BC37634819064708,"The resolution is taken over A[y_1,...,y_n].","Line 21579 introduces y_1 through y_m; n is instead the number of x-variables in the presentation of A.","Replace y_n by y_m.",pending_canon_intake_2026-08-26-source-defect-preserved-in-target
MORE-ALGEBRA-G-011,p02,more-algebra.tex,more-algebra.tex:21703-21710,0106554339E8966FE04411B2AE9F9CD856B165849FEEF0C7BC37634819064708,"The proof starts with m-pseudo-coherence after localization but concludes unqualified pseudo-coherence twice.","The lemma asserts the m-pseudo-coherent statement as well as the pseudo-coherent statement; the gluing and finite-push lemmas preserve the same chosen qualifier.","Replace 'pseudo-coherent' by 'm-pseudo-coherent' at lines 21707 and 21710 in the m-pseudo-coherent case, retaining the parenthetical pseudo-coherent variant.",pending_canon_intake_2026-08-26-source-defect-preserved-in-target
MORE-ALGEBRA-G-012,p02,more-algebra.tex,more-algebra.tex:21911,0106554339E8966FE04411B2AE9F9CD856B165849FEEF0C7BC37634819064708,"The proof says A -> B is surjective.","The lemma hypothesis at line 21886 defines the surjection phi:B -> A; no map A -> B is given.","Replace A -> B by B -> A.",pending_canon_intake_2026-08-26-source-defect-preserved-in-target
MORE-ALGEBRA-G-013,p02,more-algebra.tex,more-algebra.tex:22352,0106554339E8966FE04411B2AE9F9CD856B165849FEEF0C7BC37634819064708,"The homotopy equation composes h^0 with d_K^{-1}.","Here h^0 has domain M^0, whereas d_K^{-1} has codomain K^0, so h^0 o d_K^{-1} is ill-typed; the later homotopy formula at line 22367 uses h^0 o d_M^{-1}.","Replace d_K^{-1} by d_M^{-1}.",pending_canon_intake_2026-08-26-source-defect-preserved-in-target
MORE-ALGEBRA-G-014,p02,more-algebra.tex,more-algebra.tex:22361,0106554339E8966FE04411B2AE9F9CD856B165849FEEF0C7BC37634819064708,"Item (4) begins 'In (2)' although it uses the data alpha and a^{-2} from item (3).","Item (2) concerns a different two-term target and contains neither alpha nor the lifting conclusion referenced here.","Replace 'In (2)' by 'In (3)'.",pending_canon_intake_2026-08-26-source-defect-preserved-in-target
MORE-ALGEBRA-G-015,p02,more-algebra.tex,more-algebra.tex:22705,0106554339E8966FE04411B2AE9F9CD856B165849FEEF0C7BC37634819064708,"The exponent is printed as c2c3.","The preceding lines introduce c_2 and c_3, and the next two lines correctly use c_2c_3.","Replace c2c3 by c_2c_3.",pending_canon_intake_2026-08-26-source-defect-preserved-in-target
MORE-ALGEBRA-G-016,p02,more-algebra.tex,more-algebra.tex:22713-22722,0106554339E8966FE04411B2AE9F9CD856B165849FEEF0C7BC37634819064708,"The conclusion and proof write phi o psi for maps phi:K_1 -> K_2 and psi:K_2 -> K_3.","With the standard right-to-left convention the written composite is not composable; the intended map K_1 -> K_3 is psi o phi.","Replace phi o psi by psi o phi at lines 22717 and 22722.",pending_canon_intake_2026-08-26-source-defect-preserved-in-target
MORE-ALGEBRA-G-017,p02,more-algebra.tex,more-algebra.tex:22730,0106554339E8966FE04411B2AE9F9CD856B165849FEEF0C7BC37634819064708,"The determinant endomorphism is written det(a).","The differential matrix is denoted by uppercase A on line 22729; no lowercase a is defined in the lemma.","Replace det(a) by det(A).",pending_canon_intake_2026-08-26-source-defect-preserved-in-target
MORE-ALGEBRA-G-018,p02,more-algebra.tex,more-algebra.tex:22965,0106554339E8966FE04411B2AE9F9CD856B165849FEEF0C7BC37634819064708,"The fifth condition reads 'of R^1 lim_n K_n^p = 0'.","The phrase introduces the defining condition for right acyclicity and requires the conjunction 'if'.","Replace 'of' by 'if'.",pending_canon_intake_2026-08-26-target-prose-translated-idiomatically
MORE-ALGEBRA-G-019,p02,more-algebra.tex,more-algebra.tex:22985,0106554339E8966FE04411B2AE9F9CD856B165849FEEF0C7BC37634819064708,"The derived functor is suddenly denoted RF.","The only functor in the lemma is lim, and the surrounding statements and cited proposition construct its right derived functor Rlim; no F is defined.","Replace RF by Rlim.",pending_canon_intake_2026-08-26-source-defect-preserved-in-target
MORE-ALGEBRA-G-020,p02,more-algebra.tex,more-algebra.tex:23047,0106554339E8966FE04411B2AE9F9CD856B165849FEEF0C7BC37634819064708,"The footnote reads 'A inverse system'.","The indefinite article before a vowel sound must be 'An'.","Replace 'A' by 'An'.",pending_canon_intake_2026-08-26-target-prose-translated-idiomatically
MORE-ALGEBRA-G-021,p02,more-algebra.tex,more-algebra.tex:23106,0106554339E8966FE04411B2AE9F9CD856B165849FEEF0C7BC37634819064708,"The word 'transitition' is misspelled.","The sentence refers to the transition maps of the inverse system.","Replace 'transitition' by 'transition'.",pending_canon_intake_2026-08-26-target-prose-translated-idiomatically
MORE-ALGEBRA-G-022,p02,more-algebra.tex,more-algebra.tex:23209,0106554339E8966FE04411B2AE9F9CD856B165849FEEF0C7BC37634819064708,"The footnote reads 'the we obtain'.","The clause is sequential and requires the adverb 'then'.","Replace 'the' by 'then'.",pending_canon_intake_2026-08-26-target-prose-translated-idiomatically
MORE-ALGEBRA-G-023,p02,more-algebra.tex,more-algebra.tex:23398,0106554339E8966FE04411B2AE9F9CD856B165849FEEF0C7BC37634819064708,"The sentence reads 'This can also been seen directly'.","After the modal 'can', the passive infinitive is 'be seen'.","Replace 'been' by 'be'.",pending_canon_intake_2026-08-26-target-prose-translated-idiomatically
MORE-ALGEBRA-F-001,p02,more-algebra.tex,more-algebra.tex:17250,0106554339E8966FE04411B2AE9F9CD856B165849FEEF0C7BC37634819064708,"The displayed base-change identity begins with two opening parentheses before M but closes only the inner factor.","The left side is already parenthesized once and the right side needs only one parenthesis around M tensor_R R'; the display is unbalanced by one delimiter.","Delete the first of the two consecutive opening parentheses.",pending_canon_intake_2026-08-26-target-formula-retained
MORE-ALGEBRA-F-002,p02,more-algebra.tex,more-algebra.tex:17455-17456,0106554339E8966FE04411B2AE9F9CD856B165849FEEF0C7BC37634819064708,"The sentence reads 'we can choose a a complex'.","The indefinite article is duplicated across the line break.","Delete one occurrence of 'a'.",pending_canon_intake_2026-08-26-target-prose-translated-idiomatically
MORE-ALGEBRA-F-003,p02,more-algebra.tex,more-algebra.tex:17632,0106554339E8966FE04411B2AE9F9CD856B165849FEEF0C7BC37634819064708,"The proof asks to compute Ext^i_A(N,K).","The lemma and the functor Hom_R(N,-) are entirely over R; A is not defined in this context.","Replace the Ext subscript A by R.",pending_canon_intake_2026-08-26-target-formula-retained
MORE-ALGEBRA-F-004,p02,more-algebra.tex,more-algebra.tex:17750,0106554339E8966FE04411B2AE9F9CD856B165849FEEF0C7BC37634819064708,"After defining sigma(x_j)=(a_{ji})_{i in I}, the next sentence says only finitely many a_{ij} are nonzero.","For fixed j, the coordinates just defined are a_{ji}; a_{ij} reverses the indices and does not denote those coordinates.","Replace a_{ij} by a_{ji}.",pending_canon_intake_2026-08-26-target-formula-retained
MORE-ALGEBRA-F-005,p02,more-algebra.tex,more-algebra.tex:17757,0106554339E8966FE04411B2AE9F9CD856B165849FEEF0C7BC37634819064708,"The characterization of a projective R-module refers to the identity on R.","Projectivity of a module M is characterized by factorization of the identity of M, whereas the identity of R is unrelated to the unspecified module.","Replace 'the identity on R' by 'its identity'.",pending_canon_intake_2026-08-26-target-prose-retained
MORE-ALGEBRA-F-006,p02,more-algebra.tex,more-algebra.tex:17775-17776,0106554339E8966FE04411B2AE9F9CD856B165849FEEF0C7BC37634819064708,"The implication ends with 'because Ext^1_R(P,N) for any N and any projective module P'.","The predicate is missing; the required fact is the vanishing of Ext^1 from a projective module.","Insert '= 0' after Ext^1_R(P,N).",pending_canon_intake_2026-08-26-target-prose-translated-idiomatically
MORE-ALGEBRA-F-007,p02,more-algebra.tex,more-algebra.tex:18287,0106554339E8966FE04411B2AE9F9CD856B165849FEEF0C7BC37634819064708,"The proposed sign is written epsilon_{p,r,s}=(-1)^{r+qr}.","All preceding compatibility equations use epsilon_{p,q,r}; the displayed left side introduces s while the right side instead uses q.","Replace epsilon_{p,r,s} by epsilon_{p,q,r}.",pending_canon_intake_2026-08-26-target-formula-retained
MORE-ALGEBRA-F-008,p02,more-algebra.tex,more-algebra.tex:18316,0106554339E8966FE04411B2AE9F9CD856B165849FEEF0C7BC37634819064708,"The second evaluation map is printed hom(L,K) tensor L -> M.","Evaluation with source hom(L,K) tensor L has target K, not M; the preceding composite requires the map from hom(L,M).","Replace hom(L,K) by hom(L,M).",pending_canon_intake_2026-08-26-target-formula-retained
MORE-ALGEBRA-F-009,p02,more-algebra.tex,more-algebra.tex:18489,0106554339E8966FE04411B2AE9F9CD856B165849FEEF0C7BC37634819064708,"The coevaluation eta_n is said to map 1 to id_{M_n}.","The complex is cohomologically indexed and the surrounding source and target are M^n and its dual; M_n is not defined.","Replace id_{M_n} by id_{M^n}.",pending_canon_intake_2026-08-26-target-formula-retained
MORE-ALGEBRA-F-010,p02,more-algebra.tex,more-algebra.tex:19063-19064,0106554339E8966FE04411B2AE9F9CD856B165849FEEF0C7BC37634819064708,"The terms of Tot(K tensor L) are described using M^a tensor L^b.","The proof has complexes K and L only; M is not defined, and the total-complex terms are K^a tensor L^b.","Replace both occurrences of M^a by K^a.",pending_canon_intake_2026-08-26-target-formula-retained
MORE-ALGEBRA-F-011,p02,more-algebra.tex,more-algebra.tex:20082-20083,0106554339E8966FE04411B2AE9F9CD856B165849FEEF0C7BC37634819064708,"The displayed implication chain contains condition (3) twice consecutively.","The lemma has conditions (1) through (5), and the proof establishes the chain through (2), (3), (4), and (5); the repeated node adds a spurious sixth entry.","Delete one consecutive occurrence of '\Leftrightarrow (3)'.",pending_canon_intake_2026-08-26-target-formula-retained
MORE-ALGEBRA-I-001,p02,more-algebra.tex,more-algebra.tex:27167,0106554339E8966FE04411B2AE9F9CD856B165849FEEF0C7BC37634819064708,"The sentence reads 'is the show'.","The infinitive of purpose after 'is' must be 'to show'.","Replace 'the show' by 'to show'.",pending_canon_intake_2026-08-26-target-prose-translated-idiomatically
MORE-ALGEBRA-I-002,p02,more-algebra.tex,more-algebra.tex:27183,0106554339E8966FE04411B2AE9F9CD856B165849FEEF0C7BC37634819064708,"The triangle indexed by n maps to the quotient by the mth powers.","Every other object in the triangle is K_n or indexed by n; m is not introduced in the statement.","Replace A/(f_1^m,...,f_r^m) by A/(f_1^n,...,f_r^n).",pending_canon_intake_2026-08-26-source-emendation-applied-in-target
MORE-ALGEBRA-I-003,p02,more-algebra.tex,more-algebra.tex:27268,0106554339E8966FE04411B2AE9F9CD856B165849FEEF0C7BC37634819064708,"The clause reads 'H^n(K) a finite A-module'.","The predicate 'is' is missing.","Insert 'is' before 'a finite A-module'.",pending_canon_intake_2026-08-26-target-prose-translated-idiomatically
MORE-ALGEBRA-I-004,p02,more-algebra.tex,more-algebra.tex:27371,0106554339E8966FE04411B2AE9F9CD856B165849FEEF0C7BC37634819064708,"An isolated mathematical equality sign occurs between 'usual' and 'derived completions'.","No two expressions are being equated; the sign is a typesetting residue inside a noun phrase.","Delete the isolated $=$.",pending_canon_intake_2026-08-26-source-emendation-applied-in-target
MORE-ALGEBRA-I-005,p02,more-algebra.tex,more-algebra.tex:27507,0106554339E8966FE04411B2AE9F9CD856B165849FEEF0C7BC37634819064708,"The proof says 'This we get a surjection'.","The conclusion requires the adverb 'Thus'.","Replace 'This' by 'Thus'.",pending_canon_intake_2026-08-26-target-prose-translated-idiomatically
MORE-ALGEBRA-I-006,p02,more-algebra.tex,more-algebra.tex:27715,0106554339E8966FE04411B2AE9F9CD856B165849FEEF0C7BC37634819064708,"The word 'compostion' is misspelled.","The surrounding expression is a composition of Bockstein operators.","Replace 'compostion' by 'composition'.",pending_canon_intake_2026-08-26-target-prose-translated-idiomatically
MORE-ALGEBRA-I-007,p02,more-algebra.tex,more-algebra.tex:28118,0106554339E8966FE04411B2AE9F9CD856B165849FEEF0C7BC37634819064708,"An eta-complex term is printed as g^iN^i tensor g^{i+1}N^{i+1}.","The eta construction uses the direct sum of consecutive scaled terms; the tensor product is ill-typed as the codomain of this term map.","Replace the tensor product by a direct sum.",pending_canon_intake_2026-08-26-source-emendation-applied-in-target
MORE-ALGEBRA-I-008,p02,more-algebra.tex,more-algebra.tex:28120,0106554339E8966FE04411B2AE9F9CD856B165849FEEF0C7BC37634819064708,"The same eta-complex term is again printed with a tensor product.","This line repeats the codomain from line 28118 and must be the same direct sum.","Replace the tensor product by a direct sum.",pending_canon_intake_2026-08-26-source-emendation-applied-in-target
MORE-ALGEBRA-I-010,p02,more-algebra.tex,more-algebra.tex:28175,0106554339E8966FE04411B2AE9F9CD856B165849FEEF0C7BC37634819064708,"The invariance argument concludes again that I_i(M,f) is principal.","Principality for M is the hypothesis; the cited lemma transfers it to the equivalent complex N.","Replace I_i(M,f) by I_i(N,f) in the conclusion.",pending_canon_intake_2026-08-26-source-emendation-applied-in-target
MORE-ALGEBRA-I-011,p02,more-algebra.tex,more-algebra.tex:28259,0106554339E8966FE04411B2AE9F9CD856B165849FEEF0C7BC37634819064708,"The proof concludes I_p=fA_p although no local ideal I is being established there.","This paragraph verifies condition (3), the vanishing of J(M^bullet,f)_p for p in E.","Replace I_p=fA_p by J(M^bullet,f)_p=0.",pending_canon_intake_2026-08-26-source-emendation-applied-in-target
MORE-ALGEBRA-I-012,p02,more-algebra.tex,more-algebra.tex:28278,0106554339E8966FE04411B2AE9F9CD856B165849FEEF0C7BC37634819064708,"The first summand is f^{i+1}M^i.","The eta term pairs degrees i+1 and i+2; the first summand is off by one.","Replace M^i by M^{i+1} in the first summand.",pending_canon_intake_2026-08-26-source-emendation-applied-in-target
MORE-ALGEBRA-I-013,p02,more-algebra.tex,more-algebra.tex:28297,0106554339E8966FE04411B2AE9F9CD856B165849FEEF0C7BC37634819064708,"The base-changed first summand again uses M^i.","Base change does not alter the eta term's degree, which is i+1.","Replace M^i by M^{i+1} in the first summand.",pending_canon_intake_2026-08-26-source-emendation-applied-in-target
MORE-ALGEBRA-I-014,p02,more-algebra.tex,more-algebra.tex:28305,0106554339E8966FE04411B2AE9F9CD856B165849FEEF0C7BC37634819064708,"Degree-i cohomology is identified with K^{i+1}/L^i.","For a cohomological complex whose image in K^i is L^{i-1}, degree-i cohomology is K^i/L^{i-1}.","Replace K^{i+1}/L^i by K^i/L^{i-1}.",pending_canon_intake_2026-08-26-source-emendation-applied-in-target
MORE-ALGEBRA-I-015,p02,more-algebra.tex,more-algebra.tex:28843,0106554339E8966FE04411B2AE9F9CD856B165849FEEF0C7BC37634819064708,"The base-change map begins with RHom_R(K,L).","The lemma's second argument is M and no object L is defined.","Replace L by M.",pending_canon_intake_2026-08-26-source-emendation-applied-in-target
MORE-ALGEBRA-I-016,p02,more-algebra.tex,more-algebra.tex:28845,0106554339E8966FE04411B2AE9F9CD856B165849FEEF0C7BC37634819064708,"The base-changed target uses L tensor_R^L R'.","The lemma's second argument is M; L remains undefined.","Replace L by M.",pending_canon_intake_2026-08-26-source-emendation-applied-in-target
MORE-ALGEBRA-I-017,p02,more-algebra.tex,more-algebra.tex:28953,0106554339E8966FE04411B2AE9F9CD856B165849FEEF0C7BC37634819064708,"The phrase reads 'the cass of z'.","The intended word is 'class'.","Replace 'cass' by 'class'.",pending_canon_intake_2026-08-26-target-prose-translated-idiomatically
MORE-ALGEBRA-I-018,p02,more-algebra.tex,more-algebra.tex:29085,0106554339E8966FE04411B2AE9F9CD856B165849FEEF0C7BC37634819064708,"Hom_A(-,N) is called right exact.","The contravariant Hom functor is left exact; its right derived functors are Ext.","Replace 'right exact' by 'left exact'.",pending_canon_intake_2026-08-26-target-prose-translated-idiomatically
MORE-ALGEBRA-I-019,p02,more-algebra.tex,more-algebra.tex:29101,0106554339E8966FE04411B2AE9F9CD856B165849FEEF0C7BC37634819064708,"The text contains the stray fragment '[art' before part (6).","The bracketed fragment is not a citation or TeX command and breaks the sentence.","Delete '[art'.",pending_canon_intake_2026-08-26-target-prose-translated-idiomatically
MORE-ALGEBRA-I-020,p02,more-algebra.tex,more-algebra.tex:29227-29229,0106554339E8966FE04411B2AE9F9CD856B165849FEEF0C7BC37634819064708,"The sentence reads 'these maps which witness the fact' without a main predicate.","Removing 'which' yields the required assertion that the maps witness the pro-isomorphism.","Replace 'these maps which witness' by 'these maps witness'.",pending_canon_intake_2026-08-26-target-prose-translated-idiomatically
MORE-ALGEBRA-I-021,p02,more-algebra.tex,more-algebra.tex:29303,0106554339E8966FE04411B2AE9F9CD856B165849FEEF0C7BC37634819064708,"The phrase reads 'annihilated buy I^c'.","The preposition is misspelled.","Replace 'buy' by 'by'.",pending_canon_intake_2026-08-26-target-prose-translated-idiomatically
MORE-ALGEBRA-I-022,p02,more-algebra.tex,more-algebra.tex:29316,0106554339E8966FE04411B2AE9F9CD856B165849FEEF0C7BC37634819064708,"Ext groups of M_m and N_m are taken over A_n.","M_m and N_m are A_m-modules; restriction to A_n occurs only in the target transition term.","Replace both source subscripts A_n on the left by A_m.",pending_canon_intake_2026-08-26-source-emendation-applied-in-target
MORE-ALGEBRA-I-023,p02,more-algebra.tex,more-algebra.tex:29352,0106554339E8966FE04411B2AE9F9CD856B165849FEEF0C7BC37634819064708,"The torsion submodule is written N[x^{n-1}] while its defining kernel acts on N_n.","Both sides of the definition must belong to the same module N_n.","Replace N[x^{n-1}] by N_n[x^{n-1}].",pending_canon_intake_2026-08-26-source-emendation-applied-in-target
MORE-ALGEBRA-I-024,p02,more-algebra.tex,more-algebra.tex:29362,0106554339E8966FE04411B2AE9F9CD856B165849FEEF0C7BC37634819064708,"The conclusion says 'for all r'.","The family is indexed by n and r is not introduced in the example.","Replace r by n.",pending_canon_intake_2026-08-26-source-emendation-applied-in-target
MORE-ALGEBRA-I-025,p02,more-algebra.tex,more-algebra.tex:29377,0106554339E8966FE04411B2AE9F9CD856B165849FEEF0C7BC37634819064708,"M and N are declared to be A-modules.","The statement and proof take Ext over B and resolve M by finite free B-modules; M and N must be B-modules, with M flat over A.","Replace A-modules by B-modules.",pending_canon_intake_2026-08-26-source-emendation-applied-in-target
MORE-ALGEBRA-I-026,p02,more-algebra.tex,more-algebra.tex:29392,0106554339E8966FE04411B2AE9F9CD856B165849FEEF0C7BC37634819064708,"The word 'modues' is misspelled.","The sentence refers to finite free B-modules.","Replace 'modues' by 'modules'.",pending_canon_intake_2026-08-26-target-prose-translated-idiomatically
MORE-ALGEBRA-I-027,p02,more-algebra.tex,more-algebra.tex:29495,0106554339E8966FE04411B2AE9F9CD856B165849FEEF0C7BC37634819064708,"The lemma is stated only for p>0.","The proof explicitly starts with p=0 and establishes the same factorization there.","Replace p>0 by p>=0.",pending_canon_intake_2026-08-26-source-emendation-applied-in-target
MORE-ALGEBRA-I-028,p02,more-algebra.tex,more-algebra.tex:29596,0106554339E8966FE04411B2AE9F9CD856B165849FEEF0C7BC37634819064708,"The first Hom term uses F^{-p+1}.","The representing complex introduced at line 29593 is P^bullet; F is undefined.","Replace F^{-p+1} by P^{-p+1}.",pending_canon_intake_2026-08-26-source-emendation-applied-in-target
MORE-ALGEBRA-I-029,p02,more-algebra.tex,more-algebra.tex:29597,0106554339E8966FE04411B2AE9F9CD856B165849FEEF0C7BC37634819064708,"The middle Hom term uses F^{-p}.","The representing complex is P^bullet.","Replace F^{-p} by P^{-p}.",pending_canon_intake_2026-08-26-source-emendation-applied-in-target
MORE-ALGEBRA-I-030,p02,more-algebra.tex,more-algebra.tex:29598,0106554339E8966FE04411B2AE9F9CD856B165849FEEF0C7BC37634819064708,"The final Hom term uses F^{-p-1}.","The representing complex is P^bullet.","Replace F^{-p-1} by P^{-p-1}.",pending_canon_intake_2026-08-26-source-emendation-applied-in-target
MORE-ALGEBRA-I-031,p02,more-algebra.tex,more-algebra.tex:29746,0106554339E8966FE04411B2AE9F9CD856B165849FEEF0C7BC37634819064708,"The sentence reads 'can also been seen'.","A modal verb takes the bare infinitive 'be'.","Replace 'been' by 'be'.",pending_canon_intake_2026-08-26-target-prose-translated-idiomatically
MORE-ALGEBRA-I-032,p02,more-algebra.tex,more-algebra.tex:29917,0106554339E8966FE04411B2AE9F9CD856B165849FEEF0C7BC37634819064708,"A degree-i image is compared with the image of a map landing in H^2(N_2).","Both source and target of the relevant cohomology map must be in degree i; degree 2 is unrelated.","Replace H^2(N_2^bullet) by H^i(N_2^bullet).",pending_canon_intake_2026-08-26-source-emendation-applied-in-target
MORE-ALGEBRA-I-033,p02,more-algebra.tex,more-algebra.tex:29928,0106554339E8966FE04411B2AE9F9CD856B165849FEEF0C7BC37634819064708,"The cardinal identity uses M_2 before it has been constructed.","The lemma's input cardinal depends on the given subcomplexes M_1 and N_1.","Replace M_2^bullet by N_1^bullet.",pending_canon_intake_2026-08-26-source-emendation-applied-in-target
MORE-ALGEBRA-I-034,p02,more-algebra.tex,more-algebra.tex:29946,0106554339E8966FE04411B2AE9F9CD856B165849FEEF0C7BC37634819064708,"The finite subset F^i of N^i is required to lie in M_2(E,F)^i.","F^i belongs in the generated B-subcomplex N_1(E,F); M_2 is not yet defined.","Replace M_2(E,F)^i by N_1(E,F)^i.",pending_canon_intake_2026-08-26-source-emendation-applied-in-target
MORE-ALGEBRA-I-035,p02,more-algebra.tex,more-algebra.tex:29951,0106554339E8966FE04411B2AE9F9CD856B165849FEEF0C7BC37634819064708,"The second small-subcomplex bound is written for M_2(E,F) in terms of M_2.","The object just constructed is N_1(E,F), and its size is bounded in terms of the given N_1.","Replace both M_2 occurrences by N_1.",pending_canon_intake_2026-08-26-source-emendation-applied-in-target
MORE-ALGEBRA-I-036,p02,more-algebra.tex,more-algebra.tex:29963,0106554339E8966FE04411B2AE9F9CD856B165849FEEF0C7BC37634819064708,"Terms of the cohomological resolution F^bullet are denoted F_i twice.","The resolution is displayed with superscripts F^{-1},F^0 and used as F^bullet in the next line.","Replace F_i by F^i in both occurrences.",pending_canon_intake_2026-08-26-source-emendation-applied-in-target
MORE-ALGEBRA-I-037,p02,more-algebra.tex,more-algebra.tex:29986,0106554339E8966FE04411B2AE9F9CD856B165849FEEF0C7BC37634819064708,"The cohomology term H^i(N_1(E_eta,F_eta) lacks the complex superscript and closing parenthesis.","N_1(E_eta,F_eta)^bullet is the constructed subcomplex used throughout the paragraph.","Restore ^bullet and the closing parenthesis.",pending_canon_intake_2026-08-26-source-emendation-applied-in-target
MORE-ALGEBRA-I-038,p02,more-algebra.tex,more-algebra.tex:29988,0106554339E8966FE04411B2AE9F9CD856B165849FEEF0C7BC37634819064708,"The target cohomology group repeats the malformed H^i(N_1(E_eta,F_eta) expression.","The map must land in the cohomology of the same subcomplex N_1(E_eta,F_eta)^bullet.","Restore ^bullet and the closing parenthesis.",pending_canon_intake_2026-08-26-source-emendation-applied-in-target
MORE-ALGEBRA-I-039,p02,more-algebra.tex,more-algebra.tex:28099,0106554339E8966FE04411B2AE9F9CD856B165849FEEF0C7BC37634819064708,"The ith term is written eta_f M^i without grouping.","Throughout the construction the complex is eta_f M and its ith term is written (eta_f M)^i; the ungrouped form applies eta_f only to M^i.","Replace eta_f M^i by (eta_f M)^i.",pending_canon_intake_2026-08-26-source-emendation-applied-in-target
MORE-ALGEBRA-H-001,p02,more-algebra.tex,more-algebra.tex:26551,0106554339E8966FE04411B2AE9F9CD856B165849FEEF0C7BC37634819064708,"The vanishing range is written i < r.","The preceding sentence proves vanishing below -r; this is exactly the bound needed for the asserted isomorphism range i <= -r - 1 and injectivity at i = -r.","Replace i < r by i < -r.",pending_canon_intake_2026-08-26-source-emendation-applied-in-target
MORE-ALGEBRA-J-001,p02,more-algebra.tex,more-algebra.tex:31040,0106554339E8966FE04411B2AE9F9CD856B165849FEEF0C7BC37634819064708,"The expression tensors Q with L over A.","L is a K-algebra, not an A-algebra; the surrounding reduction tensors both A and Q with L over K.","Replace Q tensor_A L by Q tensor_K L.",pending_canon_intake_2026-08-26-source-emendation-applied-in-target
MORE-ALGEBRA-J-002,p02,more-algebra.tex,more-algebra.tex:31369,0106554339E8966FE04411B2AE9F9CD856B165849FEEF0C7BC37634819064708,"The comparison ring is written (A')^h.","The lemma and both adjacent comparison rings use strict henselization throughout.","Replace (A')^h by (A')^{sh}.",pending_canon_intake_2026-08-26-source-emendation-applied-in-target
MORE-ALGEBRA-J-003,p02,more-algebra.tex,more-algebra.tex:31382,0106554339E8966FE04411B2AE9F9CD856B165849FEEF0C7BC37634819064708,"The maximal ideal is said to belong to A^h.","The maximal ideal in question belongs to A^{sh}; ordinary henselization is not used in this strict-henselization proof.","Replace A^h by A^{sh}.",pending_canon_intake_2026-08-26-source-emendation-applied-in-target
MORE-ALGEBRA-J-004,p02,more-algebra.tex,more-algebra.tex:31385,0106554339E8966FE04411B2AE9F9CD856B165849FEEF0C7BC37634819064708,"The displayed tensor identity uses A^h twice.","The expression expands (A')^{sh} tensor_{A^{sh}} kappa^{sep}; both ordinary henselizations are incompatible with that identity.","Replace both occurrences of A^h by A^{sh}.",pending_canon_intake_2026-08-26-source-emendation-applied-in-target
MORE-ALGEBRA-J-005,p02,more-algebra.tex,more-algebra.tex:31421,0106554339E8966FE04411B2AE9F9CD856B165849FEEF0C7BC37634819064708,"The residue field is denoted kappa^{sh}.","The strict henselization was fixed relative to kappa^{sep}, explicitly its residue field at line 31388; kappa^{sh} is undefined here.","Replace kappa^{sh} by kappa^{sep}.",pending_canon_intake_2026-08-26-source-emendation-applied-in-target
MORE-ALGEBRA-J-006,p02,more-algebra.tex,more-algebra.tex:31530,0106554339E8966FE04411B2AE9F9CD856B165849FEEF0C7BC37634819064708,"The extended ideal is written mathfrak m_A B.","The proof denotes the maximal ideal of A by mathfrak m; the condition concerns its extension mathfrak m B.","Replace mathfrak m_A B by mathfrak m B.",pending_canon_intake_2026-08-26-source-emendation-applied-in-target
MORE-ALGEBRA-J-007,p02,more-algebra.tex,more-algebra.tex:31657,0106554339E8966FE04411B2AE9F9CD856B165849FEEF0C7BC37634819064708,"The base-change ring is written A^h tensor_A B.","The paragraph compares strict henselizations and immediately reduces to A strictly henselian; the base must be A^{sh}.","Replace A^h tensor_A B by A^{sh} tensor_A B.",pending_canon_intake_2026-08-26-source-emendation-applied-in-target
MORE-ALGEBRA-J-008,p02,more-algebra.tex,more-algebra.tex:31658,0106554339E8966FE04411B2AE9F9CD856B165849FEEF0C7BC37634819064708,"The maximal ideal is indexed by A^h.","It is the maximal ideal of the strict henselization appearing in the corrected tensor product on the preceding line.","Replace mathfrak m_{A^h} by mathfrak m_{A^{sh}}.",pending_canon_intake_2026-08-26-source-emendation-applied-in-target
MORE-ALGEBRA-J-009,p02,more-algebra.tex,more-algebra.tex:32672,0106554339E8966FE04411B2AE9F9CD856B165849FEEF0C7BC37634819064708,"The right side of the invariant identification has an extra superscript G.","Exactness identifies A with the G-invariants of A tensor_{R^G} R; the source instead applies invariants twice.","Remove the outer superscript G from the right side.",pending_canon_intake_2026-08-26-source-emendation-applied-in-target
MORE-ALGEBRA-J-010,p02,more-algebra.tex,more-algebra.tex:32766,0106554339E8966FE04411B2AE9F9CD856B165849FEEF0C7BC37634819064708,"The sentence says the minimal polynomial P divides the image of P.","The preceding paragraph constructs Q over R^G and establishes that P divides its image; only this yields a conjugate among the sigma(a).","Replace 'image of P' by 'image of Q'.",pending_canon_intake_2026-08-26-source-emendation-applied-in-target
MORE-ALGEBRA-J-011,p02,more-algebra.tex,more-algebra.tex:32856,0106554339E8966FE04411B2AE9F9CD856B165849FEEF0C7BC37634819064708,"The enlarged pair uses tau composed with sigma.","sigma' is the chosen extension on M', and the next sentence correctly forms the enlarged pair (M', tau composed with sigma').","Replace tau composed with sigma by tau composed with sigma'.",pending_canon_intake_2026-08-26-source-emendation-applied-in-target
MORE-ALGEBRA-J-012,p02,more-algebra.tex,more-algebra.tex:31913,0106554339E8966FE04411B2AE9F9CD856B165849FEEF0C7BC37634819064708,"The sentence asserts a unique prime ideal.","The stated goal and cited geometrically-unibranch criterion concern uniqueness of the minimal prime, not uniqueness of every prime.","Insert 'minimal' before 'prime ideal'.",pending_canon_intake_2026-08-26-source-emendation-applied-in-target
MORE-ALGEBRA-L-001,p02,more-algebra.tex,more-algebra.tex:36642,0106554339E8966FE04411B2AE9F9CD856B165849FEEF0C7BC37634819064708,"The word 'suboject' is misspelled.","The sentence defines the Fitting ideal of a subobject.","Replace 'suboject' by 'subobject'.",pending_canon_intake_2026-08-26-target-prose-translated-idiomatically
MORE-ALGEBRA-L-002,p02,more-algebra.tex,more-algebra.tex:37872,0106554339E8966FE04411B2AE9F9CD856B165849FEEF0C7BC37634819064708,"The sentence says 'localizations of R are maximal ideals'.","The cited lemma states that localizations at maximal ideals are valuation rings.","Insert 'at' before 'maximal ideals'.",pending_canon_intake_2026-08-26-target-prose-translated-idiomatically
MORE-ALGEBRA-L-003,p02,more-algebra.tex,more-algebra.tex:37888,0106554339E8966FE04411B2AE9F9CD856B165849FEEF0C7BC37634819064708,"The phrase reads 'is of isomorphic'.","The extra preposition makes the sentence ungrammatical.","Replace 'is of isomorphic' by 'is isomorphic'.",pending_canon_intake_2026-08-26-target-prose-translated-idiomatically
MORE-ALGEBRA-L-004,p02,more-algebra.tex,more-algebra.tex:37903,0106554339E8966FE04411B2AE9F9CD856B165849FEEF0C7BC37634819064708,"The product factors are called R_i.","They were introduced as R_j on the preceding line.","Replace R_i by R_j.",pending_canon_intake_2026-08-26-source-emendation-applied-in-target
MORE-ALGEBRA-L-005,p02,more-algebra.tex,more-algebra.tex:37904,0106554339E8966FE04411B2AE9F9CD856B165849FEEF0C7BC37634819064708,"The proof later uses f_j without defining it.","Each local product factor R_j is a quotient of the PID R by a principal kernel.","After the cited proposition define R_j = R/f_jR for some f_j in R.",pending_canon_intake_2026-08-26-source-emendation-applied-in-target
MORE-ALGEBRA-L-006,p02,more-algebra.tex,more-algebra.tex:37905,0106554339E8966FE04411B2AE9F9CD856B165849FEEF0C7BC37634819064708,"The local factor under discussion is called R_i.","The decomposition and subsequent module notation use the index j.","Replace R_i by R_j.",pending_canon_intake_2026-08-26-source-emendation-applied-in-target
MORE-ALGEBRA-L-007,p02,more-algebra.tex,more-algebra.tex:37922,0106554339E8966FE04411B2AE9F9CD856B165849FEEF0C7BC37634819064708,"The phrase reads 'a elementary divisor domain'.","The indefinite article is incorrect before a vowel sound.","Replace 'a' by 'an'.",pending_canon_intake_2026-08-26-target-prose-translated-idiomatically
MORE-ALGEBRA-L-008,p02,more-algebra.tex,more-algebra.tex:37974,0106554339E8966FE04411B2AE9F9CD856B165849FEEF0C7BC37634819064708,"The opening existence sentence lacks a preposition before the ring class.","The theorem asserts existence for a catenary Noetherian normal local domain.","Insert 'for' before 'a catenary'.",pending_canon_intake_2026-08-26-target-prose-translated-idiomatically
MORE-ALGEBRA-L-009,p02,more-algebra.tex,more-algebra.tex:38165,0106554339E8966FE04411B2AE9F9CD856B165849FEEF0C7BC37634819064708,"The expression (R/fR) mathfrak q_j lacks localization notation.","The proof localizes R/fR at the associated prime q_j.","Replace it by (R/fR)_{mathfrak q_j}.",pending_canon_intake_2026-08-26-source-emendation-applied-in-target
MORE-ALGEBRA-L-010,p02,more-algebra.tex,more-algebra.tex:38167,0106554339E8966FE04411B2AE9F9CD856B165849FEEF0C7BC37634819064708,"The associated-prime list ends at q_j.","The full list was introduced as q_1 through q_s; j is only the running index.","Replace the final q_j by q_s.",pending_canon_intake_2026-08-26-source-emendation-applied-in-target
MORE-ALGEBRA-L-011,p02,more-algebra.tex,more-algebra.tex:38247,0106554339E8966FE04411B2AE9F9CD856B165849FEEF0C7BC37634819064708,"The summation subscript is written i = 1, ..., r inside the lower limit.","The divisor is the sum over i from 1 through r.","Replace the malformed subscript by sum_{i=1}^r.",pending_canon_intake_2026-08-26-source-emendation-applied-in-target
MORE-ALGEBRA-L-012,p02,more-algebra.tex,more-algebra.tex:38301,0106554339E8966FE04411B2AE9F9CD856B165849FEEF0C7BC37634819064708,"The parameter ideal ends in g_n.","The system of parameters was declared as g_1 through g_d; n is undefined.","Replace g_n by g_d.",pending_canon_intake_2026-08-26-source-emendation-applied-in-target
MORE-ALGEBRA-L-013,p02,more-algebra.tex,more-algebra.tex:38309,0106554339E8966FE04411B2AE9F9CD856B165849FEEF0C7BC37634819064708,"The proof again defines the parameter ideal using g_n.","It must use all declared parameters g_1 through g_d.","Replace g_n by g_d.",pending_canon_intake_2026-08-26-source-emendation-applied-in-target
MORE-ALGEBRA-L-014,p02,more-algebra.tex,more-algebra.tex:38314,0106554339E8966FE04411B2AE9F9CD856B165849FEEF0C7BC37634819064708,"After listing s minimal primes the reduced case retains only p_1 through p_t.","A reduced ring injects into the product over all its minimal primes; t counts only the top-dimensional subset.","Replace the final p_t by p_s.",pending_canon_intake_2026-08-26-source-emendation-applied-in-target
MORE-ALGEBRA-L-015,p02,more-algebra.tex,more-algebra.tex:38318,0106554339E8966FE04411B2AE9F9CD856B165849FEEF0C7BC37634819064708,"The exact injection takes the product only from i=1 to t.","The injection into minimal-prime quotients requires all s minimal primes.","Replace the upper bound t by s.",pending_canon_intake_2026-08-26-source-emendation-applied-in-target
MORE-ALGEBRA-L-016,p02,more-algebra.tex,more-algebra.tex:38367,0106554339E8966FE04411B2AE9F9CD856B165849FEEF0C7BC37634819064708,"The ideal (f,g) uses an undefined g.","The preceding sentence defines the parameter ideal with f and g_1 through g_{d-1}.","Replace (f,g) by (f,g_1,...,g_{d-1}).",pending_canon_intake_2026-08-26-source-emendation-applied-in-target
MORE-ALGEBRA-L-017,p02,more-algebra.tex,more-algebra.tex:38429,0106554339E8966FE04411B2AE9F9CD856B165849FEEF0C7BC37634819064708,"The repeated expression (R/fR) mathfrak q_j lacks localization notation.","The repeated reducedness argument localizes at q_j.","Replace it by (R/fR)_{mathfrak q_j}.",pending_canon_intake_2026-08-26-source-emendation-applied-in-target
MORE-ALGEBRA-L-018,p02,more-algebra.tex,more-algebra.tex:38431,0106554339E8966FE04411B2AE9F9CD856B165849FEEF0C7BC37634819064708,"The repeated associated-prime list ends at q_j.","The list runs from q_1 through q_s.","Replace the final q_j by q_s.",pending_canon_intake_2026-08-26-source-emendation-applied-in-target
MORE-ALGEBRA-L-019,p02,more-algebra.tex,more-algebra.tex:38437,0106554339E8966FE04411B2AE9F9CD856B165849FEEF0C7BC37634819064708,"The fixed parameter sequence begins with g_2.","The invoked lemma and subsequent formulas require g_1 through g_{d-1}.","Replace g_2 by g_1.",pending_canon_intake_2026-08-26-source-emendation-applied-in-target
MORE-ALGEBRA-L-020,p02,more-algebra.tex,more-algebra.tex:38448,0106554339E8966FE04411B2AE9F9CD856B165849FEEF0C7BC37634819064708,"For a height-one prime p the source states dim(R/p)=d.","In a catenary local domain of dimension d a height-one prime has quotient dimension d-1.","Replace d by d-1.",pending_canon_intake_2026-08-26-source-emendation-applied-in-target
MORE-ALGEBRA-L-021,p02,more-algebra.tex,more-algebra.tex:38491,0106554339E8966FE04411B2AE9F9CD856B165849FEEF0C7BC37634819064708,"The final prime in the intersection is written q_s without mathfrak.","It is the same prime ideal mathfrak q_s as the preceding family.","Restore mathfrak on q_s.",pending_canon_intake_2026-08-26-source-emendation-applied-in-target
MORE-ALGEBRA-L-022,p02,more-algebra.tex,more-algebra.tex:38496,0106554339E8966FE04411B2AE9F9CD856B165849FEEF0C7BC37634819064708,"The repeated radical ideal again writes q_s without mathfrak.","It uses the same prime ideal mathfrak q_s.","Restore mathfrak on q_s.",pending_canon_intake_2026-08-26-source-emendation-applied-in-target
MORE-ALGEBRA-L-023,p02,more-algebra.tex,more-algebra.tex:38565,0106554339E8966FE04411B2AE9F9CD856B165849FEEF0C7BC37634819064708,"The phrase reads 'there exists an 1 <= r'.","The article before the displayed inequality is ungrammatical.","Delete 'an'.",pending_canon_intake_2026-08-26-target-prose-translated-idiomatically
MORE-ALGEBRA-L-024,p02,more-algebra.tex,more-algebra.tex:38605,0106554339E8966FE04411B2AE9F9CD856B165849FEEF0C7BC37634819064708,"The sentence chooses 'a K-flat complexes'.","It chooses one complex N^bullet.","Replace plural 'complexes' by singular 'complex'.",pending_canon_intake_2026-08-26-target-prose-translated-idiomatically
MORE-ALGEBRA-L-025,p02,more-algebra.tex,more-algebra.tex:38737,0106554339E8966FE04411B2AE9F9CD856B165849FEEF0C7BC37634819064708,"The relative clause reads 'which the following property'.","The clause lacks the verb 'has'.","Insert 'has' before 'the following'.",pending_canon_intake_2026-08-26-target-prose-translated-idiomatically
MORE-ALGEBRA-L-026,p02,more-algebra.tex,more-algebra.tex:38900,0106554339E8966FE04411B2AE9F9CD856B165849FEEF0C7BC37634819064708,"The finite index set is written {1,... m}.","The separator before the final entry is missing.","Insert a comma after ldots.",pending_canon_intake_2026-08-26-source-emendation-applied-in-target
MORE-ALGEBRA-L-027,p02,more-algebra.tex,more-algebra.tex:38906,0106554339E8966FE04411B2AE9F9CD856B165849FEEF0C7BC37634819064708,"The phrase reads 'linear combination images of'.","The preposition joining 'linear combination' to the images is missing.","Insert 'of' before 'images'.",pending_canon_intake_2026-08-26-target-prose-translated-idiomatically
MORE-ALGEBRA-L-028,p02,more-algebra.tex,more-algebra.tex:39043,0106554339E8966FE04411B2AE9F9CD856B165849FEEF0C7BC37634819064708,"R/J(s'+m') is asserted to be a free direct summand of M'.","The generator s'+m' lies in P/JP and generally not in M'; the next line chooses a splitting P/JP to R/J.","Replace the ambient M' by P/JP.",pending_canon_intake_2026-08-26-source-emendation-applied-in-target
MORE-ALGEBRA-L-029,p02,more-algebra.tex,more-algebra.tex:39126,0106554339E8966FE04411B2AE9F9CD856B165849FEEF0C7BC37634819064708,"The adjective 'surjectve' is misspelled.","The projection is stated to be surjective and the cited lemma uses that property.","Replace 'surjectve' by 'surjective'.",pending_canon_intake_2026-08-26-target-prose-translated-idiomatically
SMOOTHING-001,p03,smoothing.tex,smoothing.tex:378,FD28CF874BB7DAD3C5C5FF03314D1C83701613A8A98730A99B9CA7A4BCFE6068,The text calls the sequence at 381 a short exact sequence.,The displayed sequence has no initial zero; lines 411-413 obtain exactness on the left only under an additional local-complete-intersection hypothesis.,Replace 'short exact sequence' by 'exact sequence'.,confirmed_pending_canon_intake_target_emendation_applied
SMOOTHING-002,p03,smoothing.tex,smoothing.tex:475,FD28CF874BB7DAD3C5C5FF03314D1C83701613A8A98730A99B9CA7A4BCFE6068,"The lifts f_1 through f_c are placed in R[y_1,...,y_c].",The presentation at lines 470/472 and the quotient at line 478 use variables y_1 through y_m; c counts equations rather than variables.,"Replace R[y_1,...,y_c] by R[y_1,...,y_m].",confirmed_pending_canon_intake_target_emendation_applied
SMOOTHING-003,p03,smoothing.tex,smoothing.tex:708,FD28CF874BB7DAD3C5C5FF03314D1C83701613A8A98730A99B9CA7A4BCFE6068,The phrase reads 'Choose an enumerations'.,A single enumeration of E is chosen.,Replace 'an enumerations' by 'an enumeration'.,confirmed_pending_canon_intake_target_prose_naturalized
SMOOTHING-004,p03,smoothing.tex,smoothing.tex:830,FD28CF874BB7DAD3C5C5FF03314D1C83701613A8A98730A99B9CA7A4BCFE6068,The phrase reads 'the classes ... correspond a_i/1'.,The verb requires the preposition 'to'.,Insert 'to' after 'correspond'.,confirmed_pending_canon_intake_target_prose_naturalized
SMOOTHING-005,p03,smoothing.tex,smoothing.tex:2693,FD28CF874BB7DAD3C5C5FF03314D1C83701613A8A98730A99B9CA7A4BCFE6068,The generators are said to generate H_{A/R}.,The active situation is k -> A -> Lambda and no R is defined; steps 1 and the later proof consistently use H_{A/k}.,Replace H_{A/R} by H_{A/k}.,confirmed_pending_canon_intake_target_emendation_required
SMOOTHING-006,p03,smoothing.tex,smoothing.tex:2737,FD28CF874BB7DAD3C5C5FF03314D1C83701613A8A98730A99B9CA7A4BCFE6068,R is defined with variables t_1 through t_m.,gamma_i and all subsequent polynomial-ring formulas use t_1 through t_d; m counts the y variables and need not equal d.,Replace t_m by t_d in the terminal index of the t-variable list.,confirmed_pending_canon_intake_target_emendation_required
SMOOTHING-007,p03,smoothing.tex,smoothing.tex:2873,FD28CF874BB7DAD3C5C5FF03314D1C83701613A8A98730A99B9CA7A4BCFE6068,The sentence starts with A_{a_i} but immediately reasons with B_{a_j} over A_{a_j}.,The a_j are the generators of H_{A/k}; i indexes the x variables and does not index this family.,Replace A_{a_i} by A_{a_j}.,confirmed_pending_canon_intake_target_emendation_required
SMOOTHING-008,p03,smoothing.tex,smoothing.tex:2880,FD28CF874BB7DAD3C5C5FF03314D1C83701613A8A98730A99B9CA7A4BCFE6068,"The polynomial base is written k[x_1,...,x_n].",This construction introduced exactly x_1 through x_d; n has a different value N+dc.,Replace x_n by x_d.,confirmed_pending_canon_intake_target_emendation_required
SMOOTHING-009,p03,smoothing.tex,smoothing.tex:2893-2894,FD28CF874BB7DAD3C5C5FF03314D1C83701613A8A98730A99B9CA7A4BCFE6068,"The proof chooses pi_1,...,pi_d in Lambda mapping to parameters of Lambda_q.","The step being justified chose them in p as a regular parameter system of k[y]_p, and lines 2899-2903 require that base-ring regular sequence.","Choose pi_1,...,pi_d in p forming a regular system of parameters of k[y_1,...,y_m]_p.",confirmed_pending_canon_intake_target_emendation_required
SMOOTHING-010,p03,smoothing.tex,smoothing.tex:2958,FD28CF874BB7DAD3C5C5FF03314D1C83701613A8A98730A99B9CA7A4BCFE6068,The sentence reads 'this trivial but key observation'.,The copula is missing.,Insert 'is' after 'this'.,confirmed_pending_canon_intake_target_prose_naturalized
SMOOTHING-011,p03,smoothing.tex,smoothing.tex:2990,FD28CF874BB7DAD3C5C5FF03314D1C83701613A8A98730A99B9CA7A4BCFE6068,The sentence reads 'Setting ... and we conclude'.,The participial construction should attach directly to the conclusion.,Delete 'and' after the setting clause.,confirmed_pending_canon_intake_target_prose_naturalized
SMOOTHING-012,p03,smoothing.tex,smoothing.tex:2999,FD28CF874BB7DAD3C5C5FF03314D1C83701613A8A98730A99B9CA7A4BCFE6068,"The base of H_B is written k[x_1,...,x_n].","B was constructed over k[x_1,...,x_d]; n=N+dc is not the number of x variables.",Replace x_n by x_d.,confirmed_pending_canon_intake_target_emendation_required
SMOOTHING-013,p03,smoothing.tex,smoothing.tex:3000,FD28CF874BB7DAD3C5C5FF03314D1C83701613A8A98730A99B9CA7A4BCFE6068,"The base of H_C is written k[x_1,...,x_n].","C is a k[x_1,...,x_d]-algebra throughout this construction.",Replace x_n by x_d.,confirmed_pending_canon_intake_target_emendation_required
SMOOTHING-014,p03,smoothing.tex,smoothing.tex:3002,FD28CF874BB7DAD3C5C5FF03314D1C83701613A8A98730A99B9CA7A4BCFE6068,"The tensor product uses k[x_1,...,x_n].","The displayed situation at lines 3004-3008 and every surrounding tensor product use k[x_1,...,x_d].",Replace x_n by x_d.,confirmed_pending_canon_intake_target_emendation_required
SMOOTHING-015,p03,smoothing.tex,smoothing.tex:3054,FD28CF874BB7DAD3C5C5FF03314D1C83701613A8A98730A99B9CA7A4BCFE6068,The parenthetical reference 'of (ref{item-fifth-resolve}' is not closed.,The following line begins the consequence and the parallel references are parenthesized.,Add the closing parenthesis after the reference.,confirmed_pending_canon_intake_target_prose_naturalized
SMOOTHING-016,p03,smoothing.tex,smoothing.tex:3187,FD28CF874BB7DAD3C5C5FF03314D1C83701613A8A98730A99B9CA7A4BCFE6068,"The last summand uses d_{n,l}.","Only generators d_1,...,d_M were defined and the preceding components use d_l; d_{n,l} is undefined.","Replace d_{n,l} by d_l.",confirmed_pending_canon_intake_target_emendation_required
SMOOTHING-017,p03,smoothing.tex,smoothing.tex:3191,FD28CF874BB7DAD3C5C5FF03314D1C83701613A8A98730A99B9CA7A4BCFE6068,The sentence says 'g_j as a solution'.,The intended assertion is existence of a solution.,Replace 'as' by 'has'.,confirmed_pending_canon_intake_target_prose_naturalized
SMOOTHING-018,p03,smoothing.tex,smoothing.tex:3266,FD28CF874BB7DAD3C5C5FF03314D1C83701613A8A98730A99B9CA7A4BCFE6068,"The repeated last summand uses d_{n,l}.","Only d_l is defined, exactly as in the preceding components.","Replace d_{n,l} by d_l.",confirmed_pending_canon_intake_target_emendation_required
SMOOTHING-019,p03,smoothing.tex,smoothing.tex:3270,FD28CF874BB7DAD3C5C5FF03314D1C83701613A8A98730A99B9CA7A4BCFE6068,The repeated sentence says 'g_j as a solution'.,The intended assertion is existence of a solution in R'.,Replace 'as' by 'has'.,confirmed_pending_canon_intake_target_prose_naturalized
SMOOTHING-020,p03,smoothing.tex,smoothing.tex:3425,FD28CF874BB7DAD3C5C5FF03314D1C83701613A8A98730A99B9CA7A4BCFE6068,The factorization A -> B -> A^completion is followed by 'A -> P smooth'.,P is undefined; B is the middle algebra and is used throughout the following construction.,Replace P by B.,confirmed_pending_canon_intake_target_emendation_required
SMOOTHING-021,p03,smoothing.tex,smoothing.tex:991-994,FD28CF874BB7DAD3C5C5FF03314D1C83701613A8A98730A99B9CA7A4BCFE6068,The localizations of A' are indexed by p rather than p'.,The lemma statement and lines 932-938 define p' as the prime of A'; p is the prime of A.,Replace the four A'-localization subscripts p at lines 991-994 by p'.,confirmed_pending_canon_intake_target_emendation_required
SMOOTHING-022,p03,smoothing.tex,smoothing.tex:1163,FD28CF874BB7DAD3C5C5FF03314D1C83701613A8A98730A99B9CA7A4BCFE6068,The conormal term is localized at plain p in B.,"The relevant prime of B is p_B, used in the residue field on the next line; p is a prime of A.",Replace both plain p subscripts in the conormal term by p_B.,confirmed_pending_canon_intake_target_emendation_required
SMOOTHING-023,p03,smoothing.tex,smoothing.tex:1167,FD28CF874BB7DAD3C5C5FF03314D1C83701613A8A98730A99B9CA7A4BCFE6068,The residue field kappa(p) is said to be separable over undefined k.,This section defined kappa=R/pi R at line 945 and the hypothesis is the extension kappa subset Lambda/pi Lambda.,Replace k by kappa.,confirmed_pending_canon_intake_target_emendation_required
SMOOTHING-024,p03,smoothing.tex,smoothing.tex:1206,FD28CF874BB7DAD3C5C5FF03314D1C83701613A8A98730A99B9CA7A4BCFE6068,The domain A is called separable over the fraction field of R.,Line 1204 introduced K as the fraction field of A; separability is a field-extension property needed by the cited generic-smoothness lemma.,Replace A by K.,confirmed_pending_canon_intake_target_emendation_required
SMOOTHING-025,p03,smoothing.tex,smoothing.tex:1333,FD28CF874BB7DAD3C5C5FF03314D1C83701613A8A98730A99B9CA7A4BCFE6068,The phrase reads 'kills of h_n'.,The first map is required to kill h_n.,Delete 'of'.,confirmed_pending_canon_intake_target_prose_naturalized
SMOOTHING-026,p03,smoothing.tex,smoothing.tex:1481,FD28CF874BB7DAD3C5C5FF03314D1C83701613A8A98730A99B9CA7A4BCFE6068,The proof replaces a_k by a_k b_k.,"Since b'_k is the image of b_k/(a_k)^N, the annihilating unit 1+b'_k has numerator (a_k)^N+b_k; b_k lies in I and a_k b_k maps to zero in C.",Replace a_k b_k by (a_k)^N+b_k.,confirmed_pending_canon_intake_target_emendation_required
SMOOTHING-027,p03,smoothing.tex,smoothing.tex:1491,FD28CF874BB7DAD3C5C5FF03314D1C83701613A8A98730A99B9CA7A4BCFE6068,"The coefficients are indexed h_{i,l}^j and g_{i,l}.","The open and finite subset in this construction are indexed by k, and lines 1488/1492 use h_{k,l}^j and g_{k,l}.",Replace both i indices by k.,confirmed_pending_canon_intake_target_emendation_required
SMOOTHING-028,p03,smoothing.tex,smoothing.tex:1976,FD28CF874BB7DAD3C5C5FF03314D1C83701613A8A98730A99B9CA7A4BCFE6068,The quotient ideal ends with x_c.,"The presentation and the next quotient use the equations f_1 through f_c; x_c is a variable, not the final generator of this ideal.",Replace x_c by f_c.,confirmed_pending_canon_intake_target_emendation_required
SMOOTHING-029,p03,smoothing.tex,smoothing.tex:2268-2273,FD28CF874BB7DAD3C5C5FF03314D1C83701613A8A98730A99B9CA7A4BCFE6068,"After inverting z the source retains y_i and omits the free t_ij variables, then concludes smoothness over R directly.","The relations zy_i force y_i=0 and leave t_ij free, so B_z=C[z,z^{-1},t_ij]. The chosen C is not globally smooth over R, but h_C not contained in q supplies c in H_{C/R} outside q; B_{zc} is smooth. Likewise a_l y_l uses A_{a_l} smooth over R.","Use B_z=C[z,z^{-1},t_ij], choose c in H_{C/R} outside q, and conclude that zc and a_l y_l lie in H_{B/R}.",confirmed_pending_canon_intake_target_emendation_required
SMOOTHING-030,p03,smoothing.tex,smoothing.tex:2308-2312,FD28CF874BB7DAD3C5C5FF03314D1C83701613A8A98730A99B9CA7A4BCFE6068,"The hypotheses introduce n and e without final punctuation, then the conclusion redeclares existence of n.",The containment hypothesis and the proof use the given n; only the pi_i are to be produced.,"End line 2308 with a period and change 'Then there exists an n > 0 and pi_1,...,pi_d' to 'Then there exist pi_1,...,pi_d'.",confirmed_pending_canon_intake_target_emendation_required
SMOOTHING-031,p03,smoothing.tex,smoothing.tex:2370,FD28CF874BB7DAD3C5C5FF03314D1C83701613A8A98730A99B9CA7A4BCFE6068,"The generators are taken from H_{A/R} immediately after R=k[x_1,...,x_d] is introduced.",There is no map R to A; the active situation is k to A and the argument uses A smooth over k after localizing at these generators.,Replace H_{A/R} by H_{A/k}.,confirmed_pending_canon_intake_target_emendation_required
SMOOTHING-032,p03,smoothing.tex,smoothing.tex:2374,FD28CF874BB7DAD3C5C5FF03314D1C83701613A8A98730A99B9CA7A4BCFE6068,The sentence joins 'smooth over R' directly to 'it is a polynomial algebra' without punctuation or connective.,The second clause supplies the reason for the first.,Insert 'because' or equivalent punctuation before the explanatory clause.,confirmed_pending_canon_intake_target_prose_naturalized
SMOOTHING-033,p03,smoothing.tex,smoothing.tex:2379,FD28CF874BB7DAD3C5C5FF03314D1C83701613A8A98730A99B9CA7A4BCFE6068,The prose refers to the diagram above.,"The diagram is introduced at lines 2390-2395, below this sentence.",Replace 'above' by 'below'.,confirmed_pending_canon_intake_target_prose_naturalized
SMOOTHING-034,p03,smoothing.tex,smoothing.tex:2387,FD28CF874BB7DAD3C5C5FF03314D1C83701613A8A98730A99B9CA7A4BCFE6068,The coefficients are called pi_{ij} after the displayed sum uses lambda_{ij}.,The next line maps z_{ij} to lambda_{ij}; pi_{ij} is otherwise undefined.,Replace pi_{ij} by lambda_{ij}.,confirmed_pending_canon_intake_target_emendation_required
SMOOTHING-035,p03,smoothing.tex,smoothing.tex:2492,FD28CF874BB7DAD3C5C5FF03314D1C83701613A8A98730A99B9CA7A4BCFE6068,The induction step defines A over F although only F' has been chosen at this stage.,"Lines 2483-2487 define A' from F'; F is introduced only later, while the asserted map A to A' requires the same coefficient subfield.","Replace F[x_1,...,x_d] by F'[x_1,...,x_d].",confirmed_pending_canon_intake_target_emendation_applied
MODULES-012,p03,modules.tex,modules.tex:1131; label lemma-construct-quasi-coherent-sheaves,7BD3E9E096717EF6FD458492D8AD91FC9FFE428CFD7DD80E386FAE377BB7CB0D,Prose-only normalization; see disposition.,"Exact source: Let $(X, \mathcal{O}_X)$ be ringed space. Classification: missing_indefinite_article.","Let $(X, \mathcal{O}_X)$ be a ringed space.",reported_to_stacks_errata_2026-08-28_authority_unchanged_target_corrected
MODULES-013,p03,modules.tex,modules.tex:1152-1154; label lemma-construct-quasi-coherent-sheaves,7BD3E9E096717EF6FD458492D8AD91FC9FFE428CFD7DD80E386FAE377BB7CB0D,Prose-only normalization; see disposition.,Exact source: Here the map on the component $\mathcal{O}_X$ corresponding to $j \in J$ given by the section $\sum_i \alpha(r_{ij})$ where the $r_{ij}$ are the matrix coefficients of the map in the presentation of $M$. Classification: missing_finite_verb.,Here the map on the component $\mathcal{O}_X$ corresponding to $j \in J$ is given by the section $\sum_i \alpha(r_{ij})$ where the $r_{ij}$ are the matrix coefficients of the map in the presentation of $M$.,reported_to_stacks_errata_2026-08-28_authority_unchanged_target_corrected
MODULES-014,p03,modules.tex,modules.tex:2169; label lemma-map-finite-locally-free,7BD3E9E096717EF6FD458492D8AD91FC9FFE428CFD7DD80E386FAE377BB7CB0D,Prose-only normalization; see disposition.,"Exact source: as an $\Gamma(U, \mathcal{O}_U)$-module we may Classification: article_and_number_agreement.","as $\Gamma(U, \mathcal{O}_U)$-modules we may",reported_to_stacks_errata_2026-08-28_authority_unchanged_target_corrected
MODULES-008,p03,modules.tex,modules.tex:4093; lemma-invertible,7BD3E9E096717EF6FD458492D8AD91FC9FFE428CFD7DD80E386FAE377BB7CB0D,"The neighbourhood lacks the phrase identifying it as a neighbourhood of x, and the following noun phrase lacks a separator.","Exact source: $U$ an integer $n \geq 1$ and sections $s_i \in \mathcal{L}(U)$, Classification: source_defect.","$U$ of $x$, an integer $n \geq 1$ and sections $s_i \in \mathcal{L}(U)$,",reported_to_stacks_errata_2026-08-28_authority_unchanged_target_corrected
MODULES-009,p03,modules.tex,modules.tex:4182; lemma-invertible-is-locally-free-rank-1,7BD3E9E096717EF6FD458492D8AD91FC9FFE428CFD7DD80E386FAE377BB7CB0D,The participial phrase is ungrammatical: the covering trivializes the module.,"Exact source: Looking over an open covering trivialization $\mathcal{L}$, we see Classification: source_defect.","Looking over an open covering trivializing $\mathcal{L}$, we see",reported_to_stacks_errata_2026-08-28_authority_unchanged_target_corrected
MODULES-010,p03,modules.tex,modules.tex:4337; lemma-pic-set,7BD3E9E096717EF6FD458492D8AD91FC9FFE428CFD7DD80E386FAE377BB7CB0D,The bound index is j but the summand is written U_i; the following map also uses U_j.,"Exact source: $\mathcal{U} : X = \bigcup_{j \in J} U_i$ where $J \to \mathcal{P}(X)$, Classification: source_defect.","$\mathcal{U} : X = \bigcup_{j \in J} U_j$ where $J \to \mathcal{P}(X)$,",reported_to_stacks_errata_2026-08-28_authority_unchanged_target_corrected
MODULES-011,p03,modules.tex,modules.tex:4362; lemma-s-open,7BD3E9E096717EF6FD458492D8AD91FC9FFE428CFD7DD80E386FAE377BB7CB0D,The standard English compound is two words.,Exact source: A (local) trivialisation of a linebundle Classification: source_defect.,A (local) trivialisation of a line bundle,reported_to_stacks_errata_2026-08-28_authority_unchanged_target_corrected
MODULES-001,p03,modules.tex,modules.tex:4629,7BD3E9E096717EF6FD458492D8AD91FC9FFE428CFD7DD80E386FAE377BB7CB0D,The localization map lands in $\mathcal{S}^{-1}\mathcal{O}_X$; the source codomain contradicts the construction.,Exact source: section of $\mathcal{O}_X$. Classification: mathematical.,section of $\mathcal{S}^{-1}\mathcal{O}_X$.,reported_to_stacks_errata_2026-08-28_authority_unchanged_target_corrected
MODULES-002,p03,modules.tex,modules.tex:5179,7BD3E9E096717EF6FD458492D8AD91FC9FFE428CFD7DD80E386FAE377BB7CB0D,Duplicated words.,Exact source: is an is an $\mathcal{O}_1$-linear map Classification: typographical.,is an $\mathcal{O}_1$-linear map,reported_to_stacks_errata_2026-08-28_authority_unchanged_target_corrected
MODULES-003,p03,modules.tex,modules.tex:5263,7BD3E9E096717EF6FD458492D8AD91FC9FFE428CFD7DD80E386FAE377BB7CB0D,Missing closing bracket makes the additivity relation malformed.,Exact source: [m + m' - [m] - [m'] Classification: mathematical.,[m + m'] - [m] - [m'],reported_to_stacks_errata_2026-08-28_authority_unchanged_target_corrected
MODULES-004,p03,modules.tex,modules.tex:5709,7BD3E9E096717EF6FD458492D8AD91FC9FFE428CFD7DD80E386FAE377BB7CB0D,Number-agreement error; intended singular sheaf.,Exact source: a sheaves of sets Classification: grammatical.,a sheaf of sets,reported_to_stacks_errata_2026-08-28_authority_unchanged_target_corrected
MODULES-005,p03,modules.tex,modules.tex:5748,7BD3E9E096717EF6FD458492D8AD91FC9FFE428CFD7DD80E386FAE377BB7CB0D,Plural predicate requires quasi-isomorphisms.,Exact source: these maps are quasi-isomorphism Classification: grammatical.,these maps are quasi-isomorphisms,reported_to_stacks_errata_2026-08-28_authority_unchanged_target_corrected
MODULES-006,p03,modules.tex,modules.tex:5895,7BD3E9E096717EF6FD458492D8AD91FC9FFE428CFD7DD80E386FAE377BB7CB0D,The displayed composite functoriality has source and target complexes reversed.,Exact source: $(g \circ g')^*\NL_{X''/Y''} \to \NL_{X/Y}$ Classification: mathematical.,$(g \circ g')^*\NL_{X/Y} \to \NL_{X''/Y''}$,reported_to_stacks_errata_2026-08-28_authority_unchanged_target_corrected
MODULES-007,p03,modules.tex,modules.tex:5921,7BD3E9E096717EF6FD458492D8AD91FC9FFE428CFD7DD80E386FAE377BB7CB0D,Missing preposition: maps of sheaves of rings.,Exact source: maps of sheaves rings Classification: grammatical.,maps of sheaves of rings,reported_to_stacks_errata_2026-08-28_authority_unchanged_target_corrected
